# Blender 5.1.2
# www.blender.org
mtllib gimbal_turret.mtl
o Gimbal_Turret.001
v 0.000288 0.042506 -0.010307
v -0.000754 0.042508 -0.010389
v -0.000754 0.042301 -0.003725
v 0.001305 0.042510 -0.010064
v 0.002271 0.042515 -0.009666
v 0.003167 0.042516 -0.009126
v 0.003970 0.042516 -0.008452
v 0.004656 0.042517 -0.007660
v 0.005210 0.042517 -0.006768
v 0.005616 0.042517 -0.005799
v 0.005863 0.042517 -0.004778
v 0.005935 0.042518 -0.003729
v 0.000908 0.040675 -0.014211
v -0.000754 0.040680 -0.014346
v 0.002528 0.040679 -0.013824
v 0.004068 0.040684 -0.013189
v 0.005492 0.040687 -0.012322
v 0.006763 0.040689 -0.011243
v 0.007850 0.040690 -0.009978
v 0.008725 0.040692 -0.008557
v 0.009366 0.040693 -0.007016
v 0.009757 0.040693 -0.005392
v 0.009881 0.040692 -0.003723
v 0.002101 0.035629 -0.021742
v -0.000754 0.035636 -0.021993
v -0.000754 0.038229 -0.018635
v 0.001578 0.038217 -0.018443
v 0.003852 0.038223 -0.017900
v 0.004886 0.035632 -0.021081
v 0.006013 0.038228 -0.017009
v 0.007535 0.035635 -0.019993
v 0.008010 0.038233 -0.015789
v 0.009981 0.035638 -0.018502
v 0.009790 0.038238 -0.014272
v 0.012165 0.035641 -0.016645
v 0.011311 0.038241 -0.012495
v 0.014030 0.035643 -0.014469
v 0.012536 0.038245 -0.010500
v 0.015532 0.035645 -0.012026
v 0.013432 0.038247 -0.008338
v 0.016633 0.035646 -0.009377
v 0.013980 0.038248 -0.006062
v 0.017304 0.035647 -0.006588
v 0.014162 0.038246 -0.003726
v 0.017531 0.035646 -0.003725
v 0.005973 0.042518 0.026096
v 0.005973 0.042518 0.010200
v -0.000754 0.042315 0.010200
v -0.000754 0.042315 0.025839
v 0.009910 0.040704 0.026096
v 0.009910 0.040704 0.010200
v 0.014182 0.038276 0.010200
v 0.014182 0.038276 0.026096
v 0.017580 0.035657 0.026096
v 0.017585 0.035663 0.010200
v 0.017585 0.035663 0.010200
v 0.009910 0.040704 0.010200
v 0.020978 0.032624 0.010200
v 0.020978 0.032624 0.026096
v 0.020978 0.026201 0.026125
v 0.020978 0.026270 0.015592
v 0.020978 0.012860 0.029302
v 0.020978 0.012860 0.018833
v -0.000754 0.032624 -0.025347
v 0.002625 0.032624 -0.025038
v 0.002443 0.032108 -0.023992
v -0.000754 0.032092 -0.024251
v 0.002625 0.032624 -0.025038
v 0.005920 0.032624 -0.024259
v 0.005561 0.032103 -0.023246
v 0.002443 0.032108 -0.023992
v 0.005920 0.032624 -0.024259
v 0.009054 0.032624 -0.022973
v 0.008525 0.032098 -0.022021
v 0.005561 0.032103 -0.023246
v 0.009054 0.032624 -0.022973
v 0.011950 0.032624 -0.021210
v 0.011260 0.032093 -0.020347
v 0.008525 0.032098 -0.022021
v 0.011950 0.032624 -0.021210
v 0.014535 0.032624 -0.019015
v 0.013701 0.032089 -0.018266
v 0.011260 0.032093 -0.020347
v 0.014535 0.032624 -0.019015
v 0.016744 0.032624 -0.016440
v 0.015785 0.032085 -0.015828
v 0.013701 0.032089 -0.018266
v 0.016744 0.032624 -0.016440
v 0.018523 0.032624 -0.013549
v 0.017464 0.032082 -0.013093
v 0.015785 0.032085 -0.015828
v 0.018523 0.032624 -0.013549
v 0.019826 0.032624 -0.010414
v 0.018693 0.032080 -0.010130
v 0.017464 0.032082 -0.013093
v 0.019826 0.032624 -0.010414
v 0.020621 0.032624 -0.007113
v 0.019443 0.032078 -0.007010
v 0.018693 0.032080 -0.010130
v 0.020621 0.032624 -0.007113
v 0.020894 0.032624 -0.003723
v 0.019695 0.032076 -0.003811
v 0.019443 0.032078 -0.007010
v 0.020978 0.032624 0.010200
v 0.019749 0.031976 0.009801
v 0.020978 0.032624 0.010200
v 0.020978 0.026270 0.015592
v 0.019773 0.026022 0.014723
v 0.019749 0.031976 0.009801
v 0.020978 0.026270 0.015592
v 0.020978 0.012860 0.018833
v 0.019796 0.012860 0.017918
v 0.019773 0.026022 0.014723
v 0.002443 0.032108 -0.023992
v 0.001382 0.031993 -0.017272
v -0.000754 0.031993 -0.017440
v -0.000754 0.032092 -0.024251
v 0.005561 0.032103 -0.023246
v 0.003466 0.031993 -0.016772
v 0.008525 0.032098 -0.022021
v 0.005446 0.031993 -0.015952
v 0.011260 0.032093 -0.020347
v 0.007272 0.031993 -0.014832
v 0.013701 0.032089 -0.018266
v 0.008902 0.031993 -0.013441
v 0.015785 0.032085 -0.015828
v 0.010294 0.031993 -0.011811
v 0.017464 0.032082 -0.013093
v 0.011414 0.031993 -0.009984
v 0.018693 0.032080 -0.010130
v 0.012234 0.031993 -0.008004
v 0.019443 0.032078 -0.007010
v 0.012734 0.031993 -0.005921
v 0.019695 0.032076 -0.003811
v 0.012902 0.031993 -0.003784
v 0.012777 0.031751 0.014151
v 0.019749 0.031976 0.009801
v 0.012549 0.025888 0.020128
v 0.012777 0.031751 0.014151
v 0.019749 0.031976 0.009801
v 0.019773 0.026022 0.014723
v 0.019773 0.026022 0.014723
v 0.019796 0.012860 0.017918
v 0.012485 0.012860 0.023536
v 0.012549 0.025888 0.020128
v 0.005940 0.012860 0.026262
v 0.005960 0.025929 0.022840
v 0.005960 0.025929 0.022840
v 0.006020 0.031791 0.016746
v 0.006020 0.031791 0.016746
v 0.006073 0.031993 -0.003757
v 0.005990 0.031993 -0.004825
v 0.005740 0.031993 -0.005867
v 0.005330 0.031993 -0.006857
v 0.004770 0.031993 -0.007770
v 0.004075 0.031993 -0.008585
v 0.003260 0.031993 -0.009281
v 0.002346 0.031993 -0.009841
v 0.001356 0.031993 -0.010251
v 0.000315 0.031993 -0.010501
v -0.000754 0.031993 -0.010585
v -0.000693 0.012860 0.027686
v -0.000705 0.025969 0.024258
v -0.000705 0.025969 0.024258
v -0.000733 0.031877 0.018094
v -0.000754 0.031993 -0.003730
v -0.000733 0.031877 0.018094
v 0.020978 0.012860 0.029302
v 0.020978 0.026201 0.026125
v -0.000754 0.026201 0.026125
v -0.000754 0.012860 0.029302
v 0.020978 0.026201 0.026125
v 0.020978 0.032624 0.026096
v -0.000689 0.032624 0.026096
v -0.000754 0.026201 0.026125
v 0.020978 0.032624 0.026096
v 0.017580 0.035657 0.026096
v 0.014182 0.038276 0.026096
v 0.009910 0.040704 0.026096
v 0.005973 0.042518 0.026096
v -0.000754 0.042315 0.025839
v -0.001796 0.042498 -0.010303
v -0.002809 0.042495 -0.010058
v -0.003774 0.042493 -0.009658
v -0.004663 0.042490 -0.009112
v -0.005457 0.042488 -0.008433
v -0.006134 0.042486 -0.007639
v -0.006678 0.042485 -0.006749
v -0.007078 0.042484 -0.005785
v -0.007321 0.042483 -0.004771
v -0.007401 0.042479 -0.003728
v -0.002412 0.040667 -0.014207
v -0.004029 0.040664 -0.013817
v -0.005566 0.040662 -0.013179
v -0.006984 0.040659 -0.012309
v -0.008248 0.040657 -0.011228
v -0.009328 0.040655 -0.009963
v -0.010197 0.040653 -0.008544
v -0.010833 0.040652 -0.007008
v -0.011222 0.040652 -0.005391
v -0.011351 0.040648 -0.003722
v -0.003603 0.035624 -0.021729
v -0.003082 0.038208 -0.018437
v -0.006382 0.035622 -0.021057
v -0.005353 0.038204 -0.017889
v -0.009021 0.035620 -0.019959
v -0.007511 0.038201 -0.016994
v -0.011455 0.035618 -0.018462
v -0.009502 0.038198 -0.015772
v -0.013625 0.035616 -0.016604
v -0.011276 0.038195 -0.014254
v -0.015477 0.035615 -0.014430
v -0.012792 0.038193 -0.012477
v -0.016968 0.035614 -0.011994
v -0.014011 0.038191 -0.010486
v -0.018059 0.035613 -0.009355
v -0.014903 0.038190 -0.008329
v -0.018725 0.035613 -0.006579
v -0.015448 0.038189 -0.006059
v -0.018951 0.035611 -0.003722
v -0.015630 0.038186 -0.003725
v -0.007352 0.042518 0.026096
v -0.007407 0.042493 0.010200
v -0.011363 0.040667 0.010200
v -0.011337 0.040681 0.026096
v -0.015651 0.038216 0.010200
v -0.019005 0.035629 0.010200
v -0.019004 0.035627 0.026096
v -0.015651 0.038216 0.026096
v -0.019005 0.035629 0.010200
v -0.011363 0.040667 0.010200
v -0.022356 0.032624 0.010200
v -0.022356 0.026270 0.015592
v -0.022356 0.026201 0.026125
v -0.022356 0.032624 0.026096
v -0.022356 0.012860 0.018833
v -0.022356 0.012860 0.029302
v -0.003949 0.032116 -0.023988
v -0.004123 0.032624 -0.025019
v -0.004123 0.032624 -0.025019
v -0.003949 0.032116 -0.023988
v -0.007066 0.032118 -0.023239
v -0.007409 0.032624 -0.024223
v -0.007409 0.032624 -0.024223
v -0.007066 0.032118 -0.023239
v -0.010027 0.032121 -0.022011
v -0.010531 0.032624 -0.022923
v -0.010531 0.032624 -0.022923
v -0.010027 0.032121 -0.022011
v -0.012760 0.032123 -0.020336
v -0.013408 0.032624 -0.021153
v -0.013408 0.032624 -0.021153
v -0.012760 0.032123 -0.020336
v -0.015196 0.032125 -0.018255
v -0.015975 0.032624 -0.018954
v -0.015975 0.032624 -0.018954
v -0.015196 0.032125 -0.018255
v -0.017277 0.032126 -0.015817
v -0.018165 0.032624 -0.016383
v -0.018165 0.032624 -0.016383
v -0.017277 0.032126 -0.015817
v -0.018952 0.032127 -0.013085
v -0.019926 0.032624 -0.013502
v -0.019926 0.032624 -0.013502
v -0.018952 0.032127 -0.013085
v -0.020180 0.032127 -0.010124
v -0.021216 0.032624 -0.010382
v -0.021216 0.032624 -0.010382
v -0.020180 0.032127 -0.010124
v -0.020929 0.032127 -0.007006
v -0.022002 0.032624 -0.007099
v -0.022002 0.032624 -0.007099
v -0.020929 0.032127 -0.007006
v -0.021181 0.032125 -0.003810
v -0.022272 0.032624 -0.003720
v -0.021232 0.032009 0.009841
v -0.022356 0.032624 0.010200
v -0.022356 0.032624 0.010200
v -0.021232 0.032009 0.009841
v -0.021247 0.026035 0.014778
v -0.022356 0.026270 0.015592
v -0.022356 0.026270 0.015592
v -0.021247 0.026035 0.014778
v -0.021272 0.012860 0.017974
v -0.022356 0.012860 0.018833
v -0.003949 0.032116 -0.023988
v -0.002891 0.031993 -0.017272
v -0.007066 0.032118 -0.023239
v -0.004974 0.031993 -0.016772
v -0.010027 0.032121 -0.022011
v -0.006954 0.031993 -0.015952
v -0.012760 0.032123 -0.020336
v -0.008781 0.031993 -0.014832
v -0.015196 0.032125 -0.018255
v -0.010411 0.031993 -0.013441
v -0.017277 0.032126 -0.015817
v -0.011802 0.031993 -0.011811
v -0.018952 0.032127 -0.013085
v -0.012922 0.031993 -0.009984
v -0.020180 0.032127 -0.010124
v -0.013742 0.031993 -0.008004
v -0.020929 0.032127 -0.007006
v -0.014242 0.031993 -0.005921
v -0.021181 0.032125 -0.003810
v -0.014410 0.031993 -0.003784
v -0.014265 0.031723 0.014124
v -0.021232 0.032009 0.009841
v -0.014025 0.025874 0.020073
v -0.021247 0.026035 0.014778
v -0.021232 0.032009 0.009841
v -0.014265 0.031723 0.014124
v -0.021247 0.026035 0.014778
v -0.014025 0.025874 0.020073
v -0.013957 0.012860 0.023478
v -0.021272 0.012860 0.017974
v -0.007459 0.025921 0.022809
v -0.007438 0.012860 0.026229
v -0.007459 0.025921 0.022809
v -0.007522 0.031774 0.016729
v -0.007522 0.031774 0.016729
v -0.007582 0.031993 -0.003757
v -0.007498 0.031993 -0.004825
v -0.007248 0.031993 -0.005867
v -0.006838 0.031993 -0.006857
v -0.006278 0.031993 -0.007770
v -0.005582 0.031993 -0.008585
v -0.004768 0.031993 -0.009281
v -0.003854 0.031993 -0.009841
v -0.002864 0.031993 -0.010251
v -0.001823 0.031993 -0.010501
v -0.022356 0.012860 0.029302
v -0.022356 0.026201 0.026125
v -0.022356 0.026201 0.026125
v -0.022356 0.032624 0.026096
v -0.015651 0.038216 0.026096
v -0.019004 0.035627 0.026096
v -0.007352 0.042518 0.026096
v -0.011337 0.040681 0.026096
v 0.020978 0.032624 0.026096
v 0.020978 0.032624 0.010200
v 0.020894 0.032624 -0.003723
v 0.020621 0.032624 -0.007113
v 0.019826 0.032624 -0.010414
v 0.018523 0.032624 -0.013549
v 0.016744 0.032624 -0.016440
v 0.014535 0.032624 -0.019015
v 0.011950 0.032624 -0.021210
v 0.009054 0.032624 -0.022973
v 0.005920 0.032624 -0.024259
v 0.002625 0.032624 -0.025038
v -0.000754 0.032624 -0.025347
v -0.004123 0.032624 -0.025019
v -0.007409 0.032624 -0.024223
v -0.010531 0.032624 -0.022923
v -0.013408 0.032624 -0.021153
v -0.015975 0.032624 -0.018954
v -0.018165 0.032624 -0.016383
v -0.019926 0.032624 -0.013502
v -0.021216 0.032624 -0.010382
v -0.022002 0.032624 -0.007099
v -0.022272 0.032624 -0.003720
v -0.022356 0.032624 0.010200
v -0.022356 0.032624 0.026096
v 0.000288 -0.016786 -0.010307
v -0.000754 -0.016581 -0.003725
v -0.000754 -0.016788 -0.010389
v 0.001305 -0.016790 -0.010064
v 0.002271 -0.016795 -0.009666
v 0.003167 -0.016796 -0.009126
v 0.003970 -0.016797 -0.008452
v 0.004656 -0.016797 -0.007660
v 0.005210 -0.016797 -0.006768
v 0.005616 -0.016797 -0.005799
v 0.005863 -0.016797 -0.004778
v 0.005935 -0.016798 -0.003729
v 0.000908 -0.014955 -0.014211
v -0.000754 -0.014960 -0.014346
v 0.002528 -0.014960 -0.013824
v 0.004068 -0.014964 -0.013189
v 0.005492 -0.014967 -0.012322
v 0.006763 -0.014969 -0.011243
v 0.007850 -0.014970 -0.009978
v 0.008725 -0.014972 -0.008557
v 0.009366 -0.014973 -0.007016
v 0.009757 -0.014973 -0.005392
v 0.009881 -0.014972 -0.003723
v 0.002101 -0.009909 -0.021742
v 0.001578 -0.012497 -0.018443
v -0.000754 -0.012509 -0.018635
v -0.000754 -0.009916 -0.021993
v 0.004886 -0.009913 -0.021081
v 0.003852 -0.012503 -0.017900
v 0.007535 -0.009916 -0.019993
v 0.006013 -0.012508 -0.017009
v 0.009981 -0.009919 -0.018502
v 0.008010 -0.012513 -0.015789
v 0.012165 -0.009921 -0.016645
v 0.009790 -0.012518 -0.014272
v 0.014030 -0.009923 -0.014469
v 0.011311 -0.012522 -0.012495
v 0.015532 -0.009925 -0.012026
v 0.012536 -0.012525 -0.010500
v 0.016633 -0.009927 -0.009377
v 0.013432 -0.012527 -0.008338
v 0.017304 -0.009927 -0.006588
v 0.013980 -0.012528 -0.006062
v 0.017531 -0.009926 -0.003725
v 0.014162 -0.012526 -0.003726
v 0.005973 -0.016798 0.026096
v -0.000754 -0.016596 0.025839
v -0.000754 -0.016596 0.010200
v 0.005973 -0.016798 0.010200
v 0.009910 -0.014984 0.010200
v 0.009910 -0.014984 0.026096
v 0.014182 -0.012556 0.010200
v 0.017585 -0.009944 0.010200
v 0.017580 -0.009937 0.026096
v 0.014182 -0.012556 0.026096
v 0.017585 -0.009944 0.010200
v 0.009910 -0.014984 0.010200
v 0.020978 -0.006905 0.010200
v 0.020978 -0.000550 0.015592
v 0.020978 -0.000481 0.026125
v 0.020978 -0.006905 0.026096
v -0.000754 -0.006905 -0.025347
v -0.000754 -0.006372 -0.024251
v 0.002443 -0.006388 -0.023992
v 0.002625 -0.006905 -0.025038
v 0.002625 -0.006905 -0.025038
v 0.002443 -0.006388 -0.023992
v 0.005561 -0.006383 -0.023246
v 0.005920 -0.006905 -0.024259
v 0.005920 -0.006905 -0.024259
v 0.005561 -0.006383 -0.023246
v 0.008525 -0.006378 -0.022021
v 0.009054 -0.006905 -0.022973
v 0.009054 -0.006905 -0.022973
v 0.008525 -0.006378 -0.022021
v 0.011260 -0.006374 -0.020347
v 0.011950 -0.006905 -0.021210
v 0.011950 -0.006905 -0.021210
v 0.011260 -0.006374 -0.020347
v 0.013701 -0.006369 -0.018266
v 0.014535 -0.006905 -0.019015
v 0.014535 -0.006905 -0.019015
v 0.013701 -0.006369 -0.018266
v 0.015785 -0.006366 -0.015828
v 0.016744 -0.006905 -0.016440
v 0.016744 -0.006905 -0.016440
v 0.015785 -0.006366 -0.015828
v 0.017464 -0.006363 -0.013093
v 0.018523 -0.006905 -0.013549
v 0.018523 -0.006905 -0.013549
v 0.017464 -0.006363 -0.013093
v 0.018693 -0.006360 -0.010130
v 0.019826 -0.006905 -0.010414
v 0.019826 -0.006905 -0.010414
v 0.018693 -0.006360 -0.010130
v 0.019443 -0.006358 -0.007010
v 0.020621 -0.006905 -0.007113
v 0.020621 -0.006905 -0.007113
v 0.019443 -0.006358 -0.007010
v 0.019695 -0.006356 -0.003811
v 0.020894 -0.006905 -0.003723
v 0.019749 -0.006256 0.009801
v 0.020978 -0.006905 0.010200
v 0.020978 -0.006905 0.010200
v 0.019749 -0.006256 0.009801
v 0.019773 -0.000302 0.014723
v 0.020978 -0.000550 0.015592
v 0.020978 -0.000550 0.015592
v 0.019773 -0.000302 0.014723
v 0.019796 0.012860 0.017918
v 0.020978 0.012860 0.018833
v 0.002443 -0.006388 -0.023992
v -0.000754 -0.006372 -0.024251
v -0.000754 -0.006274 -0.017440
v 0.001382 -0.006274 -0.017272
v 0.005561 -0.006383 -0.023246
v 0.003466 -0.006274 -0.016772
v 0.008525 -0.006378 -0.022021
v 0.005446 -0.006274 -0.015952
v 0.011260 -0.006374 -0.020347
v 0.007272 -0.006274 -0.014832
v 0.013701 -0.006369 -0.018266
v 0.008902 -0.006274 -0.013441
v 0.015785 -0.006366 -0.015828
v 0.010294 -0.006274 -0.011811
v 0.017464 -0.006363 -0.013093
v 0.011414 -0.006274 -0.009984
v 0.018693 -0.006360 -0.010130
v 0.012234 -0.006274 -0.008004
v 0.019443 -0.006358 -0.007010
v 0.012734 -0.006274 -0.005921
v 0.019695 -0.006356 -0.003811
v 0.012902 -0.006274 -0.003784
v 0.012777 -0.006032 0.014151
v 0.019749 -0.006256 0.009801
v 0.012549 -0.000168 0.020128
v 0.019773 -0.000302 0.014723
v 0.019749 -0.006256 0.009801
v 0.012777 -0.006032 0.014151
v 0.019773 -0.000302 0.014723
v 0.012549 -0.000168 0.020128
v 0.012485 0.012860 0.023536
v 0.019796 0.012860 0.017918
v 0.005960 -0.000210 0.022840
v 0.005940 0.012860 0.026262
v 0.005960 -0.000210 0.022840
v 0.006020 -0.006072 0.016746
v 0.006020 -0.006072 0.016746
v 0.006073 -0.006274 -0.003757
v 0.005990 -0.006274 -0.004825
v 0.005740 -0.006274 -0.005867
v 0.005330 -0.006274 -0.006857
v 0.004770 -0.006274 -0.007770
v 0.004075 -0.006274 -0.008585
v 0.003260 -0.006274 -0.009281
v 0.002346 -0.006274 -0.009841
v 0.001356 -0.006274 -0.010251
v 0.000315 -0.006274 -0.010501
v -0.000754 -0.006274 -0.010585
v -0.000705 -0.000249 0.024258
v -0.000693 0.012860 0.027686
v -0.000705 -0.000249 0.024258
v -0.000733 -0.006157 0.018094
v -0.000754 -0.006274 -0.003730
v -0.000733 -0.006157 0.018094
v 0.020978 0.012860 0.029302
v -0.000754 0.012860 0.029302
v -0.000754 -0.000481 0.026125
v 0.020978 -0.000481 0.026125
v 0.020978 -0.000481 0.026125
v -0.000754 -0.000481 0.026125
v -0.000689 -0.006905 0.026096
v 0.020978 -0.006905 0.026096
v 0.014182 -0.012556 0.026096
v 0.017580 -0.009937 0.026096
v 0.020978 -0.006905 0.026096
v 0.005973 -0.016798 0.026096
v 0.009910 -0.014984 0.026096
v -0.000754 -0.016596 0.025839
v -0.001796 -0.016778 -0.010303
v -0.002809 -0.016776 -0.010058
v -0.003774 -0.016773 -0.009658
v -0.004663 -0.016771 -0.009112
v -0.005457 -0.016768 -0.008433
v -0.006134 -0.016767 -0.007639
v -0.006678 -0.016765 -0.006749
v -0.007078 -0.016764 -0.005785
v -0.007321 -0.016763 -0.004771
v -0.007401 -0.016759 -0.003728
v -0.002412 -0.014947 -0.014207
v -0.004029 -0.014944 -0.013817
v -0.005566 -0.014942 -0.013179
v -0.006984 -0.014939 -0.012309
v -0.008248 -0.014937 -0.011228
v -0.009328 -0.014935 -0.009963
v -0.010197 -0.014934 -0.008544
v -0.010833 -0.014932 -0.007008
v -0.011222 -0.014932 -0.005391
v -0.011351 -0.014928 -0.003722
v -0.003082 -0.012488 -0.018437
v -0.003603 -0.009904 -0.021729
v -0.005353 -0.012484 -0.017889
v -0.006382 -0.009902 -0.021057
v -0.007511 -0.012481 -0.016994
v -0.009021 -0.009900 -0.019959
v -0.009502 -0.012478 -0.015772
v -0.011455 -0.009898 -0.018462
v -0.011276 -0.012475 -0.014254
v -0.013625 -0.009897 -0.016604
v -0.012792 -0.012473 -0.012477
v -0.015477 -0.009895 -0.014430
v -0.014011 -0.012471 -0.010486
v -0.016968 -0.009894 -0.011994
v -0.014903 -0.012470 -0.008329
v -0.018059 -0.009893 -0.009355
v -0.015448 -0.012469 -0.006059
v -0.018725 -0.009893 -0.006579
v -0.015630 -0.012466 -0.003725
v -0.018951 -0.009891 -0.003722
v -0.007352 -0.016798 0.026096
v -0.007407 -0.016773 0.010200
v -0.011337 -0.014961 0.026096
v -0.011363 -0.014947 0.010200
v -0.015651 -0.012496 0.010200
v -0.015651 -0.012496 0.026096
v -0.019004 -0.009907 0.026096
v -0.019005 -0.009909 0.010200
v -0.019005 -0.009909 0.010200
v -0.011363 -0.014947 0.010200
v -0.022356 -0.006905 0.010200
v -0.022356 -0.006905 0.026096
v -0.022356 -0.000481 0.026125
v -0.022356 -0.000550 0.015592
v -0.004123 -0.006905 -0.025019
v -0.003949 -0.006396 -0.023988
v -0.004123 -0.006905 -0.025019
v -0.007409 -0.006905 -0.024223
v -0.007066 -0.006399 -0.023239
v -0.003949 -0.006396 -0.023988
v -0.007409 -0.006905 -0.024223
v -0.010531 -0.006905 -0.022923
v -0.010027 -0.006401 -0.022011
v -0.007066 -0.006399 -0.023239
v -0.010531 -0.006905 -0.022923
v -0.013408 -0.006905 -0.021153
v -0.012760 -0.006403 -0.020336
v -0.010027 -0.006401 -0.022011
v -0.013408 -0.006905 -0.021153
v -0.015975 -0.006905 -0.018954
v -0.015196 -0.006405 -0.018255
v -0.012760 -0.006403 -0.020336
v -0.015975 -0.006905 -0.018954
v -0.018165 -0.006905 -0.016383
v -0.017277 -0.006406 -0.015817
v -0.015196 -0.006405 -0.018255
v -0.018165 -0.006905 -0.016383
v -0.019926 -0.006905 -0.013502
v -0.018952 -0.006407 -0.013085
v -0.017277 -0.006406 -0.015817
v -0.019926 -0.006905 -0.013502
v -0.021216 -0.006905 -0.010382
v -0.020180 -0.006407 -0.010124
v -0.018952 -0.006407 -0.013085
v -0.021216 -0.006905 -0.010382
v -0.022002 -0.006905 -0.007099
v -0.020929 -0.006407 -0.007006
v -0.020180 -0.006407 -0.010124
v -0.022002 -0.006905 -0.007099
v -0.022272 -0.006905 -0.003720
v -0.021181 -0.006405 -0.003810
v -0.020929 -0.006407 -0.007006
v -0.022356 -0.006905 0.010200
v -0.021232 -0.006289 0.009841
v -0.022356 -0.006905 0.010200
v -0.022356 -0.000550 0.015592
v -0.021247 -0.000315 0.014778
v -0.021232 -0.006289 0.009841
v -0.022356 -0.000550 0.015592
v -0.022356 0.012860 0.018833
v -0.021272 0.012860 0.017974
v -0.021247 -0.000315 0.014778
v -0.003949 -0.006396 -0.023988
v -0.002891 -0.006274 -0.017272
v -0.007066 -0.006399 -0.023239
v -0.004974 -0.006274 -0.016772
v -0.010027 -0.006401 -0.022011
v -0.006954 -0.006274 -0.015952
v -0.012760 -0.006403 -0.020336
v -0.008781 -0.006274 -0.014832
v -0.015196 -0.006405 -0.018255
v -0.010411 -0.006274 -0.013441
v -0.017277 -0.006406 -0.015817
v -0.011802 -0.006274 -0.011811
v -0.018952 -0.006407 -0.013085
v -0.012922 -0.006274 -0.009984
v -0.020180 -0.006407 -0.010124
v -0.013742 -0.006274 -0.008004
v -0.020929 -0.006407 -0.007006
v -0.014242 -0.006274 -0.005921
v -0.021181 -0.006405 -0.003810
v -0.014410 -0.006274 -0.003784
v -0.014265 -0.006003 0.014124
v -0.021232 -0.006289 0.009841
v -0.014025 -0.000154 0.020073
v -0.014265 -0.006003 0.014124
v -0.021232 -0.006289 0.009841
v -0.021247 -0.000315 0.014778
v -0.021247 -0.000315 0.014778
v -0.021272 0.012860 0.017974
v -0.013957 0.012860 0.023478
v -0.014025 -0.000154 0.020073
v -0.007438 0.012860 0.026229
v -0.007459 -0.000201 0.022809
v -0.007459 -0.000201 0.022809
v -0.007522 -0.006055 0.016729
v -0.007522 -0.006055 0.016729
v -0.007582 -0.006274 -0.003757
v -0.007498 -0.006274 -0.004825
v -0.007248 -0.006274 -0.005867
v -0.006838 -0.006274 -0.006857
v -0.006278 -0.006274 -0.007770
v -0.005582 -0.006274 -0.008585
v -0.004768 -0.006274 -0.009281
v -0.003854 -0.006274 -0.009841
v -0.002864 -0.006274 -0.010251
v -0.001823 -0.006274 -0.010501
v -0.022356 0.012860 0.029302
v -0.022356 -0.000481 0.026125
v -0.022356 -0.000481 0.026125
v -0.022356 -0.006905 0.026096
v -0.019004 -0.009907 0.026096
v -0.015651 -0.012496 0.026096
v -0.011337 -0.014961 0.026096
v -0.007352 -0.016798 0.026096
v 0.020978 -0.006905 0.010200
v 0.020978 -0.006905 0.026096
v 0.020894 -0.006905 -0.003723
v 0.020621 -0.006905 -0.007113
v 0.019826 -0.006905 -0.010414
v 0.018523 -0.006905 -0.013549
v 0.016744 -0.006905 -0.016440
v 0.014535 -0.006905 -0.019015
v 0.011950 -0.006905 -0.021210
v 0.009054 -0.006905 -0.022973
v 0.005920 -0.006905 -0.024259
v 0.002625 -0.006905 -0.025038
v -0.000754 -0.006905 -0.025347
v -0.004123 -0.006905 -0.025019
v -0.007409 -0.006905 -0.024223
v -0.010531 -0.006905 -0.022923
v -0.013408 -0.006905 -0.021153
v -0.015975 -0.006905 -0.018954
v -0.018165 -0.006905 -0.016383
v -0.019926 -0.006905 -0.013502
v -0.021216 -0.006905 -0.010382
v -0.022002 -0.006905 -0.007099
v -0.022272 -0.006905 -0.003720
v -0.022356 -0.006905 0.010200
v -0.022356 -0.006905 0.026096
v -0.000267 0.031347 0.019868
v -0.003727 0.031347 0.019596
v -0.003949 0.029554 0.020992
v -0.000267 0.029554 0.021282
v -0.003727 0.031347 0.019596
v -0.007101 0.031347 0.018785
v -0.007539 0.029554 0.020130
v -0.003949 0.029554 0.020992
v -0.010308 0.031347 0.017457
v -0.010950 0.029554 0.018717
v -0.013268 0.031347 0.015644
v -0.014098 0.029554 0.016788
v -0.015907 0.031347 0.013390
v -0.016905 0.029554 0.014390
v -0.018160 0.031347 0.010751
v -0.019304 0.029554 0.011582
v -0.019973 0.031347 0.007792
v -0.021233 0.029554 0.008434
v -0.021302 0.031347 0.004586
v -0.022647 0.029554 0.005023
v -0.022112 0.031347 0.001211
v -0.023508 0.029554 0.001432
v -0.022384 0.031347 -0.002249
v -0.023798 0.029554 -0.002249
v -0.022384 0.031347 -0.002249
v -0.022112 0.031347 -0.005708
v -0.023508 0.029554 -0.005930
v -0.023798 0.029554 -0.002249
v -0.021302 0.031347 -0.009083
v -0.022647 0.029554 -0.009520
v -0.019973 0.031347 -0.012290
v -0.021233 0.029554 -0.012931
v -0.018160 0.031347 -0.015249
v -0.019304 0.029554 -0.016080
v -0.015907 0.031347 -0.017887
v -0.016905 0.029554 -0.018887
v -0.013268 0.031347 -0.020142
v -0.014098 0.029554 -0.021285
v -0.010308 0.031347 -0.021955
v -0.010950 0.029554 -0.023215
v -0.007101 0.031347 -0.023283
v -0.007539 0.029554 -0.024628
v -0.003727 0.031347 -0.024093
v -0.003949 0.029554 -0.025490
v -0.000267 0.031347 -0.024365
v -0.000267 0.029554 -0.025779
v -0.000267 0.029554 0.021282
v -0.004147 0.027655 0.022245
v -0.000267 0.027655 0.022551
v -0.007931 0.027655 0.021337
v -0.011526 0.027655 0.019848
v -0.014844 0.027655 0.017814
v -0.017803 0.027655 0.015287
v -0.020330 0.027655 0.012328
v -0.022364 0.027655 0.009010
v -0.023853 0.027655 0.005415
v -0.024762 0.027655 0.001631
v -0.025067 0.027655 -0.002249
v -0.024762 0.027655 -0.006128
v -0.025067 0.027655 -0.002249
v -0.023853 0.027655 -0.009912
v -0.022364 0.027655 -0.013507
v -0.020330 0.027655 -0.016825
v -0.017803 0.027655 -0.019785
v -0.014844 0.027655 -0.022312
v -0.011526 0.027655 -0.024345
v -0.007931 0.027655 -0.025834
v -0.004147 0.027655 -0.026743
v -0.000267 0.027655 -0.027048
v -0.004321 0.025663 0.023348
v -0.000267 0.025663 0.023666
v -0.008275 0.025663 0.022398
v -0.012033 0.025663 0.020842
v -0.015500 0.025663 0.018717
v -0.018593 0.025663 0.016076
v -0.021233 0.025663 0.012984
v -0.023358 0.025663 0.009516
v -0.024914 0.025663 0.005759
v -0.025864 0.025663 0.001805
v -0.026183 0.025663 -0.002249
v -0.025864 0.025663 -0.006303
v -0.026183 0.025663 -0.002249
v -0.024914 0.025663 -0.010257
v -0.023358 0.025663 -0.014014
v -0.021233 0.025663 -0.017481
v -0.018593 0.025663 -0.020574
v -0.015500 0.025663 -0.023215
v -0.012033 0.025663 -0.025340
v -0.008275 0.025663 -0.026896
v -0.004321 0.025663 -0.027845
v -0.000267 0.025663 -0.028164
v -0.004471 0.023588 0.024292
v -0.000267 0.023588 0.024622
v -0.008571 0.023588 0.023307
v -0.012466 0.023588 0.021694
v -0.016062 0.023588 0.019490
v -0.019268 0.023588 0.016752
v -0.022007 0.023588 0.013546
v -0.024209 0.023588 0.009950
v -0.025823 0.023588 0.006055
v -0.026808 0.023588 0.001955
v -0.027138 0.023588 -0.002249
v -0.026808 0.023588 -0.006452
v -0.027138 0.023588 -0.002249
v -0.025823 0.023588 -0.010553
v -0.024209 0.023588 -0.014448
v -0.022007 0.023588 -0.018043
v -0.019268 0.023588 -0.021250
v -0.016062 0.023588 -0.023988
v -0.012466 0.023588 -0.026191
v -0.008571 0.023588 -0.027805
v -0.004471 0.023588 -0.028789
v -0.000267 0.023588 -0.029120
v -0.004595 0.021446 0.025072
v -0.000267 0.021446 0.025413
v -0.008815 0.021446 0.024059
v -0.012825 0.021446 0.022398
v -0.016527 0.021446 0.020130
v -0.019827 0.021446 0.017311
v -0.022647 0.021446 0.014010
v -0.024914 0.021446 0.010309
v -0.026576 0.021446 0.006299
v -0.027588 0.021446 0.002079
v -0.027929 0.021446 -0.002249
v -0.027588 0.021446 -0.006576
v -0.027929 0.021446 -0.002249
v -0.026576 0.021446 -0.010797
v -0.024914 0.021446 -0.014807
v -0.022647 0.021446 -0.018508
v -0.019827 0.021446 -0.021809
v -0.016527 0.021446 -0.024628
v -0.012825 0.021446 -0.026896
v -0.008815 0.021446 -0.028557
v -0.004595 0.021446 -0.029570
v -0.000267 0.021446 -0.029911
v -0.004691 0.019248 0.025685
v -0.000267 0.019248 0.026033
v -0.009006 0.019248 0.024649
v -0.013107 0.019248 0.022950
v -0.016892 0.019248 0.020631
v -0.020265 0.019248 0.017749
v -0.023148 0.019248 0.014375
v -0.025467 0.019248 0.010591
v -0.027166 0.019248 0.006491
v -0.028201 0.019248 0.002176
v -0.028549 0.019248 -0.002249
v -0.028201 0.019248 -0.006673
v -0.028549 0.019248 -0.002249
v -0.027166 0.019248 -0.010988
v -0.025467 0.019248 -0.015089
v -0.023148 0.019248 -0.018872
v -0.020265 0.019248 -0.022247
v -0.016892 0.019248 -0.025129
v -0.013107 0.019248 -0.027448
v -0.009006 0.019248 -0.029146
v -0.004691 0.019248 -0.030182
v -0.000267 0.019248 -0.030530
v -0.004761 0.017008 0.026125
v -0.000267 0.017008 0.026478
v -0.009145 0.017008 0.025072
v -0.013309 0.017008 0.023348
v -0.017153 0.017008 0.020992
v -0.020581 0.017008 0.018064
v -0.023508 0.017008 0.014636
v -0.025864 0.017008 0.010793
v -0.027588 0.017008 0.006629
v -0.028641 0.017008 0.002245
v -0.028995 0.017008 -0.002249
v -0.028641 0.017008 -0.006743
v -0.028995 0.017008 -0.002249
v -0.027588 0.017008 -0.011126
v -0.025864 0.017008 -0.015291
v -0.023508 0.017008 -0.019134
v -0.020581 0.017008 -0.022562
v -0.017153 0.017008 -0.025490
v -0.013309 0.017008 -0.027845
v -0.009145 0.017008 -0.029570
v -0.004761 0.017008 -0.030622
v -0.000267 0.017008 -0.030976
v -0.021302 0.031347 -0.009083
v -0.022112 0.031347 -0.005708
v -0.019998 0.031347 -0.005374
v -0.019267 0.031347 -0.008422
v -0.000267 0.031347 -0.024365
v -0.003727 0.031347 -0.024093
v -0.003392 0.031347 -0.021979
v -0.000267 0.031347 -0.022225
v -0.007101 0.031347 -0.023283
v -0.006440 0.031347 -0.021248
v -0.010308 0.031347 -0.021955
v -0.009336 0.031347 -0.020048
v -0.013268 0.031347 -0.020142
v -0.012009 0.031347 -0.018410
v -0.015907 0.031347 -0.017887
v -0.014393 0.031347 -0.016374
v -0.018160 0.031347 -0.015249
v -0.016429 0.031347 -0.013991
v -0.019973 0.031347 -0.012290
v -0.018067 0.031347 -0.011318
v -0.022384 0.031347 -0.002249
v -0.020244 0.031347 -0.002249
v -0.022112 0.031347 0.001211
v -0.019998 0.031347 0.000876
v -0.021302 0.031347 0.004586
v -0.019267 0.031347 0.003924
v -0.019973 0.031347 0.007792
v -0.018067 0.031347 0.006820
v -0.018160 0.031347 0.010751
v -0.016429 0.031347 0.009493
v -0.015907 0.031347 0.013390
v -0.014393 0.031347 0.011877
v -0.013268 0.031347 0.015644
v -0.012009 0.031347 0.013912
v -0.010308 0.031347 0.017457
v -0.009336 0.031347 0.015551
v -0.007101 0.031347 0.018785
v -0.006440 0.031347 0.016750
v -0.003727 0.031347 0.019596
v -0.003392 0.031347 0.017482
v -0.000267 0.031347 0.019868
v -0.000267 0.031347 0.017728
v -0.018663 0.034042 -0.005162
v -0.019998 0.032695 -0.005374
v -0.020244 0.032695 -0.002249
v -0.018893 0.034042 -0.002249
v -0.017980 0.034042 -0.008004
v -0.019267 0.032695 -0.008422
v -0.016863 0.034042 -0.010705
v -0.018067 0.032695 -0.011318
v -0.000267 0.034042 -0.020874
v -0.000267 0.032695 -0.022225
v -0.003392 0.032695 -0.021979
v -0.003181 0.034042 -0.020645
v -0.006440 0.032695 -0.021248
v -0.006023 0.034042 -0.019962
v -0.009336 0.032695 -0.020048
v -0.008723 0.034042 -0.018844
v -0.012009 0.032695 -0.018410
v -0.011215 0.034042 -0.017317
v -0.014393 0.032695 -0.016374
v -0.013438 0.034042 -0.015419
v -0.013438 0.034042 -0.015419
v -0.014393 0.032695 -0.016374
v -0.016429 0.032695 -0.013991
v -0.015335 0.034042 -0.013196
v -0.019998 0.032695 0.000876
v -0.018663 0.034042 0.000665
v -0.019267 0.032695 0.003924
v -0.017980 0.034042 0.003507
v -0.018067 0.032695 0.006820
v -0.016863 0.034042 0.006207
v -0.016429 0.032695 0.009493
v -0.015335 0.034042 0.008699
v -0.014393 0.032695 0.011877
v -0.013438 0.034042 0.010921
v -0.013438 0.034042 0.010921
v -0.014393 0.032695 0.011877
v -0.012009 0.032695 0.013912
v -0.011215 0.034042 0.012819
v -0.009336 0.032695 0.015551
v -0.008723 0.034042 0.014346
v -0.006440 0.032695 0.016750
v -0.006023 0.034042 0.015465
v -0.003392 0.032695 0.017482
v -0.003181 0.034042 0.016147
v -0.000267 0.032695 0.017728
v -0.000267 0.034042 0.016376
v -0.018663 0.034042 -0.005162
v -0.000267 0.034042 -0.002249
v -0.017980 0.034042 -0.008004
v -0.000267 0.034042 -0.020874
v -0.003181 0.034042 -0.020645
v -0.006023 0.034042 -0.019962
v -0.008723 0.034042 -0.018844
v -0.011215 0.034042 -0.017317
v -0.013438 0.034042 -0.015419
v -0.015335 0.034042 -0.013196
v -0.016863 0.034042 -0.010705
v -0.018893 0.034042 -0.002249
v -0.018663 0.034042 0.000665
v -0.017980 0.034042 0.003507
v -0.016863 0.034042 0.006207
v -0.015335 0.034042 0.008699
v -0.013438 0.034042 0.010921
v -0.011215 0.034042 0.012819
v -0.008723 0.034042 0.014346
v -0.006023 0.034042 0.015465
v -0.003181 0.034042 0.016147
v -0.000267 0.034042 0.016376
v -0.019267 0.031347 -0.008422
v -0.019998 0.031347 -0.005374
v -0.019998 0.032695 -0.005374
v -0.019267 0.032695 -0.008422
v -0.000267 0.031347 -0.022225
v -0.003392 0.031347 -0.021979
v -0.003392 0.032695 -0.021979
v -0.000267 0.032695 -0.022225
v -0.006440 0.031347 -0.021248
v -0.006440 0.032695 -0.021248
v -0.009336 0.031347 -0.020048
v -0.009336 0.032695 -0.020048
v -0.009336 0.031347 -0.020048
v -0.012009 0.031347 -0.018410
v -0.012009 0.032695 -0.018410
v -0.009336 0.032695 -0.020048
v -0.014393 0.031347 -0.016374
v -0.014393 0.032695 -0.016374
v -0.016429 0.031347 -0.013991
v -0.016429 0.032695 -0.013991
v -0.018067 0.031347 -0.011318
v -0.018067 0.032695 -0.011318
v -0.020244 0.031347 -0.002249
v -0.020244 0.032695 -0.002249
v -0.019998 0.031347 0.000876
v -0.019998 0.032695 0.000876
v -0.019267 0.031347 0.003924
v -0.019267 0.032695 0.003924
v -0.018067 0.031347 0.006820
v -0.018067 0.032695 0.006820
v -0.016429 0.031347 0.009493
v -0.016429 0.032695 0.009493
v -0.014393 0.031347 0.011877
v -0.014393 0.032695 0.011877
v -0.012009 0.031347 0.013912
v -0.012009 0.032695 0.013912
v -0.009336 0.031347 0.015551
v -0.009336 0.032695 0.015551
v -0.009336 0.031347 0.015551
v -0.006440 0.031347 0.016750
v -0.006440 0.032695 0.016750
v -0.009336 0.032695 0.015551
v -0.003392 0.031347 0.017482
v -0.003392 0.032695 0.017482
v -0.000267 0.031347 0.017728
v -0.000267 0.032695 0.017728
v -0.000267 -0.006232 0.019868
v -0.000267 -0.004439 0.021282
v -0.003949 -0.004439 0.020992
v -0.003727 -0.006232 0.019596
v -0.007539 -0.004439 0.020130
v -0.007101 -0.006232 0.018785
v -0.010950 -0.004439 0.018717
v -0.010308 -0.006232 0.017457
v -0.014098 -0.004439 0.016788
v -0.013268 -0.006232 0.015644
v -0.016905 -0.004439 0.014390
v -0.015907 -0.006232 0.013390
v -0.019304 -0.004439 0.011582
v -0.018160 -0.006232 0.010751
v -0.021233 -0.004439 0.008434
v -0.019973 -0.006232 0.007792
v -0.022647 -0.004439 0.005023
v -0.021302 -0.006232 0.004586
v -0.023508 -0.004439 0.001432
v -0.022112 -0.006232 0.001211
v -0.023798 -0.004439 -0.002249
v -0.022384 -0.006232 -0.002249
v -0.023508 -0.004439 -0.005930
v -0.022112 -0.006232 -0.005708
v -0.022112 -0.006232 -0.005708
v -0.023508 -0.004439 -0.005930
v -0.022647 -0.004439 -0.009520
v -0.021302 -0.006232 -0.009083
v -0.021233 -0.004439 -0.012931
v -0.019973 -0.006232 -0.012290
v -0.019304 -0.004439 -0.016080
v -0.018160 -0.006232 -0.015249
v -0.016905 -0.004439 -0.018887
v -0.015907 -0.006232 -0.017887
v -0.014098 -0.004439 -0.021285
v -0.013268 -0.006232 -0.020142
v -0.010950 -0.004439 -0.023215
v -0.010308 -0.006232 -0.021955
v -0.007539 -0.004439 -0.024628
v -0.007101 -0.006232 -0.023283
v -0.003949 -0.004439 -0.025490
v -0.003727 -0.006232 -0.024093
v -0.000267 -0.004439 -0.025779
v -0.000267 -0.006232 -0.024365
v -0.000267 -0.002540 0.022551
v -0.004147 -0.002540 0.022245
v -0.007931 -0.002540 0.021337
v -0.011526 -0.002540 0.019848
v -0.014844 -0.002540 0.017814
v -0.017803 -0.002540 0.015287
v -0.020330 -0.002540 0.012328
v -0.022364 -0.002540 0.009010
v -0.023853 -0.002540 0.005415
v -0.024762 -0.002540 0.001631
v -0.025067 -0.002540 -0.002249
v -0.024762 -0.002540 -0.006128
v -0.024762 -0.002540 -0.006128
v -0.023853 -0.002540 -0.009912
v -0.022364 -0.002540 -0.013507
v -0.020330 -0.002540 -0.016825
v -0.017803 -0.002540 -0.019785
v -0.014844 -0.002540 -0.022312
v -0.011526 -0.002540 -0.024345
v -0.007931 -0.002540 -0.025834
v -0.004147 -0.002540 -0.026743
v -0.000267 -0.002540 -0.027048
v -0.000267 -0.000547 0.023666
v -0.004321 -0.000547 0.023348
v -0.008275 -0.000547 0.022398
v -0.012033 -0.000547 0.020842
v -0.015500 -0.000547 0.018717
v -0.018593 -0.000547 0.016076
v -0.021233 -0.000547 0.012984
v -0.023358 -0.000547 0.009516
v -0.024914 -0.000547 0.005759
v -0.025864 -0.000547 0.001805
v -0.026183 -0.000547 -0.002249
v -0.025864 -0.000547 -0.006303
v -0.025864 -0.000547 -0.006303
v -0.024914 -0.000547 -0.010257
v -0.023358 -0.000547 -0.014014
v -0.021233 -0.000547 -0.017481
v -0.018593 -0.000547 -0.020574
v -0.015500 -0.000547 -0.023215
v -0.012033 -0.000547 -0.025340
v -0.008275 -0.000547 -0.026896
v -0.004321 -0.000547 -0.027845
v -0.000267 -0.000547 -0.028164
v -0.000267 0.001527 0.024622
v -0.004471 0.001527 0.024292
v -0.008571 0.001527 0.023307
v -0.012466 0.001527 0.021694
v -0.016062 0.001527 0.019490
v -0.019268 0.001527 0.016752
v -0.022007 0.001527 0.013546
v -0.024209 0.001527 0.009950
v -0.025823 0.001527 0.006055
v -0.026808 0.001527 0.001955
v -0.027138 0.001527 -0.002249
v -0.026808 0.001527 -0.006452
v -0.026808 0.001527 -0.006452
v -0.025823 0.001527 -0.010553
v -0.024209 0.001527 -0.014448
v -0.022007 0.001527 -0.018043
v -0.019268 0.001527 -0.021250
v -0.016062 0.001527 -0.023988
v -0.012466 0.001527 -0.026191
v -0.008571 0.001527 -0.027805
v -0.004471 0.001527 -0.028789
v -0.000267 0.001527 -0.029120
v -0.000267 0.003669 0.025413
v -0.004595 0.003669 0.025072
v -0.008815 0.003669 0.024059
v -0.012825 0.003669 0.022398
v -0.016527 0.003669 0.020130
v -0.019827 0.003669 0.017311
v -0.022647 0.003669 0.014010
v -0.024914 0.003669 0.010309
v -0.026576 0.003669 0.006299
v -0.027588 0.003669 0.002079
v -0.027929 0.003669 -0.002249
v -0.027588 0.003669 -0.006576
v -0.027588 0.003669 -0.006576
v -0.026576 0.003669 -0.010797
v -0.024914 0.003669 -0.014807
v -0.022647 0.003669 -0.018508
v -0.019827 0.003669 -0.021809
v -0.016527 0.003669 -0.024628
v -0.012825 0.003669 -0.026896
v -0.008815 0.003669 -0.028557
v -0.004595 0.003669 -0.029570
v -0.000267 0.003669 -0.029911
v -0.000267 0.005867 0.026033
v -0.004691 0.005867 0.025685
v -0.009006 0.005867 0.024649
v -0.013107 0.005867 0.022950
v -0.016892 0.005867 0.020631
v -0.020265 0.005867 0.017749
v -0.023148 0.005867 0.014375
v -0.025467 0.005867 0.010591
v -0.027166 0.005867 0.006491
v -0.028201 0.005867 0.002176
v -0.028549 0.005867 -0.002249
v -0.028201 0.005867 -0.006673
v -0.028201 0.005867 -0.006673
v -0.027166 0.005867 -0.010988
v -0.025467 0.005867 -0.015089
v -0.023148 0.005867 -0.018872
v -0.020265 0.005867 -0.022247
v -0.016892 0.005867 -0.025129
v -0.013107 0.005867 -0.027448
v -0.009006 0.005867 -0.029146
v -0.004691 0.005867 -0.030182
v -0.000267 0.005867 -0.030530
v -0.000267 0.008107 0.026478
v -0.004761 0.008107 0.026125
v -0.009145 0.008107 0.025072
v -0.013309 0.008107 0.023348
v -0.017153 0.008107 0.020992
v -0.020581 0.008107 0.018064
v -0.023508 0.008107 0.014636
v -0.025864 0.008107 0.010793
v -0.027588 0.008107 0.006629
v -0.028641 0.008107 0.002245
v -0.028995 0.008107 -0.002249
v -0.028641 0.008107 -0.006743
v -0.028641 0.008107 -0.006743
v -0.027588 0.008107 -0.011126
v -0.025864 0.008107 -0.015291
v -0.023508 0.008107 -0.019134
v -0.020581 0.008107 -0.022562
v -0.017153 0.008107 -0.025490
v -0.013309 0.008107 -0.027845
v -0.009145 0.008107 -0.029570
v -0.004761 0.008107 -0.030622
v -0.000267 0.008107 -0.030976
v -0.021302 -0.006232 -0.009083
v -0.019267 -0.006232 -0.008422
v -0.019998 -0.006232 -0.005374
v -0.022112 -0.006232 -0.005708
v -0.000267 -0.006232 -0.024365
v -0.000267 -0.006232 -0.022225
v -0.003392 -0.006232 -0.021979
v -0.003727 -0.006232 -0.024093
v -0.006440 -0.006232 -0.021248
v -0.007101 -0.006232 -0.023283
v -0.009336 -0.006232 -0.020048
v -0.010308 -0.006232 -0.021955
v -0.012009 -0.006232 -0.018410
v -0.013268 -0.006232 -0.020142
v -0.014393 -0.006232 -0.016374
v -0.015907 -0.006232 -0.017887
v -0.016429 -0.006232 -0.013991
v -0.018160 -0.006232 -0.015249
v -0.018067 -0.006232 -0.011318
v -0.019973 -0.006232 -0.012290
v -0.020244 -0.006232 -0.002249
v -0.022384 -0.006232 -0.002249
v -0.019998 -0.006232 0.000876
v -0.022112 -0.006232 0.001211
v -0.019267 -0.006232 0.003924
v -0.021302 -0.006232 0.004586
v -0.018067 -0.006232 0.006820
v -0.019973 -0.006232 0.007792
v -0.016429 -0.006232 0.009493
v -0.018160 -0.006232 0.010751
v -0.014393 -0.006232 0.011877
v -0.015907 -0.006232 0.013390
v -0.012009 -0.006232 0.013912
v -0.013268 -0.006232 0.015644
v -0.009336 -0.006232 0.015551
v -0.010308 -0.006232 0.017457
v -0.006440 -0.006232 0.016750
v -0.007101 -0.006232 0.018785
v -0.003392 -0.006232 0.017482
v -0.003727 -0.006232 0.019596
v -0.000267 -0.006232 0.017728
v -0.000267 -0.006232 0.019868
v -0.018663 -0.008927 -0.005162
v -0.018893 -0.008927 -0.002249
v -0.020244 -0.007580 -0.002249
v -0.019998 -0.007580 -0.005374
v -0.019267 -0.007580 -0.008422
v -0.017980 -0.008927 -0.008004
v -0.018067 -0.007580 -0.011318
v -0.016863 -0.008927 -0.010705
v -0.000267 -0.008927 -0.020874
v -0.003181 -0.008927 -0.020645
v -0.003392 -0.007580 -0.021979
v -0.000267 -0.007580 -0.022225
v -0.006023 -0.008927 -0.019962
v -0.006440 -0.007580 -0.021248
v -0.008723 -0.008927 -0.018844
v -0.009336 -0.007580 -0.020048
v -0.011215 -0.008927 -0.017317
v -0.012009 -0.007580 -0.018410
v -0.013438 -0.008927 -0.015419
v -0.014393 -0.007580 -0.016374
v -0.013438 -0.008927 -0.015419
v -0.015335 -0.008927 -0.013196
v -0.016429 -0.007580 -0.013991
v -0.014393 -0.007580 -0.016374
v -0.018663 -0.008927 0.000665
v -0.019998 -0.007580 0.000876
v -0.017980 -0.008927 0.003507
v -0.019267 -0.007580 0.003924
v -0.016863 -0.008927 0.006207
v -0.018067 -0.007580 0.006820
v -0.015335 -0.008927 0.008699
v -0.016429 -0.007580 0.009493
v -0.013438 -0.008927 0.010921
v -0.014393 -0.007580 0.011877
v -0.013438 -0.008927 0.010921
v -0.011215 -0.008927 0.012819
v -0.012009 -0.007580 0.013912
v -0.014393 -0.007580 0.011877
v -0.008723 -0.008927 0.014346
v -0.009336 -0.007580 0.015551
v -0.006023 -0.008927 0.015465
v -0.006440 -0.007580 0.016750
v -0.003181 -0.008927 0.016147
v -0.003392 -0.007580 0.017482
v -0.000267 -0.008927 0.016376
v -0.000267 -0.007580 0.017728
v -0.018663 -0.008927 -0.005162
v -0.017980 -0.008927 -0.008004
v -0.000267 -0.008927 -0.002249
v -0.003181 -0.008927 -0.020645
v -0.000267 -0.008927 -0.020874
v -0.006023 -0.008927 -0.019962
v -0.008723 -0.008927 -0.018844
v -0.011215 -0.008927 -0.017317
v -0.013438 -0.008927 -0.015419
v -0.015335 -0.008927 -0.013196
v -0.016863 -0.008927 -0.010705
v -0.018893 -0.008927 -0.002249
v -0.018663 -0.008927 0.000665
v -0.017980 -0.008927 0.003507
v -0.016863 -0.008927 0.006207
v -0.015335 -0.008927 0.008699
v -0.013438 -0.008927 0.010921
v -0.011215 -0.008927 0.012819
v -0.008723 -0.008927 0.014346
v -0.006023 -0.008927 0.015465
v -0.003181 -0.008927 0.016147
v -0.000267 -0.008927 0.016376
v -0.019267 -0.006232 -0.008422
v -0.019267 -0.007580 -0.008422
v -0.019998 -0.007580 -0.005374
v -0.019998 -0.006232 -0.005374
v -0.000267 -0.006232 -0.022225
v -0.000267 -0.007580 -0.022225
v -0.003392 -0.007580 -0.021979
v -0.003392 -0.006232 -0.021979
v -0.006440 -0.007580 -0.021248
v -0.006440 -0.006232 -0.021248
v -0.009336 -0.007580 -0.020048
v -0.009336 -0.006232 -0.020048
v -0.009336 -0.006232 -0.020048
v -0.009336 -0.007580 -0.020048
v -0.012009 -0.007580 -0.018410
v -0.012009 -0.006232 -0.018410
v -0.014393 -0.007580 -0.016374
v -0.014393 -0.006232 -0.016374
v -0.016429 -0.007580 -0.013991
v -0.016429 -0.006232 -0.013991
v -0.018067 -0.007580 -0.011318
v -0.018067 -0.006232 -0.011318
v -0.020244 -0.007580 -0.002249
v -0.020244 -0.006232 -0.002249
v -0.019998 -0.007580 0.000876
v -0.019998 -0.006232 0.000876
v -0.019267 -0.007580 0.003924
v -0.019267 -0.006232 0.003924
v -0.018067 -0.007580 0.006820
v -0.018067 -0.006232 0.006820
v -0.016429 -0.007580 0.009493
v -0.016429 -0.006232 0.009493
v -0.014393 -0.007580 0.011877
v -0.014393 -0.006232 0.011877
v -0.012009 -0.007580 0.013912
v -0.012009 -0.006232 0.013912
v -0.009336 -0.007580 0.015551
v -0.009336 -0.006232 0.015551
v -0.009336 -0.006232 0.015551
v -0.009336 -0.007580 0.015551
v -0.006440 -0.007580 0.016750
v -0.006440 -0.006232 0.016750
v -0.003392 -0.007580 0.017482
v -0.003392 -0.006232 0.017482
v -0.000267 -0.007580 0.017728
v -0.000267 -0.006232 0.017728
v -0.000267 0.010333 0.026735
v -0.000267 0.012558 0.026863
v -0.004821 0.012558 0.026505
v -0.004801 0.010333 0.026379
v -0.000267 0.014783 0.026735
v -0.004801 0.014783 0.026379
v -0.009264 0.012558 0.025439
v -0.009224 0.010333 0.025317
v -0.009224 0.014783 0.025317
v -0.013484 0.012558 0.023690
v -0.013427 0.010333 0.023576
v -0.013427 0.014783 0.023576
v -0.017379 0.012558 0.021303
v -0.017304 0.010333 0.021200
v -0.017304 0.014783 0.021200
v -0.020853 0.012558 0.018337
v -0.020763 0.010333 0.018246
v -0.020763 0.014783 0.018246
v -0.023819 0.012558 0.014863
v -0.023717 0.010333 0.014787
v -0.023717 0.014783 0.014787
v -0.026207 0.012558 0.010968
v -0.026093 0.010333 0.010910
v -0.026093 0.014783 0.010910
v -0.027954 0.012558 0.006747
v -0.027833 0.010333 0.006708
v -0.027833 0.014783 0.006708
v -0.029022 0.012558 0.002305
v -0.028894 0.010333 0.002285
v -0.028894 0.014783 0.002285
v -0.029380 0.012558 -0.002249
v -0.029252 0.010333 -0.002249
v -0.029252 0.014783 -0.002249
v -0.029022 0.012558 -0.006803
v -0.028894 0.010333 -0.006783
v -0.028894 0.014783 -0.006783
v -0.028894 0.010333 -0.006783
v -0.029022 0.012558 -0.006803
v -0.027954 0.012558 -0.011245
v -0.027833 0.010333 -0.011206
v -0.028894 0.014783 -0.006783
v -0.027833 0.014783 -0.011206
v -0.026207 0.012558 -0.015466
v -0.026093 0.010333 -0.015407
v -0.026093 0.014783 -0.015407
v -0.023819 0.012558 -0.019361
v -0.023717 0.010333 -0.019285
v -0.023717 0.014783 -0.019285
v -0.020853 0.012558 -0.022834
v -0.020763 0.010333 -0.022744
v -0.020763 0.014783 -0.022744
v -0.017379 0.012558 -0.025801
v -0.017304 0.010333 -0.025698
v -0.017304 0.014783 -0.025698
v -0.013484 0.012558 -0.028188
v -0.013427 0.010333 -0.028074
v -0.013427 0.014783 -0.028074
v -0.009264 0.012558 -0.029936
v -0.009224 0.010333 -0.029815
v -0.009224 0.014783 -0.029815
v -0.004821 0.012558 -0.031003
v -0.004801 0.010333 -0.030876
v -0.004801 0.014783 -0.030876
v -0.000267 0.012558 -0.031361
v -0.000267 0.010333 -0.031233
v -0.000267 0.014783 -0.031233
v -0.029252 0.014783 -0.002249
v -0.000267 0.031347 0.019868
v 0.003414 0.029554 0.020992
v 0.003193 0.031347 0.019596
v 0.007004 0.029554 0.020130
v 0.006567 0.031347 0.018785
v 0.010415 0.029554 0.018717
v 0.009773 0.031347 0.017457
v 0.013563 0.029554 0.016788
v 0.012733 0.031347 0.015644
v 0.016371 0.029554 0.014390
v 0.015372 0.031347 0.013390
v 0.018769 0.029554 0.011582
v 0.017626 0.031347 0.010751
v 0.020698 0.029554 0.008434
v 0.019438 0.031347 0.007792
v 0.022112 0.029554 0.005023
v 0.020767 0.031347 0.004586
v 0.022973 0.029554 0.001432
v 0.021577 0.031347 0.001211
v 0.023263 0.029554 -0.002249
v 0.021850 0.031347 -0.002249
v 0.022973 0.029554 -0.005930
v 0.021577 0.031347 -0.005708
v 0.022112 0.029554 -0.009520
v 0.020767 0.031347 -0.009083
v 0.020698 0.029554 -0.012931
v 0.019438 0.031347 -0.012290
v 0.018769 0.029554 -0.016080
v 0.017626 0.031347 -0.015249
v 0.016371 0.029554 -0.018887
v 0.015372 0.031347 -0.017887
v 0.013563 0.029554 -0.021285
v 0.012733 0.031347 -0.020142
v 0.010415 0.029554 -0.023215
v 0.009773 0.031347 -0.021955
v 0.007004 0.029554 -0.024628
v 0.006567 0.031347 -0.023283
v 0.003414 0.029554 -0.025490
v 0.003193 0.031347 -0.024093
v 0.003613 0.027655 0.022245
v 0.007395 0.027655 0.021337
v 0.010992 0.027655 0.019848
v 0.014309 0.027655 0.017814
v 0.017268 0.027655 0.015287
v 0.019796 0.027655 0.012328
v 0.021830 0.027655 0.009010
v 0.023318 0.027655 0.005415
v 0.024227 0.027655 0.001631
v 0.024532 0.027655 -0.002249
v 0.024227 0.027655 -0.006128
v 0.023318 0.027655 -0.009912
v 0.021830 0.027655 -0.013507
v 0.019796 0.027655 -0.016825
v 0.017268 0.027655 -0.019785
v 0.014309 0.027655 -0.022312
v 0.010992 0.027655 -0.024345
v 0.007395 0.027655 -0.025834
v 0.003613 0.027655 -0.026743
v 0.003786 0.025663 0.023348
v 0.007740 0.025663 0.022398
v 0.011498 0.025663 0.020842
v 0.014966 0.025663 0.018717
v 0.018057 0.025663 0.016076
v 0.020698 0.025663 0.012984
v 0.022823 0.025663 0.009516
v 0.024380 0.025663 0.005759
v 0.025328 0.025663 0.001805
v 0.025648 0.025663 -0.002249
v 0.025328 0.025663 -0.006303
v 0.024380 0.025663 -0.010257
v 0.022823 0.025663 -0.014014
v 0.020698 0.025663 -0.017481
v 0.018057 0.025663 -0.020574
v 0.014966 0.025663 -0.023215
v 0.011498 0.025663 -0.025340
v 0.007740 0.025663 -0.026896
v 0.003786 0.025663 -0.027845
v 0.003936 0.023588 0.024292
v 0.008037 0.023588 0.023307
v 0.011932 0.023588 0.021694
v 0.015527 0.023588 0.019490
v 0.018733 0.023588 0.016752
v 0.021472 0.023588 0.013546
v 0.023675 0.023588 0.009950
v 0.025288 0.023588 0.006055
v 0.026273 0.023588 0.001955
v 0.026603 0.023588 -0.002249
v 0.026273 0.023588 -0.006452
v 0.025288 0.023588 -0.010553
v 0.023675 0.023588 -0.014448
v 0.021472 0.023588 -0.018043
v 0.018733 0.023588 -0.021250
v 0.015527 0.023588 -0.023988
v 0.011932 0.023588 -0.026191
v 0.008037 0.023588 -0.027805
v 0.003936 0.023588 -0.028789
v 0.004060 0.021446 0.025072
v 0.008280 0.021446 0.024059
v 0.012291 0.021446 0.022398
v 0.015992 0.021446 0.020130
v 0.019292 0.021446 0.017311
v 0.022112 0.021446 0.014010
v 0.024380 0.021446 0.010309
v 0.026041 0.021446 0.006299
v 0.027053 0.021446 0.002079
v 0.027395 0.021446 -0.002249
v 0.027053 0.021446 -0.006576
v 0.026041 0.021446 -0.010797
v 0.024380 0.021446 -0.014807
v 0.022112 0.021446 -0.018508
v 0.019292 0.021446 -0.021809
v 0.015992 0.021446 -0.024628
v 0.012291 0.021446 -0.026896
v 0.008280 0.021446 -0.028557
v 0.004060 0.021446 -0.029570
v 0.004157 0.019248 0.025685
v 0.008472 0.019248 0.024649
v 0.012572 0.019248 0.022950
v 0.016356 0.019248 0.020631
v 0.019731 0.019248 0.017749
v 0.022613 0.019248 0.014375
v 0.024932 0.019248 0.010591
v 0.026630 0.019248 0.006491
v 0.027666 0.019248 0.002176
v 0.028015 0.019248 -0.002249
v 0.027666 0.019248 -0.006673
v 0.026630 0.019248 -0.010988
v 0.024932 0.019248 -0.015089
v 0.022613 0.019248 -0.018872
v 0.019731 0.019248 -0.022247
v 0.016356 0.019248 -0.025129
v 0.012572 0.019248 -0.027448
v 0.008472 0.019248 -0.029146
v 0.004157 0.019248 -0.030182
v 0.004226 0.017008 0.026125
v 0.008610 0.017008 0.025072
v 0.012774 0.017008 0.023348
v 0.016618 0.017008 0.020992
v 0.020046 0.017008 0.018064
v 0.022973 0.017008 0.014636
v 0.025328 0.017008 0.010793
v 0.027053 0.017008 0.006629
v 0.028106 0.017008 0.002245
v 0.028460 0.017008 -0.002249
v 0.028106 0.017008 -0.006743
v 0.027053 0.017008 -0.011126
v 0.025328 0.017008 -0.015291
v 0.022973 0.017008 -0.019134
v 0.020046 0.017008 -0.022562
v 0.016618 0.017008 -0.025490
v 0.012774 0.017008 -0.027845
v 0.008610 0.017008 -0.029570
v 0.004226 0.017008 -0.030622
v 0.020767 0.031347 -0.009083
v 0.018732 0.031347 -0.008422
v 0.019463 0.031347 -0.005374
v 0.021577 0.031347 -0.005708
v 0.002858 0.031347 -0.021979
v 0.003193 0.031347 -0.024093
v 0.005905 0.031347 -0.021248
v 0.006567 0.031347 -0.023283
v 0.008802 0.031347 -0.020048
v 0.009773 0.031347 -0.021955
v 0.011474 0.031347 -0.018410
v 0.012733 0.031347 -0.020142
v 0.013858 0.031347 -0.016374
v 0.015372 0.031347 -0.017887
v 0.015894 0.031347 -0.013991
v 0.017626 0.031347 -0.015249
v 0.017532 0.031347 -0.011318
v 0.019438 0.031347 -0.012290
v 0.019709 0.031347 -0.002249
v 0.021850 0.031347 -0.002249
v 0.019463 0.031347 0.000876
v 0.021577 0.031347 0.001211
v 0.018732 0.031347 0.003924
v 0.020767 0.031347 0.004586
v 0.017532 0.031347 0.006820
v 0.019438 0.031347 0.007792
v 0.015894 0.031347 0.009493
v 0.017626 0.031347 0.010751
v 0.013858 0.031347 0.011877
v 0.015372 0.031347 0.013390
v 0.011474 0.031347 0.013912
v 0.012733 0.031347 0.015644
v 0.008802 0.031347 0.015551
v 0.009773 0.031347 0.017457
v 0.005905 0.031347 0.016750
v 0.006567 0.031347 0.018785
v 0.002858 0.031347 0.017482
v 0.003193 0.031347 0.019596
v 0.018128 0.034042 -0.005162
v 0.018358 0.034042 -0.002249
v 0.019709 0.032695 -0.002249
v 0.019463 0.032695 -0.005374
v 0.018732 0.032695 -0.008422
v 0.017446 0.034042 -0.008004
v 0.017532 0.032695 -0.011318
v 0.016328 0.034042 -0.010705
v 0.002646 0.034042 -0.020645
v 0.002858 0.032695 -0.021979
v 0.005488 0.034042 -0.019962
v 0.005905 0.032695 -0.021248
v 0.008188 0.034042 -0.018844
v 0.008802 0.032695 -0.020048
v 0.010680 0.034042 -0.017317
v 0.011474 0.032695 -0.018410
v 0.012903 0.034042 -0.015419
v 0.013858 0.032695 -0.016374
v 0.012903 0.034042 -0.015419
v 0.014801 0.034042 -0.013196
v 0.015894 0.032695 -0.013991
v 0.013858 0.032695 -0.016374
v 0.018128 0.034042 0.000665
v 0.019463 0.032695 0.000876
v 0.017446 0.034042 0.003507
v 0.018732 0.032695 0.003924
v 0.016328 0.034042 0.006207
v 0.017532 0.032695 0.006820
v 0.014801 0.034042 0.008699
v 0.015894 0.032695 0.009493
v 0.012903 0.034042 0.010921
v 0.013858 0.032695 0.011877
v 0.012903 0.034042 0.010921
v 0.010680 0.034042 0.012819
v 0.011474 0.032695 0.013912
v 0.013858 0.032695 0.011877
v 0.008188 0.034042 0.014346
v 0.008802 0.032695 0.015551
v 0.005488 0.034042 0.015465
v 0.005905 0.032695 0.016750
v 0.002646 0.034042 0.016147
v 0.002858 0.032695 0.017482
v 0.018128 0.034042 -0.005162
v 0.017446 0.034042 -0.008004
v 0.002646 0.034042 -0.020645
v 0.005488 0.034042 -0.019962
v 0.008188 0.034042 -0.018844
v 0.010680 0.034042 -0.017317
v 0.012903 0.034042 -0.015419
v 0.014801 0.034042 -0.013196
v 0.016328 0.034042 -0.010705
v 0.018358 0.034042 -0.002249
v 0.018128 0.034042 0.000665
v 0.017446 0.034042 0.003507
v 0.016328 0.034042 0.006207
v 0.014801 0.034042 0.008699
v 0.012903 0.034042 0.010921
v 0.010680 0.034042 0.012819
v 0.008188 0.034042 0.014346
v 0.005488 0.034042 0.015465
v 0.002646 0.034042 0.016147
v 0.018732 0.031347 -0.008422
v 0.018732 0.032695 -0.008422
v 0.019463 0.032695 -0.005374
v 0.019463 0.031347 -0.005374
v 0.002858 0.032695 -0.021979
v 0.002858 0.031347 -0.021979
v 0.005905 0.032695 -0.021248
v 0.005905 0.031347 -0.021248
v 0.008802 0.032695 -0.020048
v 0.008802 0.031347 -0.020048
v 0.008802 0.031347 -0.020048
v 0.008802 0.032695 -0.020048
v 0.011474 0.032695 -0.018410
v 0.011474 0.031347 -0.018410
v 0.013858 0.032695 -0.016374
v 0.013858 0.031347 -0.016374
v 0.015894 0.032695 -0.013991
v 0.015894 0.031347 -0.013991
v 0.017532 0.032695 -0.011318
v 0.017532 0.031347 -0.011318
v 0.019709 0.032695 -0.002249
v 0.019709 0.031347 -0.002249
v 0.019463 0.032695 0.000876
v 0.019463 0.031347 0.000876
v 0.018732 0.032695 0.003924
v 0.018732 0.031347 0.003924
v 0.017532 0.032695 0.006820
v 0.017532 0.031347 0.006820
v 0.015894 0.032695 0.009493
v 0.015894 0.031347 0.009493
v 0.013858 0.032695 0.011877
v 0.013858 0.031347 0.011877
v 0.011474 0.032695 0.013912
v 0.011474 0.031347 0.013912
v 0.008802 0.032695 0.015551
v 0.008802 0.031347 0.015551
v 0.008802 0.031347 0.015551
v 0.008802 0.032695 0.015551
v 0.005905 0.032695 0.016750
v 0.005905 0.031347 0.016750
v 0.002858 0.032695 0.017482
v 0.002858 0.031347 0.017482
v 0.003193 -0.006232 0.019596
v 0.003414 -0.004439 0.020992
v 0.006567 -0.006232 0.018785
v 0.007004 -0.004439 0.020130
v 0.009773 -0.006232 0.017457
v 0.010415 -0.004439 0.018717
v 0.012733 -0.006232 0.015644
v 0.013563 -0.004439 0.016788
v 0.015372 -0.006232 0.013390
v 0.016371 -0.004439 0.014390
v 0.017626 -0.006232 0.010751
v 0.018769 -0.004439 0.011582
v 0.019438 -0.006232 0.007792
v 0.020698 -0.004439 0.008434
v 0.020767 -0.006232 0.004586
v 0.022112 -0.004439 0.005023
v 0.021577 -0.006232 0.001211
v 0.022973 -0.004439 0.001432
v 0.021850 -0.006232 -0.002249
v 0.023263 -0.004439 -0.002249
v 0.021577 -0.006232 -0.005708
v 0.022973 -0.004439 -0.005930
v 0.020767 -0.006232 -0.009083
v 0.022112 -0.004439 -0.009520
v 0.019438 -0.006232 -0.012290
v 0.020698 -0.004439 -0.012931
v 0.017626 -0.006232 -0.015249
v 0.018769 -0.004439 -0.016080
v 0.015372 -0.006232 -0.017887
v 0.016371 -0.004439 -0.018887
v 0.012733 -0.006232 -0.020142
v 0.013563 -0.004439 -0.021285
v 0.009773 -0.006232 -0.021955
v 0.010415 -0.004439 -0.023215
v 0.006567 -0.006232 -0.023283
v 0.007004 -0.004439 -0.024628
v 0.003193 -0.006232 -0.024093
v 0.003414 -0.004439 -0.025490
v 0.003613 -0.002540 0.022245
v 0.007395 -0.002540 0.021337
v 0.010992 -0.002540 0.019848
v 0.014309 -0.002540 0.017814
v 0.017268 -0.002540 0.015287
v 0.019796 -0.002540 0.012328
v 0.021830 -0.002540 0.009010
v 0.023318 -0.002540 0.005415
v 0.024227 -0.002540 0.001631
v 0.024532 -0.002540 -0.002249
v 0.024227 -0.002540 -0.006128
v 0.023318 -0.002540 -0.009912
v 0.021830 -0.002540 -0.013507
v 0.019796 -0.002540 -0.016825
v 0.017268 -0.002540 -0.019785
v 0.014309 -0.002540 -0.022312
v 0.010992 -0.002540 -0.024345
v 0.007395 -0.002540 -0.025834
v 0.003613 -0.002540 -0.026743
v 0.003786 -0.000547 0.023348
v 0.007740 -0.000547 0.022398
v 0.011498 -0.000547 0.020842
v 0.014966 -0.000547 0.018717
v 0.018057 -0.000547 0.016076
v 0.020698 -0.000547 0.012984
v 0.022823 -0.000547 0.009516
v 0.024380 -0.000547 0.005759
v 0.025328 -0.000547 0.001805
v 0.025648 -0.000547 -0.002249
v 0.025328 -0.000547 -0.006303
v 0.024380 -0.000547 -0.010257
v 0.022823 -0.000547 -0.014014
v 0.020698 -0.000547 -0.017481
v 0.018057 -0.000547 -0.020574
v 0.014966 -0.000547 -0.023215
v 0.011498 -0.000547 -0.025340
v 0.007740 -0.000547 -0.026896
v 0.003786 -0.000547 -0.027845
v 0.003936 0.001527 0.024292
v 0.008037 0.001527 0.023307
v 0.011932 0.001527 0.021694
v 0.015527 0.001527 0.019490
v 0.018733 0.001527 0.016752
v 0.021472 0.001527 0.013546
v 0.023675 0.001527 0.009950
v 0.025288 0.001527 0.006055
v 0.026273 0.001527 0.001955
v 0.026603 0.001527 -0.002249
v 0.026273 0.001527 -0.006452
v 0.025288 0.001527 -0.010553
v 0.023675 0.001527 -0.014448
v 0.021472 0.001527 -0.018043
v 0.018733 0.001527 -0.021250
v 0.015527 0.001527 -0.023988
v 0.011932 0.001527 -0.026191
v 0.008037 0.001527 -0.027805
v 0.003936 0.001527 -0.028789
v 0.004060 0.003669 0.025072
v 0.008280 0.003669 0.024059
v 0.012291 0.003669 0.022398
v 0.015992 0.003669 0.020130
v 0.019292 0.003669 0.017311
v 0.022112 0.003669 0.014010
v 0.024380 0.003669 0.010309
v 0.026041 0.003669 0.006299
v 0.027053 0.003669 0.002079
v 0.027395 0.003669 -0.002249
v 0.027053 0.003669 -0.006576
v 0.026041 0.003669 -0.010797
v 0.024380 0.003669 -0.014807
v 0.022112 0.003669 -0.018508
v 0.019292 0.003669 -0.021809
v 0.015992 0.003669 -0.024628
v 0.012291 0.003669 -0.026896
v 0.008280 0.003669 -0.028557
v 0.004060 0.003669 -0.029570
v 0.004157 0.005867 0.025685
v 0.008472 0.005867 0.024649
v 0.012572 0.005867 0.022950
v 0.016356 0.005867 0.020631
v 0.019731 0.005867 0.017749
v 0.022613 0.005867 0.014375
v 0.024932 0.005867 0.010591
v 0.026630 0.005867 0.006491
v 0.027666 0.005867 0.002176
v 0.028015 0.005867 -0.002249
v 0.027666 0.005867 -0.006673
v 0.026630 0.005867 -0.010988
v 0.024932 0.005867 -0.015089
v 0.022613 0.005867 -0.018872
v 0.019731 0.005867 -0.022247
v 0.016356 0.005867 -0.025129
v 0.012572 0.005867 -0.027448
v 0.008472 0.005867 -0.029146
v 0.004157 0.005867 -0.030182
v 0.004226 0.008107 0.026125
v 0.008610 0.008107 0.025072
v 0.012774 0.008107 0.023348
v 0.016618 0.008107 0.020992
v 0.020046 0.008107 0.018064
v 0.022973 0.008107 0.014636
v 0.025328 0.008107 0.010793
v 0.027053 0.008107 0.006629
v 0.028106 0.008107 0.002245
v 0.028460 0.008107 -0.002249
v 0.028106 0.008107 -0.006743
v 0.027053 0.008107 -0.011126
v 0.025328 0.008107 -0.015291
v 0.022973 0.008107 -0.019134
v 0.020046 0.008107 -0.022562
v 0.016618 0.008107 -0.025490
v 0.012774 0.008107 -0.027845
v 0.008610 0.008107 -0.029570
v 0.004226 0.008107 -0.030622
v 0.020767 -0.006232 -0.009083
v 0.021577 -0.006232 -0.005708
v 0.019463 -0.006232 -0.005374
v 0.018732 -0.006232 -0.008422
v 0.003193 -0.006232 -0.024093
v 0.002858 -0.006232 -0.021979
v 0.006567 -0.006232 -0.023283
v 0.005905 -0.006232 -0.021248
v 0.009773 -0.006232 -0.021955
v 0.008802 -0.006232 -0.020048
v 0.012733 -0.006232 -0.020142
v 0.011474 -0.006232 -0.018410
v 0.015372 -0.006232 -0.017887
v 0.013858 -0.006232 -0.016374
v 0.017626 -0.006232 -0.015249
v 0.015894 -0.006232 -0.013991
v 0.019438 -0.006232 -0.012290
v 0.017532 -0.006232 -0.011318
v 0.021850 -0.006232 -0.002249
v 0.019709 -0.006232 -0.002249
v 0.021577 -0.006232 0.001211
v 0.019463 -0.006232 0.000876
v 0.020767 -0.006232 0.004586
v 0.018732 -0.006232 0.003924
v 0.019438 -0.006232 0.007792
v 0.017532 -0.006232 0.006820
v 0.017626 -0.006232 0.010751
v 0.015894 -0.006232 0.009493
v 0.015372 -0.006232 0.013390
v 0.013858 -0.006232 0.011877
v 0.012733 -0.006232 0.015644
v 0.011474 -0.006232 0.013912
v 0.009773 -0.006232 0.017457
v 0.008802 -0.006232 0.015551
v 0.006567 -0.006232 0.018785
v 0.005905 -0.006232 0.016750
v 0.003193 -0.006232 0.019596
v 0.002858 -0.006232 0.017482
v 0.018128 -0.008927 -0.005162
v 0.019463 -0.007580 -0.005374
v 0.019709 -0.007580 -0.002249
v 0.018358 -0.008927 -0.002249
v 0.017446 -0.008927 -0.008004
v 0.018732 -0.007580 -0.008422
v 0.016328 -0.008927 -0.010705
v 0.017532 -0.007580 -0.011318
v 0.002858 -0.007580 -0.021979
v 0.002646 -0.008927 -0.020645
v 0.005905 -0.007580 -0.021248
v 0.005488 -0.008927 -0.019962
v 0.008802 -0.007580 -0.020048
v 0.008188 -0.008927 -0.018844
v 0.011474 -0.007580 -0.018410
v 0.010680 -0.008927 -0.017317
v 0.013858 -0.007580 -0.016374
v 0.012903 -0.008927 -0.015419
v 0.012903 -0.008927 -0.015419
v 0.013858 -0.007580 -0.016374
v 0.015894 -0.007580 -0.013991
v 0.014801 -0.008927 -0.013196
v 0.019463 -0.007580 0.000876
v 0.018128 -0.008927 0.000665
v 0.018732 -0.007580 0.003924
v 0.017446 -0.008927 0.003507
v 0.017532 -0.007580 0.006820
v 0.016328 -0.008927 0.006207
v 0.015894 -0.007580 0.009493
v 0.014801 -0.008927 0.008699
v 0.013858 -0.007580 0.011877
v 0.012903 -0.008927 0.010921
v 0.012903 -0.008927 0.010921
v 0.013858 -0.007580 0.011877
v 0.011474 -0.007580 0.013912
v 0.010680 -0.008927 0.012819
v 0.008802 -0.007580 0.015551
v 0.008188 -0.008927 0.014346
v 0.005905 -0.007580 0.016750
v 0.005488 -0.008927 0.015465
v 0.002858 -0.007580 0.017482
v 0.002646 -0.008927 0.016147
v 0.018128 -0.008927 -0.005162
v 0.017446 -0.008927 -0.008004
v 0.002646 -0.008927 -0.020645
v 0.005488 -0.008927 -0.019962
v 0.008188 -0.008927 -0.018844
v 0.010680 -0.008927 -0.017317
v 0.012903 -0.008927 -0.015419
v 0.014801 -0.008927 -0.013196
v 0.016328 -0.008927 -0.010705
v 0.018358 -0.008927 -0.002249
v 0.018128 -0.008927 0.000665
v 0.017446 -0.008927 0.003507
v 0.016328 -0.008927 0.006207
v 0.014801 -0.008927 0.008699
v 0.012903 -0.008927 0.010921
v 0.010680 -0.008927 0.012819
v 0.008188 -0.008927 0.014346
v 0.005488 -0.008927 0.015465
v 0.002646 -0.008927 0.016147
v 0.018732 -0.006232 -0.008422
v 0.019463 -0.006232 -0.005374
v 0.019463 -0.007580 -0.005374
v 0.018732 -0.007580 -0.008422
v 0.002858 -0.006232 -0.021979
v 0.002858 -0.007580 -0.021979
v 0.005905 -0.006232 -0.021248
v 0.005905 -0.007580 -0.021248
v 0.008802 -0.006232 -0.020048
v 0.008802 -0.007580 -0.020048
v 0.008802 -0.006232 -0.020048
v 0.011474 -0.006232 -0.018410
v 0.011474 -0.007580 -0.018410
v 0.008802 -0.007580 -0.020048
v 0.013858 -0.006232 -0.016374
v 0.013858 -0.007580 -0.016374
v 0.015894 -0.006232 -0.013991
v 0.015894 -0.007580 -0.013991
v 0.017532 -0.006232 -0.011318
v 0.017532 -0.007580 -0.011318
v 0.019709 -0.006232 -0.002249
v 0.019709 -0.007580 -0.002249
v 0.019463 -0.006232 0.000876
v 0.019463 -0.007580 0.000876
v 0.018732 -0.006232 0.003924
v 0.018732 -0.007580 0.003924
v 0.017532 -0.006232 0.006820
v 0.017532 -0.007580 0.006820
v 0.015894 -0.006232 0.009493
v 0.015894 -0.007580 0.009493
v 0.013858 -0.006232 0.011877
v 0.013858 -0.007580 0.011877
v 0.011474 -0.006232 0.013912
v 0.011474 -0.007580 0.013912
v 0.008802 -0.006232 0.015551
v 0.008802 -0.007580 0.015551
v 0.008802 -0.006232 0.015551
v 0.005905 -0.006232 0.016750
v 0.005905 -0.007580 0.016750
v 0.008802 -0.007580 0.015551
v 0.002858 -0.006232 0.017482
v 0.002858 -0.007580 0.017482
v 0.004267 0.010333 0.026379
v 0.004286 0.012558 0.026505
v 0.004267 0.014783 0.026379
v 0.008689 0.010333 0.025317
v 0.008729 0.012558 0.025439
v 0.008689 0.014783 0.025317
v 0.012892 0.010333 0.023576
v 0.012949 0.012558 0.023690
v 0.012892 0.014783 0.023576
v 0.016769 0.010333 0.021200
v 0.016844 0.012558 0.021303
v 0.016769 0.014783 0.021200
v 0.020227 0.010333 0.018246
v 0.020318 0.012558 0.018337
v 0.020227 0.014783 0.018246
v 0.023181 0.010333 0.014787
v 0.023285 0.012558 0.014863
v 0.023181 0.014783 0.014787
v 0.025558 0.010333 0.010910
v 0.025672 0.012558 0.010968
v 0.025558 0.014783 0.010910
v 0.027298 0.010333 0.006708
v 0.027420 0.012558 0.006747
v 0.027298 0.014783 0.006708
v 0.028360 0.010333 0.002285
v 0.028486 0.012558 0.002305
v 0.028360 0.014783 0.002285
v 0.028717 0.010333 -0.002249
v 0.028845 0.012558 -0.002249
v 0.028717 0.014783 -0.002249
v 0.028360 0.010333 -0.006783
v 0.028486 0.012558 -0.006803
v 0.028360 0.014783 -0.006783
v 0.027298 0.010333 -0.011206
v 0.027420 0.012558 -0.011245
v 0.027298 0.014783 -0.011206
v 0.025558 0.010333 -0.015407
v 0.025672 0.012558 -0.015466
v 0.025558 0.014783 -0.015407
v 0.023181 0.010333 -0.019285
v 0.023285 0.012558 -0.019361
v 0.023181 0.014783 -0.019285
v 0.020227 0.010333 -0.022744
v 0.020318 0.012558 -0.022834
v 0.020227 0.014783 -0.022744
v 0.016769 0.010333 -0.025698
v 0.016844 0.012558 -0.025801
v 0.016769 0.014783 -0.025698
v 0.012892 0.010333 -0.028074
v 0.012949 0.012558 -0.028188
v 0.012892 0.014783 -0.028074
v 0.008689 0.010333 -0.029815
v 0.008729 0.012558 -0.029936
v 0.008689 0.014783 -0.029815
v 0.004267 0.010333 -0.030876
v 0.004286 0.012558 -0.031003
v 0.004267 0.014783 -0.030876
vn 0.0405 0.9660 -0.2555
vn -0.0000 0.9660 -0.2586
vn -0.0000 0.9996 -0.0270
vn 0.0799 0.9660 -0.2460
vn 0.1174 0.9660 -0.2305
vn 0.1520 0.9660 -0.2092
vn 0.1829 0.9660 -0.1829
vn 0.2092 0.9660 -0.1520
vn 0.2305 0.9660 -0.1174
vn 0.2460 0.9660 -0.0799
vn 0.2554 0.9660 -0.0405
vn 0.2586 0.9658 -0.0203
vn 0.0743 0.8824 -0.4646
vn -0.0026 0.8828 -0.4697
vn 0.1423 0.8824 -0.4484
vn 0.2108 0.8825 -0.4204
vn 0.2741 0.8826 -0.3820
vn 0.3307 0.8826 -0.3341
vn 0.3790 0.8827 -0.2778
vn 0.4180 0.8827 -0.2147
vn 0.4465 0.8828 -0.1461
vn 0.4640 0.8828 -0.0727
vn 0.4609 0.8874 -0.0055
vn 0.0867 0.8325 -0.5472
vn 0.1035 0.7637 -0.6372
vn -0.0021 0.7644 -0.6448
vn -0.0000 0.8325 -0.5541
vn 0.1712 0.8325 -0.5269
vn 0.1971 0.7637 -0.6148
vn 0.2515 0.8325 -0.4937
vn 0.2909 0.7638 -0.5762
vn 0.3257 0.8325 -0.4482
vn 0.3776 0.7638 -0.5234
vn 0.3918 0.8325 -0.3918
vn 0.4550 0.7639 -0.4577
vn 0.4483 0.8325 -0.3257
vn 0.5212 0.7639 -0.3806
vn 0.4937 0.8325 -0.2516
vn 0.5744 0.7640 -0.2940
vn 0.5269 0.8325 -0.1712
vn 0.6134 0.7640 -0.2001
vn 0.5473 0.8324 -0.0867
vn 0.6371 0.7641 -0.1013
vn 0.5535 0.8317 -0.0436
vn 0.6410 0.7675 -0.0115
vn -0.0001 1.0000 -0.0002
vn 0.2501 0.9682 -0.0000
vn 0.2501 0.9682 -0.0005
vn -0.0000 1.0000 -0.0000
vn 0.4590 0.8884 -0.0000
vn 0.6393 0.7690 0.0003
vn 0.5506 0.8348 -0.0000
vn 0.5505 0.8348 -0.0000
vn 0.6395 0.7688 0.0003
vn 0.6403 0.7681 -0.0034
vn 0.4599 0.8880 -0.0018
vn 1.0000 -0.0000 -0.0000
vn 0.0343 -0.8993 -0.4360
vn 0.1019 -0.8995 -0.4248
vn 0.1019 -0.8995 -0.4249
vn 0.1019 -0.8996 -0.4247
vn 0.1019 -0.8996 -0.4248
vn 0.1667 -0.9001 -0.4026
vn 0.1668 -0.9001 -0.4025
vn 0.2269 -0.9008 -0.3702
vn 0.2807 -0.9018 -0.3286
vn 0.3268 -0.9029 -0.2791
vn 0.3268 -0.9029 -0.2792
vn 0.3642 -0.9042 -0.2232
vn 0.3641 -0.9042 -0.2232
vn 0.3919 -0.9056 -0.1623
vn 0.3919 -0.9055 -0.1624
vn 0.4094 -0.9070 -0.0983
vn 0.4095 -0.9070 -0.0983
vn 0.4166 -0.9085 -0.0328
vn 0.4152 -0.9097 -0.0000
vn 0.4616 -0.5705 -0.6793
vn 0.4616 -0.5705 -0.6794
vn 0.4616 -0.5704 -0.6794
vn -0.5074 -0.2087 -0.8361
vn 0.4991 -0.2024 -0.8426
vn 0.4990 -0.2024 -0.8426
vn -0.5261 -0.2061 -0.8251
vn -0.0000 -1.0000 -0.0000
vn -0.1310 -0.9766 -0.1707
vn -0.1577 -0.9531 -0.2583
vn -0.4871 -0.6001 -0.6345
vn -0.3420 -0.6701 -0.6588
vn -0.1311 -0.9766 -0.1706
vn -0.5326 -0.2101 -0.8199
vn -0.5075 -0.2087 -0.8360
vn -0.5262 -0.2061 -0.8250
vn -0.5072 -0.2145 -0.8347
vn -0.2644 -0.2438 -0.9331
vn -0.2574 -0.2443 -0.9349
vn -0.1805 -0.7152 -0.6752
vn -0.0673 -0.9705 -0.2315
vn -0.0673 -0.9705 -0.2313
vn -0.0000 -0.2528 -0.9675
vn -0.0000 -0.2529 -0.9675
vn -0.0000 -0.7272 -0.6865
vn -0.0000 -0.9697 -0.2442
vn -0.0000 0.2317 0.9728
vn -0.0000 -0.0000 1.0000
vn -0.0405 0.9660 -0.2554
vn -0.0799 0.9660 -0.2460
vn -0.1174 0.9660 -0.2304
vn -0.1520 0.9660 -0.2092
vn -0.1829 0.9660 -0.1829
vn -0.2092 0.9660 -0.1520
vn -0.2304 0.9660 -0.1174
vn -0.2460 0.9660 -0.0799
vn -0.2555 0.9660 -0.0405
vn -0.2586 0.9658 -0.0203
vn -0.0796 0.8822 -0.4641
vn -0.1474 0.8821 -0.4475
vn -0.2155 0.8820 -0.4191
vn -0.2783 0.8820 -0.3804
vn -0.3343 0.8819 -0.3324
vn -0.3821 0.8819 -0.2762
vn -0.4206 0.8818 -0.2133
vn -0.4487 0.8818 -0.1452
vn -0.4659 0.8819 -0.0722
vn -0.4626 0.8865 -0.0054
vn -0.1077 0.7636 -0.6366
vn -0.0867 0.8325 -0.5472
vn -0.1712 0.8325 -0.5270
vn -0.2010 0.7634 -0.6138
vn -0.2516 0.8325 -0.4937
vn -0.2944 0.7635 -0.5748
vn -0.3257 0.8325 -0.4483
vn -0.3807 0.7634 -0.5218
vn -0.3918 0.8325 -0.3918
vn -0.4575 0.7634 -0.4560
vn -0.4482 0.8325 -0.3257
vn -0.5232 0.7633 -0.3790
vn -0.4937 0.8325 -0.2515
vn -0.5759 0.7633 -0.2927
vn -0.5270 0.8325 -0.1712
vn -0.6145 0.7633 -0.1992
vn -0.5473 0.8324 -0.0867
vn -0.6380 0.7634 -0.1008
vn -0.5535 0.8317 -0.0436
vn -0.6419 0.7667 -0.0115
vn -0.2501 0.9682 -0.0006
vn -0.2501 0.9682 -0.0000
vn -0.4604 0.8877 -0.0000
vn -0.4603 0.8877 -0.0000
vn -0.5505 0.8348 -0.0000
vn -0.6403 0.7681 0.0001
vn -0.6404 0.7681 0.0001
vn -0.6412 0.7674 -0.0034
vn -0.4615 0.8871 -0.0018
vn -1.0000 -0.0000 -0.0000
vn -0.0343 -0.8993 -0.4360
vn -0.1020 -0.8996 -0.4247
vn -0.1020 -0.8995 -0.4248
vn -0.1019 -0.8996 -0.4246
vn -0.1668 -0.9001 -0.4026
vn -0.1668 -0.9000 -0.4026
vn -0.2269 -0.9008 -0.3702
vn -0.2268 -0.9008 -0.3702
vn -0.2807 -0.9018 -0.3286
vn -0.2807 -0.9018 -0.3287
vn -0.3268 -0.9030 -0.2791
vn -0.3268 -0.9029 -0.2791
vn -0.3270 -0.9029 -0.2791
vn -0.3643 -0.9042 -0.2232
vn -0.3643 -0.9041 -0.2232
vn -0.3642 -0.9042 -0.2232
vn -0.3919 -0.9056 -0.1623
vn -0.3920 -0.9055 -0.1623
vn -0.4095 -0.9070 -0.0983
vn -0.4096 -0.9070 -0.0983
vn -0.4166 -0.9085 -0.0328
vn -0.4165 -0.9085 -0.0327
vn -0.4153 -0.9097 -0.0000
vn -0.4616 -0.5704 -0.6794
vn -0.4616 -0.5705 -0.6793
vn -0.4991 -0.2024 -0.8426
vn -0.4990 -0.2024 -0.8426
vn 0.5074 -0.2087 -0.8360
vn 0.5261 -0.2060 -0.8251
vn 0.1577 -0.9531 -0.2583
vn 0.1310 -0.9766 -0.1707
vn 0.1578 -0.9531 -0.2583
vn 0.3420 -0.6701 -0.6588
vn 0.4871 -0.6001 -0.6345
vn 0.1309 -0.9766 -0.1707
vn 0.5262 -0.2061 -0.8250
vn 0.5075 -0.2087 -0.8360
vn 0.5326 -0.2101 -0.8199
vn 0.5072 -0.2145 -0.8347
vn 0.2644 -0.2438 -0.9331
vn 0.2574 -0.2443 -0.9349
vn 0.0673 -0.9705 -0.2315
vn 0.1804 -0.7152 -0.6752
vn 0.7585 0.6517 -0.0000
vn 0.7572 0.6505 -0.0596
vn 0.7492 0.6517 -0.1187
vn 0.7214 0.6517 -0.2344
vn 0.6758 0.6517 -0.3444
vn 0.6137 0.6516 -0.4459
vn 0.5363 0.6517 -0.5364
vn 0.4458 0.6517 -0.6137
vn 0.3444 0.6517 -0.6758
vn 0.2344 0.6517 -0.7214
vn 0.1186 0.6516 -0.7492
vn -0.0000 0.6517 -0.7585
vn -0.1187 0.6517 -0.7491
vn -0.2344 0.6517 -0.7214
vn -0.3444 0.6517 -0.6758
vn -0.4458 0.6518 -0.6136
vn -0.5364 0.6517 -0.5363
vn -0.6137 0.6516 -0.4458
vn -0.6758 0.6517 -0.3443
vn -0.7214 0.6517 -0.2344
vn -0.7492 0.6517 -0.1186
vn -0.7572 0.6505 -0.0596
vn -0.7585 0.6516 -0.0000
vn -0.7585 0.6517 -0.0000
vn 0.0405 -0.9660 -0.2555
vn -0.0000 -0.9996 -0.0270
vn -0.0000 -0.9660 -0.2586
vn 0.0799 -0.9660 -0.2460
vn 0.1174 -0.9660 -0.2304
vn 0.1520 -0.9660 -0.2092
vn 0.1829 -0.9660 -0.1829
vn 0.2092 -0.9660 -0.1520
vn 0.2305 -0.9660 -0.1174
vn 0.2460 -0.9660 -0.0799
vn 0.2554 -0.9660 -0.0405
vn 0.2586 -0.9658 -0.0204
vn -0.0026 -0.8828 -0.4697
vn 0.0743 -0.8824 -0.4646
vn 0.1424 -0.8824 -0.4484
vn 0.2108 -0.8825 -0.4204
vn 0.2741 -0.8826 -0.3820
vn 0.3307 -0.8826 -0.3341
vn 0.3790 -0.8827 -0.2778
vn 0.4180 -0.8827 -0.2147
vn 0.4465 -0.8828 -0.1461
vn 0.4640 -0.8828 -0.0727
vn 0.4609 -0.8874 -0.0055
vn -0.0021 -0.7643 -0.6448
vn 0.1035 -0.7637 -0.6372
vn 0.0867 -0.8325 -0.5472
vn -0.0000 -0.8325 -0.5541
vn 0.1712 -0.8325 -0.5269
vn 0.1971 -0.7637 -0.6148
vn 0.2515 -0.8325 -0.4937
vn 0.2909 -0.7638 -0.5762
vn 0.3257 -0.8325 -0.4482
vn 0.3776 -0.7638 -0.5234
vn 0.3918 -0.8325 -0.3918
vn 0.4550 -0.7639 -0.4577
vn 0.4483 -0.8324 -0.3257
vn 0.5212 -0.7639 -0.3806
vn 0.4937 -0.8325 -0.2516
vn 0.5744 -0.7639 -0.2940
vn 0.5270 -0.8324 -0.1712
vn 0.6134 -0.7640 -0.2002
vn 0.5472 -0.8325 -0.0867
vn 0.6371 -0.7641 -0.1013
vn 0.5535 -0.8317 -0.0436
vn 0.6410 -0.7675 -0.0115
vn 0.2501 -0.9682 -0.0005
vn 0.2501 -0.9682 -0.0000
vn -0.0001 -1.0000 -0.0002
vn 0.4590 -0.8884 -0.0000
vn 0.5506 -0.8348 -0.0000
vn 0.6394 -0.7689 0.0003
vn 0.6403 -0.7681 -0.0034
vn 0.5505 -0.8348 -0.0000
vn 0.4599 -0.8880 -0.0018
vn 0.0343 0.8993 -0.4360
vn 0.1019 0.8996 -0.4247
vn 0.1020 0.8996 -0.4247
vn 0.1019 0.8995 -0.4248
vn 0.1667 0.9001 -0.4026
vn 0.1668 0.9001 -0.4025
vn 0.2268 0.9008 -0.3702
vn 0.2268 0.9008 -0.3703
vn 0.2269 0.9008 -0.3702
vn 0.2807 0.9018 -0.3287
vn 0.2807 0.9018 -0.3286
vn 0.3268 0.9029 -0.2791
vn 0.3268 0.9029 -0.2792
vn 0.3641 0.9042 -0.2232
vn 0.3642 0.9042 -0.2233
vn 0.3919 0.9056 -0.1623
vn 0.3919 0.9056 -0.1624
vn 0.4095 0.9070 -0.0983
vn 0.4094 0.9070 -0.0983
vn 0.4166 0.9085 -0.0328
vn 0.4152 0.9097 -0.0000
vn 0.4616 0.5704 -0.6793
vn 0.4616 0.5705 -0.6793
vn 0.4616 0.5705 -0.6794
vn 0.4616 0.5704 -0.6794
vn 0.4990 0.2024 -0.8426
vn 0.4991 0.2024 -0.8426
vn -0.5074 0.2087 -0.8361
vn -0.5261 0.2061 -0.8251
vn -0.1577 0.9531 -0.2583
vn -0.1310 0.9766 -0.1707
vn -0.1578 0.9531 -0.2583
vn -0.3420 0.6701 -0.6588
vn -0.4871 0.6001 -0.6345
vn -0.5262 0.2062 -0.8250
vn -0.5075 0.2087 -0.8360
vn -0.5326 0.2101 -0.8199
vn -0.5072 0.2145 -0.8347
vn -0.2644 0.2438 -0.9331
vn -0.2574 0.2443 -0.9349
vn -0.0673 0.9705 -0.2315
vn -0.1805 0.7152 -0.6752
vn -0.0673 0.9705 -0.2314
vn -0.0000 0.2528 -0.9675
vn 0.0001 0.2529 -0.9675
vn -0.0000 0.9697 -0.2442
vn -0.0000 0.7272 -0.6865
vn -0.0000 -0.2317 0.9728
vn -0.0405 -0.9660 -0.2554
vn -0.0799 -0.9660 -0.2460
vn -0.1174 -0.9660 -0.2304
vn -0.1520 -0.9660 -0.2092
vn -0.1829 -0.9660 -0.1829
vn -0.2092 -0.9660 -0.1520
vn -0.2304 -0.9660 -0.1174
vn -0.2460 -0.9660 -0.0799
vn -0.2555 -0.9660 -0.0405
vn -0.2586 -0.9658 -0.0204
vn -0.0795 -0.8822 -0.4641
vn -0.1474 -0.8821 -0.4474
vn -0.2155 -0.8820 -0.4191
vn -0.2783 -0.8820 -0.3804
vn -0.3343 -0.8819 -0.3324
vn -0.3821 -0.8819 -0.2762
vn -0.4206 -0.8818 -0.2133
vn -0.4487 -0.8818 -0.1452
vn -0.4659 -0.8819 -0.0722
vn -0.4626 -0.8865 -0.0054
vn -0.1077 -0.7636 -0.6366
vn -0.0867 -0.8325 -0.5472
vn -0.1712 -0.8325 -0.5269
vn -0.2010 -0.7634 -0.6138
vn -0.2516 -0.8325 -0.4937
vn -0.2944 -0.7635 -0.5748
vn -0.3257 -0.8325 -0.4483
vn -0.3807 -0.7634 -0.5218
vn -0.3918 -0.8325 -0.3918
vn -0.4576 -0.7633 -0.4560
vn -0.4482 -0.8325 -0.3257
vn -0.5232 -0.7633 -0.3790
vn -0.4937 -0.8325 -0.2515
vn -0.5759 -0.7633 -0.2927
vn -0.5270 -0.8325 -0.1712
vn -0.6145 -0.7633 -0.1992
vn -0.5473 -0.8324 -0.0867
vn -0.6380 -0.7634 -0.1008
vn -0.5535 -0.8317 -0.0436
vn -0.6419 -0.7667 -0.0115
vn -0.2501 -0.9682 -0.0000
vn -0.2501 -0.9682 -0.0007
vn -0.4604 -0.8877 -0.0000
vn -0.6404 -0.7680 0.0001
vn -0.5505 -0.8348 -0.0000
vn -0.6411 -0.7674 -0.0034
vn -0.4615 -0.8871 -0.0018
vn -0.0343 0.8993 -0.4360
vn -0.1020 0.8995 -0.4248
vn -0.1019 0.8996 -0.4247
vn -0.1020 0.8996 -0.4247
vn -0.1668 0.9001 -0.4026
vn -0.1668 0.9000 -0.4026
vn -0.2269 0.9008 -0.3702
vn -0.2807 0.9018 -0.3286
vn -0.2806 0.9018 -0.3286
vn -0.3269 0.9029 -0.2791
vn -0.3268 0.9029 -0.2791
vn -0.3642 0.9042 -0.2232
vn -0.3643 0.9042 -0.2232
vn -0.3641 0.9042 -0.2232
vn -0.3918 0.9056 -0.1623
vn -0.3919 0.9056 -0.1623
vn -0.4094 0.9070 -0.0983
vn -0.4095 0.9070 -0.0983
vn -0.4167 0.9085 -0.0328
vn -0.4165 0.9086 -0.0327
vn -0.4166 0.9085 -0.0328
vn -0.4152 0.9097 -0.0000
vn -0.4616 0.5705 -0.6794
vn -0.4616 0.5705 -0.6793
vn -0.4616 0.5704 -0.6794
vn 0.5074 0.2087 -0.8360
vn -0.4990 0.2024 -0.8426
vn -0.4991 0.2024 -0.8426
vn 0.5260 0.2062 -0.8251
vn 0.1310 0.9766 -0.1707
vn 0.1578 0.9531 -0.2583
vn 0.4871 0.6001 -0.6345
vn 0.3420 0.6701 -0.6587
vn 0.1577 0.9531 -0.2583
vn 0.1311 0.9766 -0.1706
vn 0.5326 0.2101 -0.8199
vn 0.5075 0.2087 -0.8360
vn 0.5262 0.2061 -0.8250
vn 0.5072 0.2145 -0.8347
vn 0.2644 0.2438 -0.9331
vn 0.2574 0.2443 -0.9349
vn 0.1804 0.7152 -0.6752
vn 0.0672 0.9705 -0.2315
vn 0.7585 -0.6517 -0.0000
vn 0.7585 -0.6516 -0.0000
vn 0.7572 -0.6505 -0.0596
vn 0.7492 -0.6517 -0.1186
vn 0.7214 -0.6517 -0.2344
vn 0.6758 -0.6517 -0.3444
vn 0.6137 -0.6516 -0.4459
vn 0.5363 -0.6517 -0.5363
vn 0.4458 -0.6517 -0.6136
vn 0.3444 -0.6517 -0.6758
vn 0.2344 -0.6517 -0.7214
vn 0.1187 -0.6516 -0.7492
vn -0.0000 -0.6517 -0.7585
vn -0.1186 -0.6517 -0.7491
vn -0.2344 -0.6517 -0.7213
vn -0.3444 -0.6517 -0.6758
vn -0.4458 -0.6517 -0.6136
vn -0.5363 -0.6517 -0.5364
vn -0.6137 -0.6516 -0.4459
vn -0.6758 -0.6517 -0.3444
vn -0.7214 -0.6517 -0.2344
vn -0.7491 -0.6517 -0.1187
vn -0.7572 -0.6505 -0.0596
vn -0.7585 -0.6517 -0.0000
vn -0.7585 -0.6516 -0.0000
vn -0.0617 0.6180 0.7838
vn -0.0616 0.6181 0.7837
vn -0.0617 0.6179 0.7838
vn -0.1268 0.5859 0.8004
vn -0.1229 0.6191 0.7757
vn -0.2427 0.6189 0.7470
vn -0.2504 0.5860 0.7706
vn -0.3564 0.6193 0.6996
vn -0.3679 0.5859 0.7221
vn -0.4616 0.6191 0.6353
vn -0.4763 0.5860 0.6556
vn -0.5555 0.6189 0.5553
vn -0.5730 0.5860 0.5730
vn -0.6353 0.6192 0.4616
vn -0.6555 0.5860 0.4763
vn -0.6996 0.6193 0.3566
vn -0.7218 0.5862 0.3679
vn -0.7467 0.6193 0.2427
vn -0.7705 0.5862 0.2504
vn -0.7757 0.6191 0.1227
vn -0.8003 0.5861 0.1268
vn -0.7853 0.6191 -0.0000
vn -0.8104 0.5859 -0.0000
vn -0.7756 0.6191 -0.1228
vn -0.8003 0.5861 -0.1268
vn -0.7468 0.6193 -0.2426
vn -0.7706 0.5861 -0.2504
vn -0.6996 0.6192 -0.3566
vn -0.7219 0.5861 -0.3679
vn -0.6353 0.6192 -0.4615
vn -0.6554 0.5861 -0.4763
vn -0.5554 0.6190 -0.5553
vn -0.5729 0.5862 -0.5729
vn -0.4617 0.6189 -0.6355
vn -0.4763 0.5862 -0.6554
vn -0.3565 0.6192 -0.6997
vn -0.3678 0.5862 -0.7218
vn -0.2427 0.6190 -0.7470
vn -0.2504 0.5860 -0.7707
vn -0.1228 0.6190 -0.7757
vn -0.1268 0.5859 -0.8004
vn -0.0000 0.6193 -0.7852
vn -0.0000 0.5860 -0.8103
vn -0.0000 0.5211 0.8535
vn -0.0000 0.5859 0.8104
vn -0.1335 0.5208 0.8432
vn -0.2638 0.5211 0.8117
vn -0.3875 0.5208 0.7606
vn -0.5017 0.5211 0.6905
vn -0.6036 0.5209 0.6036
vn -0.6905 0.5210 0.5017
vn -0.7604 0.5212 0.3875
vn -0.8116 0.5212 0.2637
vn -0.8431 0.5210 0.1335
vn -0.8537 0.5208 -0.0000
vn -0.8430 0.5210 -0.1335
vn -0.8117 0.5211 -0.2638
vn -0.7605 0.5211 -0.3875
vn -0.6905 0.5210 -0.5017
vn -0.6036 0.5209 -0.6036
vn -0.5017 0.5210 -0.6905
vn -0.3875 0.5209 -0.7606
vn -0.2638 0.5210 -0.8118
vn -0.1335 0.5208 -0.8432
vn -0.0000 0.5210 -0.8536
vn -0.0000 0.4526 0.8917
vn -0.1395 0.4527 0.8807
vn -0.2756 0.4524 0.8482
vn -0.4048 0.4527 0.7945
vn -0.5242 0.4525 0.7214
vn -0.6306 0.4525 0.6306
vn -0.7214 0.4525 0.5242
vn -0.7946 0.4525 0.4048
vn -0.8481 0.4526 0.2756
vn -0.8808 0.4526 0.1395
vn -0.8918 0.4525 -0.0000
vn -0.8807 0.4526 -0.1395
vn -0.8480 0.4527 -0.2756
vn -0.7945 0.4527 -0.4048
vn -0.7214 0.4528 -0.5240
vn -0.6305 0.4527 -0.6305
vn -0.5240 0.4528 -0.7213
vn -0.4048 0.4526 -0.7945
vn -0.2755 0.4527 -0.8480
vn -0.1395 0.4526 -0.8807
vn -0.0000 0.4526 -0.8917
vn -0.0000 0.3816 0.9243
vn -0.1446 0.3818 0.9129
vn -0.2857 0.3815 0.8791
vn -0.4196 0.3819 0.8235
vn -0.5432 0.3820 0.7477
vn -0.6535 0.3819 0.6535
vn -0.7478 0.3815 0.5433
vn -0.8237 0.3813 0.4197
vn -0.8791 0.3816 0.2857
vn -0.9129 0.3818 0.1445
vn -0.9244 0.3814 -0.0000
vn -0.9130 0.3815 -0.1446
vn -0.8791 0.3816 -0.2857
vn -0.8234 0.3820 -0.4196
vn -0.7477 0.3821 -0.5431
vn -0.6537 0.3814 -0.6537
vn -0.5434 0.3814 -0.7479
vn -0.4197 0.3814 -0.8236
vn -0.2856 0.3820 -0.8789
vn -0.1446 0.3815 -0.9130
vn -0.0000 0.3820 -0.9242
vn -0.0000 0.3085 0.9512
vn -0.1488 0.3082 0.9396
vn -0.2940 0.3081 0.9048
vn -0.4318 0.3085 0.8476
vn -0.5591 0.3086 0.7696
vn -0.6726 0.3084 0.6726
vn -0.7696 0.3085 0.5591
vn -0.8477 0.3081 0.4319
vn -0.9047 0.3083 0.2940
vn -0.9395 0.3085 0.1487
vn -0.9514 0.3080 -0.0000
vn -0.9514 0.3079 -0.0000
vn -0.9396 0.3082 -0.1488
vn -0.9047 0.3083 -0.2940
vn -0.8475 0.3088 -0.4318
vn -0.7696 0.3085 -0.5591
vn -0.6726 0.3084 -0.6727
vn -0.5591 0.3086 -0.7695
vn -0.4318 0.3086 -0.8475
vn -0.2940 0.3079 -0.9048
vn -0.1488 0.3085 -0.9395
vn -0.0000 0.3084 -0.9512
vn -0.0000 0.2326 0.9726
vn -0.1521 0.2331 0.9605
vn -0.3005 0.2330 0.9249
vn -0.4414 0.2331 0.8665
vn -0.5717 0.2330 0.7867
vn -0.6877 0.2325 0.6877
vn -0.7867 0.2329 0.5717
vn -0.8664 0.2331 0.4416
vn -0.9249 0.2328 0.3004
vn -0.9605 0.2330 0.1521
vn -0.9726 0.2327 -0.0000
vn -0.9606 0.2327 -0.1521
vn -0.9249 0.2328 -0.3005
vn -0.8665 0.2331 -0.4415
vn -0.7867 0.2328 -0.5717
vn -0.6877 0.2330 -0.6876
vn -0.5716 0.2330 -0.7867
vn -0.4415 0.2326 -0.8666
vn -0.3005 0.2325 -0.9250
vn -0.1521 0.2329 -0.9605
vn -0.0000 0.2329 -0.9725
vn -0.0000 0.1546 0.9880
vn -0.1545 0.1547 0.9758
vn -0.3053 0.1548 0.9396
vn -0.4485 0.1548 0.8803
vn -0.5808 0.1547 0.7992
vn -0.6986 0.1549 0.6986
vn -0.7993 0.1547 0.5807
vn -0.8803 0.1547 0.4486
vn -0.9396 0.1550 0.3053
vn -0.9758 0.1546 0.1546
vn -0.9879 0.1549 -0.0000
vn -0.9758 0.1545 -0.1546
vn -0.9396 0.1546 -0.3053
vn -0.8803 0.1550 -0.4484
vn -0.7993 0.1553 -0.5805
vn -0.6986 0.1549 -0.6985
vn -0.5807 0.1547 -0.7993
vn -0.4485 0.1548 -0.8803
vn -0.3053 0.1549 -0.9396
vn -0.1545 0.1548 -0.9758
vn -0.0000 0.1548 -0.9879
vn -0.7060 0.7082 -0.0000
vn -0.6971 0.7084 -0.1105
vn -0.6972 0.7083 -0.1104
vn -0.6710 0.7087 -0.2181
vn -0.6710 0.7086 -0.2181
vn -0.6290 0.7083 -0.3204
vn -0.6291 0.7082 -0.3204
vn -0.1105 0.7081 -0.6974
vn -0.0000 0.7082 -0.7061
vn -0.0000 0.7081 -0.7061
vn -0.2181 0.7083 -0.6714
vn -0.2180 0.7084 -0.6713
vn -0.3205 0.7082 -0.6290
vn -0.3206 0.7082 -0.6291
vn -0.4150 0.7081 -0.5713
vn -0.4992 0.7082 -0.4992
vn -0.5712 0.7082 -0.4150
vn -0.5713 0.7081 -0.4150
vn -0.6972 0.7083 0.1106
vn -0.6971 0.7084 0.1104
vn -0.6711 0.7086 0.2179
vn -0.6712 0.7086 0.2179
vn -0.6290 0.7083 0.3206
vn -0.6290 0.7082 0.3206
vn -0.5711 0.7083 0.4149
vn -0.4992 0.7082 0.4992
vn -0.4149 0.7082 0.5713
vn -0.4992 0.7082 0.4993
vn -0.4149 0.7082 0.5712
vn -0.3206 0.7084 0.6288
vn -0.3205 0.7084 0.6289
vn -0.2181 0.7082 0.6715
vn -0.1104 0.7083 0.6972
vn -0.0000 0.7084 0.7058
vn -0.9511 -0.0000 -0.3090
vn -0.9877 -0.0000 -0.1563
vn -0.0000 -0.0000 -1.0000
vn -0.1563 -0.0000 -0.9877
vn -0.3090 -0.0000 -0.9511
vn -0.4540 -0.0000 -0.8910
vn -0.5878 -0.0000 -0.8090
vn -0.7070 -0.0000 -0.7072
vn -0.8090 -0.0000 -0.5879
vn -0.8910 -0.0000 -0.4540
vn -0.9877 -0.0000 0.1563
vn -0.9511 -0.0000 0.3090
vn -0.8910 -0.0000 0.4540
vn -0.8090 -0.0000 0.5878
vn -0.7070 -0.0000 0.7072
vn -0.5878 -0.0000 0.8090
vn -0.4540 -0.0000 0.8910
vn -0.3090 -0.0000 0.9511
vn -0.1565 -0.0000 0.9877
vn -0.1229 -0.6191 0.7756
vn -0.0000 -0.6188 0.7855
vn -0.0000 -0.5861 0.8102
vn -0.1268 -0.5860 0.8004
vn -0.2427 -0.6189 0.7470
vn -0.2504 -0.5859 0.7707
vn -0.3564 -0.6193 0.6996
vn -0.3679 -0.5860 0.7220
vn -0.4616 -0.6191 0.6353
vn -0.4762 -0.5861 0.6555
vn -0.5555 -0.6189 0.5553
vn -0.5730 -0.5859 0.5730
vn -0.6353 -0.6192 0.4616
vn -0.6555 -0.5861 0.4762
vn -0.6996 -0.6193 0.3566
vn -0.7219 -0.5861 0.3679
vn -0.7467 -0.6193 0.2427
vn -0.7707 -0.5860 0.2504
vn -0.7757 -0.6191 0.1227
vn -0.8003 -0.5861 0.1268
vn -0.7852 -0.6192 -0.0000
vn -0.8103 -0.5861 -0.0000
vn -0.7757 -0.6191 -0.1228
vn -0.8004 -0.5859 -0.1268
vn -0.7468 -0.6193 -0.2426
vn -0.7706 -0.5861 -0.2504
vn -0.6996 -0.6192 -0.3566
vn -0.7219 -0.5862 -0.3677
vn -0.6355 -0.6190 -0.4615
vn -0.6555 -0.5861 -0.4763
vn -0.5554 -0.6190 -0.5553
vn -0.5729 -0.5861 -0.5729
vn -0.4617 -0.6189 -0.6355
vn -0.4762 -0.5862 -0.6555
vn -0.3565 -0.6192 -0.6997
vn -0.3679 -0.5861 -0.7219
vn -0.2426 -0.6194 -0.7467
vn -0.2504 -0.5860 -0.7707
vn -0.1228 -0.6194 -0.7754
vn -0.1268 -0.5861 -0.8002
vn -0.0000 -0.6193 -0.7852
vn -0.0000 -0.5860 -0.8103
vn -0.0000 -0.5210 0.8535
vn -0.1335 -0.5209 0.8431
vn -0.2638 -0.5211 0.8117
vn -0.3875 -0.5208 0.7606
vn -0.5017 -0.5210 0.6906
vn -0.6034 -0.5212 0.6035
vn -0.6906 -0.5209 0.5017
vn -0.7606 -0.5210 0.3875
vn -0.8115 -0.5214 0.2637
vn -0.8430 -0.5210 0.1335
vn -0.8536 -0.5209 -0.0000
vn -0.8432 -0.5208 -0.1335
vn -0.8117 -0.5210 -0.2638
vn -0.7605 -0.5211 -0.3875
vn -0.6905 -0.5209 -0.5018
vn -0.6036 -0.5209 -0.6036
vn -0.5018 -0.5210 -0.6905
vn -0.3876 -0.5209 -0.7606
vn -0.2638 -0.5209 -0.8118
vn -0.1335 -0.5210 -0.8430
vn -0.0000 -0.5209 -0.8536
vn -0.0000 -0.4528 0.8916
vn -0.1395 -0.4527 0.8807
vn -0.2755 -0.4528 0.8480
vn -0.4048 -0.4528 0.7944
vn -0.5240 -0.4531 0.7212
vn -0.6305 -0.4526 0.6305
vn -0.7214 -0.4528 0.5241
vn -0.7944 -0.4530 0.4047
vn -0.8480 -0.4527 0.2756
vn -0.8806 -0.4528 0.1395
vn -0.8917 -0.4525 -0.0000
vn -0.8808 -0.4525 -0.1395
vn -0.8480 -0.4526 -0.2756
vn -0.7945 -0.4527 -0.4048
vn -0.7214 -0.4528 -0.5240
vn -0.6306 -0.4525 -0.6306
vn -0.5242 -0.4525 -0.7215
vn -0.4048 -0.4528 -0.7945
vn -0.2755 -0.4527 -0.8480
vn -0.1395 -0.4526 -0.8807
vn -0.0000 -0.4527 -0.8917
vn -0.0000 -0.3815 0.9244
vn -0.1446 -0.3819 0.9128
vn -0.2857 -0.3815 0.8791
vn -0.4196 -0.3819 0.8235
vn -0.5433 -0.3815 0.7478
vn -0.6536 -0.3815 0.6536
vn -0.7479 -0.3813 0.5434
vn -0.8236 -0.3816 0.4196
vn -0.8791 -0.3815 0.2857
vn -0.9131 -0.3812 0.1446
vn -0.9242 -0.3819 -0.0000
vn -0.9130 -0.3814 -0.1446
vn -0.8790 -0.3817 -0.2857
vn -0.8235 -0.3817 -0.4196
vn -0.7479 -0.3816 -0.5433
vn -0.6535 -0.3819 -0.6535
vn -0.5433 -0.3815 -0.7478
vn -0.4195 -0.3820 -0.8235
vn -0.2856 -0.3821 -0.8789
vn -0.1446 -0.3816 -0.9130
vn -0.0000 -0.3818 -0.9243
vn -0.0000 -0.3085 0.9512
vn -0.1489 -0.3085 0.9395
vn -0.2940 -0.3081 0.9048
vn -0.4319 -0.3081 0.8477
vn -0.5591 -0.3086 0.7696
vn -0.6726 -0.3084 0.6726
vn -0.7697 -0.3080 0.5592
vn -0.8477 -0.3081 0.4319
vn -0.9048 -0.3081 0.2940
vn -0.9397 -0.3080 0.1488
vn -0.9513 -0.3083 -0.0000
vn -0.9397 -0.3080 -0.1488
vn -0.9048 -0.3082 -0.2940
vn -0.8477 -0.3080 -0.4319
vn -0.7697 -0.3078 -0.5592
vn -0.6726 -0.3084 -0.6727
vn -0.5592 -0.3083 -0.7696
vn -0.4319 -0.3079 -0.8477
vn -0.2939 -0.3084 -0.9047
vn -0.1488 -0.3085 -0.9395
vn -0.0000 -0.3084 -0.9512
vn -0.0000 -0.2329 0.9725
vn -0.1521 -0.2331 0.9605
vn -0.3005 -0.2330 0.9249
vn -0.4415 -0.2328 0.8665
vn -0.5717 -0.2330 0.7867
vn -0.6876 -0.2330 0.6877
vn -0.7867 -0.2329 0.5717
vn -0.8664 -0.2331 0.4416
vn -0.9249 -0.2328 0.3004
vn -0.9605 -0.2330 0.1521
vn -0.9724 -0.2331 -0.0000
vn -0.9606 -0.2326 -0.1521
vn -0.9606 -0.2326 -0.1522
vn -0.9249 -0.2328 -0.3005
vn -0.8665 -0.2331 -0.4415
vn -0.7867 -0.2328 -0.5717
vn -0.6877 -0.2330 -0.6876
vn -0.5716 -0.2330 -0.7867
vn -0.4414 -0.2330 -0.8665
vn -0.3005 -0.2330 -0.9249
vn -0.1521 -0.2329 -0.9605
vn -0.0000 -0.2329 -0.9725
vn -0.0000 -0.1546 0.9880
vn -0.1545 -0.1547 0.9758
vn -0.3054 -0.1547 0.9396
vn -0.4484 -0.1548 0.8803
vn -0.5808 -0.1547 0.7992
vn -0.6986 -0.1549 0.6986
vn -0.7993 -0.1547 0.5807
vn -0.8803 -0.1547 0.4486
vn -0.9395 -0.1551 0.3053
vn -0.9757 -0.1551 0.1545
vn -0.9879 -0.1551 0.0001
vn -0.9758 -0.1549 -0.1545
vn -0.9396 -0.1546 -0.3054
vn -0.8803 -0.1546 -0.4485
vn -0.7992 -0.1548 -0.5808
vn -0.6986 -0.1549 -0.6985
vn -0.5807 -0.1547 -0.7993
vn -0.4484 -0.1548 -0.8803
vn -0.3053 -0.1549 -0.9396
vn -0.1545 -0.1547 -0.9758
vn -0.0000 -0.1548 -0.9879
vn -0.6972 -0.7083 -0.1104
vn -0.6971 -0.7084 -0.1105
vn -0.7060 -0.7082 -0.0000
vn -0.6710 -0.7087 -0.2181
vn -0.6710 -0.7086 -0.2181
vn -0.6290 -0.7083 -0.3204
vn -0.6291 -0.7082 -0.3204
vn -0.0000 -0.7081 -0.7061
vn -0.0000 -0.7082 -0.7061
vn -0.1105 -0.7081 -0.6974
vn -0.2181 -0.7083 -0.6714
vn -0.2180 -0.7084 -0.6713
vn -0.3205 -0.7082 -0.6290
vn -0.3206 -0.7082 -0.6291
vn -0.4150 -0.7081 -0.5713
vn -0.4992 -0.7082 -0.4992
vn -0.5709 -0.7084 -0.4150
vn -0.5713 -0.7081 -0.4150
vn -0.6972 -0.7083 0.1106
vn -0.6971 -0.7084 0.1104
vn -0.6711 -0.7086 0.2179
vn -0.6712 -0.7086 0.2179
vn -0.6290 -0.7083 0.3206
vn -0.6290 -0.7082 0.3206
vn -0.5711 -0.7083 0.4149
vn -0.4992 -0.7082 0.4992
vn -0.4993 -0.7082 0.4992
vn -0.4992 -0.7082 0.4993
vn -0.4149 -0.7082 0.5713
vn -0.4149 -0.7082 0.5712
vn -0.3205 -0.7082 0.6291
vn -0.3205 -0.7084 0.6289
vn -0.2181 -0.7082 0.6715
vn -0.1104 -0.7083 0.6972
vn -0.0000 -0.7084 0.7058
vn -0.1558 -0.0859 0.9840
vn -0.0000 -0.0860 0.9963
vn -0.1563 -0.0000 0.9877
vn -0.0000 0.0860 0.9963
vn -0.1558 0.0860 0.9840
vn -0.3079 -0.0861 0.9475
vn -0.3091 -0.0000 0.9510
vn -0.3080 0.0858 0.9475
vn -0.4524 -0.0858 0.8877
vn -0.4524 0.0858 0.8877
vn -0.5856 -0.0858 0.8060
vn -0.5877 -0.0000 0.8090
vn -0.5856 0.0859 0.8060
vn -0.7045 -0.0860 0.7045
vn -0.7071 -0.0000 0.7071
vn -0.7045 0.0861 0.7045
vn -0.8061 -0.0860 0.5856
vn -0.8060 0.0860 0.5856
vn -0.8877 -0.0860 0.4523
vn -0.8877 0.0860 0.4522
vn -0.9476 -0.0859 0.3077
vn -0.9511 -0.0001 0.3090
vn -0.9475 0.0859 0.3079
vn -0.9840 -0.0861 0.1560
vn -0.9877 -0.0000 0.1565
vn -0.9840 0.0861 0.1558
vn -0.9963 -0.0860 -0.0001
vn -0.9963 0.0860 -0.0000
vn -0.9840 -0.0860 -0.1559
vn -0.9877 -0.0000 -0.1564
vn -0.9840 0.0860 -0.1558
vn -0.9475 -0.0860 -0.3079
vn -0.9877 -0.0000 -0.1565
vn -0.9840 0.0860 -0.1559
vn -0.9476 0.0860 -0.3077
vn -0.8878 -0.0860 -0.4522
vn -0.8878 0.0857 -0.4523
vn -0.8060 -0.0860 -0.5856
vn -0.8090 -0.0000 -0.5878
vn -0.8061 0.0860 -0.5855
vn -0.7045 -0.0859 -0.7045
vn -0.7071 -0.0000 -0.7071
vn -0.7045 0.0859 -0.7045
vn -0.5856 -0.0859 -0.8060
vn -0.5856 0.0859 -0.8060
vn -0.4523 -0.0860 -0.8877
vn -0.4524 0.0860 -0.8877
vn -0.3081 -0.0861 -0.9475
vn -0.3078 0.0860 -0.9475
vn -0.1558 -0.0861 -0.9840
vn -0.1564 -0.0000 -0.9877
vn -0.1558 0.0861 -0.9840
vn -0.0000 -0.0860 -0.9963
vn -0.0000 0.0860 -0.9963
vn 0.1230 0.6191 0.7756
vn -0.0000 0.6191 0.7853
vn 0.1268 0.5861 0.8002
vn 0.2427 0.6190 0.7470
vn 0.2504 0.5860 0.7707
vn 0.3564 0.6193 0.6996
vn 0.3679 0.5860 0.7220
vn 0.4616 0.6191 0.6353
vn 0.4763 0.5859 0.6556
vn 0.5553 0.6191 0.5553
vn 0.5730 0.5860 0.5730
vn 0.6355 0.6190 0.4615
vn 0.6555 0.5860 0.4763
vn 0.6996 0.6192 0.3565
vn 0.7220 0.5860 0.3679
vn 0.7467 0.6193 0.2427
vn 0.7706 0.5860 0.2504
vn 0.7756 0.6191 0.1228
vn 0.8002 0.5862 0.1268
vn 0.7854 0.6190 -0.0000
vn 0.8103 0.5860 -0.0000
vn 0.7757 0.6191 -0.1229
vn 0.8004 0.5860 -0.1268
vn 0.7468 0.6193 -0.2426
vn 0.7706 0.5861 -0.2504
vn 0.6997 0.6192 -0.3565
vn 0.7220 0.5860 -0.3679
vn 0.6354 0.6190 -0.4616
vn 0.6556 0.5860 -0.4763
vn 0.5553 0.6191 -0.5553
vn 0.5729 0.5861 -0.5729
vn 0.4616 0.6189 -0.6355
vn 0.4763 0.5861 -0.6555
vn 0.3565 0.6192 -0.6996
vn 0.3679 0.5860 -0.7220
vn 0.2427 0.6190 -0.7469
vn 0.2504 0.5861 -0.7706
vn 0.1228 0.6193 -0.7755
vn 0.1268 0.5861 -0.8003
vn 0.1335 0.5210 0.8431
vn 0.2637 0.5210 0.8118
vn 0.3875 0.5209 0.7606
vn 0.5017 0.5210 0.6906
vn 0.6036 0.5208 0.6036
vn 0.6905 0.5210 0.5018
vn 0.7606 0.5209 0.3876
vn 0.8118 0.5210 0.2638
vn 0.8431 0.5209 0.1335
vn 0.8537 0.5208 -0.0000
vn 0.8429 0.5212 -0.1335
vn 0.8118 0.5210 -0.2638
vn 0.7605 0.5211 -0.3874
vn 0.6905 0.5211 -0.5017
vn 0.6036 0.5209 -0.6036
vn 0.5017 0.5209 -0.6906
vn 0.3875 0.5211 -0.7605
vn 0.2638 0.5208 -0.8119
vn 0.1335 0.5209 -0.8431
vn 0.1395 0.4528 0.8807
vn 0.2756 0.4525 0.8481
vn 0.4048 0.4525 0.7946
vn 0.5240 0.4531 0.7211
vn 0.6305 0.4527 0.6305
vn 0.7213 0.4528 0.5241
vn 0.7946 0.4526 0.4048
vn 0.8479 0.4530 0.2754
vn 0.8807 0.4526 0.1395
vn 0.8918 0.4525 -0.0000
vn 0.8808 0.4524 -0.1395
vn 0.8481 0.4526 -0.2756
vn 0.7943 0.4530 -0.4048
vn 0.7213 0.4528 -0.5241
vn 0.6305 0.4529 -0.6304
vn 0.5242 0.4525 -0.7214
vn 0.4048 0.4526 -0.7945
vn 0.2755 0.4527 -0.8480
vn 0.1394 0.4531 -0.8805
vn 0.1446 0.3813 0.9131
vn 0.2856 0.3819 0.8790
vn 0.4197 0.3813 0.8236
vn 0.5433 0.3814 0.7479
vn 0.6536 0.3814 0.6537
vn 0.7476 0.3820 0.5432
vn 0.8236 0.3816 0.4196
vn 0.8791 0.3815 0.2857
vn 0.9128 0.3820 0.1445
vn 0.9241 0.3820 -0.0000
vn 0.9128 0.3819 -0.1446
vn 0.8791 0.3816 -0.2856
vn 0.8235 0.3818 -0.4196
vn 0.7478 0.3815 -0.5433
vn 0.6536 0.3815 -0.6537
vn 0.5434 0.3814 -0.7478
vn 0.4197 0.3815 -0.8236
vn 0.2856 0.3820 -0.8789
vn 0.1446 0.3814 -0.9130
vn 0.1488 0.3080 0.9397
vn 0.2940 0.3081 0.9048
vn 0.4319 0.3084 0.8476
vn 0.5591 0.3085 0.7695
vn 0.6726 0.3085 0.6727
vn 0.7697 0.3078 0.5592
vn 0.8477 0.3080 0.4319
vn 0.9047 0.3086 0.2939
vn 0.9395 0.3085 0.1488
vn 0.9512 0.3084 -0.0000
vn 0.9395 0.3085 -0.1489
vn 0.9047 0.3086 -0.2938
vn 0.8475 0.3086 -0.4318
vn 0.7697 0.3080 -0.5592
vn 0.6726 0.3085 -0.6726
vn 0.5591 0.3085 -0.7695
vn 0.4319 0.3085 -0.8476
vn 0.2939 0.3084 -0.9047
vn 0.1488 0.3080 -0.9397
vn 0.1521 0.2331 0.9605
vn 0.3006 0.2330 0.9249
vn 0.4415 0.2330 0.8665
vn 0.5716 0.2330 0.7867
vn 0.6876 0.2330 0.6877
vn 0.7868 0.2328 0.5716
vn 0.8665 0.2328 0.4415
vn 0.9249 0.2328 0.3005
vn 0.9606 0.2326 0.1521
vn 0.9725 0.2329 -0.0000
vn 0.9607 0.2323 -0.1521
vn 0.9249 0.2328 -0.3005
vn 0.8665 0.2328 -0.4415
vn 0.7868 0.2328 -0.5717
vn 0.6877 0.2330 -0.6876
vn 0.5716 0.2330 -0.7868
vn 0.4415 0.2329 -0.8665
vn 0.3005 0.2325 -0.9250
vn 0.1521 0.2329 -0.9605
vn 0.1545 0.1547 0.9758
vn 0.3053 0.1547 0.9396
vn 0.4485 0.1549 0.8803
vn 0.5807 0.1548 0.7992
vn 0.6987 0.1546 0.6986
vn 0.7993 0.1545 0.5807
vn 0.8803 0.1547 0.4486
vn 0.9396 0.1547 0.3053
vn 0.9758 0.1547 0.1546
vn 0.9880 0.1546 -0.0000
vn 0.9758 0.1547 -0.1546
vn 0.9396 0.1547 -0.3053
vn 0.8803 0.1551 -0.4483
vn 0.7993 0.1547 -0.5807
vn 0.6986 0.1547 -0.6986
vn 0.5807 0.1548 -0.7993
vn 0.4485 0.1548 -0.8803
vn 0.3053 0.1549 -0.9396
vn 0.1545 0.1548 -0.9758
vn 0.6972 0.7083 -0.1104
vn 0.6972 0.7084 -0.1104
vn 0.7060 0.7082 -0.0000
vn 0.6712 0.7085 -0.2181
vn 0.6713 0.7084 -0.2181
vn 0.6291 0.7082 -0.3205
vn 0.1105 0.7081 -0.6974
vn 0.2181 0.7083 -0.6713
vn 0.2180 0.7084 -0.6713
vn 0.3204 0.7083 -0.6290
vn 0.3205 0.7083 -0.6290
vn 0.4150 0.7082 -0.5712
vn 0.4150 0.7081 -0.5712
vn 0.4992 0.7082 -0.4993
vn 0.4992 0.7082 -0.4992
vn 0.5711 0.7082 -0.4150
vn 0.5711 0.7083 -0.4150
vn 0.6972 0.7083 0.1104
vn 0.6713 0.7084 0.2180
vn 0.6290 0.7082 0.3205
vn 0.6291 0.7082 0.3206
vn 0.5712 0.7081 0.4150
vn 0.5712 0.7082 0.4150
vn 0.4992 0.7082 0.4993
vn 0.4993 0.7082 0.4992
vn 0.4149 0.7082 0.5713
vn 0.4149 0.7082 0.5712
vn 0.3205 0.7081 0.6291
vn 0.3205 0.7085 0.6288
vn 0.2181 0.7082 0.6715
vn 0.1104 0.7083 0.6972
vn 0.1105 0.7084 0.6972
vn 0.9877 -0.0000 -0.1563
vn 0.9511 -0.0000 -0.3090
vn 0.1564 -0.0000 -0.9877
vn 0.3089 -0.0000 -0.9511
vn 0.4540 -0.0000 -0.8910
vn 0.5878 -0.0000 -0.8090
vn 0.7070 -0.0000 -0.7072
vn 0.8090 -0.0000 -0.5879
vn 0.8910 -0.0000 -0.4540
vn 0.9877 -0.0000 0.1563
vn 0.9511 -0.0000 0.3090
vn 0.8910 -0.0000 0.4540
vn 0.8090 -0.0000 0.5878
vn 0.7070 -0.0000 0.7072
vn 0.5878 -0.0000 0.8090
vn 0.5879 -0.0000 0.8090
vn 0.4540 -0.0000 0.8910
vn 0.3089 -0.0000 0.9511
vn 0.3090 -0.0000 0.9511
vn 0.1565 -0.0000 0.9877
vn 0.1230 -0.6191 0.7756
vn 0.1268 -0.5860 0.8003
vn 0.2427 -0.6192 0.7468
vn 0.2504 -0.5860 0.7706
vn 0.3564 -0.6193 0.6996
vn 0.3679 -0.5861 0.7219
vn 0.4616 -0.6191 0.6353
vn 0.4763 -0.5860 0.6556
vn 0.5553 -0.6191 0.5553
vn 0.5730 -0.5860 0.5730
vn 0.6355 -0.6190 0.4615
vn 0.6555 -0.5861 0.4762
vn 0.6996 -0.6192 0.3565
vn 0.7219 -0.5861 0.3679
vn 0.7467 -0.6193 0.2427
vn 0.7707 -0.5859 0.2504
vn 0.7756 -0.6191 0.1228
vn 0.8003 -0.5861 0.1268
vn 0.7854 -0.6190 -0.0000
vn 0.8103 -0.5860 -0.0000
vn 0.7757 -0.6191 -0.1229
vn 0.8003 -0.5861 -0.1268
vn 0.7468 -0.6193 -0.2426
vn 0.7706 -0.5860 -0.2504
vn 0.6997 -0.6192 -0.3565
vn 0.7220 -0.5860 -0.3679
vn 0.6354 -0.6190 -0.4616
vn 0.6555 -0.5861 -0.4762
vn 0.5553 -0.6191 -0.5553
vn 0.5729 -0.5862 -0.5729
vn 0.4616 -0.6189 -0.6355
vn 0.4762 -0.5863 -0.6554
vn 0.3565 -0.6192 -0.6996
vn 0.3679 -0.5861 -0.7219
vn 0.2426 -0.6193 -0.7467
vn 0.2504 -0.5860 -0.7706
vn 0.1228 -0.6193 -0.7755
vn 0.1268 -0.5859 -0.8004
vn 0.1335 -0.5210 0.8430
vn 0.2638 -0.5210 0.8118
vn 0.3875 -0.5209 0.7606
vn 0.5016 -0.5212 0.6904
vn 0.6036 -0.5209 0.6036
vn 0.6905 -0.5210 0.5018
vn 0.7604 -0.5212 0.3874
vn 0.8115 -0.5215 0.2636
vn 0.8430 -0.5211 0.1335
vn 0.8537 -0.5208 -0.0000
vn 0.8429 -0.5212 -0.1335
vn 0.8119 -0.5209 -0.2638
vn 0.7606 -0.5209 -0.3876
vn 0.6904 -0.5212 -0.5017
vn 0.6036 -0.5209 -0.6036
vn 0.5016 -0.5211 -0.6905
vn 0.3875 -0.5209 -0.7606
vn 0.2637 -0.5211 -0.8117
vn 0.1335 -0.5209 -0.8431
vn 0.1395 -0.4526 0.8808
vn 0.2756 -0.4526 0.8481
vn 0.4048 -0.4526 0.7946
vn 0.5242 -0.4525 0.7214
vn 0.6304 -0.4531 0.6303
vn 0.7214 -0.4527 0.5242
vn 0.7946 -0.4525 0.4048
vn 0.8481 -0.4525 0.2756
vn 0.8807 -0.4526 0.1395
vn 0.8917 -0.4527 -0.0000
vn 0.8805 -0.4531 -0.1394
vn 0.8481 -0.4525 -0.2756
vn 0.7945 -0.4525 -0.4049
vn 0.7214 -0.4525 -0.5242
vn 0.6306 -0.4525 -0.6305
vn 0.5240 -0.4531 -0.7212
vn 0.4049 -0.4525 -0.7946
vn 0.2755 -0.4526 -0.8481
vn 0.1395 -0.4526 -0.8807
vn 0.1446 -0.3819 0.9128
vn 0.2856 -0.3820 0.8789
vn 0.4197 -0.3814 0.8236
vn 0.5434 -0.3813 0.7479
vn 0.6536 -0.3814 0.6537
vn 0.7479 -0.3813 0.5434
vn 0.8235 -0.3818 0.4196
vn 0.8791 -0.3814 0.2857
vn 0.9129 -0.3817 0.1446
vn 0.9243 -0.3816 -0.0000
vn 0.9130 -0.3816 -0.1446
vn 0.8790 -0.3817 -0.2857
vn 0.8236 -0.3816 -0.4196
vn 0.7478 -0.3816 -0.5433
vn 0.6537 -0.3814 -0.6537
vn 0.5433 -0.3816 -0.7478
vn 0.4197 -0.3814 -0.8237
vn 0.2856 -0.3821 -0.8789
vn 0.1445 -0.3820 -0.9128
vn 0.1488 -0.3082 0.9396
vn 0.2940 -0.3081 0.9048
vn 0.4319 -0.3084 0.8476
vn 0.5592 -0.3079 0.7697
vn 0.6726 -0.3085 0.6727
vn 0.7697 -0.3078 0.5592
vn 0.8476 -0.3083 0.4319
vn 0.9047 -0.3086 0.2939
vn 0.9397 -0.3081 0.1488
vn 0.9514 -0.3079 -0.0000
vn 0.9395 -0.3085 -0.1489
vn 0.9047 -0.3086 -0.2938
vn 0.8476 -0.3083 -0.4319
vn 0.7695 -0.3085 -0.5592
vn 0.6726 -0.3085 -0.6726
vn 0.5591 -0.3085 -0.7695
vn 0.4319 -0.3079 -0.8477
vn 0.2939 -0.3084 -0.9047
vn 0.1488 -0.3080 -0.9397
vn 0.1521 -0.2331 0.9605
vn 0.3005 -0.2325 0.9250
vn 0.4415 -0.2330 0.8665
vn 0.5716 -0.2330 0.7867
vn 0.6876 -0.2330 0.6877
vn 0.7868 -0.2328 0.5716
vn 0.8665 -0.2328 0.4415
vn 0.9249 -0.2328 0.3005
vn 0.9605 -0.2331 0.1523
vn 0.9725 -0.2329 -0.0000
vn 0.9605 -0.2331 -0.1521
vn 0.9249 -0.2328 -0.3005
vn 0.8665 -0.2328 -0.4415
vn 0.7868 -0.2328 -0.5717
vn 0.6877 -0.2330 -0.6876
vn 0.5717 -0.2326 -0.7868
vn 0.4415 -0.2329 -0.8665
vn 0.3005 -0.2330 -0.9249
vn 0.1521 -0.2329 -0.9605
vn 0.1545 -0.1547 0.9758
vn 0.3054 -0.1547 0.9396
vn 0.4484 -0.1548 0.8803
vn 0.5807 -0.1548 0.7992
vn 0.6986 -0.1546 0.6986
vn 0.7993 -0.1546 0.5807
vn 0.8803 -0.1547 0.4485
vn 0.9396 -0.1547 0.3054
vn 0.9758 -0.1547 0.1546
vn 0.9880 -0.1546 -0.0000
vn 0.9758 -0.1547 -0.1546
vn 0.9396 -0.1547 -0.3053
vn 0.8803 -0.1546 -0.4486
vn 0.7993 -0.1546 -0.5807
vn 0.6987 -0.1546 -0.6985
vn 0.5807 -0.1548 -0.7993
vn 0.4485 -0.1548 -0.8803
vn 0.3053 -0.1548 -0.9396
vn 0.1545 -0.1547 -0.9758
vn 0.7060 -0.7082 -0.0000
vn 0.6972 -0.7084 -0.1104
vn 0.6972 -0.7083 -0.1104
vn 0.6712 -0.7085 -0.2181
vn 0.6713 -0.7084 -0.2181
vn 0.6291 -0.7082 -0.3205
vn 0.1105 -0.7081 -0.6974
vn 0.2181 -0.7083 -0.6713
vn 0.2180 -0.7084 -0.6713
vn 0.3204 -0.7083 -0.6290
vn 0.3205 -0.7083 -0.6290
vn 0.4150 -0.7082 -0.5712
vn 0.4150 -0.7081 -0.5712
vn 0.4992 -0.7082 -0.4993
vn 0.4992 -0.7082 -0.4992
vn 0.5711 -0.7082 -0.4150
vn 0.5711 -0.7083 -0.4150
vn 0.6972 -0.7083 0.1104
vn 0.6713 -0.7084 0.2180
vn 0.6290 -0.7082 0.3205
vn 0.6291 -0.7082 0.3206
vn 0.5712 -0.7081 0.4150
vn 0.5712 -0.7082 0.4150
vn 0.4992 -0.7082 0.4993
vn 0.4993 -0.7082 0.4992
vn 0.4149 -0.7082 0.5713
vn 0.4149 -0.7082 0.5712
vn 0.3205 -0.7082 0.6291
vn 0.3205 -0.7085 0.6288
vn 0.2181 -0.7082 0.6715
vn 0.1104 -0.7083 0.6972
vn 0.1105 -0.7084 0.6972
vn 0.1559 -0.0859 0.9840
vn 0.1563 -0.0000 0.9877
vn 0.1558 0.0860 0.9840
vn 0.3079 -0.0861 0.9475
vn 0.3091 -0.0000 0.9510
vn 0.3079 0.0856 0.9476
vn 0.4524 -0.0858 0.8877
vn 0.4524 0.0858 0.8877
vn 0.5857 -0.0858 0.8060
vn 0.5856 0.0859 0.8060
vn 0.7045 -0.0860 0.7045
vn 0.7071 -0.0000 0.7071
vn 0.7045 0.0861 0.7044
vn 0.8060 -0.0861 0.5857
vn 0.8060 0.0862 0.5856
vn 0.8877 -0.0862 0.4523
vn 0.8877 0.0862 0.4524
vn 0.9475 -0.0861 0.3079
vn 0.9511 -0.0000 0.3089
vn 0.9475 0.0861 0.3078
vn 0.9840 -0.0859 0.1559
vn 0.9877 -0.0000 0.1565
vn 0.9840 0.0859 0.1559
vn 0.9963 -0.0860 -0.0000
vn 0.9963 0.0860 -0.0000
vn 0.9840 -0.0859 -0.1559
vn 0.9877 -0.0000 -0.1565
vn 0.9840 0.0860 -0.1559
vn 0.9475 -0.0861 -0.3079
vn 0.9475 0.0862 -0.3079
vn 0.8877 -0.0862 -0.4523
vn 0.8877 0.0862 -0.4523
vn 0.8059 -0.0859 -0.5857
vn 0.8090 -0.0000 -0.5878
vn 0.8060 0.0862 -0.5856
vn 0.7045 -0.0859 -0.7045
vn 0.7071 -0.0000 -0.7071
vn 0.7045 0.0859 -0.7045
vn 0.5856 -0.0859 -0.8060
vn 0.5856 0.0859 -0.8060
vn 0.4523 -0.0860 -0.8877
vn 0.4524 0.0860 -0.8877
vn 0.3082 -0.0862 -0.9474
vn 0.3090 -0.0000 -0.9511
vn 0.3078 0.0860 -0.9475
vn 0.1559 -0.0861 -0.9840
vn 0.1558 0.0861 -0.9840
vt 0.596222 0.260151
vt 0.595311 0.248669
vt 0.668663 0.248669
vt 0.598888 0.271347
vt 0.603272 0.281991
vt 0.609219 0.291854
vt 0.616628 0.300691
vt 0.625349 0.308258
vt 0.635164 0.314356
vt 0.645829 0.318828
vt 0.657073 0.321556
vt 0.668617 0.322342
vt 0.551448 0.267251
vt 0.549936 0.248669
vt 0.555764 0.285372
vt 0.562864 0.302598
vt 0.572547 0.318520
vt 0.584601 0.332745
vt 0.598744 0.344906
vt 0.614628 0.354698
vt 0.631858 0.361873
vt 0.650005 0.366250
vt 0.668633 0.367647
vt 0.506674 0.274352
vt 0.470378 0.280113
vt 0.467619 0.248669
vt 0.504560 0.248669
vt 0.512641 0.299396
vt 0.477647 0.310783
vt 0.522455 0.323205
vt 0.489633 0.339948
vt 0.535875 0.345186
vt 0.506042 0.366885
vt 0.552574 0.364798
vt 0.526475 0.390927
vt 0.572139 0.381555
vt 0.550426 0.411471
vt 0.594092 0.395039
vt 0.577312 0.428010
vt 0.617888 0.404918
vt 0.606462 0.440126
vt 0.642936 0.410944
vt 0.637153 0.447518
vt 0.668649 0.412952
vt 0.668663 0.450023
vt 0.994048 0.248669
vt 0.996879 0.322768
vt 0.821924 0.322768
vt 0.821924 0.248669
vt 0.821924 0.367972
vt 0.996879 0.367972
vt 0.821924 0.450592
vt 0.821924 0.413176
vt 0.996879 0.413176
vt 0.996879 0.450592
vt 0.836063 0.658968
vt 0.775055 0.730862
vt 0.954895 0.730862
vt 0.955224 0.658188
vt 0.872727 0.507251
vt 0.991174 0.507251
vt 0.560519 0.572548
vt 0.558771 0.572548
vt 0.559264 0.577935
vt 0.560932 0.577646
vt 0.560506 0.583190
vt 0.562122 0.582619
vt 0.562557 0.588189
vt 0.564076 0.587345
vt 0.565368 0.592806
vt 0.566744 0.591707
vt 0.568869 0.596929
vt 0.570064 0.595599
vt 0.572975 0.600452
vt 0.573951 0.598923
vt 0.577585 0.603288
vt 0.578312 0.601598
vt 0.582584 0.605367
vt 0.583037 0.603559
vt 0.587848 0.606635
vt 0.588012 0.604755
vt 0.593253 0.607069
vt 0.593114 0.605158
vt 0.615456 0.607202
vt 0.614820 0.605243
vt 0.770542 0.723527
vt 0.826227 0.656163
vt 0.862378 0.507251
vt 0.571648 0.575955
vt 0.571380 0.572548
vt 0.572445 0.579278
vt 0.573754 0.582435
vt 0.575539 0.585348
vt 0.577758 0.587947
vt 0.580356 0.590165
vt 0.583270 0.591951
vt 0.586427 0.593259
vt 0.589749 0.594056
vt 0.593156 0.594325
vt 0.621757 0.594125
vt 0.667634 0.615106
vt 0.667976 0.596647
vt 0.652993 0.597230
vt 0.652419 0.615046
vt 0.701268 0.615165
vt 0.701268 0.596483
vt 0.667870 0.579808
vt 0.701268 0.579756
vt 0.652891 0.579963
vt 0.625894 0.583351
vt 0.593199 0.583437
vt 0.591496 0.583302
vt 0.589835 0.582904
vt 0.588257 0.582250
vt 0.586800 0.581357
vt 0.585500 0.580248
vt 0.584391 0.578948
vt 0.583498 0.577491
vt 0.582844 0.575913
vt 0.582445 0.574252
vt 0.582312 0.572548
vt 0.667770 0.562778
vt 0.701268 0.562809
vt 0.652671 0.562707
vt 0.628044 0.572582
vt 0.593243 0.572548
vt 0.586631 0.751153
vt 0.586631 0.871538
vt 0.660537 0.871538
vt 0.660537 0.751153
vt 0.696121 0.871538
vt 0.696121 0.751511
vt 0.727431 0.833898
vt 0.711776 0.852718
vt 0.750927 0.788423
vt 0.739179 0.811161
vt 0.749807 0.751153
vt 0.596256 0.237206
vt 0.598953 0.226028
vt 0.603362 0.215409
vt 0.609374 0.205612
vt 0.616842 0.196877
vt 0.625582 0.189419
vt 0.635376 0.183420
vt 0.645986 0.179026
vt 0.657151 0.176347
vt 0.668630 0.175466
vt 0.551497 0.230117
vt 0.555858 0.212021
vt 0.562992 0.194831
vt 0.572722 0.178972
vt 0.584809 0.164831
vt 0.598954 0.152756
vt 0.614811 0.143044
vt 0.631988 0.135931
vt 0.650062 0.131592
vt 0.668647 0.130150
vt 0.470513 0.217296
vt 0.506738 0.223027
vt 0.512762 0.198014
vt 0.477906 0.186692
vt 0.522621 0.174253
vt 0.489988 0.157626
vt 0.536069 0.152331
vt 0.506457 0.130816
vt 0.552776 0.132785
vt 0.526908 0.106914
vt 0.572327 0.116094
vt 0.550832 0.086509
vt 0.594246 0.102668
vt 0.577647 0.070095
vt 0.617990 0.092835
vt 0.606691 0.058075
vt 0.642973 0.086837
vt 0.637248 0.050743
vt 0.668664 0.084834
vt 0.668690 0.048253
vt 0.821924 0.175392
vt 0.996879 0.175999
vt 0.821924 0.130001
vt 0.996879 0.130304
vt 0.996879 0.084609
vt 0.821924 0.084609
vt 0.821924 0.047683
vt 0.996879 0.047684
vt 0.956029 0.759113
vt 0.776188 0.759113
vt 0.837196 0.831007
vt 0.956357 0.831787
vt 0.873860 0.982724
vt 0.992307 0.982724
vt 0.559294 0.567176
vt 0.560938 0.567453
vt 0.560563 0.561935
vt 0.562133 0.562483
vt 0.562636 0.556958
vt 0.564090 0.557761
vt 0.565460 0.552369
vt 0.566762 0.553404
vt 0.568965 0.548278
vt 0.570081 0.549518
vt 0.573065 0.544785
vt 0.573968 0.546199
vt 0.577660 0.541976
vt 0.578325 0.543528
vt 0.582635 0.539919
vt 0.583047 0.541572
vt 0.587870 0.538664
vt 0.588018 0.540377
vt 0.593259 0.538234
vt 0.593115 0.539974
vt 0.615456 0.538101
vt 0.614883 0.539894
vt 0.772123 0.766073
vt 0.827987 0.833660
vt 0.864144 0.982724
vt 0.571648 0.569141
vt 0.572445 0.565819
vt 0.573754 0.562662
vt 0.575539 0.559748
vt 0.577758 0.557149
vt 0.580356 0.554930
vt 0.583270 0.553145
vt 0.586427 0.551837
vt 0.589749 0.551040
vt 0.593156 0.550771
vt 0.621713 0.551005
vt 0.653065 0.528129
vt 0.668012 0.528742
vt 0.667600 0.510285
vt 0.652334 0.510324
vt 0.701268 0.510222
vt 0.701268 0.528915
vt 0.667892 0.545518
vt 0.701268 0.545572
vt 0.652935 0.545360
vt 0.593199 0.561660
vt 0.625868 0.561757
vt 0.591496 0.561794
vt 0.589835 0.562192
vt 0.588257 0.562846
vt 0.586800 0.563739
vt 0.585500 0.564849
vt 0.584391 0.566148
vt 0.583499 0.567605
vt 0.582844 0.569183
vt 0.582445 0.570845
vt 0.660537 0.631484
vt 0.586631 0.631484
vt 0.696121 0.631484
vt 0.727097 0.668630
vt 0.711609 0.650057
vt 0.750927 0.714599
vt 0.739012 0.691615
vt 0.821924 0.488008
vt 0.996879 0.488008
vt 0.668678 0.487093
vt 0.631370 0.484093
vt 0.595036 0.475335
vt 0.560531 0.460979
vt 0.528714 0.441387
vt 0.500375 0.417055
vt 0.476208 0.388585
vt 0.456811 0.356692
vt 0.442654 0.322169
vt 0.434081 0.285874
vt 0.430678 0.248669
vt 0.434288 0.211565
vt 0.443050 0.175369
vt 0.457355 0.140999
vt 0.476845 0.109300
vt 0.501039 0.081043
vt 0.529338 0.056923
vt 0.561049 0.037522
vt 0.595392 0.023315
vt 0.631523 0.014649
vt 0.668716 0.011672
vt 0.821924 0.010758
vt 0.996879 0.010758
vt 0.029872 0.728649
vt 0.015045 0.728649
vt 0.015045 0.752719
vt 0.029872 0.752719
vt 0.015046 0.776790
vt 0.029873 0.776789
vt 0.015047 0.800860
vt 0.029874 0.800859
vt 0.015049 0.824930
vt 0.029875 0.824928
vt 0.015051 0.849000
vt 0.029877 0.848999
vt 0.015053 0.873071
vt 0.029880 0.873068
vt 0.015055 0.897139
vt 0.029882 0.897138
vt 0.015058 0.921208
vt 0.029885 0.921206
vt 0.015061 0.945278
vt 0.029888 0.945275
vt 0.015064 0.969346
vt 0.029891 0.969344
vt 0.029891 0.006606
vt 0.015064 0.006608
vt 0.015066 0.030675
vt 0.029894 0.030675
vt 0.015069 0.054745
vt 0.029897 0.054743
vt 0.015072 0.078813
vt 0.029900 0.078809
vt 0.015074 0.102878
vt 0.029902 0.102878
vt 0.015076 0.126946
vt 0.029905 0.126945
vt 0.015078 0.151014
vt 0.029907 0.151013
vt 0.015080 0.175080
vt 0.029908 0.175080
vt 0.015081 0.199147
vt 0.029910 0.199147
vt 0.015082 0.223214
vt 0.029910 0.223213
vt 0.015082 0.247280
vt 0.029911 0.247280
vt 0.045569 0.728649
vt 0.045570 0.752720
vt 0.045570 0.776788
vt 0.045572 0.800858
vt 0.045573 0.824928
vt 0.045575 0.848998
vt 0.045578 0.873067
vt 0.045581 0.897137
vt 0.045583 0.921204
vt 0.045587 0.945274
vt 0.045590 0.969342
vt 0.045590 0.006605
vt 0.045593 0.030672
vt 0.045596 0.054741
vt 0.045599 0.078808
vt 0.045602 0.102876
vt 0.045604 0.126944
vt 0.045606 0.151012
vt 0.045608 0.175079
vt 0.045609 0.199146
vt 0.045610 0.223212
vt 0.045610 0.247280
vt 0.062042 0.728649
vt 0.062042 0.752719
vt 0.062043 0.776788
vt 0.062044 0.800857
vt 0.062046 0.824928
vt 0.062048 0.848997
vt 0.062051 0.873065
vt 0.062054 0.897135
vt 0.062057 0.921204
vt 0.062060 0.945273
vt 0.062064 0.969341
vt 0.062063 0.006603
vt 0.062067 0.030671
vt 0.062070 0.054738
vt 0.062073 0.078807
vt 0.062076 0.102876
vt 0.062079 0.126943
vt 0.062081 0.151010
vt 0.062083 0.175078
vt 0.062084 0.199146
vt 0.062085 0.223213
vt 0.062085 0.247280
vt 0.079188 0.728649
vt 0.079188 0.752719
vt 0.079189 0.776788
vt 0.079190 0.800857
vt 0.079192 0.824927
vt 0.079194 0.848996
vt 0.079197 0.873064
vt 0.079200 0.897134
vt 0.079203 0.921202
vt 0.079207 0.945271
vt 0.079210 0.969339
vt 0.079210 0.006602
vt 0.079214 0.030669
vt 0.079217 0.054738
vt 0.079220 0.078806
vt 0.079223 0.102875
vt 0.079226 0.126942
vt 0.079228 0.151009
vt 0.079230 0.175077
vt 0.079231 0.199145
vt 0.079232 0.223213
vt 0.079232 0.247280
vt 0.096901 0.728649
vt 0.096901 0.752718
vt 0.096902 0.776787
vt 0.096904 0.800856
vt 0.096906 0.824925
vt 0.096908 0.848995
vt 0.096911 0.873064
vt 0.096914 0.897131
vt 0.096917 0.921200
vt 0.096920 0.945268
vt 0.096924 0.969338
vt 0.096924 0.006600
vt 0.096928 0.030669
vt 0.096931 0.054738
vt 0.096934 0.078805
vt 0.096937 0.102872
vt 0.096940 0.126941
vt 0.096942 0.151009
vt 0.096944 0.175077
vt 0.096946 0.199145
vt 0.096947 0.223213
vt 0.096947 0.247280
vt 0.115073 0.728649
vt 0.115073 0.752718
vt 0.115074 0.776787
vt 0.115075 0.800855
vt 0.115077 0.824925
vt 0.115080 0.848994
vt 0.115082 0.873062
vt 0.115085 0.897131
vt 0.115089 0.921200
vt 0.115092 0.945267
vt 0.115096 0.969336
vt 0.115096 0.006599
vt 0.115100 0.030668
vt 0.115103 0.054736
vt 0.115107 0.078804
vt 0.115110 0.102872
vt 0.115113 0.126940
vt 0.115115 0.151008
vt 0.115117 0.175076
vt 0.115118 0.199145
vt 0.115119 0.223212
vt 0.115119 0.247280
vt 0.133590 0.728649
vt 0.133591 0.752718
vt 0.133592 0.776786
vt 0.133593 0.800855
vt 0.133595 0.824924
vt 0.133597 0.848992
vt 0.133600 0.873062
vt 0.133603 0.897130
vt 0.133607 0.921198
vt 0.133610 0.945267
vt 0.133614 0.969335
vt 0.133614 0.006598
vt 0.133618 0.030665
vt 0.133621 0.054735
vt 0.133625 0.078803
vt 0.133628 0.102871
vt 0.133631 0.126939
vt 0.133633 0.151008
vt 0.133635 0.175075
vt 0.133637 0.199144
vt 0.133638 0.223212
vt 0.133638 0.247280
vt 0.449267 0.443061
vt 0.451789 0.435301
vt 0.438923 0.432212
vt 0.437648 0.440271
vt 0.501890 0.515490
vt 0.510049 0.515490
vt 0.509011 0.502300
vt 0.500952 0.503576
vt 0.505922 0.489435
vt 0.498163 0.491956
vt 0.500858 0.477212
vt 0.493590 0.480916
vt 0.493946 0.465931
vt 0.487346 0.470726
vt 0.485353 0.455870
vt 0.479585 0.461639
vt 0.475292 0.447277
vt 0.470498 0.453877
vt 0.464012 0.440365
vt 0.460308 0.447633
vt 0.425734 0.431175
vt 0.425734 0.439334
vt 0.412544 0.432212
vt 0.413820 0.440271
vt 0.399678 0.435301
vt 0.402200 0.443061
vt 0.387455 0.440365
vt 0.391160 0.447633
vt 0.376175 0.447277
vt 0.380971 0.453877
vt 0.366114 0.455870
vt 0.371883 0.461639
vt 0.357521 0.465931
vt 0.364122 0.470726
vt 0.350609 0.477212
vt 0.357878 0.480916
vt 0.345545 0.489435
vt 0.353305 0.491956
vt 0.342456 0.502300
vt 0.350515 0.503576
vt 0.341419 0.515490
vt 0.349578 0.515490
vt 0.469188 0.911512
vt 0.447668 0.911512
vt 0.446106 0.921463
vt 0.469188 0.921463
vt 0.423595 0.921463
vt 0.426678 0.911512
vt 0.402203 0.921463
vt 0.406734 0.911512
vt 0.500198 0.885908
vt 0.478679 0.885908
vt 0.478679 0.895860
vt 0.501760 0.895860
vt 0.521188 0.885908
vt 0.524273 0.895860
vt 0.541132 0.885908
vt 0.545664 0.895860
vt 0.559537 0.885908
vt 0.565405 0.895860
vt 0.575952 0.885908
vt 0.583010 0.895860
vt 0.388329 0.911512
vt 0.371915 0.911512
vt 0.364856 0.921463
vt 0.382462 0.921463
vt 0.490707 0.911512
vt 0.492269 0.921463
vt 0.511697 0.911512
vt 0.514782 0.921463
vt 0.531641 0.911512
vt 0.536173 0.921463
vt 0.550046 0.911512
vt 0.555913 0.921463
vt 0.566460 0.911512
vt 0.573518 0.921463
vt 0.558752 0.982120
vt 0.575167 0.982120
vt 0.582225 0.972168
vt 0.564620 0.972168
vt 0.540347 0.982120
vt 0.544879 0.972168
vt 0.520404 0.982120
vt 0.523489 0.972168
vt 0.499414 0.982120
vt 0.500976 0.972168
vt 0.477894 0.982120
vt 0.477894 0.972168
vt 0.436841 0.447044
vt 0.425734 0.517174
vt 0.447675 0.449645
vt 0.496738 0.517174
vt 0.495863 0.506067
vt 0.493262 0.495233
vt 0.488999 0.484939
vt 0.483177 0.475439
vt 0.475941 0.466967
vt 0.467469 0.459731
vt 0.457969 0.453909
vt 0.425734 0.446171
vt 0.414626 0.447044
vt 0.403792 0.449645
vt 0.393498 0.453909
vt 0.383998 0.459731
vt 0.375526 0.466967
vt 0.368290 0.475439
vt 0.362469 0.484939
vt 0.358205 0.495233
vt 0.355604 0.506067
vt 0.354730 0.517174
vt 0.423595 0.931417
vt 0.446106 0.931417
vt 0.478679 0.905813
vt 0.501760 0.905813
vt 0.524273 0.905813
vt 0.545664 0.905813
vt 0.337723 0.921463
vt 0.337723 0.931417
vt 0.349820 0.931417
vt 0.349820 0.921463
vt 0.364856 0.931417
vt 0.382462 0.931417
vt 0.402203 0.931417
vt 0.469188 0.931417
vt 0.492269 0.931417
vt 0.514782 0.931417
vt 0.536173 0.931417
vt 0.555913 0.931417
vt 0.573518 0.931417
vt 0.588555 0.931417
vt 0.588555 0.921463
vt 0.600654 0.931417
vt 0.600654 0.921463
vt 0.544879 0.962215
vt 0.523489 0.962215
vt 0.500976 0.962215
vt 0.477894 0.962215
vt 0.325733 0.752715
vt 0.325733 0.728649
vt 0.310904 0.728649
vt 0.310904 0.752716
vt 0.325734 0.776782
vt 0.310905 0.776783
vt 0.325735 0.800848
vt 0.310906 0.800849
vt 0.325736 0.824914
vt 0.310908 0.824915
vt 0.325738 0.848982
vt 0.310910 0.848983
vt 0.325740 0.873050
vt 0.310912 0.873050
vt 0.325743 0.897115
vt 0.310915 0.897118
vt 0.325745 0.921183
vt 0.310917 0.921184
vt 0.325748 0.945252
vt 0.310920 0.945253
vt 0.325751 0.969320
vt 0.310923 0.969322
vt 0.325754 0.993387
vt 0.310926 0.993390
vt 0.325757 0.054720
vt 0.325754 0.030650
vt 0.310926 0.030653
vt 0.310929 0.054722
vt 0.325759 0.078790
vt 0.310932 0.078790
vt 0.325762 0.102857
vt 0.310935 0.102859
vt 0.325764 0.126928
vt 0.310937 0.126929
vt 0.325766 0.150999
vt 0.310939 0.151000
vt 0.325767 0.175068
vt 0.310941 0.175070
vt 0.325768 0.199139
vt 0.310942 0.199140
vt 0.325769 0.223210
vt 0.310943 0.223210
vt 0.325769 0.247280
vt 0.310943 0.247280
vt 0.295204 0.728649
vt 0.295204 0.752717
vt 0.295205 0.776783
vt 0.295206 0.800850
vt 0.295208 0.824917
vt 0.295210 0.848985
vt 0.295213 0.873052
vt 0.295215 0.897120
vt 0.295218 0.921187
vt 0.295221 0.945255
vt 0.295224 0.969323
vt 0.295228 0.993391
vt 0.295228 0.030654
vt 0.295231 0.054724
vt 0.295234 0.078792
vt 0.295237 0.102861
vt 0.295239 0.126931
vt 0.295241 0.151001
vt 0.295243 0.175071
vt 0.295244 0.199141
vt 0.295245 0.223209
vt 0.295245 0.247280
vt 0.278729 0.728649
vt 0.278730 0.752716
vt 0.278731 0.776783
vt 0.278732 0.800850
vt 0.278734 0.824919
vt 0.278736 0.848986
vt 0.278738 0.873052
vt 0.278741 0.897121
vt 0.278744 0.921189
vt 0.278748 0.945257
vt 0.278751 0.969325
vt 0.278754 0.993393
vt 0.278754 0.030656
vt 0.278758 0.054724
vt 0.278761 0.078794
vt 0.278764 0.102863
vt 0.278766 0.126932
vt 0.278768 0.151001
vt 0.278770 0.175071
vt 0.278771 0.199141
vt 0.278772 0.223210
vt 0.278772 0.247280
vt 0.261582 0.728649
vt 0.261582 0.752717
vt 0.261583 0.776784
vt 0.261585 0.800852
vt 0.261586 0.824920
vt 0.261589 0.848987
vt 0.261591 0.873054
vt 0.261594 0.897123
vt 0.261597 0.921190
vt 0.261601 0.945259
vt 0.261604 0.969326
vt 0.261608 0.993394
vt 0.261608 0.030657
vt 0.261611 0.054726
vt 0.261615 0.078795
vt 0.261617 0.102864
vt 0.261620 0.126933
vt 0.261622 0.151002
vt 0.261624 0.175071
vt 0.261626 0.199141
vt 0.261626 0.223211
vt 0.261627 0.247280
vt 0.243868 0.728649
vt 0.243868 0.752717
vt 0.243869 0.776784
vt 0.243870 0.800852
vt 0.243872 0.824920
vt 0.243874 0.848988
vt 0.243877 0.873056
vt 0.243880 0.897123
vt 0.243883 0.921190
vt 0.243887 0.945258
vt 0.243891 0.969328
vt 0.243894 0.993397
vt 0.243894 0.030660
vt 0.243898 0.054728
vt 0.243901 0.078797
vt 0.243904 0.102865
vt 0.243907 0.126934
vt 0.243909 0.151004
vt 0.243911 0.175073
vt 0.243912 0.199142
vt 0.243913 0.223211
vt 0.243913 0.247280
vt 0.225695 0.728649
vt 0.225695 0.752717
vt 0.225696 0.776784
vt 0.225698 0.800852
vt 0.225700 0.824921
vt 0.225702 0.848989
vt 0.225705 0.873056
vt 0.225708 0.897124
vt 0.225711 0.921193
vt 0.225715 0.945260
vt 0.225718 0.969329
vt 0.225722 0.993398
vt 0.225722 0.030661
vt 0.225726 0.054729
vt 0.225729 0.078797
vt 0.225732 0.102867
vt 0.225735 0.126935
vt 0.225737 0.151003
vt 0.225739 0.175073
vt 0.225741 0.199142
vt 0.225742 0.223211
vt 0.225742 0.247280
vt 0.207177 0.728649
vt 0.207177 0.752717
vt 0.207178 0.776785
vt 0.207179 0.800853
vt 0.207181 0.824921
vt 0.207183 0.848989
vt 0.207186 0.873058
vt 0.207189 0.897126
vt 0.207193 0.921194
vt 0.207197 0.945263
vt 0.207200 0.969331
vt 0.207204 0.993398
vt 0.207204 0.030661
vt 0.207208 0.054730
vt 0.207211 0.078798
vt 0.207214 0.102867
vt 0.207217 0.126936
vt 0.207219 0.151005
vt 0.207221 0.175073
vt 0.207223 0.199143
vt 0.207224 0.223211
vt 0.207224 0.247280
vt 0.405710 0.625564
vt 0.392844 0.628654
vt 0.395366 0.636413
vt 0.406985 0.633624
vt 0.335622 0.695653
vt 0.334584 0.708842
vt 0.342743 0.708842
vt 0.343681 0.696929
vt 0.338710 0.682787
vt 0.346470 0.685308
vt 0.343774 0.670564
vt 0.351043 0.674268
vt 0.350687 0.659283
vt 0.357287 0.664079
vt 0.359280 0.649223
vt 0.365048 0.654992
vt 0.369340 0.640629
vt 0.374135 0.647229
vt 0.380621 0.633717
vt 0.384325 0.640985
vt 0.418899 0.624527
vt 0.418899 0.632686
vt 0.432088 0.625564
vt 0.430812 0.633624
vt 0.444954 0.628654
vt 0.442432 0.636413
vt 0.457177 0.633717
vt 0.453473 0.640985
vt 0.468458 0.640629
vt 0.463662 0.647229
vt 0.478518 0.649223
vt 0.472749 0.654992
vt 0.487112 0.659283
vt 0.480510 0.664079
vt 0.494024 0.670564
vt 0.486755 0.674268
vt 0.499087 0.682787
vt 0.491328 0.685308
vt 0.502176 0.695653
vt 0.494117 0.696928
vt 0.503213 0.708842
vt 0.495055 0.708842
vt 0.446106 0.946214
vt 0.447668 0.956165
vt 0.469188 0.956165
vt 0.469188 0.946214
vt 0.423595 0.946214
vt 0.426678 0.956165
vt 0.402203 0.946214
vt 0.406734 0.956165
vt 0.500975 0.972168
vt 0.364856 0.946214
vt 0.371915 0.956165
vt 0.388329 0.956165
vt 0.382462 0.946214
vt 0.490707 0.956165
vt 0.492269 0.946214
vt 0.511697 0.956165
vt 0.514782 0.946214
vt 0.531641 0.956165
vt 0.536173 0.946214
vt 0.550046 0.956165
vt 0.555913 0.946214
vt 0.566460 0.956165
vt 0.573518 0.946214
vt 0.521189 0.885908
vt 0.500199 0.885908
vt 0.407792 0.640397
vt 0.396958 0.642998
vt 0.418900 0.710527
vt 0.348770 0.699419
vt 0.347896 0.710527
vt 0.351371 0.688585
vt 0.355634 0.678292
vt 0.361457 0.668792
vt 0.368692 0.660319
vt 0.377165 0.653084
vt 0.386664 0.647262
vt 0.418900 0.639523
vt 0.430007 0.640397
vt 0.440841 0.642998
vt 0.451135 0.647262
vt 0.460635 0.653084
vt 0.469107 0.660319
vt 0.476343 0.668792
vt 0.482165 0.678292
vt 0.486428 0.688585
vt 0.489029 0.699419
vt 0.489903 0.710527
vt 0.446106 0.936261
vt 0.423595 0.936261
vt 0.500975 0.962215
vt 0.349820 0.936261
vt 0.337723 0.936261
vt 0.337723 0.946214
vt 0.349820 0.946214
vt 0.364856 0.936261
vt 0.382462 0.936261
vt 0.402203 0.936261
vt 0.469188 0.936261
vt 0.492269 0.936261
vt 0.514782 0.936261
vt 0.536173 0.936261
vt 0.555913 0.936261
vt 0.573518 0.936261
vt 0.588555 0.936261
vt 0.588555 0.946214
vt 0.600654 0.936261
vt 0.600654 0.946214
vt 0.188778 0.752717
vt 0.188778 0.728649
vt 0.170383 0.728649
vt 0.170383 0.752718
vt 0.151989 0.728649
vt 0.151989 0.752718
vt 0.188779 0.776786
vt 0.170384 0.776786
vt 0.151990 0.776786
vt 0.188781 0.800854
vt 0.170386 0.800854
vt 0.151991 0.800855
vt 0.188783 0.824922
vt 0.170388 0.824923
vt 0.151993 0.824923
vt 0.188785 0.848990
vt 0.170390 0.848991
vt 0.151996 0.848992
vt 0.188788 0.873059
vt 0.170393 0.873060
vt 0.151998 0.873061
vt 0.188791 0.897127
vt 0.170396 0.897128
vt 0.152002 0.897129
vt 0.188795 0.921195
vt 0.170400 0.921196
vt 0.152005 0.921197
vt 0.188798 0.945263
vt 0.170403 0.945265
vt 0.152009 0.945266
vt 0.188802 0.969332
vt 0.170407 0.969333
vt 0.152013 0.969334
vt 0.188806 0.993400
vt 0.170411 0.993401
vt 0.152016 0.993402
vt 0.188809 0.054731
vt 0.188806 0.030662
vt 0.170411 0.030663
vt 0.170415 0.054733
vt 0.152016 0.030665
vt 0.152020 0.054733
vt 0.188813 0.078800
vt 0.170418 0.078801
vt 0.152023 0.078802
vt 0.188816 0.102868
vt 0.170421 0.102869
vt 0.152027 0.102870
vt 0.188819 0.126936
vt 0.170424 0.126937
vt 0.152029 0.126938
vt 0.188821 0.151006
vt 0.170427 0.151006
vt 0.152032 0.151007
vt 0.188823 0.175074
vt 0.170429 0.175074
vt 0.152034 0.175075
vt 0.188825 0.199143
vt 0.170430 0.199144
vt 0.152035 0.199144
vt 0.188826 0.223211
vt 0.170431 0.223212
vt 0.152036 0.223212
vt 0.188826 0.247280
vt 0.170431 0.247280
vt 0.152036 0.247280
vt 0.152013 0.006597
vt 0.015045 0.704579
vt 0.029872 0.704579
vt 0.015046 0.680508
vt 0.029873 0.680509
vt 0.015047 0.656438
vt 0.029874 0.656439
vt 0.015049 0.632369
vt 0.029875 0.632370
vt 0.015051 0.608298
vt 0.029877 0.608299
vt 0.015053 0.584227
vt 0.029880 0.584230
vt 0.015055 0.560159
vt 0.029882 0.560160
vt 0.015058 0.536091
vt 0.029885 0.536092
vt 0.015061 0.512020
vt 0.029888 0.512023
vt 0.015064 0.487952
vt 0.029891 0.487954
vt 0.015066 0.463885
vt 0.029894 0.463886
vt 0.015069 0.439816
vt 0.029897 0.439817
vt 0.015072 0.415748
vt 0.029900 0.415751
vt 0.015074 0.391683
vt 0.029902 0.391683
vt 0.015076 0.367614
vt 0.029905 0.367616
vt 0.015078 0.343547
vt 0.029907 0.343547
vt 0.015080 0.319480
vt 0.029908 0.319481
vt 0.015081 0.295413
vt 0.029910 0.295414
vt 0.015082 0.271347
vt 0.029910 0.271347
vt 0.045570 0.704578
vt 0.045570 0.680510
vt 0.045572 0.656440
vt 0.045573 0.632370
vt 0.045575 0.608300
vt 0.045578 0.584230
vt 0.045581 0.560161
vt 0.045584 0.536094
vt 0.045587 0.512024
vt 0.045590 0.487956
vt 0.045593 0.463889
vt 0.045596 0.439819
vt 0.045599 0.415752
vt 0.045602 0.391685
vt 0.045604 0.367616
vt 0.045606 0.343549
vt 0.045608 0.319481
vt 0.045609 0.295414
vt 0.045610 0.271348
vt 0.062042 0.704580
vt 0.062043 0.680510
vt 0.062044 0.656441
vt 0.062046 0.632370
vt 0.062048 0.608301
vt 0.062051 0.584233
vt 0.062054 0.560163
vt 0.062057 0.536094
vt 0.062060 0.512025
vt 0.062064 0.487957
vt 0.062067 0.463890
vt 0.062070 0.439822
vt 0.062073 0.415753
vt 0.062076 0.391685
vt 0.062079 0.367618
vt 0.062081 0.343551
vt 0.062083 0.319482
vt 0.062084 0.295415
vt 0.062085 0.271348
vt 0.079188 0.704580
vt 0.079189 0.680510
vt 0.079190 0.656441
vt 0.079192 0.632371
vt 0.079194 0.608303
vt 0.079197 0.584234
vt 0.079200 0.560164
vt 0.079203 0.536096
vt 0.079207 0.512027
vt 0.079210 0.487959
vt 0.079214 0.463891
vt 0.079217 0.439822
vt 0.079220 0.415755
vt 0.079223 0.391686
vt 0.079226 0.367619
vt 0.079228 0.343552
vt 0.079230 0.319484
vt 0.079231 0.295416
vt 0.079232 0.271348
vt 0.096901 0.704580
vt 0.096902 0.680511
vt 0.096904 0.656442
vt 0.096906 0.632372
vt 0.096908 0.608303
vt 0.096911 0.584234
vt 0.096914 0.560167
vt 0.096917 0.536098
vt 0.096920 0.512030
vt 0.096924 0.487960
vt 0.096928 0.463891
vt 0.096931 0.439823
vt 0.096934 0.415755
vt 0.096937 0.391688
vt 0.096940 0.367620
vt 0.096942 0.343551
vt 0.096944 0.319483
vt 0.096946 0.295416
vt 0.096947 0.271348
vt 0.115073 0.704580
vt 0.115074 0.680512
vt 0.115075 0.656443
vt 0.115077 0.632373
vt 0.115080 0.608304
vt 0.115082 0.584236
vt 0.115085 0.560167
vt 0.115089 0.536098
vt 0.115092 0.512031
vt 0.115096 0.487961
vt 0.115100 0.463893
vt 0.115103 0.439825
vt 0.115107 0.415757
vt 0.115110 0.391688
vt 0.115113 0.367620
vt 0.115115 0.343553
vt 0.115117 0.319484
vt 0.115118 0.295416
vt 0.115119 0.271348
vt 0.133591 0.704580
vt 0.133592 0.680512
vt 0.133593 0.656444
vt 0.133595 0.632374
vt 0.133597 0.608306
vt 0.133600 0.584236
vt 0.133603 0.560168
vt 0.133607 0.536100
vt 0.133610 0.512031
vt 0.133614 0.487963
vt 0.133618 0.463895
vt 0.133621 0.439826
vt 0.133625 0.415758
vt 0.133628 0.391690
vt 0.133631 0.367621
vt 0.133633 0.343553
vt 0.133635 0.319485
vt 0.133637 0.295416
vt 0.133638 0.271348
vt 0.438923 0.598768
vt 0.451789 0.595679
vt 0.449267 0.587920
vt 0.437648 0.590709
vt 0.509011 0.528680
vt 0.500952 0.527403
vt 0.505922 0.541545
vt 0.498163 0.539024
vt 0.500858 0.553768
vt 0.493590 0.550064
vt 0.493946 0.565049
vt 0.487346 0.560253
vt 0.485353 0.575110
vt 0.479585 0.569341
vt 0.475292 0.583703
vt 0.470498 0.577103
vt 0.464012 0.590615
vt 0.460308 0.583346
vt 0.425734 0.599805
vt 0.425734 0.591646
vt 0.412544 0.598768
vt 0.413820 0.590709
vt 0.399678 0.595679
vt 0.402200 0.587920
vt 0.387455 0.590615
vt 0.391160 0.583346
vt 0.376175 0.583703
vt 0.380971 0.577103
vt 0.366114 0.575110
vt 0.371883 0.569341
vt 0.357521 0.565049
vt 0.364122 0.560253
vt 0.350609 0.553768
vt 0.357878 0.550064
vt 0.345545 0.541545
vt 0.353305 0.539024
vt 0.342456 0.528680
vt 0.350515 0.527403
vt 0.457159 0.885908
vt 0.455598 0.895860
vt 0.436170 0.885908
vt 0.433084 0.895860
vt 0.416226 0.885908
vt 0.411694 0.895860
vt 0.397820 0.885908
vt 0.391953 0.895860
vt 0.381406 0.885908
vt 0.374348 0.895860
vt 0.373563 0.972168
vt 0.380621 0.982120
vt 0.397036 0.982120
vt 0.391169 0.972168
vt 0.415442 0.982120
vt 0.410909 0.972168
vt 0.435385 0.982120
vt 0.432300 0.972168
vt 0.456374 0.982120
vt 0.454813 0.972168
vt 0.436841 0.587305
vt 0.447675 0.584704
vt 0.495863 0.528282
vt 0.493262 0.539116
vt 0.488999 0.549410
vt 0.483177 0.558910
vt 0.475941 0.567382
vt 0.467469 0.574618
vt 0.457969 0.580440
vt 0.425734 0.588179
vt 0.414626 0.587305
vt 0.403792 0.584704
vt 0.393498 0.580440
vt 0.383998 0.574618
vt 0.375526 0.567382
vt 0.368290 0.558910
vt 0.362469 0.549410
vt 0.358205 0.539116
vt 0.355604 0.528282
vt 0.455598 0.905813
vt 0.433084 0.905813
vt 0.411694 0.905813
vt 0.432300 0.962215
vt 0.410909 0.962215
vt 0.454813 0.962215
vt 0.325733 0.704583
vt 0.310904 0.704582
vt 0.325734 0.680516
vt 0.310905 0.680516
vt 0.325735 0.656450
vt 0.310906 0.656449
vt 0.325736 0.632384
vt 0.310908 0.632383
vt 0.325738 0.608316
vt 0.310910 0.608315
vt 0.325740 0.584248
vt 0.310912 0.584248
vt 0.325743 0.560183
vt 0.310915 0.560180
vt 0.325745 0.536115
vt 0.310917 0.536114
vt 0.325748 0.512046
vt 0.310920 0.512045
vt 0.325751 0.487978
vt 0.310923 0.487976
vt 0.325754 0.463911
vt 0.310926 0.463908
vt 0.325757 0.439840
vt 0.310929 0.439839
vt 0.325759 0.415771
vt 0.310932 0.415771
vt 0.325762 0.391704
vt 0.310935 0.391701
vt 0.325764 0.367633
vt 0.310937 0.367631
vt 0.325766 0.343562
vt 0.310939 0.343560
vt 0.325767 0.319492
vt 0.310941 0.319491
vt 0.325768 0.295421
vt 0.310942 0.295421
vt 0.325769 0.271351
vt 0.310943 0.271351
vt 0.295204 0.704581
vt 0.295205 0.680516
vt 0.295206 0.656448
vt 0.295208 0.632381
vt 0.295210 0.608313
vt 0.295212 0.584246
vt 0.295215 0.560178
vt 0.295218 0.536111
vt 0.295221 0.512043
vt 0.295225 0.487975
vt 0.295228 0.463907
vt 0.295231 0.439837
vt 0.295234 0.415769
vt 0.295237 0.391700
vt 0.295239 0.367630
vt 0.295241 0.343560
vt 0.295243 0.319490
vt 0.295244 0.295420
vt 0.295245 0.271351
vt 0.278730 0.704582
vt 0.278731 0.680515
vt 0.278732 0.656448
vt 0.278734 0.632379
vt 0.278736 0.608312
vt 0.278738 0.584245
vt 0.278741 0.560177
vt 0.278744 0.536109
vt 0.278748 0.512041
vt 0.278751 0.487973
vt 0.278754 0.463905
vt 0.278758 0.439837
vt 0.278761 0.415767
vt 0.278764 0.391698
vt 0.278766 0.367629
vt 0.278768 0.343560
vt 0.278770 0.319489
vt 0.278771 0.295420
vt 0.278772 0.271350
vt 0.261582 0.704582
vt 0.261583 0.680514
vt 0.261585 0.656447
vt 0.261586 0.632378
vt 0.261589 0.608311
vt 0.261591 0.584244
vt 0.261594 0.560175
vt 0.261598 0.536108
vt 0.261601 0.512039
vt 0.261604 0.487971
vt 0.261608 0.463904
vt 0.261611 0.439834
vt 0.261615 0.415766
vt 0.261618 0.391696
vt 0.261620 0.367627
vt 0.261622 0.343559
vt 0.261624 0.319489
vt 0.261625 0.295420
vt 0.261626 0.271350
vt 0.243868 0.704581
vt 0.243869 0.680514
vt 0.243870 0.656446
vt 0.243872 0.632378
vt 0.243874 0.608310
vt 0.243877 0.584242
vt 0.243880 0.560176
vt 0.243883 0.536108
vt 0.243887 0.512039
vt 0.243891 0.487970
vt 0.243894 0.463901
vt 0.243898 0.439832
vt 0.243901 0.415764
vt 0.243904 0.391696
vt 0.243907 0.367627
vt 0.243909 0.343557
vt 0.243911 0.319488
vt 0.243912 0.295419
vt 0.243913 0.271350
vt 0.225695 0.704581
vt 0.225696 0.680514
vt 0.225698 0.656446
vt 0.225699 0.632377
vt 0.225702 0.608310
vt 0.225705 0.584242
vt 0.225708 0.560174
vt 0.225711 0.536105
vt 0.225715 0.512038
vt 0.225718 0.487969
vt 0.225722 0.463900
vt 0.225726 0.439832
vt 0.225729 0.415763
vt 0.225732 0.391694
vt 0.225735 0.367626
vt 0.225737 0.343557
vt 0.225739 0.319487
vt 0.225741 0.295418
vt 0.225742 0.271349
vt 0.207177 0.704581
vt 0.207178 0.680513
vt 0.207179 0.656446
vt 0.207181 0.632377
vt 0.207184 0.608310
vt 0.207186 0.584240
vt 0.207189 0.560172
vt 0.207193 0.536104
vt 0.207197 0.512035
vt 0.207200 0.487967
vt 0.207204 0.463900
vt 0.207208 0.439830
vt 0.207211 0.415762
vt 0.207214 0.391694
vt 0.207217 0.367625
vt 0.207220 0.343556
vt 0.207221 0.319487
vt 0.207223 0.295418
vt 0.207224 0.271349
vt 0.395366 0.781272
vt 0.392844 0.789031
vt 0.405710 0.792120
vt 0.406985 0.784061
vt 0.335622 0.722032
vt 0.343681 0.720756
vt 0.338710 0.734897
vt 0.346470 0.732376
vt 0.343774 0.747120
vt 0.351043 0.743416
vt 0.350687 0.758402
vt 0.357287 0.753605
vt 0.359280 0.768462
vt 0.365048 0.762693
vt 0.369340 0.777055
vt 0.374135 0.770455
vt 0.380621 0.783967
vt 0.384325 0.776698
vt 0.418899 0.793157
vt 0.418899 0.784998
vt 0.432088 0.792120
vt 0.430812 0.784061
vt 0.444954 0.789031
vt 0.442432 0.781272
vt 0.457177 0.783967
vt 0.453473 0.776698
vt 0.468458 0.777055
vt 0.463662 0.770455
vt 0.478518 0.768462
vt 0.472749 0.762693
vt 0.487112 0.758402
vt 0.480510 0.753605
vt 0.494024 0.747120
vt 0.486755 0.743416
vt 0.499087 0.734897
vt 0.491328 0.732376
vt 0.502176 0.722032
vt 0.494117 0.720756
vt 0.456375 0.982120
vt 0.436169 0.885908
vt 0.455597 0.895860
vt 0.407792 0.780657
vt 0.396958 0.778056
vt 0.348770 0.721635
vt 0.351371 0.732468
vt 0.355634 0.742762
vt 0.361457 0.752262
vt 0.368692 0.760735
vt 0.377165 0.767970
vt 0.386664 0.773793
vt 0.418900 0.781531
vt 0.430007 0.780657
vt 0.440841 0.778056
vt 0.451135 0.773793
vt 0.460635 0.767970
vt 0.469107 0.760735
vt 0.476343 0.752262
vt 0.482165 0.742762
vt 0.486428 0.732469
vt 0.489029 0.721635
vt 0.455597 0.905813
vt 0.188778 0.704581
vt 0.170384 0.704581
vt 0.151989 0.704580
vt 0.188779 0.680513
vt 0.170384 0.680512
vt 0.151990 0.680512
vt 0.188781 0.656444
vt 0.170386 0.656444
vt 0.151991 0.656443
vt 0.188783 0.632376
vt 0.170388 0.632375
vt 0.151993 0.632375
vt 0.188785 0.608308
vt 0.170390 0.608307
vt 0.151996 0.608306
vt 0.188788 0.584239
vt 0.170393 0.584238
vt 0.151998 0.584237
vt 0.188791 0.560171
vt 0.170396 0.560170
vt 0.152002 0.560169
vt 0.188795 0.536103
vt 0.170400 0.536102
vt 0.152005 0.536101
vt 0.188798 0.512035
vt 0.170403 0.512033
vt 0.152009 0.512032
vt 0.188802 0.487966
vt 0.170407 0.487965
vt 0.152013 0.487964
vt 0.188806 0.463898
vt 0.170411 0.463897
vt 0.152016 0.463896
vt 0.188809 0.439829
vt 0.170415 0.439828
vt 0.152020 0.439827
vt 0.188813 0.415761
vt 0.170418 0.415760
vt 0.152023 0.415759
vt 0.188816 0.391693
vt 0.170421 0.391692
vt 0.152027 0.391691
vt 0.188819 0.367624
vt 0.170424 0.367623
vt 0.152029 0.367623
vt 0.188821 0.343555
vt 0.170427 0.343554
vt 0.152032 0.343554
vt 0.188823 0.319487
vt 0.170429 0.319486
vt 0.152034 0.319486
vt 0.188825 0.295418
vt 0.170430 0.295417
vt 0.152035 0.295417
vt 0.188826 0.271349
vt 0.170431 0.271348
vt 0.152036 0.271349
s 1
usemtl MQ9_Dark.001
f 1/1/1 2/2/2 3/3/3
f 4/4/4 1/1/1 3/3/3
f 5/5/5 4/4/4 3/3/3
f 6/6/6 5/5/5 3/3/3
f 7/7/7 6/6/6 3/3/3
f 8/8/8 7/7/7 3/3/3
f 9/9/9 8/8/8 3/3/3
f 10/10/10 9/9/9 3/3/3
f 11/11/11 10/10/10 3/3/3
f 12/12/12 11/11/11 3/3/3
f 1/1/1 13/13/13 14/14/14
f 14/14/14 2/2/2 1/1/1
f 13/13/13 1/1/1 4/4/4
f 4/4/4 15/15/15 13/13/13
f 15/15/15 4/4/4 5/5/5
f 5/5/5 16/16/16 15/15/15
f 16/16/16 5/5/5 6/6/6
f 6/6/6 17/17/17 16/16/16
f 17/17/17 6/6/6 7/7/7
f 7/7/7 18/18/18 17/17/17
f 18/18/18 7/7/7 8/8/8
f 8/8/8 19/19/19 18/18/18
f 19/19/19 8/8/8 9/9/9
f 9/9/9 20/20/20 19/19/19
f 20/20/20 9/9/9 10/10/10
f 10/10/10 21/21/21 20/20/20
f 21/21/21 10/10/10 11/11/11
f 11/11/11 22/22/22 21/21/21
f 22/22/22 11/11/11 12/12/12
f 12/12/12 23/23/23 22/22/22
f 27/24/24 24/25/25 25/26/26
f 25/26/26 26/27/27 27/24/24
f 24/25/25 27/24/24 28/28/28
f 28/28/28 29/29/29 24/25/25
f 29/29/29 28/28/28 30/30/30
f 30/30/30 31/31/31 29/29/29
f 31/31/31 30/30/30 32/32/32
f 32/32/32 33/33/33 31/31/31
f 33/33/33 32/32/32 34/34/34
f 34/34/34 35/35/35 33/33/33
f 35/35/35 34/34/34 36/36/36
f 36/36/36 37/37/37 35/35/35
f 37/37/37 36/36/36 38/38/38
f 38/38/38 39/39/39 37/37/37
f 39/39/39 38/38/38 40/40/40
f 40/40/40 41/41/41 39/39/39
f 41/41/41 40/40/40 42/42/42
f 42/42/42 43/43/43 41/41/41
f 43/43/43 42/42/42 44/44/44
f 44/44/44 45/45/45 43/43/43
f 49/46/46 46/47/47 47/48/48
f 47/48/48 48/49/49 49/46/46
f 51/50/50 47/48/48 46/47/47
f 46/47/47 50/51/50 51/50/50
f 55/52/51 52/53/52 53/54/53
f 53/54/53 54/55/54 55/52/51
f 44/44/44 52/53/53 56/52/55
f 56/52/55 45/45/45 44/44/44
f 12/12/12 47/48/48 57/50/56
f 57/50/56 23/23/23 12/12/12
f 3/3/3 48/49/49 47/48/48
f 47/48/48 12/12/12 3/3/3
f 61/56/57 58/57/57 59/58/57
f 59/58/57 60/59/57 61/56/57
f 63/60/57 61/56/57 60/59/57
f 60/59/57 62/61/57 63/60/57
f 67/62/58 64/63/58 65/64/58
f 65/64/58 66/65/58 67/62/58
f 71/65/59 68/64/60 69/66/61
f 69/66/61 70/67/62 71/65/59
f 75/67/63 72/66/63 73/68/63
f 73/68/63 74/69/64 75/67/63
f 79/69/65 76/68/65 77/70/65
f 77/70/65 78/71/65 79/69/65
f 83/71/66 80/70/66 81/72/66
f 81/72/66 82/73/66 83/71/66
f 87/73/67 84/72/68 85/74/67
f 85/74/67 86/75/67 87/73/67
f 91/75/69 88/74/70 89/76/70
f 89/76/70 90/77/70 91/75/69
f 95/77/71 92/76/72 93/78/71
f 93/78/71 94/79/71 95/77/71
f 99/79/73 96/78/74 97/80/73
f 97/80/73 98/81/73 99/79/73
f 103/81/75 100/80/75 101/82/75
f 101/82/75 102/83/75 103/81/75
f 102/83/75 101/82/75 104/84/76
f 104/84/76 105/85/76 102/83/75
f 109/86/77 106/57/78 107/56/77
f 107/56/77 108/87/79 109/86/77
f 113/87/80 110/56/81 111/60/82
f 111/60/82 112/88/83 113/87/80
f 117/62/84 114/65/84 115/89/84
f 115/89/84 116/90/84 117/62/84
f 114/65/84 118/67/84 119/91/84
f 119/91/84 115/89/84 114/65/84
f 118/67/84 120/69/84 121/92/84
f 121/92/84 119/91/84 118/67/84
f 120/69/84 122/71/84 123/93/84
f 123/93/84 121/92/84 120/69/84
f 122/71/84 124/73/84 125/94/84
f 125/94/84 123/93/84 122/71/84
f 124/73/84 126/75/84 127/95/84
f 127/95/84 125/94/84 124/73/84
f 126/75/84 128/77/84 129/96/84
f 129/96/84 127/95/84 126/75/84
f 128/77/84 130/79/84 131/97/84
f 131/97/84 129/96/84 128/77/84
f 130/79/84 132/81/84 133/98/84
f 133/98/84 131/97/84 130/79/84
f 132/81/84 134/83/84 135/99/84
f 135/99/84 133/98/84 132/81/84
f 137/85/85 136/100/86 135/99/84
f 135/99/84 134/83/84 137/85/85
f 141/101/87 138/102/88 139/103/86
f 139/103/86 140/104/89 141/101/87
f 145/102/90 142/101/91 143/105/92
f 143/105/92 144/106/93 145/102/90
f 147/107/94 145/102/90 144/106/93
f 144/106/93 146/108/95 147/107/94
f 138/102/88 148/107/96 149/109/97
f 149/109/97 139/103/86 138/102/88
f 136/100/86 150/110/98 151/111/84
f 151/111/84 135/99/84 136/100/86
f 152/112/84 133/98/84 135/99/84
f 135/99/84 151/111/84 152/112/84
f 153/113/84 131/97/84 133/98/84
f 133/98/84 152/112/84 153/113/84
f 154/114/84 129/96/84 131/97/84
f 131/97/84 153/113/84 154/114/84
f 155/115/84 127/95/84 129/96/84
f 129/96/84 154/114/84 155/115/84
f 156/116/84 125/94/84 127/95/84
f 127/95/84 155/115/84 156/116/84
f 157/117/84 123/93/84 125/94/84
f 125/94/84 156/116/84 157/117/84
f 158/118/84 121/92/84 123/93/84
f 123/93/84 157/117/84 158/118/84
f 159/119/84 119/91/84 121/92/84
f 121/92/84 158/118/84 159/119/84
f 160/120/84 115/89/84 119/91/84
f 119/91/84 159/119/84 160/120/84
f 161/121/84 116/90/84 115/89/84
f 115/89/84 160/120/84 161/121/84
f 163/122/99 147/107/94 146/108/95
f 146/108/95 162/123/100 163/122/99
f 148/107/96 164/122/101 165/124/102
f 165/124/102 149/109/97 148/107/96
f 167/125/102 166/126/84 151/111/84
f 151/111/84 150/110/98 167/125/102
f 152/112/84 151/111/84 166/126/84
f 153/113/84 152/112/84 166/126/84
f 154/114/84 153/113/84 166/126/84
f 155/115/84 154/114/84 166/126/84
f 156/116/84 155/115/84 166/126/84
f 157/117/84 156/116/84 166/126/84
f 158/118/84 157/117/84 166/126/84
f 159/119/84 158/118/84 166/126/84
f 160/120/84 159/119/84 166/126/84
f 161/121/84 160/120/84 166/126/84
f 171/127/103 168/128/103 169/129/103
f 169/129/103 170/130/103 171/127/103
f 175/130/104 172/129/104 173/131/104
f 173/131/104 174/132/104 175/130/104
f 178/133/104 174/132/104 176/131/104
f 176/131/104 177/134/104 178/133/104
f 180/135/104 174/132/104 178/133/104
f 178/133/104 179/136/104 180/135/104
f 174/132/104 180/135/104 181/137/104
f 182/138/105 3/3/3 2/2/2
f 183/139/106 3/3/3 182/138/105
f 184/140/107 3/3/3 183/139/106
f 185/141/108 3/3/3 184/140/107
f 186/142/109 3/3/3 185/141/108
f 187/143/110 3/3/3 186/142/109
f 188/144/111 3/3/3 187/143/110
f 189/145/112 3/3/3 188/144/111
f 190/146/113 3/3/3 189/145/112
f 191/147/114 3/3/3 190/146/113
f 2/2/2 14/14/14 192/148/115
f 192/148/115 182/138/105 2/2/2
f 183/139/106 182/138/105 192/148/115
f 192/148/115 193/149/116 183/139/106
f 184/140/107 183/139/106 193/149/116
f 193/149/116 194/150/117 184/140/107
f 185/141/108 184/140/107 194/150/117
f 194/150/117 195/151/118 185/141/108
f 186/142/109 185/141/108 195/151/118
f 195/151/118 196/152/119 186/142/109
f 187/143/110 186/142/109 196/152/119
f 196/152/119 197/153/120 187/143/110
f 188/144/111 187/143/110 197/153/120
f 197/153/120 198/154/121 188/144/111
f 189/145/112 188/144/111 198/154/121
f 198/154/121 199/155/122 189/145/112
f 190/146/113 189/145/112 199/155/122
f 199/155/122 200/156/123 190/146/113
f 191/147/114 190/146/113 200/156/123
f 200/156/123 201/157/124 191/147/114
f 26/27/27 25/26/26 202/158/125
f 202/158/125 203/159/126 26/27/27
f 205/160/127 203/159/126 202/158/125
f 202/158/125 204/161/128 205/160/127
f 207/162/129 205/160/127 204/161/128
f 204/161/128 206/163/130 207/162/129
f 209/164/131 207/162/129 206/163/130
f 206/163/130 208/165/132 209/164/131
f 211/166/133 209/164/131 208/165/132
f 208/165/132 210/167/134 211/166/133
f 213/168/135 211/166/133 210/167/134
f 210/167/134 212/169/136 213/168/135
f 215/170/137 213/168/135 212/169/136
f 212/169/136 214/171/138 215/170/137
f 217/172/139 215/170/137 214/171/138
f 214/171/138 216/173/140 217/172/139
f 219/174/141 217/172/139 216/173/140
f 216/173/140 218/175/142 219/174/141
f 221/176/143 219/174/141 218/175/142
f 218/175/142 220/177/144 221/176/143
f 223/178/145 222/179/146 49/46/46
f 49/46/46 48/49/49 223/178/145
f 222/179/146 223/178/145 224/180/147
f 224/180/147 225/181/148 222/179/146
f 229/182/149 226/183/149 227/184/150
f 227/184/150 228/185/151 229/182/149
f 230/184/152 226/183/149 221/176/143
f 221/176/143 220/177/144 230/184/152
f 231/180/153 223/178/145 191/147/114
f 191/147/114 201/157/124 231/180/153
f 223/178/145 48/49/49 3/3/3
f 3/3/3 191/147/114 223/178/145
f 235/186/154 232/187/154 233/188/154
f 233/188/154 234/189/154 235/186/154
f 234/189/154 233/188/154 236/190/154
f 236/190/154 237/191/154 234/189/154
f 239/192/155 64/63/58 67/62/58
f 67/62/58 238/193/155 239/192/155
f 243/194/156 240/192/157 241/193/158
f 241/193/158 242/195/157 243/194/156
f 247/196/159 244/194/159 245/195/160
f 245/195/160 246/197/160 247/196/159
f 251/198/161 248/196/161 249/197/162
f 249/197/162 250/199/161 251/198/161
f 255/200/163 252/198/163 253/199/163
f 253/199/163 254/201/164 255/200/163
f 259/202/165 256/200/166 257/201/167
f 257/201/167 258/203/166 259/202/165
f 263/204/168 260/202/169 261/203/170
f 261/203/170 262/205/170 263/204/168
f 267/206/171 264/204/172 265/205/171
f 265/205/171 266/207/171 267/206/171
f 271/208/173 268/206/173 269/207/174
f 269/207/174 270/209/173 271/208/173
f 275/210/175 272/208/176 273/209/175
f 273/209/175 274/211/175 275/210/175
f 277/212/177 275/210/175 274/211/175
f 274/211/175 276/213/177 277/212/177
f 281/188/178 278/187/179 279/214/179
f 279/214/179 280/215/178 281/188/178
f 285/190/180 282/188/181 283/215/182
f 283/215/182 284/216/183 285/190/180
f 287/217/84 286/193/84 117/62/84
f 117/62/84 116/90/84 287/217/84
f 289/218/84 288/195/84 286/193/84
f 286/193/84 287/217/84 289/218/84
f 291/219/84 290/197/84 288/195/84
f 288/195/84 289/218/84 291/219/84
f 293/220/84 292/199/84 290/197/84
f 290/197/84 291/219/84 293/220/84
f 295/221/84 294/201/84 292/199/84
f 292/199/84 293/220/84 295/221/84
f 297/222/84 296/203/84 294/201/84
f 294/201/84 295/221/84 297/222/84
f 299/223/84 298/205/84 296/203/84
f 296/203/84 297/222/84 299/223/84
f 301/224/84 300/207/84 298/205/84
f 298/205/84 299/223/84 301/224/84
f 303/225/84 302/209/84 300/207/84
f 300/207/84 301/224/84 303/225/84
f 305/226/84 304/211/84 302/209/84
f 302/209/84 303/225/84 305/226/84
f 305/226/84 306/227/184 307/213/185
f 307/213/185 304/211/84 305/226/84
f 311/228/186 308/229/187 309/230/188
f 309/230/188 310/231/189 311/228/186
f 315/232/190 312/230/191 313/229/192
f 313/229/192 314/233/193 315/232/190
f 314/233/193 313/229/192 316/234/194
f 316/234/194 317/235/195 314/233/193
f 319/236/196 318/234/197 308/229/187
f 308/229/187 311/228/186 319/236/196
f 321/237/84 320/238/196 306/227/184
f 306/227/184 305/226/84 321/237/84
f 305/226/84 303/225/84 322/239/84
f 322/239/84 321/237/84 305/226/84
f 303/225/84 301/224/84 323/240/84
f 323/240/84 322/239/84 303/225/84
f 301/224/84 299/223/84 324/241/84
f 324/241/84 323/240/84 301/224/84
f 299/223/84 297/222/84 325/242/84
f 325/242/84 324/241/84 299/223/84
f 297/222/84 295/221/84 326/243/84
f 326/243/84 325/242/84 297/222/84
f 295/221/84 293/220/84 327/244/84
f 327/244/84 326/243/84 295/221/84
f 293/220/84 291/219/84 328/245/84
f 328/245/84 327/244/84 293/220/84
f 291/219/84 289/218/84 329/246/84
f 329/246/84 328/245/84 291/219/84
f 289/218/84 287/217/84 330/247/84
f 330/247/84 329/246/84 289/218/84
f 287/217/84 116/90/84 161/121/84
f 161/121/84 330/247/84 287/217/84
f 317/235/195 316/234/194 163/122/99
f 163/122/99 162/123/100 317/235/195
f 165/124/102 164/122/101 318/234/197
f 318/234/197 319/236/196 165/124/102
f 321/237/84 166/126/84 167/125/102
f 167/125/102 320/238/196 321/237/84
f 322/239/84 166/126/84 321/237/84
f 323/240/84 166/126/84 322/239/84
f 324/241/84 166/126/84 323/240/84
f 325/242/84 166/126/84 324/241/84
f 326/243/84 166/126/84 325/242/84
f 327/244/84 166/126/84 326/243/84
f 328/245/84 166/126/84 327/244/84
f 329/246/84 166/126/84 328/245/84
f 330/247/84 166/126/84 329/246/84
f 161/121/84 166/126/84 330/247/84
f 332/248/103 331/249/103 171/127/103
f 171/127/103 170/130/103 332/248/103
f 334/250/104 333/248/104 175/130/104
f 175/130/104 174/132/104 334/250/104
f 334/250/104 174/132/104 335/251/104
f 335/251/104 336/252/104 334/250/104
f 335/251/104 174/132/104 337/253/104
f 337/253/104 338/254/104 335/251/104
f 174/132/104 181/137/104 337/253/104
f 340/255/198 55/52/51 54/55/54
f 54/55/54 339/256/198 340/255/198
f 341/257/199 45/45/45 56/52/55
f 56/52/55 340/255/198 341/257/199
f 342/258/200 43/43/43 45/45/45
f 45/45/45 341/257/199 342/258/200
f 343/259/201 41/41/41 43/43/43
f 43/43/43 342/258/200 343/259/201
f 344/260/202 39/39/39 41/41/41
f 41/41/41 343/259/201 344/260/202
f 345/261/203 37/37/37 39/39/39
f 39/39/39 344/260/202 345/261/203
f 346/262/204 35/35/35 37/37/37
f 37/37/37 345/261/203 346/262/204
f 347/263/205 33/33/33 35/35/35
f 35/35/35 346/262/204 347/263/205
f 348/264/206 31/31/31 33/33/33
f 33/33/33 347/263/205 348/264/206
f 349/265/207 29/29/29 31/31/31
f 31/31/31 348/264/206 349/265/207
f 350/266/208 24/25/25 29/29/29
f 29/29/29 349/265/207 350/266/208
f 350/266/208 351/267/209 25/26/26
f 25/26/26 24/25/25 350/266/208
f 25/26/26 351/267/209 352/268/210
f 352/268/210 202/158/125 25/26/26
f 353/269/211 204/161/128 202/158/125
f 202/158/125 352/268/210 353/269/211
f 354/270/212 206/163/130 204/161/128
f 204/161/128 353/269/211 354/270/212
f 355/271/213 208/165/132 206/163/130
f 206/163/130 354/270/212 355/271/213
f 356/272/214 210/167/134 208/165/132
f 208/165/132 355/271/213 356/272/214
f 357/273/215 212/169/136 210/167/134
f 210/167/134 356/272/214 357/273/215
f 358/274/216 214/171/138 212/169/136
f 212/169/136 357/273/215 358/274/216
f 359/275/217 216/173/140 214/171/138
f 214/171/138 358/274/216 359/275/217
f 360/276/218 218/175/142 216/173/140
f 216/173/140 359/275/217 360/276/218
f 361/277/219 220/177/144 218/175/142
f 218/175/142 360/276/218 361/277/219
f 362/278/220 230/184/152 220/177/144
f 220/177/144 361/277/219 362/278/220
f 363/279/221 228/185/151 227/184/150
f 227/184/150 362/278/221 363/279/221
f 52/53/52 51/50/50 50/51/50
f 50/51/50 53/54/53 52/53/52
f 44/44/44 23/23/23 57/50/56
f 57/50/56 52/53/53 44/44/44
f 42/42/42 22/22/22 23/23/23
f 23/23/23 44/44/44 42/42/42
f 40/40/40 21/21/21 22/22/22
f 22/22/22 42/42/42 40/40/40
f 38/38/38 20/20/20 21/21/21
f 21/21/21 40/40/40 38/38/38
f 36/36/36 19/19/19 20/20/20
f 20/20/20 38/38/38 36/36/36
f 34/34/34 18/18/18 19/19/19
f 19/19/19 36/36/36 34/34/34
f 32/32/32 17/17/17 18/18/18
f 18/18/18 34/34/34 32/32/32
f 30/30/30 16/16/16 17/17/17
f 17/17/17 32/32/32 30/30/30
f 28/28/28 15/15/15 16/16/16
f 16/16/16 30/30/30 28/28/28
f 27/24/24 13/13/13 15/15/15
f 15/15/15 28/28/28 27/24/24
f 27/24/24 26/27/27 14/14/14
f 14/14/14 13/13/13 27/24/24
f 14/14/14 26/27/27 203/159/126
f 203/159/126 192/148/115 14/14/14
f 205/160/127 193/149/116 192/148/115
f 192/148/115 203/159/126 205/160/127
f 207/162/129 194/150/117 193/149/116
f 193/149/116 205/160/127 207/162/129
f 209/164/131 195/151/118 194/150/117
f 194/150/117 207/162/129 209/164/131
f 211/166/133 196/152/119 195/151/118
f 195/151/118 209/164/131 211/166/133
f 213/168/135 197/153/120 196/152/119
f 196/152/119 211/166/133 213/168/135
f 215/170/137 198/154/121 197/153/120
f 197/153/120 213/168/135 215/170/137
f 217/172/139 199/155/122 198/154/121
f 198/154/121 215/170/137 217/172/139
f 219/174/141 200/156/123 199/155/122
f 199/155/122 217/172/139 219/174/141
f 221/176/143 201/157/124 200/156/123
f 200/156/123 219/174/141 221/176/143
f 226/183/149 231/180/153 201/157/124
f 201/157/124 221/176/143 226/183/149
f 229/182/149 225/181/148 224/180/147
f 224/180/147 226/183/149 229/182/149
f 364/1/222 365/3/223 366/2/224
f 367/4/225 365/3/223 364/1/222
f 368/5/226 365/3/223 367/4/225
f 369/6/227 365/3/223 368/5/226
f 370/7/228 365/3/223 369/6/227
f 371/8/229 365/3/223 370/7/228
f 372/9/230 365/3/223 371/8/229
f 373/10/231 365/3/223 372/9/230
f 374/11/232 365/3/223 373/10/231
f 375/12/233 365/3/223 374/11/232
f 377/14/234 376/13/235 364/1/222
f 364/1/222 366/2/224 377/14/234
f 367/4/225 364/1/222 376/13/235
f 376/13/235 378/15/236 367/4/225
f 368/5/226 367/4/225 378/15/236
f 378/15/236 379/16/237 368/5/226
f 369/6/227 368/5/226 379/16/237
f 379/16/237 380/17/238 369/6/227
f 370/7/228 369/6/227 380/17/238
f 380/17/238 381/18/239 370/7/228
f 371/8/229 370/7/228 381/18/239
f 381/18/239 382/19/240 371/8/229
f 372/9/230 371/8/229 382/19/240
f 382/19/240 383/20/241 372/9/230
f 373/10/231 372/9/230 383/20/241
f 383/20/241 384/21/242 373/10/231
f 374/11/232 373/10/231 384/21/242
f 384/21/242 385/22/243 374/11/232
f 375/12/233 374/11/232 385/22/243
f 385/22/243 386/23/244 375/12/233
f 390/26/245 387/25/246 388/24/247
f 388/24/247 389/27/248 390/26/245
f 392/28/249 388/24/247 387/25/246
f 387/25/246 391/29/250 392/28/249
f 394/30/251 392/28/249 391/29/250
f 391/29/250 393/31/252 394/30/251
f 396/32/253 394/30/251 393/31/252
f 393/31/252 395/33/254 396/32/253
f 398/34/255 396/32/253 395/33/254
f 395/33/254 397/35/256 398/34/255
f 400/36/257 398/34/255 397/35/256
f 397/35/256 399/37/258 400/36/257
f 402/38/259 400/36/257 399/37/258
f 399/37/258 401/39/260 402/38/259
f 404/40/261 402/38/259 401/39/260
f 401/39/260 403/41/262 404/40/261
f 406/42/263 404/40/261 403/41/262
f 403/41/262 405/43/264 406/42/263
f 408/44/265 406/42/263 405/43/264
f 405/43/264 407/45/266 408/44/265
f 412/48/267 409/47/268 410/46/269
f 410/46/269 411/49/84 412/48/267
f 409/47/268 412/48/267 413/50/270
f 413/50/270 414/51/270 409/47/268
f 418/54/271 415/53/271 416/52/272
f 416/52/272 417/55/272 418/54/271
f 419/52/273 415/53/274 408/44/265
f 408/44/265 407/45/266 419/52/273
f 420/50/275 412/48/267 375/12/233
f 375/12/233 386/23/244 420/50/275
f 412/48/267 411/49/84 365/3/223
f 365/3/223 375/12/233 412/48/267
f 424/58/57 421/57/57 422/56/57
f 422/56/57 423/59/57 424/58/57
f 423/59/57 422/56/57 63/60/57
f 63/60/57 62/61/57 423/59/57
f 428/64/276 425/63/276 426/62/276
f 426/62/276 427/65/276 428/64/276
f 432/66/277 429/64/278 430/65/279
f 430/65/279 431/67/279 432/66/277
f 436/68/280 433/66/280 434/67/281
f 434/67/281 435/69/281 436/68/280
f 440/70/282 437/68/283 438/69/282
f 438/69/282 439/71/284 440/70/282
f 444/72/285 441/70/286 442/71/285
f 442/71/285 443/73/286 444/72/285
f 448/74/287 445/72/287 446/73/288
f 446/73/288 447/75/287 448/74/287
f 452/76/289 449/74/289 450/75/290
f 450/75/290 451/77/289 452/76/289
f 456/78/291 453/76/292 454/77/291
f 454/77/291 455/79/291 456/78/291
f 460/80/293 457/78/293 458/79/294
f 458/79/294 459/81/293 460/80/293
f 464/82/295 461/80/295 462/81/295
f 462/81/295 463/83/295 464/82/295
f 466/84/296 464/82/295 463/83/295
f 463/83/295 465/85/296 466/84/296
f 470/56/297 467/57/298 468/86/299
f 468/86/299 469/87/300 470/56/297
f 474/60/301 471/56/302 472/87/303
f 472/87/303 473/88/304 474/60/301
f 478/89/49 475/65/49 476/62/49
f 476/62/49 477/90/49 478/89/49
f 480/91/49 479/67/49 475/65/49
f 475/65/49 478/89/49 480/91/49
f 482/92/49 481/69/49 479/67/49
f 479/67/49 480/91/49 482/92/49
f 484/93/49 483/71/49 481/69/49
f 481/69/49 482/92/49 484/93/49
f 486/94/49 485/73/49 483/71/49
f 483/71/49 484/93/49 486/94/49
f 488/95/49 487/75/49 485/73/49
f 485/73/49 486/94/49 488/95/49
f 490/96/49 489/77/49 487/75/49
f 487/75/49 488/95/49 490/96/49
f 492/97/49 491/79/49 489/77/49
f 489/77/49 490/96/49 492/97/49
f 494/98/49 493/81/49 491/79/49
f 491/79/49 492/97/49 494/98/49
f 496/99/49 495/83/49 493/81/49
f 493/81/49 494/98/49 496/99/49
f 496/99/49 497/100/305 498/85/306
f 498/85/306 495/83/49 496/99/49
f 502/103/307 499/102/308 500/101/309
f 500/101/309 501/104/306 502/103/307
f 506/105/310 503/101/311 504/102/312
f 504/102/312 505/106/313 506/105/310
f 505/106/313 504/102/312 507/107/314
f 507/107/314 508/108/315 505/106/313
f 510/109/316 509/107/317 499/102/308
f 499/102/308 502/103/307 510/109/316
f 512/111/49 511/110/318 497/100/305
f 497/100/305 496/99/49 512/111/49
f 496/99/49 494/98/49 513/112/49
f 513/112/49 512/111/49 496/99/49
f 494/98/49 492/97/49 514/113/49
f 514/113/49 513/112/49 494/98/49
f 492/97/49 490/96/49 515/114/49
f 515/114/49 514/113/49 492/97/49
f 490/96/49 488/95/49 516/115/49
f 516/115/49 515/114/49 490/96/49
f 488/95/49 486/94/49 517/116/49
f 517/116/49 516/115/49 488/95/49
f 486/94/49 484/93/49 518/117/49
f 518/117/49 517/116/49 486/94/49
f 484/93/49 482/92/49 519/118/49
f 519/118/49 518/117/49 484/93/49
f 482/92/49 480/91/49 520/119/49
f 520/119/49 519/118/49 482/92/49
f 480/91/49 478/89/49 521/120/49
f 521/120/49 520/119/49 480/91/49
f 478/89/49 477/90/49 522/121/49
f 522/121/49 521/120/49 478/89/49
f 508/108/315 507/107/314 523/122/319
f 523/122/319 524/123/320 508/108/315
f 526/124/321 525/122/322 509/107/317
f 509/107/317 510/109/316 526/124/321
f 512/111/49 527/126/49 528/125/321
f 528/125/321 511/110/318 512/111/49
f 513/112/49 527/126/49 512/111/49
f 514/113/49 527/126/49 513/112/49
f 515/114/49 527/126/49 514/113/49
f 516/115/49 527/126/49 515/114/49
f 517/116/49 527/126/49 516/115/49
f 518/117/49 527/126/49 517/116/49
f 519/118/49 527/126/49 518/117/49
f 520/119/49 527/126/49 519/118/49
f 521/120/49 527/126/49 520/119/49
f 522/121/49 527/126/49 521/120/49
f 532/129/323 529/128/323 530/127/323
f 530/127/323 531/130/323 532/129/323
f 536/131/104 533/129/104 534/130/104
f 534/130/104 535/132/104 536/131/104
f 539/131/104 535/132/104 537/133/104
f 537/133/104 538/134/104 539/131/104
f 537/133/104 535/132/104 540/135/104
f 540/135/104 541/136/104 537/133/104
f 535/132/104 542/137/104 540/135/104
f 543/138/324 366/2/224 365/3/223
f 544/139/325 543/138/324 365/3/223
f 545/140/326 544/139/325 365/3/223
f 546/141/327 545/140/326 365/3/223
f 547/142/328 546/141/327 365/3/223
f 548/143/329 547/142/328 365/3/223
f 549/144/330 548/143/329 365/3/223
f 550/145/331 549/144/330 365/3/223
f 551/146/332 550/145/331 365/3/223
f 552/147/333 551/146/332 365/3/223
f 553/148/334 377/14/234 366/2/224
f 366/2/224 543/138/324 553/148/334
f 553/148/334 543/138/324 544/139/325
f 544/139/325 554/149/335 553/148/334
f 554/149/335 544/139/325 545/140/326
f 545/140/326 555/150/336 554/149/335
f 555/150/336 545/140/326 546/141/327
f 546/141/327 556/151/337 555/150/336
f 556/151/337 546/141/327 547/142/328
f 547/142/328 557/152/338 556/151/337
f 557/152/338 547/142/328 548/143/329
f 548/143/329 558/153/339 557/152/338
f 558/153/339 548/143/329 549/144/330
f 549/144/330 559/154/340 558/153/339
f 559/154/340 549/144/330 550/145/331
f 550/145/331 560/155/341 559/154/340
f 560/155/341 550/145/331 551/146/332
f 551/146/332 561/156/342 560/155/341
f 561/156/342 551/146/332 552/147/333
f 552/147/333 562/157/343 561/156/342
f 564/158/344 390/26/245 389/27/248
f 389/27/248 563/159/345 564/158/344
f 564/158/344 563/159/345 565/160/346
f 565/160/346 566/161/347 564/158/344
f 566/161/347 565/160/346 567/162/348
f 567/162/348 568/163/349 566/161/347
f 568/163/349 567/162/348 569/164/350
f 569/164/350 570/165/351 568/163/349
f 570/165/351 569/164/350 571/166/352
f 571/166/352 572/167/353 570/165/351
f 572/167/353 571/166/352 573/168/354
f 573/168/354 574/169/355 572/167/353
f 574/169/355 573/168/354 575/170/356
f 575/170/356 576/171/357 574/169/355
f 576/171/357 575/170/356 577/172/358
f 577/172/358 578/173/359 576/171/357
f 578/173/359 577/172/358 579/174/360
f 579/174/360 580/175/361 578/173/359
f 580/175/361 579/174/360 581/176/362
f 581/176/362 582/177/363 580/175/361
f 410/46/269 583/179/364 584/178/365
f 584/178/365 411/49/84 410/46/269
f 586/180/366 584/178/365 583/179/364
f 583/179/364 585/181/366 586/180/366
f 590/184/367 587/183/368 588/182/368
f 588/182/368 589/185/367 590/184/367
f 581/176/362 587/183/368 591/184/369
f 591/184/369 582/177/363 581/176/362
f 552/147/333 584/178/365 592/180/370
f 592/180/370 562/157/343 552/147/333
f 365/3/223 411/49/84 584/178/365
f 584/178/365 552/147/333 365/3/223
f 596/188/154 593/187/154 594/186/154
f 594/186/154 595/189/154 596/188/154
f 236/190/154 596/188/154 595/189/154
f 595/189/154 237/191/154 236/190/154
f 426/62/276 425/63/276 597/192/371
f 597/192/371 598/193/371 426/62/276
f 602/193/372 599/192/373 600/194/372
f 600/194/372 601/195/374 602/193/372
f 606/195/375 603/194/376 604/196/375
f 604/196/375 605/197/376 606/195/375
f 610/197/377 607/196/377 608/198/377
f 608/198/377 609/199/377 610/197/377
f 614/199/378 611/198/378 612/200/379
f 612/200/379 613/201/378 614/199/378
f 618/201/380 615/200/381 616/202/381
f 616/202/381 617/203/381 618/201/380
f 622/203/382 619/202/382 620/204/383
f 620/204/383 621/205/384 622/203/382
f 626/205/385 623/204/385 624/206/386
f 624/206/386 625/207/386 626/205/385
f 630/207/387 627/206/387 628/208/388
f 628/208/388 629/209/388 630/207/387
f 634/209/389 631/208/390 632/210/391
f 632/210/391 633/211/391 634/209/389
f 633/211/391 632/210/391 635/212/392
f 635/212/392 636/213/392 633/211/391
f 640/214/393 637/187/394 638/188/395
f 638/188/395 639/215/395 640/214/393
f 644/215/396 641/188/397 642/190/398
f 642/190/398 643/216/399 644/215/396
f 476/62/49 645/193/49 646/217/49
f 646/217/49 477/90/49 476/62/49
f 645/193/49 647/195/49 648/218/49
f 648/218/49 646/217/49 645/193/49
f 647/195/49 649/197/49 650/219/49
f 650/219/49 648/218/49 647/195/49
f 649/197/49 651/199/49 652/220/49
f 652/220/49 650/219/49 649/197/49
f 651/199/49 653/201/49 654/221/49
f 654/221/49 652/220/49 651/199/49
f 653/201/49 655/203/49 656/222/49
f 656/222/49 654/221/49 653/201/49
f 655/203/49 657/205/49 658/223/49
f 658/223/49 656/222/49 655/203/49
f 657/205/49 659/207/49 660/224/49
f 660/224/49 658/223/49 657/205/49
f 659/207/49 661/209/49 662/225/49
f 662/225/49 660/224/49 659/207/49
f 661/209/49 663/211/49 664/226/49
f 664/226/49 662/225/49 661/209/49
f 666/213/400 665/227/401 664/226/49
f 664/226/49 663/211/49 666/213/400
f 670/230/402 667/229/403 668/228/404
f 668/228/404 669/231/405 670/230/402
f 674/229/406 671/230/407 672/232/408
f 672/232/408 673/233/409 674/229/406
f 676/234/410 674/229/406 673/233/409
f 673/233/409 675/235/411 676/234/410
f 667/229/403 677/234/412 678/236/413
f 678/236/413 668/228/404 667/229/403
f 665/227/401 679/238/413 680/237/49
f 680/237/49 664/226/49 665/227/401
f 681/239/49 662/225/49 664/226/49
f 664/226/49 680/237/49 681/239/49
f 682/240/49 660/224/49 662/225/49
f 662/225/49 681/239/49 682/240/49
f 683/241/49 658/223/49 660/224/49
f 660/224/49 682/240/49 683/241/49
f 684/242/49 656/222/49 658/223/49
f 658/223/49 683/241/49 684/242/49
f 685/243/49 654/221/49 656/222/49
f 656/222/49 684/242/49 685/243/49
f 686/244/49 652/220/49 654/221/49
f 654/221/49 685/243/49 686/244/49
f 687/245/49 650/219/49 652/220/49
f 652/220/49 686/244/49 687/245/49
f 688/246/49 648/218/49 650/219/49
f 650/219/49 687/245/49 688/246/49
f 689/247/49 646/217/49 648/218/49
f 648/218/49 688/246/49 689/247/49
f 522/121/49 477/90/49 646/217/49
f 646/217/49 689/247/49 522/121/49
f 523/122/319 676/234/410 675/235/411
f 675/235/411 524/123/320 523/122/319
f 677/234/412 525/122/322 526/124/321
f 526/124/321 678/236/413 677/234/412
f 528/125/321 527/126/49 680/237/49
f 680/237/49 679/238/413 528/125/321
f 681/239/49 680/237/49 527/126/49
f 682/240/49 681/239/49 527/126/49
f 683/241/49 682/240/49 527/126/49
f 684/242/49 683/241/49 527/126/49
f 685/243/49 684/242/49 527/126/49
f 686/244/49 685/243/49 527/126/49
f 687/245/49 686/244/49 527/126/49
f 688/246/49 687/245/49 527/126/49
f 689/247/49 688/246/49 527/126/49
f 522/121/49 689/247/49 527/126/49
f 530/127/323 690/249/323 691/248/323
f 691/248/323 531/130/323 530/127/323
f 534/130/104 692/248/104 693/250/104
f 693/250/104 535/132/104 534/130/104
f 695/251/104 535/132/104 693/250/104
f 693/250/104 694/252/104 695/251/104
f 697/253/104 535/132/104 695/251/104
f 695/251/104 696/254/104 697/253/104
f 535/132/104 697/253/104 542/137/104
f 417/55/272 416/52/272 698/255/414
f 698/255/414 699/256/415 417/55/272
f 419/52/273 407/45/266 700/257/416
f 700/257/416 698/255/414 419/52/273
f 407/45/266 405/43/264 701/258/417
f 701/258/417 700/257/416 407/45/266
f 405/43/264 403/41/262 702/259/418
f 702/259/418 701/258/417 405/43/264
f 403/41/262 401/39/260 703/260/419
f 703/260/419 702/259/418 403/41/262
f 401/39/260 399/37/258 704/261/420
f 704/261/420 703/260/419 401/39/260
f 399/37/258 397/35/256 705/262/421
f 705/262/421 704/261/420 399/37/258
f 397/35/256 395/33/254 706/263/422
f 706/263/422 705/262/421 397/35/256
f 395/33/254 393/31/252 707/264/423
f 707/264/423 706/263/422 395/33/254
f 393/31/252 391/29/250 708/265/424
f 708/265/424 707/264/423 393/31/252
f 391/29/250 387/25/246 709/266/425
f 709/266/425 708/265/424 391/29/250
f 390/26/245 710/267/426 709/266/425
f 709/266/425 387/25/246 390/26/245
f 711/268/427 710/267/426 390/26/245
f 390/26/245 564/158/344 711/268/427
f 564/158/344 566/161/347 712/269/428
f 712/269/428 711/268/427 564/158/344
f 566/161/347 568/163/349 713/270/429
f 713/270/429 712/269/428 566/161/347
f 568/163/349 570/165/351 714/271/430
f 714/271/430 713/270/429 568/163/349
f 570/165/351 572/167/353 715/272/431
f 715/272/431 714/271/430 570/165/351
f 572/167/353 574/169/355 716/273/432
f 716/273/432 715/272/431 572/167/353
f 574/169/355 576/171/357 717/274/433
f 717/274/433 716/273/432 574/169/355
f 576/171/357 578/173/359 718/275/434
f 718/275/434 717/274/433 576/171/357
f 578/173/359 580/175/361 719/276/435
f 719/276/435 718/275/434 578/173/359
f 580/175/361 582/177/363 720/277/436
f 720/277/436 719/276/435 580/175/361
f 582/177/363 591/184/369 721/278/437
f 721/278/437 720/277/436 582/177/363
f 590/184/367 589/185/367 722/279/438
f 722/279/438 721/278/437 590/184/367
f 414/51/270 413/50/270 415/53/271
f 415/53/271 418/54/271 414/51/270
f 420/50/275 386/23/244 408/44/265
f 408/44/265 415/53/274 420/50/275
f 386/23/244 385/22/243 406/42/263
f 406/42/263 408/44/265 386/23/244
f 385/22/243 384/21/242 404/40/261
f 404/40/261 406/42/263 385/22/243
f 384/21/242 383/20/241 402/38/259
f 402/38/259 404/40/261 384/21/242
f 383/20/241 382/19/240 400/36/257
f 400/36/257 402/38/259 383/20/241
f 382/19/240 381/18/239 398/34/255
f 398/34/255 400/36/257 382/19/240
f 381/18/239 380/17/238 396/32/253
f 396/32/253 398/34/255 381/18/239
f 380/17/238 379/16/237 394/30/251
f 394/30/251 396/32/253 380/17/238
f 379/16/237 378/15/236 392/28/249
f 392/28/249 394/30/251 379/16/237
f 378/15/236 376/13/235 388/24/247
f 388/24/247 392/28/249 378/15/236
f 377/14/234 389/27/248 388/24/247
f 388/24/247 376/13/235 377/14/234
f 563/159/345 389/27/248 377/14/234
f 377/14/234 553/148/334 563/159/345
f 553/148/334 554/149/335 565/160/346
f 565/160/346 563/159/345 553/148/334
f 554/149/335 555/150/336 567/162/348
f 567/162/348 565/160/346 554/149/335
f 555/150/336 556/151/337 569/164/350
f 569/164/350 567/162/348 555/150/336
f 556/151/337 557/152/338 571/166/352
f 571/166/352 569/164/350 556/151/337
f 557/152/338 558/153/339 573/168/354
f 573/168/354 571/166/352 557/152/338
f 558/153/339 559/154/340 575/170/356
f 575/170/356 573/168/354 558/153/339
f 559/154/340 560/155/341 577/172/358
f 577/172/358 575/170/356 559/154/340
f 560/155/341 561/156/342 579/174/360
f 579/174/360 577/172/358 560/155/341
f 561/156/342 562/157/343 581/176/362
f 581/176/362 579/174/360 561/156/342
f 562/157/343 592/180/370 587/183/368
f 587/183/368 581/176/362 562/157/343
f 586/180/366 585/181/366 588/182/368
f 588/182/368 587/183/368 586/180/366
f 726/280/439 723/281/440 724/282/439
f 724/282/439 725/283/441 726/280/439
f 730/283/442 727/282/443 728/284/444
f 728/284/444 729/285/445 730/283/442
f 729/285/445 728/284/444 731/286/446
f 731/286/446 732/287/447 729/285/445
f 732/287/447 731/286/446 733/288/448
f 733/288/448 734/289/449 732/287/447
f 734/289/449 733/288/448 735/290/450
f 735/290/450 736/291/451 734/289/449
f 736/291/451 735/290/450 737/292/452
f 737/292/452 738/293/453 736/291/451
f 738/293/453 737/292/452 739/294/454
f 739/294/454 740/295/455 738/293/453
f 740/295/455 739/294/454 741/296/456
f 741/296/456 742/297/457 740/295/455
f 742/297/457 741/296/456 743/298/458
f 743/298/458 744/299/459 742/297/457
f 744/299/459 743/298/458 745/300/460
f 745/300/460 746/301/461 744/299/459
f 750/302/461 747/303/460 748/304/462
f 748/304/462 749/305/463 750/302/461
f 749/305/463 748/304/462 751/306/464
f 751/306/464 752/307/465 749/305/463
f 752/307/465 751/306/464 753/308/466
f 753/308/466 754/309/467 752/307/465
f 754/309/467 753/308/466 755/310/468
f 755/310/468 756/311/469 754/309/467
f 756/311/469 755/310/468 757/312/470
f 757/312/470 758/313/471 756/311/469
f 758/313/471 757/312/470 759/314/472
f 759/314/472 760/315/473 758/313/471
f 760/315/473 759/314/472 761/316/474
f 761/316/474 762/317/475 760/315/473
f 762/317/475 761/316/474 763/318/476
f 763/318/476 764/319/477 762/317/475
f 764/319/477 763/318/476 765/320/478
f 765/320/478 766/321/479 764/319/477
f 766/321/479 765/320/478 767/322/480
f 767/322/480 768/323/481 766/321/479
f 771/324/482 769/280/483 730/283/442
f 730/283/442 770/325/484 771/324/482
f 770/325/484 730/283/442 729/285/445
f 729/285/445 772/326/485 770/325/484
f 772/326/485 729/285/445 732/287/447
f 732/287/447 773/327/486 772/326/485
f 773/327/486 732/287/447 734/289/449
f 734/289/449 774/328/487 773/327/486
f 774/328/487 734/289/449 736/291/451
f 736/291/451 775/329/488 774/328/487
f 775/329/488 736/291/451 738/293/453
f 738/293/453 776/330/489 775/329/488
f 776/330/489 738/293/453 740/295/455
f 740/295/455 777/331/490 776/330/489
f 777/331/490 740/295/455 742/297/457
f 742/297/457 778/332/491 777/331/490
f 778/332/491 742/297/457 744/299/459
f 744/299/459 779/333/492 778/332/491
f 779/333/492 744/299/459 746/301/461
f 746/301/461 780/334/493 779/333/492
f 782/335/493 750/302/461 749/305/463
f 749/305/463 781/336/494 782/335/493
f 781/336/494 749/305/463 752/307/465
f 752/307/465 783/337/495 781/336/494
f 783/337/495 752/307/465 754/309/467
f 754/309/467 784/338/496 783/337/495
f 784/338/496 754/309/467 756/311/469
f 756/311/469 785/339/497 784/338/496
f 785/339/497 756/311/469 758/313/471
f 758/313/471 786/340/498 785/339/497
f 786/340/498 758/313/471 760/315/473
f 760/315/473 787/341/499 786/340/498
f 787/341/499 760/315/473 762/317/475
f 762/317/475 788/342/500 787/341/499
f 788/342/500 762/317/475 764/319/477
f 764/319/477 789/343/501 788/342/500
f 789/343/501 764/319/477 766/321/479
f 766/321/479 790/344/502 789/343/501
f 790/344/502 766/321/479 768/323/481
f 768/323/481 791/345/503 790/344/502
f 793/346/504 771/324/482 770/325/484
f 770/325/484 792/347/505 793/346/504
f 792/347/505 770/325/484 772/326/485
f 772/326/485 794/348/506 792/347/505
f 794/348/506 772/326/485 773/327/486
f 773/327/486 795/349/507 794/348/506
f 795/349/507 773/327/486 774/328/487
f 774/328/487 796/350/508 795/349/507
f 796/350/508 774/328/487 775/329/488
f 775/329/488 797/351/509 796/350/508
f 797/351/509 775/329/488 776/330/489
f 776/330/489 798/352/510 797/351/509
f 798/352/510 776/330/489 777/331/490
f 777/331/490 799/353/511 798/352/510
f 799/353/511 777/331/490 778/332/491
f 778/332/491 800/354/512 799/353/511
f 800/354/512 778/332/491 779/333/492
f 779/333/492 801/355/513 800/354/512
f 801/355/513 779/333/492 780/334/493
f 780/334/493 802/356/514 801/355/513
f 804/357/514 782/335/493 781/336/494
f 781/336/494 803/358/515 804/357/514
f 803/358/515 781/336/494 783/337/495
f 783/337/495 805/359/516 803/358/515
f 805/359/516 783/337/495 784/338/496
f 784/338/496 806/360/517 805/359/516
f 806/360/517 784/338/496 785/339/497
f 785/339/497 807/361/518 806/360/517
f 807/361/518 785/339/497 786/340/498
f 786/340/498 808/362/519 807/361/518
f 808/362/519 786/340/498 787/341/499
f 787/341/499 809/363/520 808/362/519
f 809/363/520 787/341/499 788/342/500
f 788/342/500 810/364/521 809/363/520
f 810/364/521 788/342/500 789/343/501
f 789/343/501 811/365/522 810/364/521
f 811/365/522 789/343/501 790/344/502
f 790/344/502 812/366/523 811/365/522
f 812/366/523 790/344/502 791/345/503
f 791/345/503 813/367/524 812/366/523
f 815/368/525 793/346/504 792/347/505
f 792/347/505 814/369/526 815/368/525
f 814/369/526 792/347/505 794/348/506
f 794/348/506 816/370/527 814/369/526
f 816/370/527 794/348/506 795/349/507
f 795/349/507 817/371/528 816/370/527
f 817/371/528 795/349/507 796/350/508
f 796/350/508 818/372/529 817/371/528
f 818/372/529 796/350/508 797/351/509
f 797/351/509 819/373/530 818/372/529
f 819/373/530 797/351/509 798/352/510
f 798/352/510 820/374/531 819/373/530
f 820/374/531 798/352/510 799/353/511
f 799/353/511 821/375/532 820/374/531
f 821/375/532 799/353/511 800/354/512
f 800/354/512 822/376/533 821/375/532
f 822/376/533 800/354/512 801/355/513
f 801/355/513 823/377/534 822/376/533
f 823/377/534 801/355/513 802/356/514
f 802/356/514 824/378/535 823/377/534
f 826/379/535 804/357/514 803/358/515
f 803/358/515 825/380/536 826/379/535
f 825/380/536 803/358/515 805/359/516
f 805/359/516 827/381/537 825/380/536
f 827/381/537 805/359/516 806/360/517
f 806/360/517 828/382/538 827/381/537
f 828/382/538 806/360/517 807/361/518
f 807/361/518 829/383/539 828/382/538
f 829/383/539 807/361/518 808/362/519
f 808/362/519 830/384/540 829/383/539
f 830/384/540 808/362/519 809/363/520
f 809/363/520 831/385/541 830/384/540
f 831/385/541 809/363/520 810/364/521
f 810/364/521 832/386/542 831/385/541
f 832/386/542 810/364/521 811/365/522
f 811/365/522 833/387/543 832/386/542
f 833/387/543 811/365/522 812/366/523
f 812/366/523 834/388/544 833/387/543
f 834/388/544 812/366/523 813/367/524
f 813/367/524 835/389/545 834/388/544
f 837/390/546 815/368/525 814/369/526
f 814/369/526 836/391/547 837/390/546
f 836/391/547 814/369/526 816/370/527
f 816/370/527 838/392/548 836/391/547
f 838/392/548 816/370/527 817/371/528
f 817/371/528 839/393/549 838/392/548
f 839/393/549 817/371/528 818/372/529
f 818/372/529 840/394/550 839/393/549
f 840/394/550 818/372/529 819/373/530
f 819/373/530 841/395/551 840/394/550
f 841/395/551 819/373/530 820/374/531
f 820/374/531 842/396/552 841/395/551
f 842/396/552 820/374/531 821/375/532
f 821/375/532 843/397/553 842/396/552
f 843/397/553 821/375/532 822/376/533
f 822/376/533 844/398/554 843/397/553
f 844/398/554 822/376/533 823/377/534
f 823/377/534 845/399/555 844/398/554
f 845/399/555 823/377/534 824/378/535
f 824/378/535 846/400/556 845/399/555
f 848/401/557 826/379/535 825/380/536
f 825/380/536 847/402/558 848/401/557
f 847/402/558 825/380/536 827/381/537
f 827/381/537 849/403/559 847/402/558
f 849/403/559 827/381/537 828/382/538
f 828/382/538 850/404/560 849/403/559
f 850/404/560 828/382/538 829/383/539
f 829/383/539 851/405/561 850/404/560
f 851/405/561 829/383/539 830/384/540
f 830/384/540 852/406/562 851/405/561
f 852/406/562 830/384/540 831/385/541
f 831/385/541 853/407/563 852/406/562
f 853/407/563 831/385/541 832/386/542
f 832/386/542 854/408/564 853/407/563
f 854/408/564 832/386/542 833/387/543
f 833/387/543 855/409/565 854/408/564
f 855/409/565 833/387/543 834/388/544
f 834/388/544 856/410/566 855/409/565
f 856/410/566 834/388/544 835/389/545
f 835/389/545 857/411/567 856/410/566
f 859/412/568 837/390/546 836/391/547
f 836/391/547 858/413/569 859/412/568
f 858/413/569 836/391/547 838/392/548
f 838/392/548 860/414/570 858/413/569
f 860/414/570 838/392/548 839/393/549
f 839/393/549 861/415/571 860/414/570
f 861/415/571 839/393/549 840/394/550
f 840/394/550 862/416/572 861/415/571
f 862/416/572 840/394/550 841/395/551
f 841/395/551 863/417/573 862/416/572
f 863/417/573 841/395/551 842/396/552
f 842/396/552 864/418/574 863/417/573
f 864/418/574 842/396/552 843/397/553
f 843/397/553 865/419/575 864/418/574
f 865/419/575 843/397/553 844/398/554
f 844/398/554 866/420/576 865/419/575
f 866/420/576 844/398/554 845/399/555
f 845/399/555 867/421/577 866/420/576
f 867/421/577 845/399/555 846/400/556
f 846/400/556 868/422/578 867/421/577
f 870/423/578 848/401/557 847/402/558
f 847/402/558 869/424/579 870/423/578
f 869/424/579 847/402/558 849/403/559
f 849/403/559 871/425/580 869/424/579
f 871/425/580 849/403/559 850/404/560
f 850/404/560 872/426/581 871/425/580
f 872/426/581 850/404/560 851/405/561
f 851/405/561 873/427/582 872/426/581
f 873/427/582 851/405/561 852/406/562
f 852/406/562 874/428/583 873/427/582
f 874/428/583 852/406/562 853/407/563
f 853/407/563 875/429/584 874/428/583
f 875/429/584 853/407/563 854/408/564
f 854/408/564 876/430/585 875/429/584
f 876/430/585 854/408/564 855/409/565
f 855/409/565 877/431/586 876/430/585
f 877/431/586 855/409/565 856/410/566
f 856/410/566 878/432/587 877/431/586
f 878/432/587 856/410/566 857/411/567
f 857/411/567 879/433/588 878/432/587
f 881/434/589 859/412/568 858/413/569
f 858/413/569 880/435/590 881/434/589
f 880/435/590 858/413/569 860/414/570
f 860/414/570 882/436/591 880/435/590
f 882/436/591 860/414/570 861/415/571
f 861/415/571 883/437/592 882/436/591
f 883/437/592 861/415/571 862/416/572
f 862/416/572 884/438/593 883/437/592
f 884/438/593 862/416/572 863/417/573
f 863/417/573 885/439/594 884/438/593
f 885/439/594 863/417/573 864/418/574
f 864/418/574 886/440/595 885/439/594
f 886/440/595 864/418/574 865/419/575
f 865/419/575 887/441/596 886/440/595
f 887/441/596 865/419/575 866/420/576
f 866/420/576 888/442/597 887/441/596
f 888/442/597 866/420/576 867/421/577
f 867/421/577 889/443/598 888/442/597
f 889/443/598 867/421/577 868/422/578
f 868/422/578 890/444/599 889/443/598
f 892/445/599 870/423/578 869/424/579
f 869/424/579 891/446/600 892/445/599
f 891/446/600 869/424/579 871/425/580
f 871/425/580 893/447/601 891/446/600
f 893/447/601 871/425/580 872/426/581
f 872/426/581 894/448/602 893/447/601
f 894/448/602 872/426/581 873/427/582
f 873/427/582 895/449/603 894/448/602
f 895/449/603 873/427/582 874/428/583
f 874/428/583 896/450/604 895/449/603
f 896/450/604 874/428/583 875/429/584
f 875/429/584 897/451/605 896/450/604
f 897/451/605 875/429/584 876/430/585
f 876/430/585 898/452/606 897/451/605
f 898/452/606 876/430/585 877/431/586
f 877/431/586 899/453/607 898/452/606
f 899/453/607 877/431/586 878/432/587
f 878/432/587 900/454/608 899/453/607
f 900/454/608 878/432/587 879/433/588
f 879/433/588 901/455/609 900/454/608
f 905/456/49 902/457/49 903/458/49
f 903/458/49 904/459/49 905/456/49
f 909/460/49 906/461/49 907/462/49
f 907/462/49 908/463/49 909/460/49
f 908/463/49 907/462/49 910/464/49
f 910/464/49 911/465/49 908/463/49
f 911/465/49 910/464/49 912/466/49
f 912/466/49 913/467/49 911/465/49
f 913/467/49 912/466/49 914/468/49
f 914/468/49 915/469/49 913/467/49
f 915/469/49 914/468/49 916/470/49
f 916/470/49 917/471/49 915/469/49
f 917/471/49 916/470/49 918/472/49
f 918/472/49 919/473/49 917/471/49
f 919/473/49 918/472/49 920/474/49
f 920/474/49 921/475/49 919/473/49
f 921/475/49 920/474/49 902/457/49
f 902/457/49 905/456/49 921/475/49
f 904/459/49 903/458/49 922/476/49
f 922/476/49 923/477/49 904/459/49
f 923/477/49 922/476/49 924/478/49
f 924/478/49 925/479/49 923/477/49
f 925/479/49 924/478/49 926/480/49
f 926/480/49 927/481/49 925/479/49
f 927/481/49 926/480/49 928/482/49
f 928/482/49 929/483/49 927/481/49
f 929/483/49 928/482/49 930/484/49
f 930/484/49 931/485/49 929/483/49
f 931/485/49 930/484/49 932/486/49
f 932/486/49 933/487/49 931/485/49
f 933/487/49 932/486/49 934/488/49
f 934/488/49 935/489/49 933/487/49
f 935/489/49 934/488/49 936/490/49
f 936/490/49 937/491/49 935/489/49
f 937/491/49 936/490/49 938/492/49
f 938/492/49 939/493/49 937/491/49
f 939/493/49 938/492/49 940/494/49
f 940/494/49 941/495/49 939/493/49
f 941/495/49 940/494/49 942/496/49
f 942/496/49 943/497/49 941/495/49
f 947/498/610 944/499/611 945/500/612
f 945/500/612 946/501/610 947/498/610
f 949/502/613 945/500/612 944/499/611
f 944/499/611 948/503/614 949/502/613
f 951/504/615 949/502/613 948/503/614
f 948/503/614 950/505/616 951/504/615
f 955/506/617 952/507/618 953/508/619
f 953/508/619 954/509/617 955/506/617
f 957/510/620 955/506/617 954/509/617
f 954/509/617 956/511/621 957/510/620
f 959/512/622 957/510/620 956/511/621
f 956/511/621 958/513/623 959/512/622
f 961/514/624 959/512/622 958/513/623
f 958/513/623 960/515/624 961/514/624
f 963/516/625 961/514/624 960/515/624
f 960/515/624 962/517/625 963/516/625
f 967/518/626 964/519/625 965/520/625
f 965/520/625 966/521/627 967/518/626
f 950/505/616 967/518/626 966/521/627
f 966/521/627 951/504/615 950/505/616
f 969/522/628 947/498/610 946/501/610
f 946/501/610 968/523/629 969/522/628
f 971/524/630 969/522/628 968/523/629
f 968/523/629 970/525/631 971/524/630
f 973/526/632 971/524/630 970/525/631
f 970/525/631 972/527/633 973/526/632
f 975/528/634 973/526/632 972/527/633
f 972/527/633 974/529/634 975/528/634
f 977/530/635 975/528/634 974/529/634
f 974/529/634 976/531/635 977/530/635
f 981/532/636 978/533/637 979/534/637
f 979/534/637 980/535/638 981/532/636
f 983/536/639 981/532/636 980/535/638
f 980/535/638 982/537/640 983/536/639
f 985/538/641 983/536/639 982/537/640
f 982/537/640 984/539/641 985/538/641
f 987/540/642 985/538/641 984/539/641
f 984/539/641 986/541/642 987/540/642
f 989/542/643 987/540/642 986/541/642
f 986/541/642 988/543/643 989/542/643
f 990/544/49 991/545/49 992/546/49
f 991/545/49 993/547/49 994/548/49
f 991/545/49 994/548/49 995/549/49
f 991/545/49 995/549/49 996/550/49
f 991/545/49 996/550/49 997/551/49
f 991/545/49 997/551/49 998/552/49
f 991/545/49 998/552/49 999/553/49
f 991/545/49 999/553/49 1000/554/49
f 991/545/49 1000/554/49 992/546/49
f 1001/555/49 991/545/49 990/544/49
f 1002/556/49 991/545/49 1001/555/49
f 1003/557/49 991/545/49 1002/556/49
f 1004/558/49 991/545/49 1003/557/49
f 1005/559/49 991/545/49 1004/558/49
f 1006/560/49 991/545/49 1005/559/49
f 1007/561/49 991/545/49 1006/560/49
f 1008/562/49 991/545/49 1007/561/49
f 1009/563/49 991/545/49 1008/562/49
f 1010/564/49 991/545/49 1009/563/49
f 1011/565/49 991/545/49 1010/564/49
f 1015/502/644 1012/566/644 1013/567/645
f 1013/567/645 1014/500/645 1015/502/644
f 1019/508/646 1016/568/646 1017/569/647
f 1017/569/647 1018/509/647 1019/508/646
f 1018/509/647 1017/569/647 1020/570/648
f 1020/570/648 1021/511/648 1018/509/647
f 1021/511/648 1020/570/648 1022/571/649
f 1022/571/649 1023/513/649 1021/511/648
f 1027/572/649 1024/573/649 1025/574/650
f 1025/574/650 1026/575/650 1027/572/649
f 1026/575/650 1025/574/650 1028/576/651
f 1028/576/651 1029/520/651 1026/575/650
f 1029/520/651 1028/576/651 1030/577/652
f 1030/577/652 1031/521/652 1029/520/651
f 1031/521/652 1030/577/652 1032/578/653
f 1032/578/653 1033/504/653 1031/521/652
f 1033/504/653 1032/578/653 1012/566/644
f 1012/566/644 1015/502/644 1033/504/653
f 1014/500/645 1013/567/645 1034/579/154
f 1034/579/154 1035/501/154 1014/500/645
f 1035/501/154 1034/579/154 1036/580/654
f 1036/580/654 1037/523/654 1035/501/154
f 1037/523/654 1036/580/654 1038/581/655
f 1038/581/655 1039/525/655 1037/523/654
f 1039/525/655 1038/581/655 1040/582/656
f 1040/582/656 1041/527/656 1039/525/655
f 1041/527/656 1040/582/656 1042/583/657
f 1042/583/657 1043/529/657 1041/527/656
f 1043/529/657 1042/583/657 1044/584/658
f 1044/584/658 1045/531/658 1043/529/657
f 1045/531/658 1044/584/658 1046/585/659
f 1046/585/659 1047/586/659 1045/531/658
f 1047/586/659 1046/585/659 1048/587/660
f 1048/587/660 1049/588/660 1047/586/659
f 1053/537/660 1050/589/660 1051/590/661
f 1051/590/661 1052/539/661 1053/537/660
f 1052/539/661 1051/590/661 1054/591/662
f 1054/591/662 1055/541/662 1052/539/661
f 1055/541/662 1054/591/662 1056/592/104
f 1056/592/104 1057/543/104 1055/541/662
f 1061/593/663 1058/594/664 1059/595/665
f 1059/595/665 1060/596/666 1061/593/663
f 1063/597/667 1061/593/663 1060/596/666
f 1060/596/666 1062/598/668 1063/597/667
f 1065/599/669 1063/597/667 1062/598/668
f 1062/598/668 1064/600/670 1065/599/669
f 1067/601/671 1065/599/669 1064/600/670
f 1064/600/670 1066/602/672 1067/601/671
f 1069/603/673 1067/601/671 1066/602/672
f 1066/602/672 1068/604/674 1069/603/673
f 1071/605/675 1069/603/673 1068/604/674
f 1068/604/674 1070/606/676 1071/605/675
f 1073/607/677 1071/605/675 1070/606/676
f 1070/606/676 1072/608/678 1073/607/677
f 1075/609/679 1073/607/677 1072/608/678
f 1072/608/678 1074/610/680 1075/609/679
f 1077/611/681 1075/609/679 1074/610/680
f 1074/610/680 1076/612/682 1077/611/681
f 1079/613/683 1077/611/681 1076/612/682
f 1076/612/682 1078/614/684 1079/613/683
f 1081/615/685 1079/613/683 1078/614/684
f 1078/614/684 1080/616/686 1081/615/685
f 1085/617/687 1082/618/685 1083/619/686
f 1083/619/686 1084/620/688 1085/617/687
f 1087/621/689 1085/617/687 1084/620/688
f 1084/620/688 1086/622/690 1087/621/689
f 1089/623/691 1087/621/689 1086/622/690
f 1086/622/690 1088/624/692 1089/623/691
f 1091/625/693 1089/623/691 1088/624/692
f 1088/624/692 1090/626/694 1091/625/693
f 1093/627/695 1091/625/693 1090/626/694
f 1090/626/694 1092/628/696 1093/627/695
f 1095/629/697 1093/627/695 1092/628/696
f 1092/628/696 1094/630/698 1095/629/697
f 1097/631/699 1095/629/697 1094/630/698
f 1094/630/698 1096/632/700 1097/631/699
f 1099/633/701 1097/631/699 1096/632/700
f 1096/632/700 1098/634/702 1099/633/701
f 1101/635/703 1099/633/701 1098/634/702
f 1098/634/702 1100/636/704 1101/635/703
f 1060/596/666 1059/595/665 1102/637/705
f 1102/637/705 1103/638/706 1060/596/666
f 1062/598/668 1060/596/666 1103/638/706
f 1103/638/706 1104/639/707 1062/598/668
f 1064/600/670 1062/598/668 1104/639/707
f 1104/639/707 1105/640/708 1064/600/670
f 1066/602/672 1064/600/670 1105/640/708
f 1105/640/708 1106/641/709 1066/602/672
f 1068/604/674 1066/602/672 1106/641/709
f 1106/641/709 1107/642/710 1068/604/674
f 1070/606/676 1068/604/674 1107/642/710
f 1107/642/710 1108/643/711 1070/606/676
f 1072/608/678 1070/606/676 1108/643/711
f 1108/643/711 1109/644/712 1072/608/678
f 1074/610/680 1072/608/678 1109/644/712
f 1109/644/712 1110/645/713 1074/610/680
f 1076/612/682 1074/610/680 1110/645/713
f 1110/645/713 1111/646/714 1076/612/682
f 1078/614/684 1076/612/682 1111/646/714
f 1111/646/714 1112/647/715 1078/614/684
f 1080/616/686 1078/614/684 1112/647/715
f 1112/647/715 1113/648/716 1080/616/686
f 1084/620/688 1083/619/686 1114/649/716
f 1114/649/716 1115/650/717 1084/620/688
f 1086/622/690 1084/620/688 1115/650/717
f 1115/650/717 1116/651/718 1086/622/690
f 1088/624/692 1086/622/690 1116/651/718
f 1116/651/718 1117/652/719 1088/624/692
f 1090/626/694 1088/624/692 1117/652/719
f 1117/652/719 1118/653/720 1090/626/694
f 1092/628/696 1090/626/694 1118/653/720
f 1118/653/720 1119/654/721 1092/628/696
f 1094/630/698 1092/628/696 1119/654/721
f 1119/654/721 1120/655/722 1094/630/698
f 1096/632/700 1094/630/698 1120/655/722
f 1120/655/722 1121/656/723 1096/632/700
f 1098/634/702 1096/632/700 1121/656/723
f 1121/656/723 1122/657/724 1098/634/702
f 1100/636/704 1098/634/702 1122/657/724
f 1122/657/724 1123/658/725 1100/636/704
f 1103/638/706 1102/637/705 1124/659/726
f 1124/659/726 1125/660/727 1103/638/706
f 1104/639/707 1103/638/706 1125/660/727
f 1125/660/727 1126/661/728 1104/639/707
f 1105/640/708 1104/639/707 1126/661/728
f 1126/661/728 1127/662/729 1105/640/708
f 1106/641/709 1105/640/708 1127/662/729
f 1127/662/729 1128/663/730 1106/641/709
f 1107/642/710 1106/641/709 1128/663/730
f 1128/663/730 1129/664/731 1107/642/710
f 1108/643/711 1107/642/710 1129/664/731
f 1129/664/731 1130/665/732 1108/643/711
f 1109/644/712 1108/643/711 1130/665/732
f 1130/665/732 1131/666/733 1109/644/712
f 1110/645/713 1109/644/712 1131/666/733
f 1131/666/733 1132/667/734 1110/645/713
f 1111/646/714 1110/645/713 1132/667/734
f 1132/667/734 1133/668/735 1111/646/714
f 1112/647/715 1111/646/714 1133/668/735
f 1133/668/735 1134/669/736 1112/647/715
f 1113/648/716 1112/647/715 1134/669/736
f 1134/669/736 1135/670/737 1113/648/716
f 1115/650/717 1114/649/716 1136/671/737
f 1136/671/737 1137/672/738 1115/650/717
f 1116/651/718 1115/650/717 1137/672/738
f 1137/672/738 1138/673/739 1116/651/718
f 1117/652/719 1116/651/718 1138/673/739
f 1138/673/739 1139/674/740 1117/652/719
f 1118/653/720 1117/652/719 1139/674/740
f 1139/674/740 1140/675/741 1118/653/720
f 1119/654/721 1118/653/720 1140/675/741
f 1140/675/741 1141/676/742 1119/654/721
f 1120/655/722 1119/654/721 1141/676/742
f 1141/676/742 1142/677/743 1120/655/722
f 1121/656/723 1120/655/722 1142/677/743
f 1142/677/743 1143/678/744 1121/656/723
f 1122/657/724 1121/656/723 1143/678/744
f 1143/678/744 1144/679/745 1122/657/724
f 1123/658/725 1122/657/724 1144/679/745
f 1144/679/745 1145/680/746 1123/658/725
f 1125/660/727 1124/659/726 1146/681/747
f 1146/681/747 1147/682/748 1125/660/727
f 1126/661/728 1125/660/727 1147/682/748
f 1147/682/748 1148/683/749 1126/661/728
f 1127/662/729 1126/661/728 1148/683/749
f 1148/683/749 1149/684/750 1127/662/729
f 1128/663/730 1127/662/729 1149/684/750
f 1149/684/750 1150/685/751 1128/663/730
f 1129/664/731 1128/663/730 1150/685/751
f 1150/685/751 1151/686/752 1129/664/731
f 1130/665/732 1129/664/731 1151/686/752
f 1151/686/752 1152/687/753 1130/665/732
f 1131/666/733 1130/665/732 1152/687/753
f 1152/687/753 1153/688/754 1131/666/733
f 1132/667/734 1131/666/733 1153/688/754
f 1153/688/754 1154/689/755 1132/667/734
f 1133/668/735 1132/667/734 1154/689/755
f 1154/689/755 1155/690/756 1133/668/735
f 1134/669/736 1133/668/735 1155/690/756
f 1155/690/756 1156/691/757 1134/669/736
f 1135/670/737 1134/669/736 1156/691/757
f 1156/691/757 1157/692/758 1135/670/737
f 1137/672/738 1136/671/737 1158/693/758
f 1158/693/758 1159/694/759 1137/672/738
f 1138/673/739 1137/672/738 1159/694/759
f 1159/694/759 1160/695/760 1138/673/739
f 1139/674/740 1138/673/739 1160/695/760
f 1160/695/760 1161/696/761 1139/674/740
f 1140/675/741 1139/674/740 1161/696/761
f 1161/696/761 1162/697/762 1140/675/741
f 1141/676/742 1140/675/741 1162/697/762
f 1162/697/762 1163/698/763 1141/676/742
f 1142/677/743 1141/676/742 1163/698/763
f 1163/698/763 1164/699/764 1142/677/743
f 1143/678/744 1142/677/743 1164/699/764
f 1164/699/764 1165/700/765 1143/678/744
f 1144/679/745 1143/678/744 1165/700/765
f 1165/700/765 1166/701/766 1144/679/745
f 1145/680/746 1144/679/745 1166/701/766
f 1166/701/766 1167/702/767 1145/680/746
f 1147/682/748 1146/681/747 1168/703/768
f 1168/703/768 1169/704/769 1147/682/748
f 1148/683/749 1147/682/748 1169/704/769
f 1169/704/769 1170/705/770 1148/683/749
f 1149/684/750 1148/683/749 1170/705/770
f 1170/705/770 1171/706/771 1149/684/750
f 1150/685/751 1149/684/750 1171/706/771
f 1171/706/771 1172/707/772 1150/685/751
f 1151/686/752 1150/685/751 1172/707/772
f 1172/707/772 1173/708/773 1151/686/752
f 1152/687/753 1151/686/752 1173/708/773
f 1173/708/773 1174/709/774 1152/687/753
f 1153/688/754 1152/687/753 1174/709/774
f 1174/709/774 1175/710/775 1153/688/754
f 1154/689/755 1153/688/754 1175/710/775
f 1175/710/775 1176/711/776 1154/689/755
f 1155/690/756 1154/689/755 1176/711/776
f 1176/711/776 1177/712/777 1155/690/756
f 1156/691/757 1155/690/756 1177/712/777
f 1177/712/777 1178/713/778 1156/691/757
f 1157/692/758 1156/691/757 1178/713/778
f 1178/713/778 1179/714/779 1157/692/758
f 1159/694/759 1158/693/758 1180/715/779
f 1180/715/779 1181/716/780 1159/694/759
f 1160/695/760 1159/694/759 1181/716/780
f 1181/716/780 1182/717/781 1160/695/760
f 1161/696/761 1160/695/760 1182/717/781
f 1182/717/781 1183/718/782 1161/696/761
f 1162/697/762 1161/696/761 1183/718/782
f 1183/718/782 1184/719/783 1162/697/762
f 1163/698/763 1162/697/762 1184/719/783
f 1184/719/783 1185/720/784 1163/698/763
f 1164/699/764 1163/698/763 1185/720/784
f 1185/720/784 1186/721/785 1164/699/764
f 1165/700/765 1164/699/764 1186/721/785
f 1186/721/785 1187/722/786 1165/700/765
f 1166/701/766 1165/700/765 1187/722/786
f 1187/722/786 1188/723/787 1166/701/766
f 1167/702/767 1166/701/766 1188/723/787
f 1188/723/787 1189/724/788 1167/702/767
f 1169/704/769 1168/703/768 1190/725/789
f 1190/725/789 1191/726/790 1169/704/769
f 1170/705/770 1169/704/769 1191/726/790
f 1191/726/790 1192/727/791 1170/705/770
f 1171/706/771 1170/705/770 1192/727/791
f 1192/727/791 1193/728/792 1171/706/771
f 1172/707/772 1171/706/771 1193/728/792
f 1193/728/792 1194/729/793 1172/707/772
f 1173/708/773 1172/707/772 1194/729/793
f 1194/729/793 1195/730/794 1173/708/773
f 1174/709/774 1173/708/773 1195/730/794
f 1195/730/794 1196/731/795 1174/709/774
f 1175/710/775 1174/709/774 1196/731/795
f 1196/731/795 1197/732/796 1175/710/775
f 1176/711/776 1175/710/775 1197/732/796
f 1197/732/796 1198/733/797 1176/711/776
f 1177/712/777 1176/711/776 1198/733/797
f 1198/733/797 1199/734/798 1177/712/777
f 1178/713/778 1177/712/777 1199/734/798
f 1199/734/798 1200/735/799 1178/713/778
f 1179/714/779 1178/713/778 1200/735/799
f 1200/735/799 1201/736/800 1179/714/779
f 1181/716/780 1180/715/779 1202/737/801
f 1202/737/801 1203/738/802 1181/716/780
f 1182/717/781 1181/716/780 1203/738/802
f 1203/738/802 1204/739/803 1182/717/781
f 1183/718/782 1182/717/781 1204/739/803
f 1204/739/803 1205/740/804 1183/718/782
f 1184/719/783 1183/718/782 1205/740/804
f 1205/740/804 1206/741/805 1184/719/783
f 1185/720/784 1184/719/783 1206/741/805
f 1206/741/805 1207/742/806 1185/720/784
f 1186/721/785 1185/720/784 1207/742/806
f 1207/742/806 1208/743/807 1186/721/785
f 1187/722/786 1186/721/785 1208/743/807
f 1208/743/807 1209/744/808 1187/722/786
f 1188/723/787 1187/722/786 1209/744/808
f 1209/744/808 1210/745/809 1188/723/787
f 1189/724/788 1188/723/787 1210/745/809
f 1210/745/809 1211/746/810 1189/724/788
f 1191/726/790 1190/725/789 1212/747/811
f 1212/747/811 1213/748/812 1191/726/790
f 1192/727/791 1191/726/790 1213/748/812
f 1213/748/812 1214/749/813 1192/727/791
f 1193/728/792 1192/727/791 1214/749/813
f 1214/749/813 1215/750/814 1193/728/792
f 1194/729/793 1193/728/792 1215/750/814
f 1215/750/814 1216/751/815 1194/729/793
f 1195/730/794 1194/729/793 1216/751/815
f 1216/751/815 1217/752/816 1195/730/794
f 1196/731/795 1195/730/794 1217/752/816
f 1217/752/816 1218/753/817 1196/731/795
f 1197/732/796 1196/731/795 1218/753/817
f 1218/753/817 1219/754/818 1197/732/796
f 1198/733/797 1197/732/796 1219/754/818
f 1219/754/818 1220/755/819 1198/733/797
f 1199/734/798 1198/733/797 1220/755/819
f 1220/755/819 1221/756/820 1199/734/798
f 1200/735/799 1199/734/798 1221/756/820
f 1221/756/820 1222/757/821 1200/735/799
f 1201/736/800 1200/735/799 1222/757/821
f 1222/757/821 1223/758/822 1201/736/800
f 1203/738/802 1202/737/801 1224/759/822
f 1224/759/822 1225/760/823 1203/738/802
f 1204/739/803 1203/738/802 1225/760/823
f 1225/760/823 1226/761/824 1204/739/803
f 1205/740/804 1204/739/803 1226/761/824
f 1226/761/824 1227/762/825 1205/740/804
f 1206/741/805 1205/740/804 1227/762/825
f 1227/762/825 1228/763/826 1206/741/805
f 1207/742/806 1206/741/805 1228/763/826
f 1228/763/826 1229/764/827 1207/742/806
f 1208/743/807 1207/742/806 1229/764/827
f 1229/764/827 1230/765/828 1208/743/807
f 1209/744/808 1208/743/807 1230/765/828
f 1230/765/828 1231/766/829 1209/744/808
f 1210/745/809 1209/744/808 1231/766/829
f 1231/766/829 1232/767/830 1210/745/809
f 1211/746/810 1210/745/809 1232/767/830
f 1232/767/830 1233/768/831 1211/746/810
f 1237/769/84 1234/770/84 1235/771/84
f 1235/771/84 1236/772/84 1237/769/84
f 1241/773/84 1238/774/84 1239/775/84
f 1239/775/84 1240/776/84 1241/773/84
f 1243/777/84 1241/773/84 1240/776/84
f 1240/776/84 1242/778/84 1243/777/84
f 1245/779/84 1243/777/84 1242/778/84
f 1242/778/84 1244/780/84 1245/779/84
f 1247/781/84 1245/779/84 1244/780/84
f 1244/780/84 1246/782/84 1247/781/84
f 1249/783/84 1247/781/84 1246/782/84
f 1246/782/84 1248/784/84 1249/783/84
f 1251/785/84 1249/783/84 1248/784/84
f 1248/784/84 1250/786/84 1251/785/84
f 1253/787/84 1251/785/84 1250/786/84
f 1250/786/84 1252/788/84 1253/787/84
f 1234/770/84 1253/787/84 1252/788/84
f 1252/788/84 1235/771/84 1234/770/84
f 1255/789/84 1237/769/84 1236/772/84
f 1236/772/84 1254/790/84 1255/789/84
f 1257/791/84 1255/789/84 1254/790/84
f 1254/790/84 1256/792/84 1257/791/84
f 1259/793/84 1257/791/84 1256/792/84
f 1256/792/84 1258/794/84 1259/793/84
f 1261/795/84 1259/793/84 1258/794/84
f 1258/794/84 1260/796/84 1261/795/84
f 1263/797/84 1261/795/84 1260/796/84
f 1260/796/84 1262/798/84 1263/797/84
f 1265/799/84 1263/797/84 1262/798/84
f 1262/798/84 1264/800/84 1265/799/84
f 1267/801/84 1265/799/84 1264/800/84
f 1264/800/84 1266/802/84 1267/801/84
f 1269/803/84 1267/801/84 1266/802/84
f 1266/802/84 1268/804/84 1269/803/84
f 1271/805/84 1269/803/84 1268/804/84
f 1268/804/84 1270/806/84 1271/805/84
f 1273/807/84 1271/805/84 1270/806/84
f 1270/806/84 1272/808/84 1273/807/84
f 1275/809/84 1273/807/84 1272/808/84
f 1272/808/84 1274/810/84 1275/809/84
f 1279/811/832 1276/812/833 1277/813/834
f 1277/813/834 1278/814/834 1279/811/832
f 1276/812/833 1279/811/832 1280/815/835
f 1280/815/835 1281/816/836 1276/812/833
f 1281/816/836 1280/815/835 1282/817/837
f 1282/817/837 1283/818/838 1281/816/836
f 1287/543/839 1284/542/840 1285/540/841
f 1285/540/841 1286/819/841 1287/543/839
f 1286/819/841 1285/540/841 1288/538/842
f 1288/538/842 1289/539/843 1286/819/841
f 1289/539/843 1288/538/842 1290/536/844
f 1290/536/844 1291/537/845 1289/539/843
f 1291/537/845 1290/536/844 1292/532/846
f 1292/532/846 1293/535/846 1291/537/845
f 1293/535/846 1292/532/846 1294/533/847
f 1294/533/847 1295/534/847 1293/535/846
f 1299/820/847 1296/821/847 1297/822/848
f 1297/822/848 1298/823/849 1299/820/847
f 1298/823/849 1297/822/848 1283/818/838
f 1283/818/838 1282/817/837 1298/823/849
f 1278/814/834 1277/813/834 1300/824/850
f 1300/824/850 1301/825/851 1278/814/834
f 1301/825/851 1300/824/850 1302/826/852
f 1302/826/852 1303/827/853 1301/825/851
f 1303/827/853 1302/826/852 1304/828/854
f 1304/828/854 1305/829/855 1303/827/853
f 1305/829/855 1304/828/854 1306/830/856
f 1306/830/856 1307/831/856 1305/829/855
f 1307/831/856 1306/830/856 1308/832/857
f 1308/832/857 1309/833/858 1307/831/856
f 1313/517/859 1310/516/859 1311/514/860
f 1311/514/860 1312/515/861 1313/517/859
f 1312/515/861 1311/514/860 1314/512/862
f 1314/512/862 1315/513/863 1312/515/861
f 1315/513/863 1314/512/862 1316/834/864
f 1316/834/864 1317/511/864 1315/513/863
f 1317/511/864 1316/834/864 1318/835/865
f 1318/835/865 1319/509/865 1317/511/864
f 1319/509/865 1318/835/865 1320/507/866
f 1320/507/866 1321/508/866 1319/509/865
f 1322/836/84 1323/837/84 1324/838/84
f 1324/838/84 1325/839/84 1326/840/84
f 1324/838/84 1327/841/84 1325/839/84
f 1324/838/84 1328/842/84 1327/841/84
f 1324/838/84 1329/843/84 1328/842/84
f 1324/838/84 1330/844/84 1329/843/84
f 1324/838/84 1331/845/84 1330/844/84
f 1324/838/84 1332/846/84 1331/845/84
f 1324/838/84 1323/837/84 1332/846/84
f 1333/847/84 1322/836/84 1324/838/84
f 1334/848/84 1333/847/84 1324/838/84
f 1335/849/84 1334/848/84 1324/838/84
f 1336/850/84 1335/849/84 1324/838/84
f 1337/851/84 1336/850/84 1324/838/84
f 1338/852/84 1337/851/84 1324/838/84
f 1339/853/84 1338/852/84 1324/838/84
f 1340/854/84 1339/853/84 1324/838/84
f 1341/855/84 1340/854/84 1324/838/84
f 1342/856/84 1341/855/84 1324/838/84
f 1343/857/84 1342/856/84 1324/838/84
f 1347/858/645 1344/859/644 1345/815/644
f 1345/815/644 1346/811/645 1347/858/645
f 1351/860/647 1348/592/646 1349/543/646
f 1349/543/646 1350/819/647 1351/860/647
f 1353/590/648 1351/860/647 1350/819/647
f 1350/819/647 1352/539/648 1353/590/648
f 1355/589/649 1353/590/648 1352/539/648
f 1352/539/648 1354/537/649 1355/589/649
f 1359/861/650 1356/862/649 1357/863/649
f 1357/863/649 1358/864/650 1359/861/650
f 1361/865/651 1359/861/650 1358/864/650
f 1358/864/650 1360/820/651 1361/865/651
f 1363/866/652 1361/865/651 1360/820/651
f 1360/820/651 1362/823/652 1363/866/652
f 1365/867/653 1363/866/652 1362/823/652
f 1362/823/652 1364/817/653 1365/867/653
f 1344/859/644 1365/867/653 1364/817/653
f 1364/817/653 1345/815/644 1344/859/644
f 1367/868/154 1347/858/645 1346/811/645
f 1346/811/645 1366/814/154 1367/868/154
f 1369/869/654 1367/868/154 1366/814/154
f 1366/814/154 1368/825/654 1369/869/654
f 1371/870/655 1369/869/654 1368/825/654
f 1368/825/654 1370/827/655 1371/870/655
f 1373/871/656 1371/870/655 1370/827/655
f 1370/827/655 1372/829/656 1373/871/656
f 1375/872/657 1373/871/656 1372/829/656
f 1372/829/656 1374/831/657 1375/872/657
f 1377/873/658 1375/872/657 1374/831/657
f 1374/831/657 1376/833/658 1377/873/658
f 1379/874/659 1377/873/658 1376/833/658
f 1376/833/658 1378/875/659 1379/874/659
f 1381/876/660 1379/874/659 1378/875/659
f 1378/875/659 1380/877/660 1381/876/660
f 1385/570/661 1382/571/660 1383/513/660
f 1383/513/660 1384/511/661 1385/570/661
f 1387/569/662 1385/570/661 1384/511/661
f 1384/511/661 1386/509/662 1387/569/662
f 1389/568/104 1387/569/662 1386/509/662
f 1386/509/662 1388/508/104 1389/568/104
f 1393/878/867 1390/879/868 1391/880/104
f 1391/880/104 1392/881/869 1393/878/867
f 1392/881/869 1391/880/104 1394/882/870
f 1394/882/870 1395/883/871 1392/881/869
f 1397/884/872 1393/878/867 1392/881/869
f 1392/881/869 1396/885/873 1397/884/872
f 1396/885/873 1392/881/869 1395/883/871
f 1395/883/871 1398/886/874 1396/885/873
f 1400/887/875 1397/884/872 1396/885/873
f 1396/885/873 1399/888/660 1400/887/875
f 1399/888/660 1396/885/873 1398/886/874
f 1398/886/874 1401/889/876 1399/888/660
f 1403/890/877 1400/887/875 1399/888/660
f 1399/888/660 1402/891/878 1403/890/877
f 1402/891/878 1399/888/660 1401/889/876
f 1401/889/876 1404/892/879 1402/891/878
f 1406/893/880 1403/890/877 1402/891/878
f 1402/891/878 1405/894/881 1406/893/880
f 1405/894/881 1402/891/878 1404/892/879
f 1404/892/879 1407/895/882 1405/894/881
f 1409/896/883 1406/893/880 1405/894/881
f 1405/894/881 1408/897/657 1409/896/883
f 1408/897/657 1405/894/881 1407/895/882
f 1407/895/882 1410/898/884 1408/897/657
f 1412/899/885 1409/896/883 1408/897/657
f 1408/897/657 1411/900/656 1412/899/885
f 1411/900/656 1408/897/657 1410/898/884
f 1410/898/884 1413/901/886 1411/900/656
f 1415/902/887 1412/899/885 1411/900/656
f 1411/900/656 1414/903/888 1415/902/887
f 1414/903/888 1411/900/656 1413/901/886
f 1413/901/886 1416/904/889 1414/903/888
f 1418/905/890 1415/902/887 1414/903/888
f 1414/903/888 1417/906/891 1418/905/890
f 1417/906/891 1414/903/888 1416/904/889
f 1416/904/889 1419/907/892 1417/906/891
f 1421/908/893 1418/905/890 1417/906/891
f 1417/906/891 1420/909/154 1421/908/893
f 1420/909/154 1417/906/891 1419/907/892
f 1419/907/892 1422/910/894 1420/909/154
f 1424/911/895 1421/908/893 1420/909/154
f 1420/909/154 1423/912/896 1424/911/895
f 1423/912/896 1420/909/154 1422/910/894
f 1422/910/894 1425/913/897 1423/912/896
f 1429/914/898 1426/915/895 1427/916/899
f 1427/916/899 1428/917/644 1429/914/898
f 1428/917/644 1427/916/899 1430/918/900
f 1430/918/900 1431/919/901 1428/917/644
f 1433/920/902 1429/914/898 1428/917/644
f 1428/917/644 1432/921/653 1433/920/902
f 1432/921/653 1428/917/644 1431/919/901
f 1431/919/901 1434/922/903 1432/921/653
f 1436/923/904 1433/920/902 1432/921/653
f 1432/921/653 1435/924/905 1436/923/904
f 1435/924/905 1432/921/653 1434/922/903
f 1434/922/903 1437/925/906 1435/924/905
f 1439/926/907 1436/923/904 1435/924/905
f 1435/924/905 1438/927/908 1439/926/907
f 1438/927/908 1435/924/905 1437/925/906
f 1437/925/906 1440/928/909 1438/927/908
f 1442/929/910 1439/926/907 1438/927/908
f 1438/927/908 1441/930/650 1442/929/910
f 1441/930/650 1438/927/908 1440/928/909
f 1440/928/909 1443/931/911 1441/930/650
f 1445/932/912 1442/929/910 1441/930/650
f 1441/930/650 1444/933/649 1445/932/912
f 1444/933/649 1441/930/650 1443/931/911
f 1443/931/911 1446/934/913 1444/933/649
f 1448/935/914 1445/932/912 1444/933/649
f 1444/933/649 1447/936/648 1448/935/914
f 1447/936/648 1444/933/649 1446/934/913
f 1446/934/913 1449/937/915 1447/936/648
f 1451/938/916 1448/935/914 1447/936/648
f 1447/936/648 1450/939/917 1451/938/916
f 1450/939/917 1447/936/648 1449/937/915
f 1449/937/915 1452/940/918 1450/939/917
f 1454/941/919 1451/938/916 1450/939/917
f 1450/939/917 1453/942/646 1454/941/919
f 1453/942/646 1450/939/917 1452/940/918
f 1452/940/918 1455/943/920 1453/942/646
f 1212/747/811 1390/879/868 1393/878/867
f 1393/878/867 1213/748/812 1212/747/811
f 1213/748/812 1393/878/867 1397/884/872
f 1397/884/872 1214/749/813 1213/748/812
f 1214/749/813 1397/884/872 1400/887/875
f 1400/887/875 1215/750/814 1214/749/813
f 1215/750/814 1400/887/875 1403/890/877
f 1403/890/877 1216/751/815 1215/750/814
f 1216/751/815 1403/890/877 1406/893/880
f 1406/893/880 1217/752/816 1216/751/815
f 1217/752/816 1406/893/880 1409/896/883
f 1409/896/883 1218/753/817 1217/752/816
f 1218/753/817 1409/896/883 1412/899/885
f 1412/899/885 1219/754/818 1218/753/817
f 1219/754/818 1412/899/885 1415/902/887
f 1415/902/887 1220/755/819 1219/754/818
f 1220/755/819 1415/902/887 1418/905/890
f 1418/905/890 1221/756/820 1220/755/819
f 1221/756/820 1418/905/890 1421/908/893
f 1421/908/893 1222/757/821 1221/756/820
f 1222/757/821 1421/908/893 1424/911/895
f 1424/911/895 1223/758/822 1222/757/821
f 1224/759/822 1426/915/895 1429/914/898
f 1429/914/898 1225/760/823 1224/759/822
f 1225/760/823 1429/914/898 1433/920/902
f 1433/920/902 1226/761/824 1225/760/823
f 1226/761/824 1433/920/902 1436/923/904
f 1436/923/904 1227/762/825 1226/761/824
f 1227/762/825 1436/923/904 1439/926/907
f 1439/926/907 1228/763/826 1227/762/825
f 1228/763/826 1439/926/907 1442/929/910
f 1442/929/910 1229/764/827 1228/763/826
f 1229/764/827 1442/929/910 1445/932/912
f 1445/932/912 1230/765/828 1229/764/827
f 1230/765/828 1445/932/912 1448/935/914
f 1448/935/914 1231/766/829 1230/765/828
f 1231/766/829 1448/935/914 1451/938/916
f 1451/938/916 1232/767/830 1231/766/829
f 1232/767/830 1451/938/916 1454/941/919
f 1454/941/919 1233/768/831 1232/767/830
f 1394/882/870 881/434/589 880/435/590
f 880/435/590 1395/883/871 1394/882/870
f 1395/883/871 880/435/590 882/436/591
f 882/436/591 1398/886/874 1395/883/871
f 1398/886/874 882/436/591 883/437/592
f 883/437/592 1401/889/876 1398/886/874
f 1401/889/876 883/437/592 884/438/593
f 884/438/593 1404/892/879 1401/889/876
f 1404/892/879 884/438/593 885/439/594
f 885/439/594 1407/895/882 1404/892/879
f 1407/895/882 885/439/594 886/440/595
f 886/440/595 1410/898/884 1407/895/882
f 1410/898/884 886/440/595 887/441/596
f 887/441/596 1413/901/886 1410/898/884
f 1413/901/886 887/441/596 888/442/597
f 888/442/597 1416/904/889 1413/901/886
f 1416/904/889 888/442/597 889/443/598
f 889/443/598 1419/907/892 1416/904/889
f 1419/907/892 889/443/598 890/444/599
f 890/444/599 1422/910/894 1419/907/892
f 1456/944/894 892/445/599 891/446/600
f 891/446/600 1430/918/900 1456/944/894
f 1430/918/900 891/446/600 893/447/601
f 893/447/601 1431/919/901 1430/918/900
f 1431/919/901 893/447/601 894/448/602
f 894/448/602 1434/922/903 1431/919/901
f 1434/922/903 894/448/602 895/449/603
f 895/449/603 1437/925/906 1434/922/903
f 1437/925/906 895/449/603 896/450/604
f 896/450/604 1440/928/909 1437/925/906
f 1440/928/909 896/450/604 897/451/605
f 897/451/605 1443/931/911 1440/928/909
f 1443/931/911 897/451/605 898/452/606
f 898/452/606 1446/934/913 1443/931/911
f 1446/934/913 898/452/606 899/453/607
f 899/453/607 1449/937/915 1446/934/913
f 1449/937/915 899/453/607 900/454/608
f 900/454/608 1452/940/918 1449/937/915
f 1452/940/918 900/454/608 901/455/609
f 901/455/609 1455/943/920 1452/940/918
f 1459/945/921 1457/281/922 769/280/483
f 769/280/483 1458/946/923 1459/945/921
f 1461/947/924 1459/945/921 1458/946/923
f 1458/946/923 1460/948/925 1461/947/924
f 1463/949/926 1461/947/924 1460/948/925
f 1460/948/925 1462/950/927 1463/949/926
f 1465/951/928 1463/949/926 1462/950/927
f 1462/950/927 1464/952/929 1465/951/928
f 1467/953/930 1465/951/928 1464/952/929
f 1464/952/929 1466/954/931 1467/953/930
f 1469/955/932 1467/953/930 1466/954/931
f 1466/954/931 1468/956/933 1469/955/932
f 1471/957/934 1469/955/932 1468/956/933
f 1468/956/933 1470/958/935 1471/957/934
f 1473/959/936 1471/957/934 1470/958/935
f 1470/958/935 1472/960/937 1473/959/936
f 1475/961/938 1473/959/936 1472/960/937
f 1472/960/937 1474/962/939 1475/961/938
f 1477/963/940 1475/961/938 1474/962/939
f 1474/962/939 1476/964/941 1477/963/940
f 1479/965/942 1477/963/940 1476/964/941
f 1476/964/941 1478/966/943 1479/965/942
f 1481/967/944 1479/965/942 1478/966/943
f 1478/966/943 1480/968/945 1481/967/944
f 1483/969/946 1481/967/944 1480/968/945
f 1480/968/945 1482/970/947 1483/969/946
f 1485/971/948 1483/969/946 1482/970/947
f 1482/970/947 1484/972/949 1485/971/948
f 1487/973/950 1485/971/948 1484/972/949
f 1484/972/949 1486/974/951 1487/973/950
f 1489/975/952 1487/973/950 1486/974/951
f 1486/974/951 1488/976/953 1489/975/952
f 1491/977/954 1489/975/952 1488/976/953
f 1488/976/953 1490/978/955 1491/977/954
f 1493/979/956 1491/977/954 1490/978/955
f 1490/978/955 1492/980/957 1493/979/956
f 1495/981/958 1493/979/956 1492/980/957
f 1492/980/957 1494/982/959 1495/981/958
f 767/322/480 1495/981/958 1494/982/959
f 1494/982/959 768/323/481 767/322/480
f 1458/946/923 769/280/483 771/324/482
f 771/324/482 1496/983/960 1458/946/923
f 1460/948/925 1458/946/923 1496/983/960
f 1496/983/960 1497/984/961 1460/948/925
f 1462/950/927 1460/948/925 1497/984/961
f 1497/984/961 1498/985/962 1462/950/927
f 1464/952/929 1462/950/927 1498/985/962
f 1498/985/962 1499/986/963 1464/952/929
f 1466/954/931 1464/952/929 1499/986/963
f 1499/986/963 1500/987/964 1466/954/931
f 1468/956/933 1466/954/931 1500/987/964
f 1500/987/964 1501/988/965 1468/956/933
f 1470/958/935 1468/956/933 1501/988/965
f 1501/988/965 1502/989/966 1470/958/935
f 1472/960/937 1470/958/935 1502/989/966
f 1502/989/966 1503/990/967 1472/960/937
f 1474/962/939 1472/960/937 1503/990/967
f 1503/990/967 1504/991/968 1474/962/939
f 1476/964/941 1474/962/939 1504/991/968
f 1504/991/968 1505/992/969 1476/964/941
f 1478/966/943 1476/964/941 1505/992/969
f 1505/992/969 1506/993/970 1478/966/943
f 1480/968/945 1478/966/943 1506/993/970
f 1506/993/970 1507/994/971 1480/968/945
f 1482/970/947 1480/968/945 1507/994/971
f 1507/994/971 1508/995/972 1482/970/947
f 1484/972/949 1482/970/947 1508/995/972
f 1508/995/972 1509/996/973 1484/972/949
f 1486/974/951 1484/972/949 1509/996/973
f 1509/996/973 1510/997/974 1486/974/951
f 1488/976/953 1486/974/951 1510/997/974
f 1510/997/974 1511/998/975 1488/976/953
f 1490/978/955 1488/976/953 1511/998/975
f 1511/998/975 1512/999/976 1490/978/955
f 1492/980/957 1490/978/955 1512/999/976
f 1512/999/976 1513/1000/977 1492/980/957
f 1494/982/959 1492/980/957 1513/1000/977
f 1513/1000/977 1514/1001/978 1494/982/959
f 768/323/481 1494/982/959 1514/1001/978
f 1514/1001/978 791/345/503 768/323/481
f 1496/983/960 771/324/482 793/346/504
f 793/346/504 1515/1002/979 1496/983/960
f 1497/984/961 1496/983/960 1515/1002/979
f 1515/1002/979 1516/1003/980 1497/984/961
f 1498/985/962 1497/984/961 1516/1003/980
f 1516/1003/980 1517/1004/981 1498/985/962
f 1499/986/963 1498/985/962 1517/1004/981
f 1517/1004/981 1518/1005/982 1499/986/963
f 1500/987/964 1499/986/963 1518/1005/982
f 1518/1005/982 1519/1006/983 1500/987/964
f 1501/988/965 1500/987/964 1519/1006/983
f 1519/1006/983 1520/1007/984 1501/988/965
f 1502/989/966 1501/988/965 1520/1007/984
f 1520/1007/984 1521/1008/985 1502/989/966
f 1503/990/967 1502/989/966 1521/1008/985
f 1521/1008/985 1522/1009/986 1503/990/967
f 1504/991/968 1503/990/967 1522/1009/986
f 1522/1009/986 1523/1010/987 1504/991/968
f 1505/992/969 1504/991/968 1523/1010/987
f 1523/1010/987 1524/1011/988 1505/992/969
f 1506/993/970 1505/992/969 1524/1011/988
f 1524/1011/988 1525/1012/989 1506/993/970
f 1507/994/971 1506/993/970 1525/1012/989
f 1525/1012/989 1526/1013/990 1507/994/971
f 1508/995/972 1507/994/971 1526/1013/990
f 1526/1013/990 1527/1014/991 1508/995/972
f 1509/996/973 1508/995/972 1527/1014/991
f 1527/1014/991 1528/1015/992 1509/996/973
f 1510/997/974 1509/996/973 1528/1015/992
f 1528/1015/992 1529/1016/993 1510/997/974
f 1511/998/975 1510/997/974 1529/1016/993
f 1529/1016/993 1530/1017/994 1511/998/975
f 1512/999/976 1511/998/975 1530/1017/994
f 1530/1017/994 1531/1018/995 1512/999/976
f 1513/1000/977 1512/999/976 1531/1018/995
f 1531/1018/995 1532/1019/996 1513/1000/977
f 1514/1001/978 1513/1000/977 1532/1019/996
f 1532/1019/996 1533/1020/997 1514/1001/978
f 791/345/503 1514/1001/978 1533/1020/997
f 1533/1020/997 813/367/524 791/345/503
f 1515/1002/979 793/346/504 815/368/525
f 815/368/525 1534/1021/998 1515/1002/979
f 1516/1003/980 1515/1002/979 1534/1021/998
f 1534/1021/998 1535/1022/999 1516/1003/980
f 1517/1004/981 1516/1003/980 1535/1022/999
f 1535/1022/999 1536/1023/1000 1517/1004/981
f 1518/1005/982 1517/1004/981 1536/1023/1000
f 1536/1023/1000 1537/1024/1001 1518/1005/982
f 1519/1006/983 1518/1005/982 1537/1024/1001
f 1537/1024/1001 1538/1025/1002 1519/1006/983
f 1520/1007/984 1519/1006/983 1538/1025/1002
f 1538/1025/1002 1539/1026/1003 1520/1007/984
f 1521/1008/985 1520/1007/984 1539/1026/1003
f 1539/1026/1003 1540/1027/1004 1521/1008/985
f 1522/1009/986 1521/1008/985 1540/1027/1004
f 1540/1027/1004 1541/1028/1005 1522/1009/986
f 1523/1010/987 1522/1009/986 1541/1028/1005
f 1541/1028/1005 1542/1029/1006 1523/1010/987
f 1524/1011/988 1523/1010/987 1542/1029/1006
f 1542/1029/1006 1543/1030/1007 1524/1011/988
f 1525/1012/989 1524/1011/988 1543/1030/1007
f 1543/1030/1007 1544/1031/1008 1525/1012/989
f 1526/1013/990 1525/1012/989 1544/1031/1008
f 1544/1031/1008 1545/1032/1009 1526/1013/990
f 1527/1014/991 1526/1013/990 1545/1032/1009
f 1545/1032/1009 1546/1033/1010 1527/1014/991
f 1528/1015/992 1527/1014/991 1546/1033/1010
f 1546/1033/1010 1547/1034/1011 1528/1015/992
f 1529/1016/993 1528/1015/992 1547/1034/1011
f 1547/1034/1011 1548/1035/1012 1529/1016/993
f 1530/1017/994 1529/1016/993 1548/1035/1012
f 1548/1035/1012 1549/1036/1013 1530/1017/994
f 1531/1018/995 1530/1017/994 1549/1036/1013
f 1549/1036/1013 1550/1037/1014 1531/1018/995
f 1532/1019/996 1531/1018/995 1550/1037/1014
f 1550/1037/1014 1551/1038/1015 1532/1019/996
f 1533/1020/997 1532/1019/996 1551/1038/1015
f 1551/1038/1015 1552/1039/1016 1533/1020/997
f 813/367/524 1533/1020/997 1552/1039/1016
f 1552/1039/1016 835/389/545 813/367/524
f 1534/1021/998 815/368/525 837/390/546
f 837/390/546 1553/1040/1017 1534/1021/998
f 1535/1022/999 1534/1021/998 1553/1040/1017
f 1553/1040/1017 1554/1041/1018 1535/1022/999
f 1536/1023/1000 1535/1022/999 1554/1041/1018
f 1554/1041/1018 1555/1042/1019 1536/1023/1000
f 1537/1024/1001 1536/1023/1000 1555/1042/1019
f 1555/1042/1019 1556/1043/1020 1537/1024/1001
f 1538/1025/1002 1537/1024/1001 1556/1043/1020
f 1556/1043/1020 1557/1044/1021 1538/1025/1002
f 1539/1026/1003 1538/1025/1002 1557/1044/1021
f 1557/1044/1021 1558/1045/1022 1539/1026/1003
f 1540/1027/1004 1539/1026/1003 1558/1045/1022
f 1558/1045/1022 1559/1046/1023 1540/1027/1004
f 1541/1028/1005 1540/1027/1004 1559/1046/1023
f 1559/1046/1023 1560/1047/1024 1541/1028/1005
f 1542/1029/1006 1541/1028/1005 1560/1047/1024
f 1560/1047/1024 1561/1048/1025 1542/1029/1006
f 1543/1030/1007 1542/1029/1006 1561/1048/1025
f 1561/1048/1025 1562/1049/1026 1543/1030/1007
f 1544/1031/1008 1543/1030/1007 1562/1049/1026
f 1562/1049/1026 1563/1050/1027 1544/1031/1008
f 1545/1032/1009 1544/1031/1008 1563/1050/1027
f 1563/1050/1027 1564/1051/1028 1545/1032/1009
f 1546/1033/1010 1545/1032/1009 1564/1051/1028
f 1564/1051/1028 1565/1052/1029 1546/1033/1010
f 1547/1034/1011 1546/1033/1010 1565/1052/1029
f 1565/1052/1029 1566/1053/1030 1547/1034/1011
f 1548/1035/1012 1547/1034/1011 1566/1053/1030
f 1566/1053/1030 1567/1054/1031 1548/1035/1012
f 1549/1036/1013 1548/1035/1012 1567/1054/1031
f 1567/1054/1031 1568/1055/1032 1549/1036/1013
f 1550/1037/1014 1549/1036/1013 1568/1055/1032
f 1568/1055/1032 1569/1056/1033 1550/1037/1014
f 1551/1038/1015 1550/1037/1014 1569/1056/1033
f 1569/1056/1033 1570/1057/1034 1551/1038/1015
f 1552/1039/1016 1551/1038/1015 1570/1057/1034
f 1570/1057/1034 1571/1058/1035 1552/1039/1016
f 835/389/545 1552/1039/1016 1571/1058/1035
f 1571/1058/1035 857/411/567 835/389/545
f 1553/1040/1017 837/390/546 859/412/568
f 859/412/568 1572/1059/1036 1553/1040/1017
f 1554/1041/1018 1553/1040/1017 1572/1059/1036
f 1572/1059/1036 1573/1060/1037 1554/1041/1018
f 1555/1042/1019 1554/1041/1018 1573/1060/1037
f 1573/1060/1037 1574/1061/1038 1555/1042/1019
f 1556/1043/1020 1555/1042/1019 1574/1061/1038
f 1574/1061/1038 1575/1062/1039 1556/1043/1020
f 1557/1044/1021 1556/1043/1020 1575/1062/1039
f 1575/1062/1039 1576/1063/1040 1557/1044/1021
f 1558/1045/1022 1557/1044/1021 1576/1063/1040
f 1576/1063/1040 1577/1064/1041 1558/1045/1022
f 1559/1046/1023 1558/1045/1022 1577/1064/1041
f 1577/1064/1041 1578/1065/1042 1559/1046/1023
f 1560/1047/1024 1559/1046/1023 1578/1065/1042
f 1578/1065/1042 1579/1066/1043 1560/1047/1024
f 1561/1048/1025 1560/1047/1024 1579/1066/1043
f 1579/1066/1043 1580/1067/1044 1561/1048/1025
f 1562/1049/1026 1561/1048/1025 1580/1067/1044
f 1580/1067/1044 1581/1068/1045 1562/1049/1026
f 1563/1050/1027 1562/1049/1026 1581/1068/1045
f 1581/1068/1045 1582/1069/1046 1563/1050/1027
f 1564/1051/1028 1563/1050/1027 1582/1069/1046
f 1582/1069/1046 1583/1070/1047 1564/1051/1028
f 1565/1052/1029 1564/1051/1028 1583/1070/1047
f 1583/1070/1047 1584/1071/1048 1565/1052/1029
f 1566/1053/1030 1565/1052/1029 1584/1071/1048
f 1584/1071/1048 1585/1072/1049 1566/1053/1030
f 1567/1054/1031 1566/1053/1030 1585/1072/1049
f 1585/1072/1049 1586/1073/1050 1567/1054/1031
f 1568/1055/1032 1567/1054/1031 1586/1073/1050
f 1586/1073/1050 1587/1074/1051 1568/1055/1032
f 1569/1056/1033 1568/1055/1032 1587/1074/1051
f 1587/1074/1051 1588/1075/1052 1569/1056/1033
f 1570/1057/1034 1569/1056/1033 1588/1075/1052
f 1588/1075/1052 1589/1076/1053 1570/1057/1034
f 1571/1058/1035 1570/1057/1034 1589/1076/1053
f 1589/1076/1053 1590/1077/1054 1571/1058/1035
f 857/411/567 1571/1058/1035 1590/1077/1054
f 1590/1077/1054 879/433/588 857/411/567
f 1572/1059/1036 859/412/568 881/434/589
f 881/434/589 1591/1078/1055 1572/1059/1036
f 1573/1060/1037 1572/1059/1036 1591/1078/1055
f 1591/1078/1055 1592/1079/1056 1573/1060/1037
f 1574/1061/1038 1573/1060/1037 1592/1079/1056
f 1592/1079/1056 1593/1080/1057 1574/1061/1038
f 1575/1062/1039 1574/1061/1038 1593/1080/1057
f 1593/1080/1057 1594/1081/1058 1575/1062/1039
f 1576/1063/1040 1575/1062/1039 1594/1081/1058
f 1594/1081/1058 1595/1082/1059 1576/1063/1040
f 1577/1064/1041 1576/1063/1040 1595/1082/1059
f 1595/1082/1059 1596/1083/1060 1577/1064/1041
f 1578/1065/1042 1577/1064/1041 1596/1083/1060
f 1596/1083/1060 1597/1084/1061 1578/1065/1042
f 1579/1066/1043 1578/1065/1042 1597/1084/1061
f 1597/1084/1061 1598/1085/1062 1579/1066/1043
f 1580/1067/1044 1579/1066/1043 1598/1085/1062
f 1598/1085/1062 1599/1086/1063 1580/1067/1044
f 1581/1068/1045 1580/1067/1044 1599/1086/1063
f 1599/1086/1063 1600/1087/1064 1581/1068/1045
f 1582/1069/1046 1581/1068/1045 1600/1087/1064
f 1600/1087/1064 1601/1088/1065 1582/1069/1046
f 1583/1070/1047 1582/1069/1046 1601/1088/1065
f 1601/1088/1065 1602/1089/1066 1583/1070/1047
f 1584/1071/1048 1583/1070/1047 1602/1089/1066
f 1602/1089/1066 1603/1090/1067 1584/1071/1048
f 1585/1072/1049 1584/1071/1048 1603/1090/1067
f 1603/1090/1067 1604/1091/1068 1585/1072/1049
f 1586/1073/1050 1585/1072/1049 1604/1091/1068
f 1604/1091/1068 1605/1092/1069 1586/1073/1050
f 1587/1074/1051 1586/1073/1050 1605/1092/1069
f 1605/1092/1069 1606/1093/1070 1587/1074/1051
f 1588/1075/1052 1587/1074/1051 1606/1093/1070
f 1606/1093/1070 1607/1094/1071 1588/1075/1052
f 1589/1076/1053 1588/1075/1052 1607/1094/1071
f 1607/1094/1071 1608/1095/1072 1589/1076/1053
f 1590/1077/1054 1589/1076/1053 1608/1095/1072
f 1608/1095/1072 1609/1096/1073 1590/1077/1054
f 879/433/588 1590/1077/1054 1609/1096/1073
f 1609/1096/1073 901/455/609 879/433/588
f 1613/1097/49 1610/1098/49 1611/1099/49
f 1611/1099/49 1612/1100/49 1613/1097/49
f 1615/1101/49 906/461/49 909/460/49
f 909/460/49 1614/1102/49 1615/1101/49
f 1617/1103/49 1615/1101/49 1614/1102/49
f 1614/1102/49 1616/1104/49 1617/1103/49
f 1619/1105/49 1617/1103/49 1616/1104/49
f 1616/1104/49 1618/1106/49 1619/1105/49
f 1621/1107/49 1619/1105/49 1618/1106/49
f 1618/1106/49 1620/1108/49 1621/1107/49
f 1623/1109/49 1621/1107/49 1620/1108/49
f 1620/1108/49 1622/1110/49 1623/1109/49
f 1625/1111/49 1623/1109/49 1622/1110/49
f 1622/1110/49 1624/1112/49 1625/1111/49
f 1627/1113/49 1625/1111/49 1624/1112/49
f 1624/1112/49 1626/1114/49 1627/1113/49
f 1610/1098/49 1627/1113/49 1626/1114/49
f 1626/1114/49 1611/1099/49 1610/1098/49
f 1629/1115/49 1613/1097/49 1612/1100/49
f 1612/1100/49 1628/1116/49 1629/1115/49
f 1631/1117/49 1629/1115/49 1628/1116/49
f 1628/1116/49 1630/1118/49 1631/1117/49
f 1633/1119/49 1631/1117/49 1630/1118/49
f 1630/1118/49 1632/1120/49 1633/1119/49
f 1635/1121/49 1633/1119/49 1632/1120/49
f 1632/1120/49 1634/1122/49 1635/1121/49
f 1637/1123/49 1635/1121/49 1634/1122/49
f 1634/1122/49 1636/1124/49 1637/1123/49
f 1639/1125/49 1637/1123/49 1636/1124/49
f 1636/1124/49 1638/1126/49 1639/1125/49
f 1641/1127/49 1639/1125/49 1638/1126/49
f 1638/1126/49 1640/1128/49 1641/1127/49
f 1643/1129/49 1641/1127/49 1640/1128/49
f 1640/1128/49 1642/1130/49 1643/1129/49
f 1645/1131/49 1643/1129/49 1642/1130/49
f 1642/1130/49 1644/1132/49 1645/1131/49
f 1647/1133/49 1645/1131/49 1644/1132/49
f 1644/1132/49 1646/1134/49 1647/1133/49
f 942/496/49 1647/1133/49 1646/1134/49
f 1646/1134/49 943/497/49 942/496/49
f 1651/811/1074 1648/812/1075 1649/813/1076
f 1649/813/1076 1650/814/1076 1651/811/1074
f 1648/812/1075 1651/811/1074 1652/815/1077
f 1652/815/1077 1653/816/1078 1648/812/1075
f 1653/816/1078 1652/815/1077 1654/817/1079
f 1654/817/1079 1655/818/1079 1653/816/1078
f 953/508/619 952/507/618 1656/1135/1080
f 1656/1135/1080 1657/1136/1080 953/508/619
f 1657/1136/1080 1656/1135/1080 1658/1137/1081
f 1658/1137/1081 1659/1138/1082 1657/1136/1080
f 1659/1138/1082 1658/1137/1081 1660/1139/1083
f 1660/1139/1083 1661/1140/1084 1659/1138/1082
f 1661/1140/1084 1660/1139/1083 1662/1141/1085
f 1662/1141/1085 1663/1142/1086 1661/1140/1084
f 1663/1142/1086 1662/1141/1085 1664/1143/1087
f 1664/1143/1087 1665/1144/1088 1663/1142/1086
f 1669/820/1088 1666/821/1088 1667/822/1089
f 1667/822/1089 1668/823/1090 1669/820/1088
f 1668/823/1090 1667/822/1089 1655/818/1079
f 1655/818/1079 1654/817/1079 1668/823/1090
f 1650/814/1076 1649/813/1076 1670/824/1091
f 1670/824/1091 1671/825/1091 1650/814/1076
f 1671/825/1091 1670/824/1091 1672/826/1092
f 1672/826/1092 1673/827/1092 1671/825/1091
f 1673/827/1092 1672/826/1092 1674/828/1093
f 1674/828/1093 1675/829/1094 1673/827/1092
f 1675/829/1094 1674/828/1093 1676/830/1095
f 1676/830/1095 1677/831/1096 1675/829/1094
f 1677/831/1096 1676/830/1095 1678/832/1097
f 1678/832/1097 1679/833/1098 1677/831/1096
f 1683/1145/1097 1680/1146/1097 1681/1147/1099
f 1681/1147/1099 1682/1148/1100 1683/1145/1097
f 1682/1148/1100 1681/1147/1099 1684/1149/1101
f 1684/1149/1101 1685/1150/1102 1682/1148/1100
f 1685/1150/1102 1684/1149/1101 1686/1151/1103
f 1686/1151/1103 1687/1152/1103 1685/1150/1102
f 1687/1152/1103 1686/1151/1103 1688/1153/1104
f 1688/1153/1104 1689/1154/1105 1687/1152/1103
f 1689/1154/1105 1688/1153/1104 989/542/643
f 989/542/643 988/543/643 1689/1154/1105
f 1690/1155/49 1691/1156/49 991/545/49
f 991/545/49 1692/1157/49 993/547/49
f 991/545/49 1693/1158/49 1692/1157/49
f 991/545/49 1694/1159/49 1693/1158/49
f 991/545/49 1695/1160/49 1694/1159/49
f 991/545/49 1696/1161/49 1695/1160/49
f 991/545/49 1697/1162/49 1696/1161/49
f 991/545/49 1698/1163/49 1697/1162/49
f 991/545/49 1691/1156/49 1698/1163/49
f 1699/1164/49 1690/1155/49 991/545/49
f 1700/1165/49 1699/1164/49 991/545/49
f 1701/1166/49 1700/1165/49 991/545/49
f 1702/1167/49 1701/1166/49 991/545/49
f 1703/1168/49 1702/1167/49 991/545/49
f 1704/1169/49 1703/1168/49 991/545/49
f 1705/1170/49 1704/1169/49 991/545/49
f 1706/1171/49 1705/1170/49 991/545/49
f 1707/1172/49 1706/1171/49 991/545/49
f 1708/1173/49 1707/1172/49 991/545/49
f 1011/565/49 1708/1173/49 991/545/49
f 1712/858/1106 1709/859/1107 1710/815/1107
f 1710/815/1107 1711/811/1106 1712/858/1106
f 1714/1174/1108 1016/568/646 1019/508/646
f 1019/508/646 1713/1136/1108 1714/1174/1108
f 1716/1175/1109 1714/1174/1108 1713/1136/1108
f 1713/1136/1108 1715/1138/1109 1716/1175/1109
f 1718/1176/1110 1716/1175/1109 1715/1138/1109
f 1715/1138/1109 1717/1140/1110 1718/1176/1110
f 1722/861/1111 1719/862/1110 1720/863/1110
f 1720/863/1110 1721/864/1111 1722/861/1111
f 1724/865/1112 1722/861/1111 1721/864/1111
f 1721/864/1111 1723/820/1112 1724/865/1112
f 1726/866/1113 1724/865/1112 1723/820/1112
f 1723/820/1112 1725/823/1113 1726/866/1113
f 1728/867/1114 1726/866/1113 1725/823/1113
f 1725/823/1113 1727/817/1114 1728/867/1114
f 1709/859/1107 1728/867/1114 1727/817/1114
f 1727/817/1114 1710/815/1107 1709/859/1107
f 1730/868/57 1712/858/1106 1711/811/1106
f 1711/811/1106 1729/814/57 1730/868/57
f 1732/869/1115 1730/868/57 1729/814/57
f 1729/814/57 1731/825/1115 1732/869/1115
f 1734/870/1116 1732/869/1115 1731/825/1115
f 1731/825/1115 1733/827/1116 1734/870/1116
f 1736/871/1117 1734/870/1116 1733/827/1116
f 1733/827/1116 1735/829/1117 1736/871/1117
f 1738/872/1118 1736/871/1117 1735/829/1117
f 1735/829/1117 1737/831/1118 1738/872/1118
f 1740/873/1119 1738/872/1118 1737/831/1118
f 1737/831/1118 1739/833/1119 1740/873/1119
f 1742/874/1120 1740/873/1119 1739/833/1119
f 1739/833/1119 1741/875/1121 1742/874/1120
f 1744/876/1122 1742/874/1120 1741/875/1121
f 1741/875/1121 1743/877/1122 1744/876/1122
f 1748/1177/1123 1745/1178/1122 1746/1150/1122
f 1746/1150/1122 1747/1152/1124 1748/1177/1123
f 1750/1179/1125 1748/1177/1123 1747/1152/1124
f 1747/1152/1124 1749/1154/1125 1750/1179/1125
f 1056/592/104 1750/1179/1125 1749/1154/1125
f 1749/1154/1125 1057/543/104 1056/592/104
f 1059/595/665 1058/594/664 1751/1180/1126
f 1751/1180/1126 1752/1181/1127 1059/595/665
f 1752/1181/1127 1751/1180/1126 1753/1182/1128
f 1753/1182/1128 1754/1183/1129 1752/1181/1127
f 1754/1183/1129 1753/1182/1128 1755/1184/1130
f 1755/1184/1130 1756/1185/1131 1754/1183/1129
f 1756/1185/1131 1755/1184/1130 1757/1186/1132
f 1757/1186/1132 1758/1187/1133 1756/1185/1131
f 1758/1187/1133 1757/1186/1132 1759/1188/1134
f 1759/1188/1134 1760/1189/1135 1758/1187/1133
f 1760/1189/1135 1759/1188/1134 1761/1190/1136
f 1761/1190/1136 1762/1191/1137 1760/1189/1135
f 1762/1191/1137 1761/1190/1136 1763/1192/1138
f 1763/1192/1138 1764/1193/1139 1762/1191/1137
f 1764/1193/1139 1763/1192/1138 1765/1194/1140
f 1765/1194/1140 1766/1195/1141 1764/1193/1139
f 1766/1195/1141 1765/1194/1140 1767/1196/1142
f 1767/1196/1142 1768/1197/1143 1766/1195/1141
f 1768/1197/1143 1767/1196/1142 1769/1198/1144
f 1769/1198/1144 1770/1199/1145 1768/1197/1143
f 1770/1199/1145 1769/1198/1144 1771/1200/1146
f 1771/1200/1146 1772/1201/1147 1770/1199/1145
f 1772/1201/1147 1771/1200/1146 1773/1202/1148
f 1773/1202/1148 1774/1203/1149 1772/1201/1147
f 1774/1203/1149 1773/1202/1148 1775/1204/1150
f 1775/1204/1150 1776/1205/1151 1774/1203/1149
f 1776/1205/1151 1775/1204/1150 1777/1206/1152
f 1777/1206/1152 1778/1207/1153 1776/1205/1151
f 1778/1207/1153 1777/1206/1152 1779/1208/1154
f 1779/1208/1154 1780/1209/1155 1778/1207/1153
f 1780/1209/1155 1779/1208/1154 1781/1210/1156
f 1781/1210/1156 1782/1211/1157 1780/1209/1155
f 1782/1211/1157 1781/1210/1156 1783/1212/1158
f 1783/1212/1158 1784/1213/1159 1782/1211/1157
f 1784/1213/1159 1783/1212/1158 1785/1214/1160
f 1785/1214/1160 1786/1215/1161 1784/1213/1159
f 1786/1215/1161 1785/1214/1160 1787/1216/1162
f 1787/1216/1162 1788/1217/1163 1786/1215/1161
f 1788/1217/1163 1787/1216/1162 1101/635/703
f 1101/635/703 1100/636/704 1788/1217/1163
f 1102/637/705 1059/595/665 1752/1181/1127
f 1752/1181/1127 1789/1218/1164 1102/637/705
f 1789/1218/1164 1752/1181/1127 1754/1183/1129
f 1754/1183/1129 1790/1219/1165 1789/1218/1164
f 1790/1219/1165 1754/1183/1129 1756/1185/1131
f 1756/1185/1131 1791/1220/1166 1790/1219/1165
f 1791/1220/1166 1756/1185/1131 1758/1187/1133
f 1758/1187/1133 1792/1221/1167 1791/1220/1166
f 1792/1221/1167 1758/1187/1133 1760/1189/1135
f 1760/1189/1135 1793/1222/1168 1792/1221/1167
f 1793/1222/1168 1760/1189/1135 1762/1191/1137
f 1762/1191/1137 1794/1223/1169 1793/1222/1168
f 1794/1223/1169 1762/1191/1137 1764/1193/1139
f 1764/1193/1139 1795/1224/1170 1794/1223/1169
f 1795/1224/1170 1764/1193/1139 1766/1195/1141
f 1766/1195/1141 1796/1225/1171 1795/1224/1170
f 1796/1225/1171 1766/1195/1141 1768/1197/1143
f 1768/1197/1143 1797/1226/1172 1796/1225/1171
f 1797/1226/1172 1768/1197/1143 1770/1199/1145
f 1770/1199/1145 1798/1227/1173 1797/1226/1172
f 1798/1227/1173 1770/1199/1145 1772/1201/1147
f 1772/1201/1147 1799/1228/1174 1798/1227/1173
f 1799/1228/1174 1772/1201/1147 1774/1203/1149
f 1774/1203/1149 1800/1229/1175 1799/1228/1174
f 1800/1229/1175 1774/1203/1149 1776/1205/1151
f 1776/1205/1151 1801/1230/1176 1800/1229/1175
f 1801/1230/1176 1776/1205/1151 1778/1207/1153
f 1778/1207/1153 1802/1231/1177 1801/1230/1176
f 1802/1231/1177 1778/1207/1153 1780/1209/1155
f 1780/1209/1155 1803/1232/1178 1802/1231/1177
f 1803/1232/1178 1780/1209/1155 1782/1211/1157
f 1782/1211/1157 1804/1233/1179 1803/1232/1178
f 1804/1233/1179 1782/1211/1157 1784/1213/1159
f 1784/1213/1159 1805/1234/1180 1804/1233/1179
f 1805/1234/1180 1784/1213/1159 1786/1215/1161
f 1786/1215/1161 1806/1235/1181 1805/1234/1180
f 1806/1235/1181 1786/1215/1161 1788/1217/1163
f 1788/1217/1163 1807/1236/1182 1806/1235/1181
f 1807/1236/1182 1788/1217/1163 1100/636/704
f 1100/636/704 1123/658/725 1807/1236/1182
f 1124/659/726 1102/637/705 1789/1218/1164
f 1789/1218/1164 1808/1237/1183 1124/659/726
f 1808/1237/1183 1789/1218/1164 1790/1219/1165
f 1790/1219/1165 1809/1238/1184 1808/1237/1183
f 1809/1238/1184 1790/1219/1165 1791/1220/1166
f 1791/1220/1166 1810/1239/1185 1809/1238/1184
f 1810/1239/1185 1791/1220/1166 1792/1221/1167
f 1792/1221/1167 1811/1240/1186 1810/1239/1185
f 1811/1240/1186 1792/1221/1167 1793/1222/1168
f 1793/1222/1168 1812/1241/1187 1811/1240/1186
f 1812/1241/1187 1793/1222/1168 1794/1223/1169
f 1794/1223/1169 1813/1242/1188 1812/1241/1187
f 1813/1242/1188 1794/1223/1169 1795/1224/1170
f 1795/1224/1170 1814/1243/1189 1813/1242/1188
f 1814/1243/1189 1795/1224/1170 1796/1225/1171
f 1796/1225/1171 1815/1244/1190 1814/1243/1189
f 1815/1244/1190 1796/1225/1171 1797/1226/1172
f 1797/1226/1172 1816/1245/1191 1815/1244/1190
f 1816/1245/1191 1797/1226/1172 1798/1227/1173
f 1798/1227/1173 1817/1246/1192 1816/1245/1191
f 1817/1246/1192 1798/1227/1173 1799/1228/1174
f 1799/1228/1174 1818/1247/1193 1817/1246/1192
f 1818/1247/1193 1799/1228/1174 1800/1229/1175
f 1800/1229/1175 1819/1248/1194 1818/1247/1193
f 1819/1248/1194 1800/1229/1175 1801/1230/1176
f 1801/1230/1176 1820/1249/1195 1819/1248/1194
f 1820/1249/1195 1801/1230/1176 1802/1231/1177
f 1802/1231/1177 1821/1250/1196 1820/1249/1195
f 1821/1250/1196 1802/1231/1177 1803/1232/1178
f 1803/1232/1178 1822/1251/1197 1821/1250/1196
f 1822/1251/1197 1803/1232/1178 1804/1233/1179
f 1804/1233/1179 1823/1252/1198 1822/1251/1197
f 1823/1252/1198 1804/1233/1179 1805/1234/1180
f 1805/1234/1180 1824/1253/1199 1823/1252/1198
f 1824/1253/1199 1805/1234/1180 1806/1235/1181
f 1806/1235/1181 1825/1254/1200 1824/1253/1199
f 1825/1254/1200 1806/1235/1181 1807/1236/1182
f 1807/1236/1182 1826/1255/1201 1825/1254/1200
f 1826/1255/1201 1807/1236/1182 1123/658/725
f 1123/658/725 1145/680/746 1826/1255/1201
f 1146/681/747 1124/659/726 1808/1237/1183
f 1808/1237/1183 1827/1256/1202 1146/681/747
f 1827/1256/1202 1808/1237/1183 1809/1238/1184
f 1809/1238/1184 1828/1257/1203 1827/1256/1202
f 1828/1257/1203 1809/1238/1184 1810/1239/1185
f 1810/1239/1185 1829/1258/1204 1828/1257/1203
f 1829/1258/1204 1810/1239/1185 1811/1240/1186
f 1811/1240/1186 1830/1259/1205 1829/1258/1204
f 1830/1259/1205 1811/1240/1186 1812/1241/1187
f 1812/1241/1187 1831/1260/1206 1830/1259/1205
f 1831/1260/1206 1812/1241/1187 1813/1242/1188
f 1813/1242/1188 1832/1261/1207 1831/1260/1206
f 1832/1261/1207 1813/1242/1188 1814/1243/1189
f 1814/1243/1189 1833/1262/1208 1832/1261/1207
f 1833/1262/1208 1814/1243/1189 1815/1244/1190
f 1815/1244/1190 1834/1263/1209 1833/1262/1208
f 1834/1263/1209 1815/1244/1190 1816/1245/1191
f 1816/1245/1191 1835/1264/1210 1834/1263/1209
f 1835/1264/1210 1816/1245/1191 1817/1246/1192
f 1817/1246/1192 1836/1265/1211 1835/1264/1210
f 1836/1265/1211 1817/1246/1192 1818/1247/1193
f 1818/1247/1193 1837/1266/1212 1836/1265/1211
f 1837/1266/1212 1818/1247/1193 1819/1248/1194
f 1819/1248/1194 1838/1267/1213 1837/1266/1212
f 1838/1267/1213 1819/1248/1194 1820/1249/1195
f 1820/1249/1195 1839/1268/1214 1838/1267/1213
f 1839/1268/1214 1820/1249/1195 1821/1250/1196
f 1821/1250/1196 1840/1269/1215 1839/1268/1214
f 1840/1269/1215 1821/1250/1196 1822/1251/1197
f 1822/1251/1197 1841/1270/1216 1840/1269/1215
f 1841/1270/1216 1822/1251/1197 1823/1252/1198
f 1823/1252/1198 1842/1271/1217 1841/1270/1216
f 1842/1271/1217 1823/1252/1198 1824/1253/1199
f 1824/1253/1199 1843/1272/1218 1842/1271/1217
f 1843/1272/1218 1824/1253/1199 1825/1254/1200
f 1825/1254/1200 1844/1273/1219 1843/1272/1218
f 1844/1273/1219 1825/1254/1200 1826/1255/1201
f 1826/1255/1201 1845/1274/1220 1844/1273/1219
f 1845/1274/1220 1826/1255/1201 1145/680/746
f 1145/680/746 1167/702/767 1845/1274/1220
f 1168/703/768 1146/681/747 1827/1256/1202
f 1827/1256/1202 1846/1275/1221 1168/703/768
f 1846/1275/1221 1827/1256/1202 1828/1257/1203
f 1828/1257/1203 1847/1276/1222 1846/1275/1221
f 1847/1276/1222 1828/1257/1203 1829/1258/1204
f 1829/1258/1204 1848/1277/1223 1847/1276/1222
f 1848/1277/1223 1829/1258/1204 1830/1259/1205
f 1830/1259/1205 1849/1278/1224 1848/1277/1223
f 1849/1278/1224 1830/1259/1205 1831/1260/1206
f 1831/1260/1206 1850/1279/1225 1849/1278/1224
f 1850/1279/1225 1831/1260/1206 1832/1261/1207
f 1832/1261/1207 1851/1280/1226 1850/1279/1225
f 1851/1280/1226 1832/1261/1207 1833/1262/1208
f 1833/1262/1208 1852/1281/1227 1851/1280/1226
f 1852/1281/1227 1833/1262/1208 1834/1263/1209
f 1834/1263/1209 1853/1282/1228 1852/1281/1227
f 1853/1282/1228 1834/1263/1209 1835/1264/1210
f 1835/1264/1210 1854/1283/1229 1853/1282/1228
f 1854/1283/1229 1835/1264/1210 1836/1265/1211
f 1836/1265/1211 1855/1284/1230 1854/1283/1229
f 1855/1284/1230 1836/1265/1211 1837/1266/1212
f 1837/1266/1212 1856/1285/1231 1855/1284/1230
f 1856/1285/1231 1837/1266/1212 1838/1267/1213
f 1838/1267/1213 1857/1286/1232 1856/1285/1231
f 1857/1286/1232 1838/1267/1213 1839/1268/1214
f 1839/1268/1214 1858/1287/1233 1857/1286/1232
f 1858/1287/1233 1839/1268/1214 1840/1269/1215
f 1840/1269/1215 1859/1288/1234 1858/1287/1233
f 1859/1288/1234 1840/1269/1215 1841/1270/1216
f 1841/1270/1216 1860/1289/1235 1859/1288/1234
f 1860/1289/1235 1841/1270/1216 1842/1271/1217
f 1842/1271/1217 1861/1290/1236 1860/1289/1235
f 1861/1290/1236 1842/1271/1217 1843/1272/1218
f 1843/1272/1218 1862/1291/1237 1861/1290/1236
f 1862/1291/1237 1843/1272/1218 1844/1273/1219
f 1844/1273/1219 1863/1292/1238 1862/1291/1237
f 1863/1292/1238 1844/1273/1219 1845/1274/1220
f 1845/1274/1220 1864/1293/1239 1863/1292/1238
f 1864/1293/1239 1845/1274/1220 1167/702/767
f 1167/702/767 1189/724/788 1864/1293/1239
f 1190/725/789 1168/703/768 1846/1275/1221
f 1846/1275/1221 1865/1294/1240 1190/725/789
f 1865/1294/1240 1846/1275/1221 1847/1276/1222
f 1847/1276/1222 1866/1295/1241 1865/1294/1240
f 1866/1295/1241 1847/1276/1222 1848/1277/1223
f 1848/1277/1223 1867/1296/1242 1866/1295/1241
f 1867/1296/1242 1848/1277/1223 1849/1278/1224
f 1849/1278/1224 1868/1297/1243 1867/1296/1242
f 1868/1297/1243 1849/1278/1224 1850/1279/1225
f 1850/1279/1225 1869/1298/1244 1868/1297/1243
f 1869/1298/1244 1850/1279/1225 1851/1280/1226
f 1851/1280/1226 1870/1299/1245 1869/1298/1244
f 1870/1299/1245 1851/1280/1226 1852/1281/1227
f 1852/1281/1227 1871/1300/1246 1870/1299/1245
f 1871/1300/1246 1852/1281/1227 1853/1282/1228
f 1853/1282/1228 1872/1301/1247 1871/1300/1246
f 1872/1301/1247 1853/1282/1228 1854/1283/1229
f 1854/1283/1229 1873/1302/1248 1872/1301/1247
f 1873/1302/1248 1854/1283/1229 1855/1284/1230
f 1855/1284/1230 1874/1303/1249 1873/1302/1248
f 1874/1303/1249 1855/1284/1230 1856/1285/1231
f 1856/1285/1231 1875/1304/1250 1874/1303/1249
f 1875/1304/1250 1856/1285/1231 1857/1286/1232
f 1857/1286/1232 1876/1305/1251 1875/1304/1250
f 1876/1305/1251 1857/1286/1232 1858/1287/1233
f 1858/1287/1233 1877/1306/1252 1876/1305/1251
f 1877/1306/1252 1858/1287/1233 1859/1288/1234
f 1859/1288/1234 1878/1307/1253 1877/1306/1252
f 1878/1307/1253 1859/1288/1234 1860/1289/1235
f 1860/1289/1235 1879/1308/1254 1878/1307/1253
f 1879/1308/1254 1860/1289/1235 1861/1290/1236
f 1861/1290/1236 1880/1309/1255 1879/1308/1254
f 1880/1309/1255 1861/1290/1236 1862/1291/1237
f 1862/1291/1237 1881/1310/1256 1880/1309/1255
f 1881/1310/1256 1862/1291/1237 1863/1292/1238
f 1863/1292/1238 1882/1311/1257 1881/1310/1256
f 1882/1311/1257 1863/1292/1238 1864/1293/1239
f 1864/1293/1239 1883/1312/1258 1882/1311/1257
f 1883/1312/1258 1864/1293/1239 1189/724/788
f 1189/724/788 1211/746/810 1883/1312/1258
f 1212/747/811 1190/725/789 1865/1294/1240
f 1865/1294/1240 1884/1313/1259 1212/747/811
f 1884/1313/1259 1865/1294/1240 1866/1295/1241
f 1866/1295/1241 1885/1314/1260 1884/1313/1259
f 1885/1314/1260 1866/1295/1241 1867/1296/1242
f 1867/1296/1242 1886/1315/1261 1885/1314/1260
f 1886/1315/1261 1867/1296/1242 1868/1297/1243
f 1868/1297/1243 1887/1316/1262 1886/1315/1261
f 1887/1316/1262 1868/1297/1243 1869/1298/1244
f 1869/1298/1244 1888/1317/1263 1887/1316/1262
f 1888/1317/1263 1869/1298/1244 1870/1299/1245
f 1870/1299/1245 1889/1318/1264 1888/1317/1263
f 1889/1318/1264 1870/1299/1245 1871/1300/1246
f 1871/1300/1246 1890/1319/1265 1889/1318/1264
f 1890/1319/1265 1871/1300/1246 1872/1301/1247
f 1872/1301/1247 1891/1320/1266 1890/1319/1265
f 1891/1320/1266 1872/1301/1247 1873/1302/1248
f 1873/1302/1248 1892/1321/1267 1891/1320/1266
f 1892/1321/1267 1873/1302/1248 1874/1303/1249
f 1874/1303/1249 1893/1322/1268 1892/1321/1267
f 1893/1322/1268 1874/1303/1249 1875/1304/1250
f 1875/1304/1250 1894/1323/1269 1893/1322/1268
f 1894/1323/1269 1875/1304/1250 1876/1305/1251
f 1876/1305/1251 1895/1324/1270 1894/1323/1269
f 1895/1324/1270 1876/1305/1251 1877/1306/1252
f 1877/1306/1252 1896/1325/1271 1895/1324/1270
f 1896/1325/1271 1877/1306/1252 1878/1307/1253
f 1878/1307/1253 1897/1326/1272 1896/1325/1271
f 1897/1326/1272 1878/1307/1253 1879/1308/1254
f 1879/1308/1254 1898/1327/1273 1897/1326/1272
f 1898/1327/1273 1879/1308/1254 1880/1309/1255
f 1880/1309/1255 1899/1328/1274 1898/1327/1273
f 1899/1328/1274 1880/1309/1255 1881/1310/1256
f 1881/1310/1256 1900/1329/1275 1899/1328/1274
f 1900/1329/1275 1881/1310/1256 1882/1311/1257
f 1882/1311/1257 1901/1330/1276 1900/1329/1275
f 1901/1330/1276 1882/1311/1257 1883/1312/1258
f 1883/1312/1258 1902/1331/1277 1901/1330/1276
f 1902/1331/1277 1883/1312/1258 1211/746/810
f 1211/746/810 1233/768/831 1902/1331/1277
f 1906/1332/84 1903/1333/84 1904/1334/84
f 1904/1334/84 1905/1335/84 1906/1332/84
f 1239/775/84 1238/774/84 1907/1336/84
f 1907/1336/84 1908/1337/84 1239/775/84
f 1908/1337/84 1907/1336/84 1909/1338/84
f 1909/1338/84 1910/1339/84 1908/1337/84
f 1910/1339/84 1909/1338/84 1911/1340/84
f 1911/1340/84 1912/1341/84 1910/1339/84
f 1912/1341/84 1911/1340/84 1913/1342/84
f 1913/1342/84 1914/1343/84 1912/1341/84
f 1914/1343/84 1913/1342/84 1915/1344/84
f 1915/1344/84 1916/1345/84 1914/1343/84
f 1916/1345/84 1915/1344/84 1917/1346/84
f 1917/1346/84 1918/1347/84 1916/1345/84
f 1918/1347/84 1917/1346/84 1919/1348/84
f 1919/1348/84 1920/1349/84 1918/1347/84
f 1920/1349/84 1919/1348/84 1903/1333/84
f 1903/1333/84 1906/1332/84 1920/1349/84
f 1905/1335/84 1904/1334/84 1921/1350/84
f 1921/1350/84 1922/1351/84 1905/1335/84
f 1922/1351/84 1921/1350/84 1923/1352/84
f 1923/1352/84 1924/1353/84 1922/1351/84
f 1924/1353/84 1923/1352/84 1925/1354/84
f 1925/1354/84 1926/1355/84 1924/1353/84
f 1926/1355/84 1925/1354/84 1927/1356/84
f 1927/1356/84 1928/1357/84 1926/1355/84
f 1928/1357/84 1927/1356/84 1929/1358/84
f 1929/1358/84 1930/1359/84 1928/1357/84
f 1930/1359/84 1929/1358/84 1931/1360/84
f 1931/1360/84 1932/1361/84 1930/1359/84
f 1932/1361/84 1931/1360/84 1933/1362/84
f 1933/1362/84 1934/1363/84 1932/1361/84
f 1934/1363/84 1933/1362/84 1935/1364/84
f 1935/1364/84 1936/1365/84 1934/1363/84
f 1936/1365/84 1935/1364/84 1937/1366/84
f 1937/1366/84 1938/1367/84 1936/1365/84
f 1938/1367/84 1937/1366/84 1939/1368/84
f 1939/1368/84 1940/1369/84 1938/1367/84
f 1940/1369/84 1939/1368/84 1275/809/84
f 1275/809/84 1274/810/84 1940/1369/84
f 1944/498/1278 1941/499/1279 1942/500/1280
f 1942/500/1280 1943/501/1278 1944/498/1278
f 1946/502/1281 1942/500/1280 1941/499/1279
f 1941/499/1279 1945/503/1282 1946/502/1281
f 1948/504/1283 1946/502/1281 1945/503/1282
f 1945/503/1282 1947/505/1283 1948/504/1283
f 1950/1370/1284 1284/542/840 1287/543/839
f 1287/543/839 1949/1154/1284 1950/1370/1284
f 1952/1151/1285 1950/1370/1284 1949/1154/1284
f 1949/1154/1284 1951/1152/1286 1952/1151/1285
f 1954/1149/1287 1952/1151/1285 1951/1152/1286
f 1951/1152/1286 1953/1150/1288 1954/1149/1287
f 1956/1147/1289 1954/1149/1287 1953/1150/1288
f 1953/1150/1288 1955/1148/1290 1956/1147/1289
f 1958/1146/1291 1956/1147/1289 1955/1148/1290
f 1955/1148/1290 1957/1145/1292 1958/1146/1291
f 1962/518/1293 1959/519/1292 1960/520/1292
f 1960/520/1292 1961/521/1294 1962/518/1293
f 1947/505/1283 1962/518/1293 1961/521/1294
f 1961/521/1294 1948/504/1283 1947/505/1283
f 1964/522/1295 1944/498/1278 1943/501/1278
f 1943/501/1278 1963/523/1295 1964/522/1295
f 1966/524/1296 1964/522/1295 1963/523/1295
f 1963/523/1295 1965/525/1296 1966/524/1296
f 1968/526/1297 1966/524/1296 1965/525/1296
f 1965/525/1296 1967/527/1298 1968/526/1297
f 1970/528/1299 1968/526/1297 1967/527/1298
f 1967/527/1298 1969/529/1300 1970/528/1299
f 1972/530/1301 1970/528/1299 1969/529/1300
f 1969/529/1300 1971/531/1302 1972/530/1301
f 1976/1141/1303 1973/1143/1301 1974/1144/1301
f 1974/1144/1301 1975/1142/1304 1976/1141/1303
f 1978/1139/1305 1976/1141/1303 1975/1142/1304
f 1975/1142/1304 1977/1140/1306 1978/1139/1305
f 1980/1371/1307 1978/1139/1305 1977/1140/1306
f 1977/1140/1306 1979/1138/1307 1980/1371/1307
f 1982/1135/1308 1980/1371/1307 1979/1138/1307
f 1979/1138/1307 1981/1372/1309 1982/1135/1308
f 1320/507/866 1982/1135/1308 1981/1372/1309
f 1981/1372/1309 1321/508/866 1320/507/866
f 1983/1373/84 1324/838/84 1984/1374/84
f 1324/838/84 1326/840/84 1985/1375/84
f 1324/838/84 1985/1375/84 1986/1376/84
f 1324/838/84 1986/1376/84 1987/1377/84
f 1324/838/84 1987/1377/84 1988/1378/84
f 1324/838/84 1988/1378/84 1989/1379/84
f 1324/838/84 1989/1379/84 1990/1380/84
f 1324/838/84 1990/1380/84 1991/1381/84
f 1324/838/84 1991/1381/84 1984/1374/84
f 1992/1382/84 1324/838/84 1983/1373/84
f 1993/1383/84 1324/838/84 1992/1382/84
f 1994/1384/84 1324/838/84 1993/1383/84
f 1995/1385/84 1324/838/84 1994/1384/84
f 1996/1386/84 1324/838/84 1995/1385/84
f 1997/1387/84 1324/838/84 1996/1386/84
f 1998/1388/84 1324/838/84 1997/1387/84
f 1999/1389/84 1324/838/84 1998/1388/84
f 2000/1390/84 1324/838/84 1999/1389/84
f 2001/1391/84 1324/838/84 2000/1390/84
f 1343/857/84 1324/838/84 2001/1391/84
f 2005/502/1107 2002/566/1107 2003/567/1106
f 2003/567/1106 2004/500/1106 2005/502/1107
f 1349/543/646 1348/592/646 2006/1179/1108
f 2006/1179/1108 2007/1154/1108 1349/543/646
f 2007/1154/1108 2006/1179/1108 2008/1177/1109
f 2008/1177/1109 2009/1152/1109 2007/1154/1108
f 2009/1152/1109 2008/1177/1109 2010/1178/1110
f 2010/1178/1110 2011/1150/1110 2009/1152/1109
f 2015/572/1110 2012/573/1110 2013/574/1111
f 2013/574/1111 2014/575/1111 2015/572/1110
f 2014/575/1111 2013/574/1111 2016/576/1112
f 2016/576/1112 2017/520/1112 2014/575/1111
f 2017/520/1112 2016/576/1112 2018/577/1113
f 2018/577/1113 2019/521/1113 2017/520/1112
f 2019/521/1113 2018/577/1113 2020/578/1114
f 2020/578/1114 2021/504/1114 2019/521/1113
f 2021/504/1114 2020/578/1114 2002/566/1107
f 2002/566/1107 2005/502/1107 2021/504/1114
f 2004/500/1106 2003/567/1106 2022/579/57
f 2022/579/57 2023/501/57 2004/500/1106
f 2023/501/57 2022/579/57 2024/580/1115
f 2024/580/1115 2025/523/1115 2023/501/57
f 2025/523/1115 2024/580/1115 2026/581/1116
f 2026/581/1116 2027/525/1116 2025/523/1115
f 2027/525/1116 2026/581/1116 2028/582/1117
f 2028/582/1117 2029/527/1117 2027/525/1116
f 2029/527/1117 2028/582/1117 2030/583/1118
f 2030/583/1118 2031/529/1118 2029/527/1117
f 2031/529/1118 2030/583/1118 2032/584/1119
f 2032/584/1119 2033/531/1119 2031/529/1118
f 2033/531/1119 2032/584/1119 2034/585/1120
f 2034/585/1120 2035/586/1121 2033/531/1119
f 2035/586/1121 2034/585/1120 2036/587/1122
f 2036/587/1122 2037/588/1122 2035/586/1121
f 2041/1140/1122 2038/1176/1122 2039/1175/1123
f 2039/1175/1123 2040/1138/1124 2041/1140/1122
f 2040/1138/1124 2039/1175/1123 2042/1392/1125
f 2042/1392/1125 2043/1372/1125 2040/1138/1124
f 2043/1372/1125 2042/1392/1125 1389/568/104
f 1389/568/104 1388/508/104 2043/1372/1125
f 1391/880/104 1390/879/868 2044/1393/1310
f 2044/1393/1310 2045/1394/1311 1391/880/104
f 1394/882/870 1391/880/104 2045/1394/1311
f 2045/1394/1311 2046/1395/1312 1394/882/870
f 2045/1394/1311 2044/1393/1310 2047/1396/1313
f 2047/1396/1313 2048/1397/1314 2045/1394/1311
f 2046/1395/1312 2045/1394/1311 2048/1397/1314
f 2048/1397/1314 2049/1398/1315 2046/1395/1312
f 2048/1397/1314 2047/1396/1313 2050/1399/1316
f 2050/1399/1316 2051/1400/1122 2048/1397/1314
f 2049/1398/1315 2048/1397/1314 2051/1400/1122
f 2051/1400/1122 2052/1401/1317 2049/1398/1315
f 2051/1400/1122 2050/1399/1316 2053/1402/1318
f 2053/1402/1318 2054/1403/1120 2051/1400/1122
f 2052/1401/1317 2051/1400/1122 2054/1403/1120
f 2054/1403/1120 2055/1404/1319 2052/1401/1317
f 2054/1403/1120 2053/1402/1318 2056/1405/1320
f 2056/1405/1320 2057/1406/1321 2054/1403/1120
f 2055/1404/1319 2054/1403/1120 2057/1406/1321
f 2057/1406/1321 2058/1407/1322 2055/1404/1319
f 2057/1406/1321 2056/1405/1320 2059/1408/1323
f 2059/1408/1323 2060/1409/1118 2057/1406/1321
f 2058/1407/1322 2057/1406/1321 2060/1409/1118
f 2060/1409/1118 2061/1410/1324 2058/1407/1322
f 2060/1409/1118 2059/1408/1323 2062/1411/1325
f 2062/1411/1325 2063/1412/1117 2060/1409/1118
f 2061/1410/1324 2060/1409/1118 2063/1412/1117
f 2063/1412/1117 2064/1413/1326 2061/1410/1324
f 2063/1412/1117 2062/1411/1325 2065/1414/1327
f 2065/1414/1327 2066/1415/1328 2063/1412/1117
f 2064/1413/1326 2063/1412/1117 2066/1415/1328
f 2066/1415/1328 2067/1416/1329 2064/1413/1326
f 2066/1415/1328 2065/1414/1327 2068/1417/1330
f 2068/1417/1330 2069/1418/1331 2066/1415/1328
f 2067/1416/1329 2066/1415/1328 2069/1418/1331
f 2069/1418/1331 2070/1419/1332 2067/1416/1329
f 2069/1418/1331 2068/1417/1330 2071/1420/1333
f 2071/1420/1333 2072/1421/57 2069/1418/1331
f 2070/1419/1332 2069/1418/1331 2072/1421/57
f 2072/1421/57 2073/1422/1334 2070/1419/1332
f 2072/1421/57 2071/1420/1333 2074/1423/1335
f 2074/1423/1335 2075/1424/1336 2072/1421/57
f 2073/1422/1334 2072/1421/57 2075/1424/1336
f 2075/1424/1336 2076/1425/1337 2073/1422/1334
f 2075/1424/1336 2074/1423/1335 2077/1426/1338
f 2077/1426/1338 2078/1427/1107 2075/1424/1336
f 2076/1425/1337 2075/1424/1336 2078/1427/1107
f 2078/1427/1107 2079/1428/1339 2076/1425/1337
f 2078/1427/1107 2077/1426/1338 2080/1429/1340
f 2080/1429/1340 2081/1430/1114 2078/1427/1107
f 2079/1428/1339 2078/1427/1107 2081/1430/1114
f 2081/1430/1114 2082/1431/1341 2079/1428/1339
f 2081/1430/1114 2080/1429/1340 2083/1432/1342
f 2083/1432/1342 2084/1433/1343 2081/1430/1114
f 2082/1431/1341 2081/1430/1114 2084/1433/1343
f 2084/1433/1343 2085/1434/1344 2082/1431/1341
f 2084/1433/1343 2083/1432/1342 2086/1435/1345
f 2086/1435/1345 2087/1436/1346 2084/1433/1343
f 2085/1434/1344 2084/1433/1343 2087/1436/1346
f 2087/1436/1346 2088/1437/1347 2085/1434/1344
f 2087/1436/1346 2086/1435/1345 2089/1438/1348
f 2089/1438/1348 2090/1439/1111 2087/1436/1346
f 2088/1437/1347 2087/1436/1346 2090/1439/1111
f 2090/1439/1111 2091/1440/1349 2088/1437/1347
f 2090/1439/1111 2089/1438/1348 2092/1441/1350
f 2092/1441/1350 2093/1442/1110 2090/1439/1111
f 2091/1440/1349 2090/1439/1111 2093/1442/1110
f 2093/1442/1110 2094/1443/1351 2091/1440/1349
f 2093/1442/1110 2092/1441/1350 2095/1444/1352
f 2095/1444/1352 2096/1445/1353 2093/1442/1110
f 2094/1443/1351 2093/1442/1110 2096/1445/1353
f 2096/1445/1353 2097/1446/1354 2094/1443/1351
f 2096/1445/1353 2095/1444/1352 2098/1447/1355
f 2098/1447/1355 2099/1448/1108 2096/1445/1353
f 2097/1446/1354 2096/1445/1353 2099/1448/1108
f 2099/1448/1108 2100/1449/1356 2097/1446/1354
f 2099/1448/1108 2098/1447/1355 1454/941/919
f 1454/941/919 1453/942/646 2099/1448/1108
f 2100/1449/1356 2099/1448/1108 1453/942/646
f 1453/942/646 1455/943/920 2100/1449/1356
f 2044/1393/1310 1390/879/868 1212/747/811
f 1212/747/811 1884/1313/1259 2044/1393/1310
f 2047/1396/1313 2044/1393/1310 1884/1313/1259
f 1884/1313/1259 1885/1314/1260 2047/1396/1313
f 2050/1399/1316 2047/1396/1313 1885/1314/1260
f 1885/1314/1260 1886/1315/1261 2050/1399/1316
f 2053/1402/1318 2050/1399/1316 1886/1315/1261
f 1886/1315/1261 1887/1316/1262 2053/1402/1318
f 2056/1405/1320 2053/1402/1318 1887/1316/1262
f 1887/1316/1262 1888/1317/1263 2056/1405/1320
f 2059/1408/1323 2056/1405/1320 1888/1317/1263
f 1888/1317/1263 1889/1318/1264 2059/1408/1323
f 2062/1411/1325 2059/1408/1323 1889/1318/1264
f 1889/1318/1264 1890/1319/1265 2062/1411/1325
f 2065/1414/1327 2062/1411/1325 1890/1319/1265
f 1890/1319/1265 1891/1320/1266 2065/1414/1327
f 2068/1417/1330 2065/1414/1327 1891/1320/1266
f 1891/1320/1266 1892/1321/1267 2068/1417/1330
f 2071/1420/1333 2068/1417/1330 1892/1321/1267
f 1892/1321/1267 1893/1322/1268 2071/1420/1333
f 2074/1423/1335 2071/1420/1333 1893/1322/1268
f 1893/1322/1268 1894/1323/1269 2074/1423/1335
f 2077/1426/1338 2074/1423/1335 1894/1323/1269
f 1894/1323/1269 1895/1324/1270 2077/1426/1338
f 2080/1429/1340 2077/1426/1338 1895/1324/1270
f 1895/1324/1270 1896/1325/1271 2080/1429/1340
f 2083/1432/1342 2080/1429/1340 1896/1325/1271
f 1896/1325/1271 1897/1326/1272 2083/1432/1342
f 2086/1435/1345 2083/1432/1342 1897/1326/1272
f 1897/1326/1272 1898/1327/1273 2086/1435/1345
f 2089/1438/1348 2086/1435/1345 1898/1327/1273
f 1898/1327/1273 1899/1328/1274 2089/1438/1348
f 2092/1441/1350 2089/1438/1348 1899/1328/1274
f 1899/1328/1274 1900/1329/1275 2092/1441/1350
f 2095/1444/1352 2092/1441/1350 1900/1329/1275
f 1900/1329/1275 1901/1330/1276 2095/1444/1352
f 2098/1447/1355 2095/1444/1352 1901/1330/1276
f 1901/1330/1276 1902/1331/1277 2098/1447/1355
f 1454/941/919 2098/1447/1355 1902/1331/1277
f 1902/1331/1277 1233/768/831 1454/941/919
f 1591/1078/1055 881/434/589 1394/882/870
f 1394/882/870 2046/1395/1312 1591/1078/1055
f 1592/1079/1056 1591/1078/1055 2046/1395/1312
f 2046/1395/1312 2049/1398/1315 1592/1079/1056
f 1593/1080/1057 1592/1079/1056 2049/1398/1315
f 2049/1398/1315 2052/1401/1317 1593/1080/1057
f 1594/1081/1058 1593/1080/1057 2052/1401/1317
f 2052/1401/1317 2055/1404/1319 1594/1081/1058
f 1595/1082/1059 1594/1081/1058 2055/1404/1319
f 2055/1404/1319 2058/1407/1322 1595/1082/1059
f 1596/1083/1060 1595/1082/1059 2058/1407/1322
f 2058/1407/1322 2061/1410/1324 1596/1083/1060
f 1597/1084/1061 1596/1083/1060 2061/1410/1324
f 2061/1410/1324 2064/1413/1326 1597/1084/1061
f 1598/1085/1062 1597/1084/1061 2064/1413/1326
f 2064/1413/1326 2067/1416/1329 1598/1085/1062
f 1599/1086/1063 1598/1085/1062 2067/1416/1329
f 2067/1416/1329 2070/1419/1332 1599/1086/1063
f 1600/1087/1064 1599/1086/1063 2070/1419/1332
f 2070/1419/1332 2073/1422/1334 1600/1087/1064
f 1601/1088/1065 1600/1087/1064 2073/1422/1334
f 2073/1422/1334 2076/1425/1337 1601/1088/1065
f 1602/1089/1066 1601/1088/1065 2076/1425/1337
f 2076/1425/1337 2079/1428/1339 1602/1089/1066
f 1603/1090/1067 1602/1089/1066 2079/1428/1339
f 2079/1428/1339 2082/1431/1341 1603/1090/1067
f 1604/1091/1068 1603/1090/1067 2082/1431/1341
f 2082/1431/1341 2085/1434/1344 1604/1091/1068
f 1605/1092/1069 1604/1091/1068 2085/1434/1344
f 2085/1434/1344 2088/1437/1347 1605/1092/1069
f 1606/1093/1070 1605/1092/1069 2088/1437/1347
f 2088/1437/1347 2091/1440/1349 1606/1093/1070
f 1607/1094/1071 1606/1093/1070 2091/1440/1349
f 2091/1440/1349 2094/1443/1351 1607/1094/1071
f 1608/1095/1072 1607/1094/1071 2094/1443/1351
f 2094/1443/1351 2097/1446/1354 1608/1095/1072
f 1609/1096/1073 1608/1095/1072 2097/1446/1354
f 2097/1446/1354 2100/1449/1356 1609/1096/1073
f 901/455/609 1609/1096/1073 2100/1449/1356
f 2100/1449/1356 1455/943/920 901/455/609
