# Blender 5.1.2
# www.blender.org
mtllib missile_left.mtl
o defaultMaterial.008
v 0.142383 0.000265 0.003238
v 0.142383 -0.000031 0.003222
v 0.140771 -0.000386 0.006603
v 0.140771 0.000265 0.006638
v 0.135920 -0.000720 0.009767
v 0.135920 0.000265 0.009819
v 0.135920 0.000265 0.009819
v 0.135920 -0.000720 0.009767
v 0.128158 -0.000990 0.012346
v 0.128159 0.000265 0.012412
v 0.118274 -0.001166 0.014020
v 0.118274 0.000265 0.014095
v 0.142383 -0.000325 0.003176
v 0.140771 -0.001031 0.006501
v 0.135920 -0.001693 0.009613
v 0.135920 -0.001693 0.009613
v 0.128158 -0.002232 0.012150
v 0.118274 -0.002582 0.013796
v 0.142383 -0.000611 0.003099
v 0.140771 -0.001662 0.006333
v 0.135920 -0.002645 0.009358
v 0.135920 -0.002645 0.009358
v 0.128159 -0.003447 0.011824
v 0.118274 -0.003966 0.013424
v 0.142383 -0.000888 0.002992
v 0.140771 -0.002272 0.006098
v 0.135920 -0.003566 0.009005
v 0.135920 -0.003566 0.009005
v 0.128158 -0.004620 0.011374
v 0.118274 -0.005305 0.012911
v 0.142383 -0.001153 0.002858
v 0.140771 -0.002853 0.005802
v 0.135920 -0.004445 0.008557
v 0.135920 -0.004445 0.008557
v 0.128158 -0.005741 0.010803
v 0.118274 -0.006582 0.012260
v 0.142383 -0.001402 0.002696
v 0.140771 -0.003402 0.005446
v 0.135920 -0.005271 0.008020
v 0.135920 -0.005271 0.008020
v 0.128159 -0.006795 0.010118
v 0.118274 -0.007785 0.011479
v 0.142383 -0.001633 0.002509
v 0.140771 -0.003908 0.005035
v 0.135920 -0.006037 0.007400
v 0.135920 -0.006037 0.007400
v 0.128158 -0.007772 0.009327
v 0.118274 -0.008899 0.010577
v 0.142383 -0.001843 0.002298
v 0.140771 -0.004371 0.004573
v 0.135920 -0.006735 0.006702
v 0.135920 -0.006735 0.006702
v 0.128158 -0.008662 0.008437
v 0.118274 -0.009912 0.009564
v 0.142383 -0.002031 0.002068
v 0.140771 -0.004781 0.004066
v 0.135920 -0.007355 0.005936
v 0.135920 -0.007355 0.005936
v 0.128158 -0.009452 0.007461
v 0.118274 -0.010814 0.008450
v 0.142383 -0.002192 0.001818
v 0.140771 -0.005137 0.003519
v 0.135920 -0.007892 0.005109
v 0.135920 -0.007892 0.005109
v 0.128159 -0.010137 0.006405
v 0.118274 -0.011596 0.007246
v 0.142383 -0.002327 0.001554
v 0.140771 -0.005433 0.002937
v 0.135920 -0.008340 0.004230
v 0.135920 -0.007892 0.005109
v 0.135920 -0.008340 0.004230
v 0.128159 -0.010709 0.005285
v 0.128159 -0.010137 0.006405
v 0.118274 -0.012246 0.005970
v 0.118274 -0.011596 0.007246
v 0.142383 -0.002435 0.001275
v 0.140771 -0.005667 0.002327
v 0.135920 -0.008694 0.003310
v 0.135920 -0.008694 0.003310
v 0.128159 -0.011160 0.004111
v 0.118274 -0.012760 0.004631
v 0.142383 -0.002511 0.000990
v 0.140771 -0.005836 0.001697
v 0.135920 -0.008949 0.002358
v 0.135920 -0.008949 0.002358
v 0.128158 -0.011485 0.002897
v 0.118274 -0.013131 0.003247
v 0.142383 -0.002557 0.000695
v 0.140771 -0.005939 0.001052
v 0.135920 -0.009102 0.001384
v 0.135920 -0.009102 0.001384
v 0.128158 -0.011681 0.001655
v 0.118274 -0.013355 0.001830
v 0.142383 -0.002572 0.000400
v 0.140771 -0.005972 0.000399
v 0.135920 -0.009154 0.000399
v 0.135920 -0.009154 0.000399
v 0.128159 -0.011747 0.000399
v 0.118274 -0.013430 0.000399
v 0.142383 0.000265 0.000399
v 0.142383 0.003104 0.000398
v 0.142383 0.003088 0.000696
v 0.140771 0.006469 0.001051
v 0.140771 0.006504 0.000399
v 0.135919 0.009634 0.001384
v 0.135920 0.009686 0.000398
v 0.135920 0.009686 0.000398
v 0.135919 0.009634 0.001384
v 0.128159 0.012213 0.001656
v 0.128158 0.012278 0.000399
v 0.118274 0.013886 0.001831
v 0.118274 0.013961 0.000399
v 0.142383 0.003042 0.000989
v 0.140771 0.006368 0.001696
v 0.135920 0.009479 0.002358
v 0.135920 0.009479 0.002358
v 0.128158 0.012016 0.002897
v 0.118274 0.013662 0.003247
v 0.142383 0.002966 0.001277
v 0.140771 0.006198 0.002328
v 0.135920 0.009224 0.003310
v 0.135920 0.009224 0.003310
v 0.128158 0.011691 0.004112
v 0.118274 0.013291 0.004631
v 0.142383 0.002859 0.001553
v 0.140771 0.005964 0.002937
v 0.135920 0.008871 0.004231
v 0.135920 0.008871 0.004231
v 0.128159 0.011240 0.005286
v 0.118274 0.012777 0.005970
v 0.142383 0.002724 0.001819
v 0.140771 0.005668 0.003518
v 0.135920 0.008423 0.005109
v 0.135920 0.008423 0.005109
v 0.128158 0.010670 0.006406
v 0.118274 0.012127 0.007247
v 0.142383 0.002562 0.002068
v 0.140771 0.005313 0.004065
v 0.135920 0.007886 0.005936
v 0.135920 0.008423 0.005109
v 0.135920 0.007886 0.005936
v 0.128158 0.009984 0.007461
v 0.128158 0.010670 0.006406
v 0.118274 0.011346 0.008450
v 0.118274 0.012127 0.007247
v 0.142383 0.002376 0.002298
v 0.140771 0.004902 0.004574
v 0.135920 0.007266 0.006702
v 0.135920 0.007266 0.006702
v 0.128158 0.009193 0.008437
v 0.118274 0.010443 0.009563
v 0.142383 0.002164 0.002509
v 0.140771 0.004439 0.005035
v 0.135920 0.006568 0.007400
v 0.135920 0.006568 0.007400
v 0.128158 0.008304 0.009327
v 0.118274 0.009429 0.010577
v 0.142383 0.001934 0.002696
v 0.140771 0.003933 0.005446
v 0.135920 0.005802 0.008020
v 0.135920 0.005802 0.008020
v 0.128158 0.007327 0.010118
v 0.118274 0.008316 0.011479
v 0.142383 0.001684 0.002858
v 0.140771 0.003386 0.005802
v 0.135920 0.004976 0.008557
v 0.135920 0.004976 0.008557
v 0.128158 0.006273 0.010803
v 0.118274 0.007113 0.012260
v 0.142383 0.001420 0.002992
v 0.140771 0.002803 0.006098
v 0.135920 0.004097 0.009004
v 0.135920 0.004976 0.008557
v 0.135920 0.004097 0.009004
v 0.128158 0.005152 0.011374
v 0.128158 0.006273 0.010803
v 0.128158 0.005152 0.011374
v 0.118274 0.005836 0.012911
v 0.142383 0.001143 0.003099
v 0.140771 0.002193 0.006333
v 0.135920 0.003177 0.009358
v 0.135920 0.004097 0.009004
v 0.135920 0.003177 0.009358
v 0.128158 0.003978 0.011824
v 0.118274 0.004498 0.013425
v 0.142383 0.000857 0.003176
v 0.140771 0.001563 0.006501
v 0.135920 0.002224 0.009613
v 0.135920 0.002224 0.009613
v 0.128158 0.002764 0.012150
v 0.118274 0.003113 0.013796
v 0.142383 0.000563 0.003222
v 0.140771 0.000918 0.006603
v 0.135920 0.001250 0.009767
v 0.135920 0.001250 0.009767
v 0.128158 0.001522 0.012346
v 0.118274 0.001697 0.014020
v 0.142383 0.000265 -0.002439
v 0.142383 0.000562 -0.002423
v 0.140771 0.000918 -0.005805
v 0.140771 0.000265 -0.005839
v 0.135920 0.001250 -0.008969
v 0.135920 0.000265 -0.009020
v 0.135920 0.000265 -0.009020
v 0.135920 0.001250 -0.008969
v 0.128158 0.001522 -0.011548
v 0.128158 0.000265 -0.011614
v 0.118274 0.001697 -0.013221
v 0.118274 0.000265 -0.013296
v 0.142383 0.000857 -0.002377
v 0.140771 0.001563 -0.005703
v 0.135920 0.002224 -0.008814
v 0.135920 0.002224 -0.008814
v 0.128159 0.002763 -0.011351
v 0.118274 0.003113 -0.012997
v 0.142383 0.001143 -0.002300
v 0.140771 0.002193 -0.005534
v 0.135920 0.003177 -0.008559
v 0.135920 0.003177 -0.008559
v 0.128158 0.003978 -0.011026
v 0.118274 0.004498 -0.012626
v 0.142383 0.001420 -0.002194
v 0.140771 0.002803 -0.005300
v 0.135920 0.004097 -0.008206
v 0.135920 0.004097 -0.008206
v 0.128159 0.005152 -0.010575
v 0.118274 0.005836 -0.012112
v 0.142383 0.001684 -0.002059
v 0.140771 0.003386 -0.005003
v 0.135920 0.004976 -0.007758
v 0.135920 0.004976 -0.007758
v 0.128158 0.006272 -0.010004
v 0.118274 0.007113 -0.011462
v 0.142383 0.001934 -0.001897
v 0.140771 0.003933 -0.004648
v 0.135920 0.005802 -0.007221
v 0.135920 0.005802 -0.007221
v 0.128158 0.007327 -0.009320
v 0.118274 0.008316 -0.010681
v 0.142383 0.002166 -0.001710
v 0.140771 0.004439 -0.004237
v 0.135920 0.006568 -0.006601
v 0.135920 0.006568 -0.006601
v 0.128159 0.008304 -0.008528
v 0.118274 0.009429 -0.009779
v 0.142383 0.002376 -0.001500
v 0.140771 0.004902 -0.003775
v 0.135920 0.007266 -0.005903
v 0.135920 0.007266 -0.005903
v 0.128158 0.009193 -0.007639
v 0.118274 0.010443 -0.008765
v 0.142383 0.002562 -0.001269
v 0.140771 0.005313 -0.003268
v 0.135920 0.007887 -0.005137
v 0.135920 0.007887 -0.005137
v 0.128158 0.009984 -0.006662
v 0.118274 0.011346 -0.007651
v 0.142383 0.002724 -0.001020
v 0.140771 0.005668 -0.002720
v 0.135920 0.008423 -0.004310
v 0.135920 0.008423 -0.004310
v 0.128159 0.010670 -0.005607
v 0.118274 0.012127 -0.006448
v 0.142383 0.002858 -0.000756
v 0.140771 0.005964 -0.002139
v 0.135920 0.008871 -0.003432
v 0.135920 0.008423 -0.004310
v 0.135920 0.008871 -0.003432
v 0.128158 0.011240 -0.004487
v 0.128159 0.010670 -0.005607
v 0.118274 0.012777 -0.005171
v 0.118274 0.012127 -0.006448
v 0.142383 0.002966 -0.000478
v 0.140771 0.006199 -0.001528
v 0.135920 0.009224 -0.002512
v 0.135920 0.009224 -0.002512
v 0.128159 0.011691 -0.003312
v 0.118274 0.013291 -0.003833
v 0.142383 0.003042 -0.000192
v 0.140771 0.006368 -0.000897
v 0.135920 0.009479 -0.001559
v 0.135920 0.009479 -0.001559
v 0.128158 0.012016 -0.002099
v 0.118274 0.013662 -0.002449
v 0.142383 0.003089 0.000103
v 0.140771 0.006469 -0.000253
v 0.135920 0.009633 -0.000585
v 0.135920 0.009633 -0.000585
v 0.128159 0.012213 -0.000856
v 0.118274 0.013886 -0.001032
v 0.142383 -0.002557 0.000102
v 0.140771 -0.005939 -0.000252
v 0.135920 -0.009102 -0.000585
v 0.135920 -0.009102 -0.000585
v 0.128158 -0.011681 -0.000856
v 0.118274 -0.013355 -0.001033
v 0.142383 -0.002511 -0.000190
v 0.140771 -0.005836 -0.000897
v 0.135920 -0.008949 -0.001559
v 0.135920 -0.008949 -0.001559
v 0.128159 -0.011485 -0.002099
v 0.118274 -0.013131 -0.002448
v 0.142383 -0.002433 -0.000478
v 0.140771 -0.005667 -0.001529
v 0.135919 -0.008694 -0.002511
v 0.135919 -0.008694 -0.002511
v 0.128158 -0.011160 -0.003313
v 0.118274 -0.012760 -0.003833
v 0.142383 -0.002327 -0.000755
v 0.140771 -0.005433 -0.002138
v 0.135920 -0.008340 -0.003432
v 0.135920 -0.008340 -0.003432
v 0.128158 -0.010709 -0.004487
v 0.118274 -0.012246 -0.005171
v 0.142383 -0.002192 -0.001020
v 0.140771 -0.005137 -0.002720
v 0.135920 -0.007892 -0.004310
v 0.135920 -0.007892 -0.004310
v 0.128158 -0.010137 -0.005607
v 0.118274 -0.011595 -0.006449
v 0.142383 -0.002031 -0.001269
v 0.140771 -0.004782 -0.003267
v 0.135920 -0.007355 -0.005137
v 0.135920 -0.007892 -0.004310
v 0.135920 -0.007355 -0.005137
v 0.128158 -0.009452 -0.006662
v 0.128158 -0.010137 -0.005607
v 0.118274 -0.010814 -0.007651
v 0.118274 -0.011595 -0.006449
v 0.142383 -0.001843 -0.001500
v 0.140771 -0.004370 -0.003775
v 0.135920 -0.006735 -0.005904
v 0.135920 -0.006735 -0.005904
v 0.128158 -0.008662 -0.007639
v 0.118274 -0.009912 -0.008765
v 0.142383 -0.001633 -0.001710
v 0.140771 -0.003908 -0.004237
v 0.135920 -0.006037 -0.006601
v 0.135920 -0.006037 -0.006601
v 0.128159 -0.007772 -0.008528
v 0.118274 -0.008899 -0.009779
v 0.142383 -0.001402 -0.001897
v 0.140771 -0.003401 -0.004648
v 0.135920 -0.005271 -0.007221
v 0.135920 -0.005271 -0.007221
v 0.128159 -0.006795 -0.009320
v 0.118274 -0.007785 -0.010681
v 0.142383 -0.001153 -0.002059
v 0.140771 -0.002853 -0.005003
v 0.135920 -0.004443 -0.007758
v 0.135920 -0.004443 -0.007758
v 0.128158 -0.005741 -0.010004
v 0.118274 -0.006582 -0.011461
v 0.142383 -0.000890 -0.002193
v 0.140771 -0.002271 -0.005300
v 0.135920 -0.003566 -0.008206
v 0.135920 -0.003566 -0.008206
v 0.128158 -0.004620 -0.010575
v 0.118274 -0.005305 -0.012113
v 0.142383 -0.000611 -0.002301
v 0.140771 -0.001662 -0.005533
v 0.135920 -0.002645 -0.008559
v 0.135920 -0.002645 -0.008559
v 0.128158 -0.003446 -0.011026
v 0.118274 -0.003966 -0.012626
v 0.142383 -0.000325 -0.002377
v 0.140771 -0.001031 -0.005703
v 0.135920 -0.001693 -0.008814
v 0.135920 -0.001693 -0.008814
v 0.128158 -0.002232 -0.011351
v 0.118274 -0.002582 -0.012997
v 0.142383 -0.000031 -0.002423
v 0.140771 -0.000386 -0.005805
v 0.135920 -0.000718 -0.008969
v 0.135920 -0.000718 -0.008969
v 0.128158 -0.000990 -0.011548
v 0.118274 -0.001166 -0.013221
v 0.142989 0.000265 0.003375
v 0.141246 0.000265 0.007052
v 0.141246 -0.000430 0.007016
v 0.142989 -0.000046 0.003358
v 0.136187 0.000265 0.010371
v 0.136187 -0.000777 0.010316
v 0.136187 0.000265 0.010371
v 0.128306 0.000265 0.013003
v 0.128306 -0.001052 0.012935
v 0.136187 -0.000777 0.010316
v 0.118376 0.000265 0.014694
v 0.118376 -0.001228 0.014615
v 0.141246 -0.001117 0.006907
v 0.142989 -0.000353 0.003310
v 0.136187 -0.001807 0.010153
v 0.128306 -0.002355 0.012728
v 0.136187 -0.001807 0.010153
v 0.118376 -0.002706 0.014382
v 0.141246 -0.001790 0.006727
v 0.142989 -0.000653 0.003229
v 0.136187 -0.002816 0.009882
v 0.128306 -0.003630 0.012386
v 0.136187 -0.002816 0.009882
v 0.118376 -0.004152 0.013994
v 0.141246 -0.002441 0.006477
v 0.142989 -0.000945 0.003117
v 0.136187 -0.003790 0.009508
v 0.128306 -0.004861 0.011914
v 0.136187 -0.003790 0.009508
v 0.118376 -0.005548 0.013458
v 0.141246 -0.003061 0.006161
v 0.142989 -0.001222 0.002976
v 0.136187 -0.004720 0.009035
v 0.128306 -0.006036 0.011315
v 0.136187 -0.004720 0.009035
v 0.118376 -0.006881 0.012779
v 0.141246 -0.003645 0.005782
v 0.142989 -0.001483 0.002807
v 0.136187 -0.005595 0.008466
v 0.128306 -0.007142 0.010596
v 0.136187 -0.005595 0.008466
v 0.118376 -0.008136 0.011964
v 0.141246 -0.004186 0.005344
v 0.142989 -0.001725 0.002610
v 0.136187 -0.006406 0.007809
v 0.128306 -0.008169 0.009766
v 0.136187 -0.006406 0.007809
v 0.118376 -0.009300 0.011022
v 0.141246 -0.004678 0.004851
v 0.142989 -0.001946 0.002390
v 0.136187 -0.007145 0.007071
v 0.128306 -0.009101 0.008833
v 0.136187 -0.007145 0.007071
v 0.118376 -0.010357 0.009964
v 0.141246 -0.005117 0.004310
v 0.142989 -0.002141 0.002148
v 0.136187 -0.007801 0.006260
v 0.128306 -0.009931 0.007808
v 0.136187 -0.007801 0.006260
v 0.118376 -0.011299 0.008802
v 0.141246 -0.005496 0.003726
v 0.142989 -0.002311 0.001887
v 0.136187 -0.008370 0.005385
v 0.128306 -0.010650 0.006702
v 0.136187 -0.008370 0.005385
v 0.118376 -0.012114 0.007547
v 0.141246 -0.005812 0.003105
v 0.142989 -0.002452 0.001609
v 0.136187 -0.008844 0.004455
v 0.136187 -0.008370 0.005385
v 0.128306 -0.010650 0.006702
v 0.128306 -0.011249 0.005526
v 0.136187 -0.008844 0.004455
v 0.118376 -0.012114 0.007547
v 0.118376 -0.012792 0.006213
v 0.141246 -0.006062 0.002455
v 0.142989 -0.002565 0.001319
v 0.136187 -0.009217 0.003481
v 0.128306 -0.011721 0.004294
v 0.136187 -0.009217 0.003481
v 0.118376 -0.013329 0.004817
v 0.141246 -0.006242 0.001783
v 0.142989 -0.002645 0.001018
v 0.136187 -0.009487 0.002473
v 0.128306 -0.012062 0.003020
v 0.136187 -0.009487 0.002473
v 0.118376 -0.013716 0.003371
v 0.141246 -0.006351 0.001095
v 0.142989 -0.002693 0.000710
v 0.136187 -0.009651 0.001441
v 0.128306 -0.012270 0.001717
v 0.136187 -0.009651 0.001441
v 0.118376 -0.013950 0.001894
v 0.141246 -0.006387 0.000399
v 0.142989 -0.002710 0.000399
v 0.136187 -0.009705 0.000399
v 0.128306 -0.012339 0.000399
v 0.136187 -0.009705 0.000399
v 0.118376 -0.014029 0.000399
v 0.142989 0.000265 0.000399
v 0.142989 0.003241 0.000399
v 0.141246 0.006919 0.000399
v 0.141246 0.006882 0.001095
v 0.142989 0.003224 0.000710
v 0.136187 0.010237 0.000399
v 0.136187 0.010182 0.001442
v 0.136187 0.010237 0.000399
v 0.128306 0.012870 0.000399
v 0.128306 0.012801 0.001717
v 0.136187 0.010182 0.001442
v 0.118376 0.014561 0.000399
v 0.118376 0.014482 0.001894
v 0.141246 0.006773 0.001783
v 0.142989 0.003176 0.001018
v 0.136187 0.010018 0.002472
v 0.128306 0.012595 0.003020
v 0.136187 0.010018 0.002472
v 0.118376 0.014248 0.003371
v 0.141246 0.006593 0.002455
v 0.142989 0.003096 0.001319
v 0.136187 0.009748 0.003481
v 0.128306 0.012253 0.004294
v 0.136187 0.009748 0.003481
v 0.118376 0.013861 0.004817
v 0.141246 0.006343 0.003105
v 0.142989 0.002984 0.001609
v 0.136187 0.009374 0.004455
v 0.128306 0.011780 0.005526
v 0.136187 0.009374 0.004455
v 0.118376 0.013325 0.006213
v 0.141246 0.006027 0.003726
v 0.142989 0.002843 0.001887
v 0.136187 0.008901 0.005385
v 0.128306 0.011181 0.006702
v 0.136187 0.008901 0.005385
v 0.118376 0.012645 0.007547
v 0.141246 0.005648 0.004310
v 0.142989 0.002673 0.002148
v 0.136187 0.008332 0.006260
v 0.136187 0.008901 0.005385
v 0.128306 0.011181 0.006702
v 0.128306 0.010462 0.007808
v 0.136187 0.008332 0.006260
v 0.118376 0.012645 0.007547
v 0.118376 0.011831 0.008802
v 0.141246 0.005211 0.004851
v 0.142989 0.002477 0.002390
v 0.136187 0.007676 0.007071
v 0.128306 0.009632 0.008833
v 0.136187 0.007676 0.007071
v 0.118376 0.010888 0.009964
v 0.141246 0.004718 0.005343
v 0.142989 0.002257 0.002610
v 0.136187 0.006938 0.007809
v 0.128306 0.008699 0.009766
v 0.136187 0.006938 0.007809
v 0.118376 0.009831 0.011022
v 0.141246 0.004177 0.005782
v 0.142989 0.002014 0.002807
v 0.136187 0.006127 0.008466
v 0.128306 0.007674 0.010596
v 0.136187 0.006127 0.008466
v 0.118376 0.008668 0.011964
v 0.141246 0.003592 0.006161
v 0.142989 0.001753 0.002976
v 0.136187 0.005252 0.009035
v 0.128306 0.006568 0.011315
v 0.136187 0.005252 0.009035
v 0.118376 0.007413 0.012779
v 0.141246 0.002972 0.006477
v 0.142989 0.001476 0.003117
v 0.136187 0.004322 0.009508
v 0.128306 0.005392 0.011914
v 0.136187 0.004322 0.009508
v 0.118376 0.006079 0.013458
v 0.141246 0.002322 0.006727
v 0.142989 0.001185 0.003229
v 0.136187 0.003347 0.009882
v 0.128306 0.004161 0.012386
v 0.136187 0.003347 0.009882
v 0.118376 0.004683 0.013994
v 0.141246 0.001649 0.006907
v 0.142989 0.000884 0.003310
v 0.136187 0.002339 0.010153
v 0.128306 0.002887 0.012728
v 0.136187 0.002339 0.010153
v 0.118376 0.003238 0.014382
v 0.141246 0.000962 0.007016
v 0.142989 0.000577 0.003358
v 0.136187 0.001308 0.010316
v 0.128306 0.001583 0.012935
v 0.136187 0.001308 0.010316
v 0.118376 0.001760 0.014615
v 0.142989 0.000265 -0.002576
v 0.141246 0.000265 -0.006254
v 0.141246 0.000962 -0.006217
v 0.142989 0.000577 -0.002559
v 0.136187 0.000265 -0.009572
v 0.136187 0.001308 -0.009517
v 0.136187 0.000265 -0.009572
v 0.128306 0.000265 -0.012205
v 0.128306 0.001583 -0.012136
v 0.136187 0.001308 -0.009517
v 0.118376 0.000265 -0.013895
v 0.118376 0.001760 -0.013817
v 0.141246 0.001649 -0.006108
v 0.142989 0.000884 -0.002511
v 0.136187 0.002339 -0.009354
v 0.128306 0.002887 -0.011929
v 0.136187 0.002339 -0.009354
v 0.118376 0.003238 -0.013583
v 0.141246 0.002322 -0.005928
v 0.142989 0.001185 -0.002430
v 0.136187 0.003347 -0.009084
v 0.128306 0.004161 -0.011588
v 0.136187 0.003347 -0.009084
v 0.118376 0.004683 -0.013196
v 0.141246 0.002972 -0.005679
v 0.142989 0.001476 -0.002318
v 0.136187 0.004322 -0.008710
v 0.128306 0.005392 -0.011115
v 0.136187 0.004322 -0.008710
v 0.118376 0.006079 -0.012659
v 0.141246 0.003592 -0.005362
v 0.142989 0.001753 -0.002177
v 0.136187 0.005252 -0.008236
v 0.128306 0.006568 -0.010516
v 0.136187 0.005252 -0.008236
v 0.118376 0.007413 -0.011980
v 0.141246 0.004177 -0.004983
v 0.142989 0.002014 -0.002008
v 0.136187 0.006127 -0.007667
v 0.128306 0.007674 -0.009797
v 0.136187 0.006127 -0.007667
v 0.118376 0.008668 -0.011165
v 0.141246 0.004718 -0.004545
v 0.142989 0.002257 -0.001812
v 0.136187 0.006938 -0.007010
v 0.128306 0.008699 -0.008967
v 0.136187 0.006938 -0.007010
v 0.118376 0.009831 -0.010224
v 0.141246 0.005211 -0.004052
v 0.142989 0.002477 -0.001592
v 0.136187 0.007676 -0.006273
v 0.128306 0.009632 -0.008034
v 0.136187 0.007676 -0.006273
v 0.118376 0.010888 -0.009166
v 0.141246 0.005648 -0.003511
v 0.142989 0.002673 -0.001350
v 0.136187 0.008332 -0.005462
v 0.128306 0.010462 -0.007009
v 0.136187 0.008332 -0.005462
v 0.118376 0.011831 -0.008003
v 0.141246 0.006028 -0.002928
v 0.142989 0.002843 -0.001088
v 0.136187 0.008901 -0.004586
v 0.128306 0.011181 -0.005903
v 0.136187 0.008901 -0.004586
v 0.118376 0.012645 -0.006748
v 0.141246 0.006343 -0.002307
v 0.142989 0.002984 -0.000811
v 0.136187 0.009374 -0.003656
v 0.136187 0.008901 -0.004586
v 0.128306 0.011181 -0.005903
v 0.128306 0.011781 -0.004727
v 0.136187 0.009374 -0.003656
v 0.118376 0.012645 -0.006748
v 0.118376 0.013325 -0.005415
v 0.141246 0.006593 -0.001657
v 0.142989 0.003096 -0.000520
v 0.136187 0.009748 -0.002682
v 0.128306 0.012253 -0.003496
v 0.136187 0.009748 -0.002682
v 0.118376 0.013861 -0.004018
v 0.141246 0.006773 -0.000984
v 0.142989 0.003176 -0.000219
v 0.136187 0.010020 -0.001674
v 0.128306 0.012595 -0.002221
v 0.136187 0.010020 -0.001674
v 0.118376 0.014248 -0.002573
v 0.141246 0.006882 -0.000296
v 0.142989 0.003224 0.000088
v 0.136187 0.010182 -0.000643
v 0.128306 0.012801 -0.000918
v 0.136187 0.010182 -0.000643
v 0.118376 0.014482 -0.001095
v 0.141246 -0.006351 -0.000296
v 0.142989 -0.002693 0.000088
v 0.136187 -0.009651 -0.000643
v 0.128306 -0.012270 -0.000918
v 0.136187 -0.009651 -0.000643
v 0.118376 -0.013950 -0.001095
v 0.141246 -0.006242 -0.000984
v 0.142989 -0.002645 -0.000219
v 0.136187 -0.009487 -0.001673
v 0.128306 -0.012062 -0.002221
v 0.136187 -0.009487 -0.001673
v 0.118376 -0.013716 -0.002573
v 0.141246 -0.006062 -0.001657
v 0.142989 -0.002563 -0.000520
v 0.136187 -0.009217 -0.002682
v 0.128306 -0.011721 -0.003496
v 0.136187 -0.009217 -0.002682
v 0.118376 -0.013329 -0.004018
v 0.141246 -0.005812 -0.002307
v 0.142989 -0.002452 -0.000811
v 0.136187 -0.008844 -0.003656
v 0.128306 -0.011249 -0.004727
v 0.136187 -0.008844 -0.003656
v 0.118376 -0.012792 -0.005415
v 0.141246 -0.005496 -0.002927
v 0.142989 -0.002311 -0.001088
v 0.136187 -0.008370 -0.004586
v 0.128306 -0.010650 -0.005903
v 0.136187 -0.008370 -0.004586
v 0.118376 -0.012114 -0.006748
v 0.141246 -0.005117 -0.003511
v 0.142989 -0.002141 -0.001350
v 0.136187 -0.007801 -0.005462
v 0.136187 -0.008370 -0.004586
v 0.128306 -0.010650 -0.005903
v 0.128306 -0.009931 -0.007009
v 0.136187 -0.007801 -0.005462
v 0.118376 -0.012114 -0.006748
v 0.118376 -0.011299 -0.008003
v 0.141246 -0.004678 -0.004052
v 0.142989 -0.001946 -0.001592
v 0.136187 -0.007144 -0.006273
v 0.128306 -0.009101 -0.008035
v 0.136187 -0.007144 -0.006273
v 0.118376 -0.010357 -0.009166
v 0.141246 -0.004186 -0.004545
v 0.142989 -0.001725 -0.001812
v 0.136187 -0.006406 -0.007010
v 0.128306 -0.008169 -0.008967
v 0.136187 -0.006406 -0.007010
v 0.118376 -0.009300 -0.010224
v 0.141246 -0.003645 -0.004983
v 0.142989 -0.001483 -0.002008
v 0.136187 -0.005595 -0.007667
v 0.128306 -0.007142 -0.009798
v 0.136187 -0.005595 -0.007667
v 0.118376 -0.008136 -0.011165
v 0.141246 -0.003061 -0.005362
v 0.142989 -0.001222 -0.002177
v 0.136187 -0.004720 -0.008236
v 0.128306 -0.006036 -0.010516
v 0.136187 -0.004720 -0.008236
v 0.118376 -0.006882 -0.011980
v 0.141246 -0.002441 -0.005679
v 0.142989 -0.000945 -0.002319
v 0.136187 -0.003790 -0.008710
v 0.128306 -0.004861 -0.011115
v 0.136187 -0.003790 -0.008710
v 0.118376 -0.005548 -0.012659
v 0.141246 -0.001790 -0.005928
v 0.142989 -0.000653 -0.002430
v 0.136187 -0.002816 -0.009084
v 0.128306 -0.003628 -0.011588
v 0.136187 -0.002816 -0.009084
v 0.118376 -0.004152 -0.013196
v 0.141246 -0.001117 -0.006108
v 0.142989 -0.000353 -0.002511
v 0.136187 -0.001807 -0.009354
v 0.128306 -0.002355 -0.011929
v 0.136187 -0.001807 -0.009354
v 0.118376 -0.002706 -0.013583
v 0.141246 -0.000430 -0.006217
v 0.142989 -0.000046 -0.002559
v 0.136187 -0.000777 -0.009517
v 0.128306 -0.001052 -0.012136
v 0.136187 -0.000777 -0.009517
v 0.118376 -0.001228 -0.013817
v 0.118376 -0.001228 0.014615
v 0.118376 0.000265 0.014694
v 0.118274 0.000265 0.014095
v 0.118274 -0.001166 0.014020
v 0.118376 -0.002706 0.014382
v 0.118274 -0.002582 0.013796
v 0.118376 -0.004152 0.013994
v 0.118274 -0.003966 0.013424
v 0.118376 -0.005548 0.013458
v 0.118274 -0.005305 0.012911
v 0.118376 -0.006881 0.012779
v 0.118274 -0.006582 0.012260
v 0.118376 -0.008136 0.011964
v 0.118274 -0.007785 0.011479
v 0.118376 -0.009300 0.011022
v 0.118274 -0.008899 0.010577
v 0.118376 -0.010357 0.009964
v 0.118274 -0.009912 0.009564
v 0.118376 -0.011299 0.008802
v 0.118274 -0.010814 0.008450
v 0.118376 -0.012114 0.007547
v 0.118274 -0.011596 0.007246
v 0.118376 -0.012792 0.006213
v 0.118274 -0.012246 0.005970
v 0.118376 -0.013329 0.004817
v 0.118274 -0.012760 0.004631
v 0.118376 -0.013716 0.003371
v 0.118274 -0.013131 0.003247
v 0.118376 -0.013950 0.001894
v 0.118274 -0.013355 0.001830
v 0.118376 -0.014029 0.000399
v 0.118274 -0.013430 0.000399
v 0.118376 0.014482 0.001894
v 0.118376 0.014561 0.000399
v 0.118274 0.013961 0.000399
v 0.118274 0.013886 0.001831
v 0.118376 0.014248 0.003371
v 0.118274 0.013662 0.003247
v 0.118376 0.013861 0.004817
v 0.118274 0.013291 0.004631
v 0.118376 0.013325 0.006213
v 0.118274 0.012777 0.005970
v 0.118376 0.012645 0.007547
v 0.118274 0.012127 0.007247
v 0.118376 0.011831 0.008802
v 0.118274 0.011346 0.008450
v 0.118376 0.010888 0.009964
v 0.118274 0.010443 0.009563
v 0.118376 0.009831 0.011022
v 0.118274 0.009429 0.010577
v 0.118376 0.008668 0.011964
v 0.118274 0.008316 0.011479
v 0.118376 0.007413 0.012779
v 0.118274 0.007113 0.012260
v 0.118376 0.006079 0.013458
v 0.118274 0.005836 0.012911
v 0.118376 0.004683 0.013994
v 0.118274 0.004498 0.013425
v 0.118376 0.003238 0.014382
v 0.118274 0.003113 0.013796
v 0.118376 0.001760 0.014615
v 0.118274 0.001697 0.014020
v 0.118376 0.001760 -0.013817
v 0.118376 0.000265 -0.013895
v 0.118274 0.000265 -0.013296
v 0.118274 0.001697 -0.013221
v 0.118376 0.003238 -0.013583
v 0.118274 0.003113 -0.012997
v 0.118376 0.004683 -0.013196
v 0.118274 0.004498 -0.012626
v 0.118376 0.006079 -0.012659
v 0.118274 0.005836 -0.012112
v 0.118376 0.007413 -0.011980
v 0.118274 0.007113 -0.011462
v 0.118376 0.008668 -0.011165
v 0.118274 0.008316 -0.010681
v 0.118376 0.009831 -0.010224
v 0.118274 0.009429 -0.009779
v 0.118376 0.010888 -0.009166
v 0.118274 0.010443 -0.008765
v 0.118376 0.011831 -0.008003
v 0.118274 0.011346 -0.007651
v 0.118376 0.012645 -0.006748
v 0.118274 0.012127 -0.006448
v 0.118376 0.013325 -0.005415
v 0.118274 0.012777 -0.005171
v 0.118376 0.013861 -0.004018
v 0.118274 0.013291 -0.003833
v 0.118376 0.014248 -0.002573
v 0.118274 0.013662 -0.002449
v 0.118376 0.014482 -0.001095
v 0.118274 0.013886 -0.001032
v 0.118376 -0.013950 -0.001095
v 0.118274 -0.013355 -0.001033
v 0.118376 -0.013716 -0.002573
v 0.118274 -0.013131 -0.002448
v 0.118376 -0.013329 -0.004018
v 0.118274 -0.012760 -0.003833
v 0.118376 -0.012792 -0.005415
v 0.118274 -0.012246 -0.005171
v 0.118376 -0.012114 -0.006748
v 0.118274 -0.011595 -0.006449
v 0.118376 -0.011299 -0.008003
v 0.118274 -0.010814 -0.007651
v 0.118376 -0.010357 -0.009166
v 0.118274 -0.009912 -0.008765
v 0.118376 -0.009300 -0.010224
v 0.118274 -0.008899 -0.009779
v 0.118376 -0.008136 -0.011165
v 0.118274 -0.007785 -0.010681
v 0.118376 -0.006882 -0.011980
v 0.118274 -0.006582 -0.011461
v 0.118376 -0.005548 -0.012659
v 0.118274 -0.005305 -0.012113
v 0.118376 -0.004152 -0.013196
v 0.118274 -0.003966 -0.012626
v 0.118376 -0.002706 -0.013583
v 0.118274 -0.002582 -0.012997
v 0.118376 -0.001228 -0.013817
v 0.118274 -0.001166 -0.013221
v -0.143518 -0.000872 0.011225
v -0.143518 0.000265 0.011284
v -0.143518 0.000265 0.008895
v -0.143518 -0.000622 0.008849
v -0.143518 -0.001997 0.011046
v -0.143518 -0.001501 0.008709
v -0.143518 -0.003098 0.010752
v -0.143518 -0.002360 0.008480
v -0.143518 -0.004162 0.010343
v -0.143518 -0.003190 0.008161
v -0.143518 -0.005177 0.009826
v -0.143518 -0.003982 0.007757
v -0.143518 -0.006132 0.009206
v -0.143518 -0.004728 0.007273
v -0.143518 -0.007017 0.008488
v -0.143518 -0.005420 0.006713
v -0.143518 -0.007824 0.007683
v -0.143518 -0.006048 0.006084
v -0.143518 -0.008540 0.006798
v -0.143518 -0.006607 0.005393
v -0.143518 -0.009161 0.005842
v -0.143518 -0.007092 0.004647
v -0.143518 -0.009679 0.004827
v -0.143518 -0.007496 0.003855
v -0.143518 -0.010086 0.003763
v -0.143518 -0.007815 0.003025
v -0.143518 -0.010381 0.002662
v -0.143518 -0.008045 0.002166
v -0.143518 -0.010560 0.001537
v -0.143518 -0.008184 0.001287
v -0.143518 -0.010619 0.000399
v -0.143518 -0.008230 0.000399
v -0.129649 0.000265 0.015276
v -0.129649 -0.001290 0.015195
v -0.070780 -0.001290 0.015195
v -0.070780 0.000265 0.015276
v -0.129649 -0.002827 0.014951
v -0.070780 -0.002827 0.014951
v -0.129649 -0.004331 0.014548
v -0.070780 -0.004331 0.014548
v -0.129649 -0.005786 0.013990
v -0.070780 -0.005786 0.013990
v -0.129649 -0.007172 0.013283
v -0.070780 -0.007172 0.013283
v -0.129649 -0.008479 0.012435
v -0.070780 -0.008479 0.012435
v -0.129649 -0.009689 0.011455
v -0.070780 -0.009689 0.011455
v -0.129649 -0.010790 0.010354
v -0.129649 -0.011770 0.009144
v -0.070780 -0.011770 0.009144
v -0.070780 -0.010790 0.010354
v -0.129649 -0.012619 0.007838
v -0.070780 -0.012619 0.007838
v -0.129649 -0.013325 0.006450
v -0.070780 -0.013325 0.006450
v -0.129649 -0.013884 0.004997
v -0.070780 -0.013884 0.004997
v -0.129649 -0.014286 0.003492
v -0.070780 -0.014286 0.003492
v -0.129649 -0.014530 0.001955
v -0.070780 -0.014530 0.001955
v -0.129649 -0.014611 0.000399
v -0.070780 -0.014611 0.000399
v -0.140024 -0.000536 0.008029
v -0.140024 0.000265 0.008071
v -0.140024 0.000265 0.000399
v -0.140024 -0.001330 0.007903
v -0.140024 -0.002105 0.007695
v -0.140024 -0.002855 0.007407
v -0.140024 -0.003570 0.007043
v -0.140024 -0.004243 0.006606
v -0.140024 -0.004867 0.006100
v -0.140024 -0.005436 0.005533
v -0.140024 -0.005941 0.004908
v -0.140024 -0.006379 0.004235
v -0.140024 -0.006742 0.003519
v -0.140024 -0.007030 0.002770
v -0.140024 -0.007239 0.001994
v -0.140024 -0.007364 0.001201
v -0.140024 -0.007406 0.000399
v -0.140024 -0.000958 0.012045
v -0.140024 0.000265 0.012109
v -0.143518 0.000265 0.011284
v -0.143518 -0.000872 0.011225
v -0.140024 0.000265 0.008071
v -0.140024 -0.000536 0.008029
v -0.143518 -0.000622 0.008849
v -0.143518 0.000265 0.008895
v -0.140024 -0.002168 0.011853
v -0.143518 -0.001997 0.011046
v -0.140024 -0.001330 0.007903
v -0.143518 -0.001501 0.008709
v -0.140024 -0.003353 0.011536
v -0.143518 -0.003098 0.010752
v -0.140024 -0.002105 0.007695
v -0.143518 -0.002360 0.008480
v -0.140024 -0.004497 0.011096
v -0.143518 -0.004162 0.010343
v -0.140024 -0.002855 0.007407
v -0.143518 -0.003190 0.008161
v -0.140024 -0.005588 0.010540
v -0.143518 -0.005177 0.009826
v -0.140024 -0.003570 0.007043
v -0.143518 -0.003982 0.007757
v -0.140024 -0.006617 0.009872
v -0.143518 -0.006132 0.009206
v -0.140024 -0.004243 0.006606
v -0.143518 -0.004728 0.007273
v -0.140024 -0.007570 0.009101
v -0.143518 -0.007017 0.008488
v -0.140024 -0.004867 0.006100
v -0.143518 -0.005420 0.006713
v -0.140024 -0.008436 0.008234
v -0.143518 -0.007824 0.007683
v -0.140024 -0.005436 0.005533
v -0.143518 -0.006048 0.006084
v -0.140024 -0.009207 0.007282
v -0.143518 -0.008540 0.006798
v -0.140024 -0.005941 0.004908
v -0.143518 -0.006607 0.005393
v -0.140024 -0.009875 0.006254
v -0.143518 -0.009161 0.005842
v -0.140024 -0.006379 0.004235
v -0.143518 -0.007092 0.004647
v -0.140024 -0.010431 0.005162
v -0.143518 -0.009679 0.004827
v -0.140024 -0.006742 0.003519
v -0.143518 -0.007496 0.003855
v -0.140024 -0.010871 0.004018
v -0.143518 -0.010086 0.003763
v -0.140024 -0.007030 0.002770
v -0.143518 -0.007815 0.003025
v -0.140024 -0.011189 0.002834
v -0.143518 -0.010381 0.002662
v -0.140024 -0.007239 0.001994
v -0.143518 -0.008045 0.002166
v -0.140024 -0.011380 0.001623
v -0.143518 -0.010560 0.001537
v -0.140024 -0.007364 0.001201
v -0.143518 -0.008184 0.001287
v -0.140024 -0.011444 0.000399
v -0.143518 -0.010619 0.000399
v -0.140024 -0.007406 0.000399
v -0.143518 -0.008230 0.000399
v -0.129649 -0.001290 0.015195
v -0.129649 0.000265 0.015276
v -0.129649 -0.002827 0.014951
v -0.129649 -0.004331 0.014548
v -0.129649 -0.005786 0.013990
v -0.129649 -0.007172 0.013283
v -0.129649 -0.008479 0.012435
v -0.129649 -0.009689 0.011455
v -0.140584 -0.017044 0.018575
v -0.140584 -0.017910 0.017708
v -0.127806 -0.020658 0.020221
v -0.127806 -0.019556 0.021322
v -0.129649 -0.011770 0.009144
v -0.129649 -0.010790 0.010354
v -0.129649 -0.012619 0.007838
v -0.129649 -0.013325 0.006450
v -0.129649 -0.013884 0.004997
v -0.129649 -0.014286 0.003492
v -0.129649 -0.014530 0.001955
v -0.129649 -0.014611 0.000399
v 0.074066 -0.014611 0.000399
v 0.097976 -0.014611 0.000399
v 0.097976 -0.014530 0.001955
v 0.074066 -0.014530 0.001955
v 0.097976 -0.014286 0.003492
v 0.074066 -0.014286 0.003492
v 0.097976 -0.013884 0.004997
v 0.074066 -0.013884 0.004997
v 0.097976 -0.013325 0.006450
v 0.074066 -0.013325 0.006450
v 0.097976 -0.012619 0.007838
v 0.074066 -0.012619 0.007838
v 0.097976 -0.011770 0.009144
v 0.074066 -0.011770 0.009144
v 0.097976 -0.010790 0.010354
v 0.074066 -0.010790 0.010354
v 0.074066 -0.015081 0.014645
v 0.089935 -0.015081 0.014645
v 0.089935 -0.013980 0.015746
v 0.074066 -0.013980 0.015746
v 0.074066 -0.009689 0.011455
v 0.097976 -0.009689 0.011455
v 0.097976 -0.008479 0.012435
v 0.074066 -0.008479 0.012435
v 0.097976 -0.007172 0.013283
v 0.074066 -0.007172 0.013283
v 0.097976 -0.005786 0.013990
v 0.074066 -0.005786 0.013990
v 0.097976 -0.004331 0.014548
v 0.074066 -0.004331 0.014548
v 0.097976 -0.002827 0.014951
v 0.074066 -0.002827 0.014951
v 0.097976 -0.001290 0.015195
v 0.074066 -0.001290 0.015195
v 0.074066 -0.001290 0.015195
v 0.097976 -0.001290 0.015195
v 0.097976 0.000265 0.015276
v 0.074066 0.000265 0.015276
v 0.074066 -0.010790 0.010354
v 0.097976 -0.010790 0.010354
v 0.089935 -0.015081 0.014645
v 0.074066 -0.015081 0.014645
v 0.097976 -0.010790 0.010354
v 0.097976 -0.009689 0.011455
v 0.089935 -0.013980 0.015746
v 0.089935 -0.015081 0.014645
v 0.097976 -0.009689 0.011455
v 0.074066 -0.009689 0.011455
v 0.074066 -0.013980 0.015746
v 0.089935 -0.013980 0.015746
v 0.074066 -0.009689 0.011455
v 0.074066 -0.010790 0.010354
v 0.074066 -0.015081 0.014645
v 0.074066 -0.013980 0.015746
v -0.082710 -0.019556 0.021322
v -0.127806 -0.019556 0.021322
v -0.127806 -0.020658 0.020221
v -0.082710 -0.020658 0.020221
v -0.140024 -0.007570 0.009101
v -0.140024 -0.008436 0.008234
v -0.140584 -0.017910 0.017708
v -0.140584 -0.017044 0.018575
v -0.140024 -0.008436 0.008234
v -0.129649 -0.010790 0.010354
v -0.127806 -0.020658 0.020221
v -0.140584 -0.017910 0.017708
v -0.129649 -0.009689 0.011455
v -0.140024 -0.007570 0.009101
v -0.140584 -0.017044 0.018575
v -0.127806 -0.019556 0.021322
v -0.070780 -0.009689 0.011455
v -0.082710 -0.019556 0.021322
v -0.070780 -0.010790 0.010354
v -0.082710 -0.020658 0.020221
v -0.070780 -0.010790 0.010354
v -0.070780 -0.009689 0.011455
v -0.082710 -0.019556 0.021322
v -0.082710 -0.020658 0.020221
v -0.143518 0.011091 0.001537
v -0.143518 0.011151 0.000399
v -0.143518 0.008762 0.000399
v -0.143518 0.008716 0.001287
v -0.143518 0.010913 0.002662
v -0.143518 0.008576 0.002166
v -0.143518 0.010618 0.003763
v -0.143518 0.008346 0.003025
v -0.143518 0.010210 0.004827
v -0.143518 0.008027 0.003855
v -0.143518 0.009692 0.005842
v -0.143518 0.007623 0.004647
v -0.143518 0.009072 0.006798
v -0.143518 0.007139 0.005393
v -0.143518 0.008354 0.007683
v -0.143518 0.006579 0.006084
v -0.143518 0.007549 0.008488
v -0.143518 0.005951 0.006713
v -0.143518 0.006663 0.009206
v -0.143518 0.005259 0.007273
v -0.143518 0.005708 0.009826
v -0.143518 0.004513 0.007757
v -0.143518 0.004693 0.010343
v -0.143518 0.003722 0.008161
v -0.143518 0.003629 0.010752
v -0.143518 0.002891 0.008480
v -0.143518 0.002529 0.011046
v -0.143518 0.002032 0.008710
v -0.143518 0.001403 0.011225
v -0.143518 0.001154 0.008849
v -0.129649 0.015143 0.000399
v -0.129649 0.015061 0.001955
v -0.070780 0.015061 0.001955
v -0.070780 0.015143 0.000399
v -0.129649 0.014817 0.003492
v -0.070780 0.014817 0.003492
v -0.129649 0.014415 0.004997
v -0.070780 0.014415 0.004997
v -0.129649 0.013857 0.006450
v -0.070780 0.013857 0.006450
v -0.129649 0.013150 0.007838
v -0.070780 0.013150 0.007838
v -0.129649 0.012301 0.009144
v -0.070780 0.012301 0.009144
v -0.129649 0.011322 0.010354
v -0.070780 0.011322 0.010354
v -0.129649 0.010221 0.011455
v -0.129649 0.009011 0.012435
v -0.070780 0.009011 0.012435
v -0.070780 0.010221 0.011455
v -0.129649 0.007704 0.013283
v -0.070780 0.007704 0.013283
v -0.129649 0.006317 0.013990
v -0.070780 0.006317 0.013990
v -0.129649 0.004863 0.014548
v -0.070780 0.004863 0.014548
v -0.129649 0.003359 0.014951
v -0.070780 0.003359 0.014951
v -0.129649 0.001821 0.015195
v -0.070780 0.001821 0.015195
v -0.140024 0.007896 0.001201
v -0.140024 0.007937 0.000399
v -0.140024 0.007769 0.001994
v -0.140024 0.007562 0.002770
v -0.140024 0.007274 0.003519
v -0.140024 0.006909 0.004235
v -0.140024 0.006472 0.004908
v -0.140024 0.005967 0.005533
v -0.140024 0.005399 0.006100
v -0.140024 0.004776 0.006606
v -0.140024 0.004102 0.007043
v -0.140024 0.003386 0.007407
v -0.140024 0.002637 0.007695
v -0.140024 0.001860 0.007903
v -0.140024 0.001068 0.008029
v -0.140024 0.011911 0.001623
v -0.140024 0.011976 0.000399
v -0.143518 0.011151 0.000399
v -0.143518 0.011091 0.001537
v -0.140024 0.007937 0.000399
v -0.140024 0.007896 0.001201
v -0.143518 0.008716 0.001287
v -0.143518 0.008762 0.000399
v -0.140024 0.011720 0.002834
v -0.143518 0.010913 0.002662
v -0.140024 0.007769 0.001994
v -0.143518 0.008576 0.002166
v -0.140024 0.011402 0.004018
v -0.143518 0.010618 0.003763
v -0.140024 0.007562 0.002770
v -0.143518 0.008346 0.003025
v -0.140024 0.010963 0.005162
v -0.143518 0.010210 0.004827
v -0.140024 0.007274 0.003519
v -0.143518 0.008027 0.003855
v -0.140024 0.010407 0.006254
v -0.143518 0.009692 0.005842
v -0.140024 0.006909 0.004235
v -0.143518 0.007623 0.004647
v -0.140024 0.009738 0.007282
v -0.143518 0.009072 0.006798
v -0.140024 0.006472 0.004908
v -0.143518 0.007139 0.005393
v -0.140024 0.008967 0.008234
v -0.143518 0.008354 0.007683
v -0.140024 0.005967 0.005533
v -0.143518 0.006579 0.006084
v -0.140024 0.008101 0.009101
v -0.143518 0.007549 0.008488
v -0.140024 0.005399 0.006100
v -0.143518 0.005951 0.006713
v -0.140024 0.007148 0.009873
v -0.143518 0.006663 0.009206
v -0.140024 0.004776 0.006606
v -0.143518 0.005259 0.007273
v -0.140024 0.006121 0.010540
v -0.143518 0.005708 0.009826
v -0.140024 0.004102 0.007043
v -0.143518 0.004513 0.007757
v -0.140024 0.005028 0.011096
v -0.143518 0.004693 0.010343
v -0.140024 0.003386 0.007407
v -0.143518 0.003722 0.008161
v -0.140024 0.003884 0.011536
v -0.143518 0.003629 0.010752
v -0.140024 0.002637 0.007695
v -0.143518 0.002891 0.008480
v -0.140024 0.002701 0.011853
v -0.143518 0.002529 0.011046
v -0.140024 0.001860 0.007903
v -0.143518 0.002032 0.008710
v -0.140024 0.001489 0.012045
v -0.143518 0.001403 0.011225
v -0.140024 0.001068 0.008029
v -0.143518 0.001154 0.008849
v -0.129649 0.015061 0.001955
v -0.129649 0.015143 0.000399
v -0.129649 0.014817 0.003492
v -0.129649 0.014415 0.004997
v -0.129649 0.013857 0.006450
v -0.129649 0.013150 0.007838
v -0.129649 0.012301 0.009144
v -0.129649 0.011322 0.010354
v -0.140584 0.018441 0.017709
v -0.140584 0.017575 0.018575
v -0.127806 0.020087 0.021322
v -0.127806 0.021189 0.020222
v -0.129649 0.009011 0.012435
v -0.129649 0.010221 0.011455
v -0.129649 0.007704 0.013283
v -0.129649 0.006317 0.013990
v -0.129649 0.004863 0.014548
v -0.129649 0.003359 0.014951
v -0.129649 0.001821 0.015195
v 0.097976 0.001821 0.015195
v 0.074066 0.001821 0.015195
v 0.097976 0.003359 0.014951
v 0.074066 0.003359 0.014951
v 0.097976 0.004863 0.014548
v 0.074066 0.004863 0.014548
v 0.097976 0.006317 0.013990
v 0.074066 0.006317 0.013990
v 0.097976 0.007704 0.013283
v 0.074066 0.007704 0.013283
v 0.097976 0.009011 0.012435
v 0.074066 0.009011 0.012435
v 0.097976 0.010221 0.011455
v 0.074066 0.010221 0.011455
v 0.074066 0.014511 0.015746
v 0.089935 0.014511 0.015746
v 0.089935 0.015612 0.014645
v 0.074066 0.015612 0.014645
v 0.074066 0.011322 0.010354
v 0.097976 0.011322 0.010354
v 0.097976 0.012301 0.009144
v 0.074066 0.012301 0.009144
v 0.097976 0.013150 0.007838
v 0.074066 0.013150 0.007838
v 0.097976 0.013857 0.006450
v 0.074066 0.013857 0.006450
v 0.097976 0.014415 0.004997
v 0.074066 0.014415 0.004997
v 0.097976 0.014817 0.003492
v 0.074066 0.014817 0.003492
v 0.097976 0.015061 0.001955
v 0.074066 0.015061 0.001955
v 0.097976 0.015143 0.000399
v 0.074066 0.015143 0.000399
v 0.074066 0.010221 0.011455
v 0.097976 0.010221 0.011455
v 0.089935 0.014511 0.015746
v 0.074066 0.014511 0.015746
v 0.097976 0.010221 0.011455
v 0.097976 0.011322 0.010354
v 0.089935 0.015612 0.014645
v 0.089935 0.014511 0.015746
v 0.097976 0.011322 0.010354
v 0.074066 0.011322 0.010354
v 0.074066 0.015612 0.014645
v 0.089935 0.015612 0.014645
v 0.074066 0.011322 0.010354
v 0.074066 0.010221 0.011455
v 0.074066 0.014511 0.015746
v 0.074066 0.015612 0.014645
v -0.082710 0.021189 0.020222
v -0.127806 0.021189 0.020222
v -0.127806 0.020087 0.021322
v -0.082710 0.020087 0.021323
v -0.140024 0.008967 0.008234
v -0.140024 0.008101 0.009101
v -0.140584 0.017575 0.018575
v -0.140584 0.018441 0.017709
v -0.140024 0.008101 0.009101
v -0.129649 0.010221 0.011455
v -0.127806 0.020087 0.021322
v -0.140584 0.017575 0.018575
v -0.129649 0.011322 0.010354
v -0.140024 0.008967 0.008234
v -0.140584 0.018441 0.017709
v -0.127806 0.021189 0.020222
v -0.070780 0.011322 0.010354
v -0.129649 0.011322 0.010354
v -0.127806 0.021189 0.020222
v -0.082710 0.021189 0.020222
v -0.070780 0.010221 0.011455
v -0.082710 0.020087 0.021323
v -0.070780 0.010221 0.011455
v -0.070780 0.011322 0.010354
v -0.082710 0.021189 0.020222
v -0.082710 0.020087 0.021323
v -0.143518 0.001403 -0.010426
v -0.143518 0.000265 -0.010486
v -0.143518 0.000265 -0.008097
v -0.143518 0.001154 -0.008050
v -0.143518 0.002529 -0.010248
v -0.143518 0.002032 -0.007911
v -0.143518 0.003629 -0.009953
v -0.143518 0.002891 -0.007681
v -0.143518 0.004693 -0.009544
v -0.143518 0.003722 -0.007362
v -0.143518 0.005708 -0.009027
v -0.143518 0.004513 -0.006958
v -0.143518 0.006663 -0.008407
v -0.143518 0.005259 -0.006474
v -0.143518 0.007549 -0.007690
v -0.143518 0.005951 -0.005915
v -0.143518 0.008354 -0.006884
v -0.143518 0.006579 -0.005286
v -0.143518 0.009072 -0.005999
v -0.143518 0.007139 -0.004595
v -0.143518 0.009692 -0.005043
v -0.143518 0.007623 -0.003849
v -0.143518 0.010210 -0.004028
v -0.143518 0.008027 -0.003056
v -0.143518 0.010618 -0.002964
v -0.143518 0.008346 -0.002226
v -0.143518 0.010913 -0.001864
v -0.143518 0.008576 -0.001367
v -0.143518 0.011091 -0.000739
v -0.143518 0.008716 -0.000489
v -0.129649 0.000265 -0.014477
v -0.129649 0.001821 -0.014396
v -0.070780 0.001821 -0.014396
v -0.070780 0.000265 -0.014477
v -0.129649 0.003359 -0.014153
v -0.070780 0.003359 -0.014153
v -0.129649 0.004863 -0.013750
v -0.070780 0.004863 -0.013750
v -0.129649 0.006317 -0.013192
v -0.070780 0.006317 -0.013192
v -0.129649 0.007704 -0.012485
v -0.070780 0.007704 -0.012485
v -0.129649 0.009011 -0.011636
v -0.070780 0.009011 -0.011636
v -0.129649 0.010221 -0.010656
v -0.070780 0.010221 -0.010656
v -0.129649 0.011322 -0.009555
v -0.129649 0.012302 -0.008345
v -0.070780 0.012302 -0.008345
v -0.070780 0.011322 -0.009555
v -0.129649 0.013150 -0.007039
v -0.070780 0.013150 -0.007039
v -0.129649 0.013857 -0.005652
v -0.070780 0.013857 -0.005652
v -0.129649 0.014415 -0.004198
v -0.070780 0.014415 -0.004198
v -0.129649 0.014817 -0.002694
v -0.070780 0.014817 -0.002694
v -0.129649 0.015061 -0.001156
v -0.070780 0.015061 -0.001156
v -0.140024 0.001068 -0.007230
v -0.140024 0.000265 -0.007272
v -0.140024 0.001860 -0.007104
v -0.140024 0.002637 -0.006897
v -0.140024 0.003386 -0.006609
v -0.140024 0.004102 -0.006244
v -0.140024 0.004774 -0.005807
v -0.140024 0.005399 -0.005301
v -0.140024 0.005967 -0.004734
v -0.140024 0.006472 -0.004110
v -0.140024 0.006909 -0.003436
v -0.140024 0.007274 -0.002721
v -0.140024 0.007562 -0.001971
v -0.140024 0.007769 -0.001195
v -0.140024 0.007896 -0.000403
v -0.140024 0.001489 -0.011246
v -0.140024 0.000265 -0.011310
v -0.143518 0.000265 -0.010486
v -0.143518 0.001403 -0.010426
v -0.140024 0.000265 -0.007272
v -0.140024 0.001068 -0.007230
v -0.143518 0.001154 -0.008050
v -0.143518 0.000265 -0.008097
v -0.140024 0.002701 -0.011054
v -0.143518 0.002529 -0.010248
v -0.140024 0.001860 -0.007104
v -0.143518 0.002032 -0.007911
v -0.140024 0.003884 -0.010737
v -0.143518 0.003629 -0.009953
v -0.140024 0.002637 -0.006897
v -0.143518 0.002891 -0.007681
v -0.140024 0.005028 -0.010298
v -0.143518 0.004693 -0.009544
v -0.140024 0.003386 -0.006609
v -0.143518 0.003722 -0.007362
v -0.140024 0.006121 -0.009741
v -0.143518 0.005708 -0.009027
v -0.140024 0.004102 -0.006244
v -0.143518 0.004513 -0.006958
v -0.140024 0.007148 -0.009074
v -0.143518 0.006663 -0.008407
v -0.140024 0.004774 -0.005807
v -0.143518 0.005259 -0.006474
v -0.140024 0.008101 -0.008303
v -0.143518 0.007549 -0.007690
v -0.140024 0.005399 -0.005301
v -0.143518 0.005951 -0.005915
v -0.140024 0.008968 -0.007436
v -0.143518 0.008354 -0.006884
v -0.140024 0.005967 -0.004734
v -0.143518 0.006579 -0.005286
v -0.140024 0.009739 -0.006484
v -0.143518 0.009072 -0.005999
v -0.140024 0.006472 -0.004110
v -0.143518 0.007139 -0.004595
v -0.140024 0.010407 -0.005455
v -0.143518 0.009692 -0.005043
v -0.140024 0.006909 -0.003436
v -0.143518 0.007623 -0.003849
v -0.140024 0.010963 -0.004363
v -0.143518 0.010210 -0.004028
v -0.140024 0.007274 -0.002721
v -0.143518 0.008027 -0.003056
v -0.140024 0.011402 -0.003219
v -0.143518 0.010618 -0.002964
v -0.140024 0.007562 -0.001971
v -0.143518 0.008346 -0.002226
v -0.140024 0.011720 -0.002035
v -0.143518 0.010913 -0.001864
v -0.140024 0.007769 -0.001195
v -0.143518 0.008576 -0.001367
v -0.140024 0.011911 -0.000825
v -0.143518 0.011091 -0.000739
v -0.140024 0.007896 -0.000403
v -0.143518 0.008716 -0.000489
v -0.129649 0.001821 -0.014396
v -0.129649 0.000265 -0.014477
v -0.129649 0.003359 -0.014153
v -0.129649 0.004863 -0.013750
v -0.129649 0.006317 -0.013192
v -0.129649 0.007704 -0.012485
v -0.129649 0.009011 -0.011636
v -0.129649 0.010221 -0.010656
v -0.140584 0.017575 -0.017777
v -0.140584 0.018442 -0.016910
v -0.127806 0.021189 -0.019422
v -0.127806 0.020087 -0.020524
v -0.129649 0.012302 -0.008345
v -0.129649 0.011322 -0.009555
v -0.129649 0.013150 -0.007039
v -0.129649 0.013857 -0.005652
v -0.129649 0.014415 -0.004198
v -0.129649 0.014817 -0.002694
v -0.129649 0.015061 -0.001156
v 0.097976 0.015061 -0.001156
v 0.074066 0.015061 -0.001156
v 0.097976 0.014817 -0.002694
v 0.074066 0.014817 -0.002694
v 0.097976 0.014415 -0.004198
v 0.074066 0.014415 -0.004198
v 0.097976 0.013857 -0.005652
v 0.074066 0.013857 -0.005652
v 0.097976 0.013150 -0.007039
v 0.074066 0.013150 -0.007039
v 0.097976 0.012302 -0.008345
v 0.074066 0.012302 -0.008345
v 0.097976 0.011322 -0.009555
v 0.074066 0.011322 -0.009555
v 0.074066 0.015612 -0.013846
v 0.089935 0.015612 -0.013846
v 0.089935 0.014511 -0.014947
v 0.074066 0.014511 -0.014947
v 0.074066 0.010221 -0.010656
v 0.097976 0.010221 -0.010656
v 0.097976 0.009011 -0.011636
v 0.074066 0.009011 -0.011636
v 0.097976 0.007704 -0.012485
v 0.074066 0.007704 -0.012485
v 0.097976 0.006317 -0.013192
v 0.074066 0.006317 -0.013192
v 0.097976 0.004863 -0.013750
v 0.074066 0.004863 -0.013750
v 0.097976 0.003359 -0.014153
v 0.074066 0.003359 -0.014153
v 0.097976 0.001821 -0.014396
v 0.074066 0.001821 -0.014396
v 0.097976 0.000265 -0.014477
v 0.074066 0.000265 -0.014477
v 0.074066 0.011322 -0.009555
v 0.097976 0.011322 -0.009555
v 0.089935 0.015612 -0.013846
v 0.074066 0.015612 -0.013846
v 0.097976 0.011322 -0.009555
v 0.097976 0.010221 -0.010656
v 0.089935 0.014511 -0.014947
v 0.089935 0.015612 -0.013846
v 0.097976 0.010221 -0.010656
v 0.074066 0.010221 -0.010656
v 0.074066 0.014511 -0.014947
v 0.089935 0.014511 -0.014947
v 0.074066 0.010221 -0.010656
v 0.074066 0.011322 -0.009555
v 0.074066 0.015612 -0.013846
v 0.074066 0.014511 -0.014947
v -0.082710 0.020089 -0.020524
v -0.127806 0.020087 -0.020524
v -0.127806 0.021189 -0.019422
v -0.082710 0.021189 -0.019422
v -0.140024 0.008101 -0.008303
v -0.140024 0.008968 -0.007436
v -0.140584 0.018442 -0.016910
v -0.140584 0.017575 -0.017777
v -0.140024 0.008968 -0.007436
v -0.129649 0.011322 -0.009555
v -0.127806 0.021189 -0.019422
v -0.140584 0.018442 -0.016910
v -0.129649 0.010221 -0.010656
v -0.140024 0.008101 -0.008303
v -0.140584 0.017575 -0.017777
v -0.127806 0.020087 -0.020524
v -0.070780 0.010221 -0.010656
v -0.082710 0.020089 -0.020524
v -0.070780 0.011322 -0.009555
v -0.082710 0.021189 -0.019422
v -0.070780 0.011322 -0.009555
v -0.070780 0.010221 -0.010656
v -0.082710 0.020089 -0.020524
v -0.082710 0.021189 -0.019422
v -0.143518 -0.010560 -0.000738
v -0.143518 -0.008184 -0.000489
v -0.143518 -0.010381 -0.001864
v -0.143518 -0.008045 -0.001367
v -0.143518 -0.010086 -0.002964
v -0.143518 -0.007815 -0.002226
v -0.143518 -0.009679 -0.004028
v -0.143518 -0.007496 -0.003056
v -0.143518 -0.009161 -0.005043
v -0.143518 -0.007092 -0.003849
v -0.143518 -0.008540 -0.005999
v -0.143518 -0.006607 -0.004595
v -0.143518 -0.007824 -0.006884
v -0.143518 -0.006048 -0.005286
v -0.143518 -0.007017 -0.007690
v -0.143518 -0.005420 -0.005915
v -0.143518 -0.006132 -0.008407
v -0.143518 -0.004728 -0.006474
v -0.143518 -0.005177 -0.009027
v -0.143518 -0.003982 -0.006958
v -0.143518 -0.004162 -0.009544
v -0.143518 -0.003190 -0.007362
v -0.143518 -0.003098 -0.009953
v -0.143518 -0.002360 -0.007681
v -0.143518 -0.001997 -0.010248
v -0.143518 -0.001501 -0.007911
v -0.143518 -0.000872 -0.010426
v -0.143518 -0.000622 -0.008050
v -0.129649 -0.014530 -0.001156
v -0.070780 -0.014530 -0.001156
v -0.129649 -0.014286 -0.002694
v -0.070780 -0.014286 -0.002694
v -0.129649 -0.013884 -0.004198
v -0.070780 -0.013884 -0.004198
v -0.129649 -0.013325 -0.005652
v -0.070780 -0.013325 -0.005652
v -0.129649 -0.012619 -0.007039
v -0.070780 -0.012619 -0.007039
v -0.129649 -0.011770 -0.008345
v -0.070780 -0.011770 -0.008345
v -0.129649 -0.010790 -0.009555
v -0.070780 -0.010790 -0.009555
v -0.129649 -0.009689 -0.010656
v -0.129649 -0.008479 -0.011636
v -0.070780 -0.008479 -0.011636
v -0.070780 -0.009689 -0.010656
v -0.129649 -0.007172 -0.012485
v -0.070780 -0.007172 -0.012485
v -0.129649 -0.005785 -0.013192
v -0.070780 -0.005785 -0.013192
v -0.129649 -0.004331 -0.013750
v -0.070780 -0.004331 -0.013750
v -0.129649 -0.002827 -0.014153
v -0.070780 -0.002827 -0.014153
v -0.129649 -0.001290 -0.014396
v -0.070780 -0.001290 -0.014396
v -0.129649 0.000265 -0.014477
v -0.070780 0.000265 -0.014477
v -0.140024 -0.007364 -0.000403
v -0.140024 -0.007239 -0.001195
v -0.140024 -0.007030 -0.001971
v -0.140024 -0.006742 -0.002721
v -0.140024 -0.006379 -0.003436
v -0.140024 -0.005941 -0.004110
v -0.140024 -0.005435 -0.004734
v -0.140024 -0.004867 -0.005301
v -0.140024 -0.004243 -0.005807
v -0.140024 -0.003570 -0.006244
v -0.140024 -0.002855 -0.006609
v -0.140024 -0.002105 -0.006897
v -0.140024 -0.001330 -0.007105
v -0.140024 -0.000536 -0.007230
v -0.140024 -0.011380 -0.000825
v -0.143518 -0.010560 -0.000738
v -0.140024 -0.007364 -0.000403
v -0.143518 -0.008184 -0.000489
v -0.140024 -0.011187 -0.002035
v -0.143518 -0.010381 -0.001864
v -0.140024 -0.007239 -0.001195
v -0.143518 -0.008045 -0.001367
v -0.140024 -0.010871 -0.003219
v -0.143518 -0.010086 -0.002964
v -0.140024 -0.007030 -0.001971
v -0.143518 -0.007815 -0.002226
v -0.140024 -0.010431 -0.004364
v -0.143518 -0.009679 -0.004028
v -0.140024 -0.006742 -0.002721
v -0.143518 -0.007496 -0.003056
v -0.140024 -0.009875 -0.005455
v -0.143518 -0.009161 -0.005043
v -0.140024 -0.006379 -0.003436
v -0.143518 -0.007092 -0.003849
v -0.140024 -0.009207 -0.006484
v -0.143518 -0.008540 -0.005999
v -0.140024 -0.005941 -0.004110
v -0.143518 -0.006607 -0.004595
v -0.140024 -0.008436 -0.007436
v -0.143518 -0.007824 -0.006884
v -0.140024 -0.005435 -0.004734
v -0.143518 -0.006048 -0.005286
v -0.140024 -0.007570 -0.008303
v -0.143518 -0.007017 -0.007690
v -0.140024 -0.004867 -0.005301
v -0.143518 -0.005420 -0.005915
v -0.140024 -0.006617 -0.009074
v -0.143518 -0.006132 -0.008407
v -0.140024 -0.004243 -0.005807
v -0.143518 -0.004728 -0.006474
v -0.140024 -0.005588 -0.009741
v -0.143518 -0.005177 -0.009027
v -0.140024 -0.003570 -0.006244
v -0.143518 -0.003982 -0.006958
v -0.140024 -0.004497 -0.010298
v -0.143518 -0.004162 -0.009544
v -0.140024 -0.002855 -0.006609
v -0.143518 -0.003190 -0.007362
v -0.140024 -0.003352 -0.010737
v -0.143518 -0.003098 -0.009953
v -0.140024 -0.002105 -0.006897
v -0.143518 -0.002360 -0.007681
v -0.140024 -0.002168 -0.011055
v -0.143518 -0.001997 -0.010248
v -0.140024 -0.001330 -0.007105
v -0.143518 -0.001501 -0.007911
v -0.140024 -0.000958 -0.011246
v -0.143518 -0.000872 -0.010426
v -0.140024 -0.000536 -0.007230
v -0.143518 -0.000622 -0.008050
v -0.140024 0.000265 -0.011310
v -0.143518 0.000265 -0.010486
v -0.129649 -0.014530 -0.001156
v -0.129649 -0.014286 -0.002694
v -0.129649 -0.013884 -0.004198
v -0.129649 -0.013325 -0.005652
v -0.129649 -0.012619 -0.007039
v -0.129649 -0.011770 -0.008345
v -0.129649 -0.010790 -0.009555
v -0.140584 -0.017910 -0.016910
v -0.140584 -0.017044 -0.017777
v -0.127806 -0.019556 -0.020524
v -0.127806 -0.020658 -0.019423
v -0.129649 -0.008479 -0.011636
v -0.129649 -0.009689 -0.010656
v -0.129649 -0.007172 -0.012485
v -0.129649 -0.005785 -0.013192
v -0.129649 -0.004331 -0.013750
v -0.129649 -0.002827 -0.014153
v -0.129649 -0.001290 -0.014396
v -0.129649 0.000265 -0.014477
v 0.097976 -0.001290 -0.014396
v 0.074066 -0.001290 -0.014396
v 0.097976 -0.002827 -0.014153
v 0.074066 -0.002827 -0.014153
v 0.097976 -0.004331 -0.013750
v 0.074066 -0.004331 -0.013750
v 0.097976 -0.005785 -0.013192
v 0.074066 -0.005785 -0.013192
v 0.097976 -0.007172 -0.012485
v 0.074066 -0.007172 -0.012485
v 0.097976 -0.008479 -0.011636
v 0.074066 -0.008479 -0.011636
v 0.097976 -0.009689 -0.010656
v 0.074066 -0.009689 -0.010656
v 0.074066 -0.013980 -0.014947
v 0.089935 -0.013980 -0.014947
v 0.089935 -0.015081 -0.013846
v 0.074066 -0.015081 -0.013846
v 0.074066 -0.010790 -0.009555
v 0.097976 -0.010790 -0.009555
v 0.097976 -0.011770 -0.008345
v 0.074066 -0.011770 -0.008345
v 0.097976 -0.012619 -0.007039
v 0.074066 -0.012619 -0.007039
v 0.097976 -0.013325 -0.005652
v 0.074066 -0.013325 -0.005652
v 0.097976 -0.013884 -0.004198
v 0.074066 -0.013884 -0.004198
v 0.097976 -0.014286 -0.002694
v 0.074066 -0.014286 -0.002694
v 0.097976 -0.014530 -0.001156
v 0.074066 -0.014530 -0.001156
v 0.074066 -0.009689 -0.010656
v 0.097976 -0.009689 -0.010656
v 0.089935 -0.013980 -0.014947
v 0.074066 -0.013980 -0.014947
v 0.097976 -0.009689 -0.010656
v 0.097976 -0.010790 -0.009555
v 0.089935 -0.015081 -0.013846
v 0.089935 -0.013980 -0.014947
v 0.097976 -0.010790 -0.009555
v 0.074066 -0.010790 -0.009555
v 0.074066 -0.015081 -0.013846
v 0.089935 -0.015081 -0.013846
v 0.074066 -0.010790 -0.009555
v 0.074066 -0.009689 -0.010656
v 0.074066 -0.013980 -0.014947
v 0.074066 -0.015081 -0.013846
v -0.082710 -0.020658 -0.019423
v -0.127806 -0.020658 -0.019423
v -0.127806 -0.019556 -0.020524
v -0.082710 -0.019556 -0.020524
v -0.140024 -0.008436 -0.007436
v -0.140024 -0.007570 -0.008303
v -0.140584 -0.017044 -0.017777
v -0.140584 -0.017910 -0.016910
v -0.140024 -0.007570 -0.008303
v -0.129649 -0.009689 -0.010656
v -0.127806 -0.019556 -0.020524
v -0.140584 -0.017044 -0.017777
v -0.129649 -0.010790 -0.009555
v -0.140024 -0.008436 -0.007436
v -0.140584 -0.017910 -0.016910
v -0.127806 -0.020658 -0.019423
v -0.070780 -0.010790 -0.009555
v -0.129649 -0.010790 -0.009555
v -0.127806 -0.020658 -0.019423
v -0.082710 -0.020658 -0.019423
v -0.070780 -0.009689 -0.010656
v -0.082710 -0.019556 -0.020524
v -0.070780 -0.009689 -0.010656
v -0.070780 -0.010790 -0.009555
v -0.082710 -0.020658 -0.019423
v -0.082710 -0.019556 -0.020524
v 0.107778 -0.001287 0.015173
v 0.118376 -0.001228 0.014615
v 0.118376 0.000265 0.014694
v 0.107778 0.000265 0.015255
v 0.107778 -0.002823 0.014930
v 0.118376 -0.002706 0.014382
v 0.118376 -0.001228 0.014615
v 0.107778 -0.001287 0.015173
v 0.107778 -0.004325 0.014528
v 0.118376 -0.004152 0.013994
v 0.107778 -0.005776 0.013970
v 0.118376 -0.005548 0.013458
v 0.107778 -0.007162 0.013264
v 0.118376 -0.006881 0.012779
v 0.107778 -0.008466 0.012417
v 0.118376 -0.008136 0.011964
v 0.107778 -0.009675 0.011439
v 0.118376 -0.009300 0.011022
v 0.107778 -0.010774 0.010340
v 0.118376 -0.010357 0.009964
v 0.107778 -0.011752 0.009131
v 0.118376 -0.011299 0.008802
v 0.107778 -0.012600 0.007827
v 0.118376 -0.012114 0.007547
v 0.107778 -0.013305 0.006441
v 0.118376 -0.012792 0.006213
v 0.107778 -0.013862 0.004990
v 0.118376 -0.013329 0.004817
v 0.107778 -0.014265 0.003488
v 0.118376 -0.013716 0.003371
v 0.107778 -0.014509 0.001952
v 0.118376 -0.013950 0.001894
v 0.107778 -0.014590 0.000399
v 0.118376 -0.014029 0.000399
v 0.107778 0.015040 0.001952
v 0.118376 0.014482 0.001894
v 0.118376 0.014561 0.000399
v 0.107778 0.015121 0.000399
v 0.107778 0.014796 0.003488
v 0.118376 0.014248 0.003371
v 0.107778 0.014395 0.004990
v 0.118376 0.013861 0.004817
v 0.107778 0.013837 0.006442
v 0.118376 0.013325 0.006213
v 0.107778 0.013131 0.007827
v 0.118376 0.012645 0.007547
v 0.107778 0.012285 0.009131
v 0.118376 0.011831 0.008802
v 0.107778 0.011306 0.010340
v 0.118376 0.010888 0.009964
v 0.107778 0.010206 0.011439
v 0.118376 0.009831 0.011022
v 0.107778 0.008998 0.012418
v 0.118376 0.008668 0.011964
v 0.107778 0.007693 0.013264
v 0.118376 0.007413 0.012779
v 0.107778 0.006308 0.013970
v 0.118376 0.006079 0.013458
v 0.107778 0.004857 0.014528
v 0.118376 0.004683 0.013994
v 0.107778 0.003354 0.014931
v 0.118376 0.003238 0.014382
v 0.107778 0.001818 0.015173
v 0.118376 0.001760 0.014615
v 0.107778 0.001818 -0.014375
v 0.118376 0.001760 -0.013817
v 0.118376 0.000265 -0.013895
v 0.107778 0.000265 -0.014456
v 0.107778 0.003354 -0.014131
v 0.118376 0.003238 -0.013583
v 0.107778 0.004857 -0.013729
v 0.118376 0.004683 -0.013196
v 0.107778 0.006308 -0.013172
v 0.118376 0.006079 -0.012659
v 0.107778 0.007693 -0.012466
v 0.118376 0.007413 -0.011980
v 0.107778 0.008997 -0.011619
v 0.118376 0.008668 -0.011165
v 0.107778 0.010206 -0.010640
v 0.118376 0.009831 -0.010224
v 0.107778 0.011306 -0.009541
v 0.118376 0.010888 -0.009166
v 0.107778 0.012285 -0.008333
v 0.118376 0.011831 -0.008003
v 0.107778 0.013131 -0.007028
v 0.118376 0.012645 -0.006748
v 0.107778 0.013837 -0.005643
v 0.118376 0.013325 -0.005415
v 0.107778 0.014395 -0.004191
v 0.118376 0.013861 -0.004018
v 0.107778 0.014797 -0.002689
v 0.118376 0.014248 -0.002573
v 0.107778 0.015040 -0.001153
v 0.118376 0.014482 -0.001095
v 0.107778 -0.014509 -0.001154
v 0.118376 -0.013950 -0.001095
v 0.107778 -0.014265 -0.002689
v 0.118376 -0.013716 -0.002573
v 0.107778 -0.013862 -0.004191
v 0.118376 -0.013329 -0.004018
v 0.107778 -0.013305 -0.005643
v 0.118376 -0.012792 -0.005415
v 0.107778 -0.012600 -0.007029
v 0.118376 -0.012114 -0.006748
v 0.107778 -0.011752 -0.008333
v 0.118376 -0.011299 -0.008003
v 0.107778 -0.010774 -0.009541
v 0.118376 -0.010357 -0.009166
v 0.107778 -0.009675 -0.010640
v 0.118376 -0.009300 -0.010224
v 0.107778 -0.008466 -0.011619
v 0.118376 -0.008136 -0.011165
v 0.107778 -0.007162 -0.012466
v 0.118376 -0.006882 -0.011980
v 0.107778 -0.005776 -0.013172
v 0.118376 -0.005548 -0.012659
v 0.107778 -0.004325 -0.013729
v 0.118376 -0.004152 -0.013196
v 0.107778 -0.002823 -0.014132
v 0.118376 -0.002706 -0.013583
v 0.107778 -0.001287 -0.014375
v 0.118376 -0.001228 -0.013817
v 0.118376 0.001636 -0.012631
v 0.118376 0.002989 -0.012416
v 0.119746 0.002974 -0.012346
v 0.119746 0.001628 -0.012560
v 0.118376 0.004314 -0.012062
v 0.119746 0.004292 -0.011993
v 0.118376 0.005594 -0.011570
v 0.119746 0.005566 -0.011504
v 0.118376 0.006817 -0.010948
v 0.119746 0.006781 -0.010885
v 0.118376 0.007967 -0.010200
v 0.119746 0.007924 -0.010143
v 0.118376 0.009033 -0.009337
v 0.119746 0.008984 -0.009284
v 0.118376 0.010002 -0.008368
v 0.119746 0.009950 -0.008319
v 0.118376 0.010866 -0.007302
v 0.119746 0.010807 -0.007260
v 0.118376 0.011612 -0.006152
v 0.119746 0.011551 -0.006116
v 0.118376 0.011612 -0.006152
v 0.118376 0.012236 -0.004930
v 0.119746 0.012170 -0.004901
v 0.119746 0.011551 -0.006116
v 0.118376 0.012727 -0.003649
v 0.119746 0.012658 -0.003627
v 0.118376 0.013082 -0.002325
v 0.119746 0.013012 -0.002310
v 0.118376 0.013296 -0.000970
v 0.119746 0.013225 -0.000962
v 0.118376 0.013368 0.000399
v 0.119746 0.013296 0.000399
v 0.118376 0.013296 0.001769
v 0.119746 0.013225 0.001761
v 0.118376 0.013082 0.003124
v 0.119746 0.013012 0.003109
v 0.118376 0.012727 0.004448
v 0.119746 0.012658 0.004426
v 0.118376 0.012236 0.005729
v 0.119746 0.012170 0.005700
v 0.118376 0.011612 0.006950
v 0.119746 0.011551 0.006915
v 0.118376 0.011612 0.006950
v 0.118376 0.010866 0.008101
v 0.119746 0.010807 0.008058
v 0.119746 0.011551 0.006915
v 0.118376 0.010002 0.009166
v 0.119746 0.009950 0.009118
v 0.118376 0.009033 0.010136
v 0.119746 0.008984 0.010083
v 0.118376 0.007967 0.011000
v 0.119746 0.007924 0.010941
v 0.118376 0.006817 0.011746
v 0.119746 0.006781 0.011684
v 0.118376 0.005594 0.012369
v 0.119746 0.005566 0.012303
v 0.118376 0.004314 0.012860
v 0.119746 0.004292 0.012792
v 0.118376 0.002989 0.013215
v 0.119746 0.002974 0.013145
v 0.118376 0.001636 0.013430
v 0.119746 0.001628 0.013358
v 0.118376 0.000265 0.013501
v 0.119746 0.000265 0.013430
v 0.118376 -0.001103 0.013430
v 0.119746 -0.001096 0.013358
v 0.118376 -0.002458 0.013215
v 0.119746 -0.002443 0.013145
v 0.118376 -0.003783 0.012860
v 0.119746 -0.003761 0.012792
v 0.118376 -0.005063 0.012369
v 0.119746 -0.005035 0.012303
v 0.118376 -0.006286 0.011746
v 0.119746 -0.006250 0.011684
v 0.118376 -0.007436 0.011000
v 0.119746 -0.007394 0.010941
v 0.118376 -0.008501 0.010136
v 0.119746 -0.008454 0.010083
v 0.118376 -0.009471 0.009166
v 0.119746 -0.009417 0.009118
v 0.118376 -0.010334 0.008101
v 0.119746 -0.010276 0.008058
v 0.118376 -0.011081 0.006950
v 0.119746 -0.011019 0.006915
v 0.118376 -0.011081 0.006950
v 0.118376 -0.011704 0.005729
v 0.119746 -0.011639 0.005700
v 0.119746 -0.011019 0.006915
v 0.118376 -0.012195 0.004448
v 0.119746 -0.012127 0.004426
v 0.118376 -0.012550 0.003124
v 0.119746 -0.012480 0.003109
v 0.118376 -0.012765 0.001769
v 0.119746 -0.012694 0.001761
v 0.118376 -0.012836 0.000399
v 0.119746 -0.012765 0.000399
v 0.118376 -0.012765 -0.000970
v 0.119746 -0.012694 -0.000962
v 0.118376 -0.012550 -0.002325
v 0.119746 -0.012480 -0.002310
v 0.118376 -0.012195 -0.003649
v 0.119746 -0.012127 -0.003627
v 0.118376 -0.011704 -0.004930
v 0.119746 -0.011639 -0.004901
v 0.118376 -0.011081 -0.006152
v 0.119746 -0.011019 -0.006116
v 0.118376 -0.011081 -0.006152
v 0.118376 -0.010334 -0.007302
v 0.119746 -0.010276 -0.007260
v 0.119746 -0.011019 -0.006116
v 0.118376 -0.009471 -0.008368
v 0.119746 -0.009417 -0.008319
v 0.118376 -0.008501 -0.009337
v 0.119746 -0.008454 -0.009284
v 0.118376 -0.007436 -0.010200
v 0.119746 -0.007394 -0.010143
v 0.118376 -0.006286 -0.010948
v 0.119746 -0.006250 -0.010885
v 0.118376 -0.005063 -0.011570
v 0.119746 -0.005035 -0.011504
v 0.118376 -0.003783 -0.012062
v 0.119746 -0.003761 -0.011993
v 0.118376 -0.002458 -0.012416
v 0.119746 -0.002443 -0.012346
v 0.118376 -0.001103 -0.012631
v 0.119746 -0.001096 -0.012560
v 0.118376 0.000265 -0.012703
v 0.119746 0.000265 -0.012631
v 0.121100 0.002931 -0.012137
v 0.121100 0.001605 -0.012346
v 0.121100 0.004226 -0.011790
v 0.121100 0.005478 -0.011308
v 0.121100 0.006673 -0.010700
v 0.121100 0.007798 -0.009969
v 0.121100 0.008841 -0.009125
v 0.121100 0.009789 -0.008176
v 0.121100 0.010635 -0.007134
v 0.121100 0.011365 -0.006009
v 0.121100 0.011973 -0.004813
v 0.121100 0.011365 -0.006009
v 0.121100 0.012455 -0.003561
v 0.121100 0.012802 -0.002265
v 0.121100 0.013012 -0.000940
v 0.121100 0.013082 0.000399
v 0.121100 0.013012 0.001739
v 0.121100 0.012802 0.003064
v 0.121100 0.012455 0.004360
v 0.121100 0.011973 0.005612
v 0.121100 0.011365 0.006808
v 0.121100 0.010635 0.007932
v 0.121100 0.011365 0.006808
v 0.121100 0.009789 0.008975
v 0.121100 0.008841 0.009923
v 0.121100 0.007798 0.010768
v 0.121100 0.006673 0.011498
v 0.121100 0.005478 0.012107
v 0.121100 0.004226 0.012588
v 0.121100 0.002931 0.012935
v 0.121100 0.001605 0.013145
v 0.121100 0.000265 0.013215
v 0.121100 -0.001075 0.013145
v 0.121100 -0.002398 0.012935
v 0.121100 -0.003695 0.012588
v 0.121100 -0.004947 0.012107
v 0.121100 -0.006142 0.011498
v 0.121100 -0.007267 0.010768
v 0.121100 -0.008310 0.009923
v 0.121100 -0.009259 0.008975
v 0.121100 -0.010102 0.007932
v 0.121100 -0.010834 0.006808
v 0.121100 -0.011442 0.005612
v 0.121100 -0.010834 0.006808
v 0.121100 -0.011922 0.004360
v 0.121100 -0.012270 0.003064
v 0.121100 -0.012480 0.001739
v 0.121100 -0.012550 0.000399
v 0.121100 -0.012480 -0.000940
v 0.121100 -0.012270 -0.002265
v 0.121100 -0.011922 -0.003561
v 0.121100 -0.011442 -0.004813
v 0.121100 -0.010834 -0.006009
v 0.121100 -0.010102 -0.007134
v 0.121100 -0.010834 -0.006009
v 0.121100 -0.009259 -0.008176
v 0.121100 -0.008310 -0.009125
v 0.121100 -0.007267 -0.009969
v 0.121100 -0.006142 -0.010699
v 0.121100 -0.004947 -0.011308
v 0.121100 -0.003695 -0.011790
v 0.121100 -0.002398 -0.012137
v 0.121100 -0.001075 -0.012346
v 0.121100 0.000265 -0.012416
v 0.122425 0.002857 -0.011790
v 0.122425 0.001568 -0.011993
v 0.122425 0.004117 -0.011452
v 0.122425 0.005334 -0.010984
v 0.122425 0.006496 -0.010392
v 0.122425 0.007591 -0.009682
v 0.122425 0.008603 -0.008861
v 0.122425 0.009526 -0.007939
v 0.122425 0.010347 -0.006925
v 0.122425 0.011057 -0.005831
v 0.122425 0.011650 -0.004669
v 0.122425 0.011057 -0.005831
v 0.122425 0.012117 -0.003451
v 0.122425 0.012455 -0.002192
v 0.122425 0.012658 -0.000903
v 0.122425 0.012727 0.000399
v 0.122425 0.012658 0.001702
v 0.122425 0.012455 0.002990
v 0.122425 0.012117 0.004250
v 0.122425 0.011650 0.005467
v 0.122425 0.011057 0.006630
v 0.122425 0.010347 0.007724
v 0.122425 0.011057 0.006630
v 0.122425 0.009526 0.008737
v 0.122425 0.008603 0.009659
v 0.122425 0.007591 0.010481
v 0.122425 0.006496 0.011191
v 0.122425 0.005334 0.011783
v 0.122425 0.004117 0.012250
v 0.122425 0.002857 0.012588
v 0.122425 0.001568 0.012792
v 0.122425 0.000265 0.012860
v 0.122425 -0.001037 0.012792
v 0.122425 -0.002325 0.012588
v 0.122425 -0.003585 0.012250
v 0.122425 -0.004802 0.011783
v 0.122425 -0.005965 0.011191
v 0.122425 -0.007059 0.010481
v 0.122425 -0.008072 0.009659
v 0.122425 -0.008995 0.008737
v 0.122425 -0.009815 0.007724
v 0.122425 -0.010526 0.006630
v 0.122425 -0.011117 0.005467
v 0.122425 -0.010526 0.006630
v 0.122425 -0.011585 0.004250
v 0.122425 -0.011922 0.002990
v 0.122425 -0.012127 0.001702
v 0.122425 -0.012195 0.000399
v 0.122425 -0.012127 -0.000903
v 0.122425 -0.011922 -0.002192
v 0.122425 -0.011585 -0.003451
v 0.122425 -0.011117 -0.004669
v 0.122425 -0.010526 -0.005831
v 0.122425 -0.009815 -0.006925
v 0.122425 -0.010526 -0.005831
v 0.122425 -0.008995 -0.007939
v 0.122425 -0.008072 -0.008861
v 0.122425 -0.007059 -0.009682
v 0.122425 -0.005965 -0.010392
v 0.122425 -0.004802 -0.010984
v 0.122425 -0.003585 -0.011452
v 0.122425 -0.002325 -0.011790
v 0.122425 -0.001037 -0.011993
v 0.122425 0.000265 -0.012062
v 0.123705 0.002754 -0.011308
v 0.123705 0.001517 -0.011504
v 0.123705 0.003964 -0.010984
v 0.123705 0.005134 -0.010535
v 0.123705 0.006251 -0.009967
v 0.123705 0.007301 -0.009284
v 0.123705 0.008274 -0.008496
v 0.123705 0.009161 -0.007610
v 0.123705 0.009950 -0.006636
v 0.123705 0.010632 -0.005585
v 0.123705 0.011201 -0.004469
v 0.123705 0.010632 -0.005585
v 0.123705 0.011650 -0.003300
v 0.123705 0.011973 -0.002089
v 0.123705 0.012170 -0.000852
v 0.123705 0.012236 0.000399
v 0.123705 0.012170 0.001650
v 0.123705 0.011973 0.002888
v 0.123705 0.011650 0.004098
v 0.123705 0.011201 0.005268
v 0.123705 0.010632 0.006384
v 0.123705 0.009950 0.007435
v 0.123705 0.010632 0.006384
v 0.123705 0.009161 0.008409
v 0.123705 0.008274 0.009294
v 0.123705 0.007301 0.010083
v 0.123705 0.006251 0.010765
v 0.123705 0.005134 0.011334
v 0.123705 0.003964 0.011783
v 0.123705 0.002754 0.012107
v 0.123705 0.001517 0.012303
v 0.123705 0.000265 0.012369
v 0.123705 -0.000986 0.012303
v 0.123705 -0.002223 0.012107
v 0.123705 -0.003433 0.011783
v 0.123705 -0.004602 0.011334
v 0.123705 -0.005718 0.010765
v 0.123705 -0.006770 0.010083
v 0.123705 -0.007744 0.009294
v 0.123705 -0.008630 0.008409
v 0.123705 -0.009417 0.007435
v 0.123705 -0.010100 0.006384
v 0.123705 -0.010669 0.005268
v 0.123705 -0.010100 0.006384
v 0.123705 -0.011117 0.004098
v 0.123705 -0.011442 0.002888
v 0.123705 -0.011639 0.001650
v 0.123705 -0.011704 0.000399
v 0.123705 -0.011639 -0.000852
v 0.123705 -0.011442 -0.002089
v 0.123705 -0.011117 -0.003300
v 0.123705 -0.010669 -0.004469
v 0.123705 -0.010100 -0.005585
v 0.123705 -0.009417 -0.006636
v 0.123705 -0.010100 -0.005585
v 0.123705 -0.008630 -0.007610
v 0.123705 -0.007744 -0.008496
v 0.123705 -0.006770 -0.009284
v 0.123705 -0.005718 -0.009967
v 0.123705 -0.004602 -0.010535
v 0.123705 -0.003433 -0.010984
v 0.123705 -0.002223 -0.011308
v 0.123705 -0.000986 -0.011504
v 0.123705 0.000265 -0.011570
v 0.124927 0.002626 -0.010700
v 0.124927 0.001452 -0.010885
v 0.124927 0.003772 -0.010392
v 0.124927 0.004881 -0.009967
v 0.124927 0.005939 -0.009427
v 0.124927 0.006936 -0.008781
v 0.124927 0.007858 -0.008033
v 0.124927 0.008698 -0.007193
v 0.124927 0.009446 -0.006270
v 0.123705 0.009950 -0.006636
v 0.124927 0.010092 -0.005274
v 0.124927 0.009446 -0.006270
v 0.124927 0.010632 -0.004216
v 0.124927 0.011057 -0.003107
v 0.124927 0.011365 -0.001960
v 0.124927 0.011551 -0.000786
v 0.124927 0.011612 0.000399
v 0.124927 0.011551 0.001585
v 0.124927 0.011365 0.002758
v 0.124927 0.011057 0.003906
v 0.124927 0.010632 0.005014
v 0.124927 0.010092 0.006073
v 0.123705 0.009950 0.007435
v 0.124927 0.009446 0.007069
v 0.124927 0.008698 0.007992
v 0.124927 0.009446 0.007069
v 0.124927 0.007858 0.008832
v 0.124927 0.006936 0.009579
v 0.124927 0.005939 0.010226
v 0.124927 0.004881 0.010765
v 0.124927 0.003772 0.011191
v 0.124927 0.002626 0.011498
v 0.124927 0.001452 0.011684
v 0.124927 0.000265 0.011746
v 0.124927 -0.000921 0.011684
v 0.124927 -0.002093 0.011498
v 0.124927 -0.003241 0.011191
v 0.124927 -0.004350 0.010765
v 0.124927 -0.005407 0.010226
v 0.124927 -0.006404 0.009579
v 0.124927 -0.007327 0.008832
v 0.124927 -0.008167 0.007992
v 0.124927 -0.008914 0.007069
v 0.123705 -0.009417 0.007435
v 0.124927 -0.009561 0.006073
v 0.124927 -0.008914 0.007069
v 0.124927 -0.010100 0.005014
v 0.124927 -0.010526 0.003906
v 0.124927 -0.010834 0.002758
v 0.124927 -0.011019 0.001585
v 0.124927 -0.011081 0.000399
v 0.124927 -0.011019 -0.000786
v 0.124927 -0.010834 -0.001960
v 0.124927 -0.010526 -0.003107
v 0.124927 -0.010100 -0.004216
v 0.124927 -0.009561 -0.005274
v 0.123705 -0.009417 -0.006636
v 0.124927 -0.008914 -0.006270
v 0.124927 -0.008166 -0.007193
v 0.124927 -0.008914 -0.006270
v 0.124927 -0.007327 -0.008033
v 0.124927 -0.006404 -0.008781
v 0.124927 -0.005407 -0.009427
v 0.124927 -0.004350 -0.009967
v 0.124927 -0.003241 -0.010392
v 0.124927 -0.002093 -0.010699
v 0.124927 -0.000921 -0.010885
v 0.124927 0.000265 -0.010948
v 0.124927 0.001452 -0.010885
v 0.124927 0.002626 -0.010700
v 0.126078 0.002469 -0.009969
v 0.126078 0.001374 -0.010143
v 0.124927 0.003772 -0.010392
v 0.126078 0.003542 -0.009682
v 0.124927 0.004881 -0.009967
v 0.126078 0.004577 -0.009284
v 0.124927 0.005939 -0.009427
v 0.126078 0.005566 -0.008781
v 0.124927 0.006936 -0.008781
v 0.126078 0.006496 -0.008176
v 0.124927 0.007858 -0.008033
v 0.126078 0.007358 -0.007478
v 0.124927 0.008698 -0.007193
v 0.126078 0.008143 -0.006693
v 0.124927 0.009446 -0.006270
v 0.126078 0.008841 -0.005831
v 0.124927 0.010092 -0.005274
v 0.126078 0.009446 -0.004901
v 0.124927 0.010632 -0.004216
v 0.126078 0.009950 -0.003912
v 0.124927 0.011057 -0.003107
v 0.126078 0.010347 -0.002876
v 0.124927 0.011365 -0.001960
v 0.126078 0.010635 -0.001804
v 0.124927 0.011551 -0.000786
v 0.126078 0.010807 -0.000709
v 0.124927 0.011612 0.000399
v 0.126078 0.010866 0.000399
v 0.124927 0.011551 0.001585
v 0.126078 0.010807 0.001507
v 0.124927 0.011365 0.002758
v 0.126078 0.010635 0.002603
v 0.124927 0.011057 0.003906
v 0.126078 0.010347 0.003675
v 0.124927 0.010632 0.005014
v 0.126078 0.009950 0.004711
v 0.124927 0.010092 0.006073
v 0.126078 0.009446 0.005700
v 0.124927 0.009446 0.007069
v 0.126078 0.008841 0.006630
v 0.124927 0.008698 0.007992
v 0.126078 0.008143 0.007492
v 0.124927 0.007858 0.008832
v 0.126078 0.007358 0.008277
v 0.124927 0.006936 0.009579
v 0.126078 0.006496 0.008975
v 0.124927 0.005939 0.010226
v 0.126078 0.005566 0.009579
v 0.124927 0.004881 0.010765
v 0.126078 0.004577 0.010083
v 0.124927 0.003772 0.011191
v 0.126078 0.003542 0.010481
v 0.124927 0.002626 0.011498
v 0.126078 0.002469 0.010768
v 0.124927 0.001452 0.011684
v 0.126078 0.001374 0.010941
v 0.124927 0.000265 0.011746
v 0.126078 0.000265 0.011000
v 0.124927 -0.000921 0.011684
v 0.126078 -0.000842 0.010941
v 0.124927 -0.002093 0.011498
v 0.126078 -0.001938 0.010768
v 0.124927 -0.003241 0.011191
v 0.126078 -0.003010 0.010481
v 0.124927 -0.004350 0.010765
v 0.126078 -0.004046 0.010083
v 0.124927 -0.005407 0.010226
v 0.126078 -0.005035 0.009579
v 0.124927 -0.006404 0.009579
v 0.126078 -0.005965 0.008975
v 0.124927 -0.007327 0.008832
v 0.126078 -0.006827 0.008277
v 0.124927 -0.008167 0.007992
v 0.126078 -0.007611 0.007492
v 0.124927 -0.008914 0.007069
v 0.126078 -0.008310 0.006630
v 0.124927 -0.009561 0.006073
v 0.126078 -0.008914 0.005700
v 0.124927 -0.010100 0.005014
v 0.126078 -0.009417 0.004711
v 0.124927 -0.010526 0.003906
v 0.126078 -0.009815 0.003675
v 0.124927 -0.010834 0.002758
v 0.126078 -0.010102 0.002603
v 0.124927 -0.011019 0.001585
v 0.126078 -0.010276 0.001507
v 0.124927 -0.011081 0.000399
v 0.126078 -0.010334 0.000399
v 0.124927 -0.011019 -0.000786
v 0.126078 -0.010276 -0.000709
v 0.124927 -0.010834 -0.001960
v 0.126078 -0.010102 -0.001804
v 0.124927 -0.010526 -0.003107
v 0.126078 -0.009815 -0.002876
v 0.124927 -0.010100 -0.004216
v 0.126078 -0.009417 -0.003912
v 0.124927 -0.009561 -0.005274
v 0.126078 -0.008914 -0.004901
v 0.124927 -0.008914 -0.006270
v 0.126078 -0.008310 -0.005831
v 0.124927 -0.008166 -0.007193
v 0.126078 -0.007611 -0.006693
v 0.124927 -0.007327 -0.008033
v 0.126078 -0.006827 -0.007478
v 0.124927 -0.006404 -0.008781
v 0.126078 -0.005965 -0.008176
v 0.124927 -0.005407 -0.009427
v 0.126078 -0.005035 -0.008781
v 0.124927 -0.004350 -0.009967
v 0.126078 -0.004046 -0.009284
v 0.124927 -0.003241 -0.010392
v 0.126078 -0.003010 -0.009682
v 0.124927 -0.002093 -0.010699
v 0.126078 -0.001938 -0.009969
v 0.124927 -0.000921 -0.010885
v 0.126078 -0.000842 -0.010143
v 0.124927 0.000265 -0.010948
v 0.126078 0.000265 -0.010200
v 0.127143 0.002291 -0.009125
v 0.127143 0.001283 -0.009284
v 0.127143 0.003274 -0.008861
v 0.127143 0.004226 -0.008496
v 0.127143 0.005134 -0.008033
v 0.127143 0.005989 -0.007478
v 0.127143 0.006781 -0.006837
v 0.127143 0.007502 -0.006116
v 0.127143 0.008143 -0.005324
v 0.127143 0.008698 -0.004469
v 0.127143 0.009161 -0.003561
v 0.127143 0.009526 -0.002610
v 0.127143 0.009789 -0.001625
v 0.127143 0.009950 -0.000619
v 0.127143 0.010002 0.000399
v 0.127143 0.009950 0.001417
v 0.127143 0.009789 0.002424
v 0.127143 0.009526 0.003408
v 0.127143 0.009161 0.004360
v 0.127143 0.008698 0.005268
v 0.127143 0.008143 0.006123
v 0.127143 0.007502 0.006915
v 0.127143 0.006781 0.007635
v 0.127143 0.005989 0.008277
v 0.127143 0.005134 0.008832
v 0.127143 0.004226 0.009294
v 0.127143 0.003274 0.009659
v 0.127143 0.002291 0.009923
v 0.127143 0.001283 0.010083
v 0.127143 0.000265 0.010136
v 0.127143 -0.000752 0.010083
v 0.127143 -0.001758 0.009923
v 0.127143 -0.002743 0.009659
v 0.127143 -0.003695 0.009294
v 0.127143 -0.004602 0.008832
v 0.127143 -0.005457 0.008277
v 0.127143 -0.006250 0.007635
v 0.127143 -0.006970 0.006915
v 0.127143 -0.007611 0.006123
v 0.127143 -0.008166 0.005268
v 0.127143 -0.008630 0.004360
v 0.127143 -0.008995 0.003408
v 0.127143 -0.009259 0.002424
v 0.127143 -0.009417 0.001417
v 0.127143 -0.009471 0.000399
v 0.127143 -0.009417 -0.000619
v 0.127143 -0.009259 -0.001625
v 0.127143 -0.008995 -0.002610
v 0.127143 -0.008630 -0.003561
v 0.127143 -0.008166 -0.004469
v 0.127143 -0.007611 -0.005324
v 0.127143 -0.006970 -0.006116
v 0.127143 -0.006250 -0.006837
v 0.127143 -0.005457 -0.007478
v 0.127143 -0.004602 -0.008033
v 0.127143 -0.003695 -0.008496
v 0.127143 -0.002743 -0.008861
v 0.127143 -0.001758 -0.009125
v 0.127143 -0.000752 -0.009284
v 0.127143 0.000265 -0.009337
v 0.128113 0.002088 -0.008176
v 0.128113 0.001182 -0.008319
v 0.128113 0.002974 -0.007939
v 0.128113 0.003832 -0.007610
v 0.128113 0.004649 -0.007193
v 0.128113 0.005419 -0.006693
v 0.128113 0.006132 -0.006116
v 0.128113 0.006781 -0.005467
v 0.128113 0.007358 -0.004754
v 0.128113 0.007858 -0.003984
v 0.128113 0.008274 -0.003167
v 0.128113 0.008603 -0.002310
v 0.128113 0.008841 -0.001424
v 0.128113 0.008984 -0.000517
v 0.128113 0.009033 0.000399
v 0.128113 0.008984 0.001316
v 0.128113 0.008841 0.002222
v 0.128113 0.008603 0.003109
v 0.128113 0.008274 0.003966
v 0.128113 0.007858 0.004783
v 0.128113 0.007358 0.005553
v 0.128113 0.006781 0.006266
v 0.128113 0.006132 0.006915
v 0.128113 0.005419 0.007492
v 0.128113 0.004649 0.007992
v 0.128113 0.003832 0.008409
v 0.128113 0.002974 0.008737
v 0.128113 0.002088 0.008975
v 0.128113 0.001182 0.009118
v 0.128113 0.000265 0.009166
v 0.128113 -0.000651 0.009118
v 0.128113 -0.001557 0.008975
v 0.128113 -0.002443 0.008737
v 0.128113 -0.003300 0.008409
v 0.128113 -0.004118 0.007992
v 0.128113 -0.004887 0.007492
v 0.128113 -0.005601 0.006915
v 0.128113 -0.006250 0.006266
v 0.128113 -0.006827 0.005553
v 0.128113 -0.007327 0.004783
v 0.128113 -0.007744 0.003966
v 0.128113 -0.008072 0.003109
v 0.128113 -0.008310 0.002222
v 0.128113 -0.008454 0.001316
v 0.128113 -0.008501 0.000399
v 0.128113 -0.008454 -0.000517
v 0.128113 -0.008310 -0.001424
v 0.128113 -0.008072 -0.002310
v 0.128113 -0.007744 -0.003167
v 0.128113 -0.007327 -0.003984
v 0.128113 -0.006827 -0.004754
v 0.128113 -0.006250 -0.005467
v 0.128113 -0.005601 -0.006116
v 0.128113 -0.004887 -0.006693
v 0.128113 -0.004118 -0.007193
v 0.128113 -0.003300 -0.007610
v 0.128113 -0.002443 -0.007939
v 0.128113 -0.001557 -0.008176
v 0.128113 -0.000651 -0.008319
v 0.128113 0.000265 -0.008368
v 0.128976 0.001867 -0.007134
v 0.128976 0.001070 -0.007260
v 0.128976 0.002646 -0.006925
v 0.128976 0.003398 -0.006636
v 0.128976 0.004117 -0.006270
v 0.128976 0.004792 -0.005831
v 0.128976 0.005419 -0.005324
v 0.128976 0.005989 -0.004754
v 0.128976 0.006496 -0.004127
v 0.128976 0.006936 -0.003451
v 0.128976 0.007301 -0.002733
v 0.128976 0.007591 -0.001980
v 0.128976 0.007798 -0.001202
v 0.128976 0.007924 -0.000406
v 0.128976 0.007967 0.000399
v 0.128976 0.007924 0.001204
v 0.128976 0.007798 0.002001
v 0.128976 0.007591 0.002779
v 0.128976 0.007301 0.003532
v 0.128976 0.006936 0.004250
v 0.128976 0.006496 0.004926
v 0.128976 0.005989 0.005553
v 0.128976 0.005419 0.006123
v 0.128976 0.004792 0.006630
v 0.128976 0.004117 0.007069
v 0.128976 0.003398 0.007435
v 0.128976 0.002646 0.007724
v 0.128976 0.001867 0.007932
v 0.128976 0.001070 0.008058
v 0.128976 0.000265 0.008101
v 0.128976 -0.000540 0.008058
v 0.128976 -0.001336 0.007932
v 0.128976 -0.002115 0.007724
v 0.128976 -0.002867 0.007435
v 0.128976 -0.003585 0.007069
v 0.128976 -0.004261 0.006630
v 0.128976 -0.004887 0.006123
v 0.128976 -0.005457 0.005553
v 0.128976 -0.005965 0.004926
v 0.128976 -0.006404 0.004250
v 0.128976 -0.006770 0.003532
v 0.128976 -0.007059 0.002779
v 0.128976 -0.007267 0.002001
v 0.128976 -0.007394 0.001204
v 0.128976 -0.007436 0.000399
v 0.128976 -0.007394 -0.000406
v 0.128976 -0.007267 -0.001202
v 0.128976 -0.007059 -0.001980
v 0.128976 -0.006770 -0.002733
v 0.128976 -0.006404 -0.003451
v 0.128976 -0.005965 -0.004127
v 0.128976 -0.005457 -0.004754
v 0.128976 -0.004887 -0.005324
v 0.128976 -0.004261 -0.005831
v 0.128976 -0.003585 -0.006270
v 0.128976 -0.002867 -0.006636
v 0.128976 -0.002115 -0.006925
v 0.128976 -0.001336 -0.007134
v 0.128976 -0.000540 -0.007260
v 0.128976 0.000265 -0.007302
v 0.129723 0.001628 -0.006009
v 0.129723 0.000950 -0.006116
v 0.129723 0.002291 -0.005831
v 0.129723 0.002931 -0.005585
v 0.129723 0.003542 -0.005274
v 0.129723 0.004117 -0.004901
v 0.129723 0.004649 -0.004469
v 0.129723 0.005134 -0.003984
v 0.129723 0.005566 -0.003451
v 0.129723 0.005939 -0.002876
v 0.129723 0.006251 -0.002265
v 0.129723 0.006496 -0.001625
v 0.129723 0.006673 -0.000962
v 0.129723 0.006781 -0.000286
v 0.129723 0.006817 0.000399
v 0.129723 0.006781 0.001084
v 0.129723 0.006673 0.001761
v 0.129723 0.006496 0.002424
v 0.129723 0.006251 0.003064
v 0.129723 0.005939 0.003675
v 0.129723 0.005566 0.004250
v 0.129723 0.005134 0.004783
v 0.129723 0.004649 0.005268
v 0.129723 0.004117 0.005700
v 0.129723 0.003542 0.006073
v 0.129723 0.002931 0.006384
v 0.129723 0.002291 0.006630
v 0.129723 0.001628 0.006808
v 0.129723 0.000950 0.006915
v 0.129723 0.000265 0.006950
v 0.129723 -0.000420 0.006915
v 0.129723 -0.001096 0.006808
v 0.129723 -0.001758 0.006630
v 0.129723 -0.002398 0.006384
v 0.129723 -0.003010 0.006073
v 0.129723 -0.003585 0.005700
v 0.129723 -0.004118 0.005268
v 0.129723 -0.004602 0.004783
v 0.129723 -0.005035 0.004250
v 0.129723 -0.005407 0.003675
v 0.129723 -0.005718 0.003064
v 0.129723 -0.005965 0.002424
v 0.129723 -0.006142 0.001761
v 0.129723 -0.006250 0.001084
v 0.129723 -0.006286 0.000399
v 0.129723 -0.006250 -0.000286
v 0.129723 -0.006142 -0.000962
v 0.129723 -0.005965 -0.001625
v 0.129723 -0.005718 -0.002265
v 0.129723 -0.005407 -0.002876
v 0.129723 -0.005035 -0.003451
v 0.129723 -0.004602 -0.003984
v 0.129723 -0.004118 -0.004469
v 0.129723 -0.003585 -0.004901
v 0.129723 -0.003010 -0.005274
v 0.129723 -0.002398 -0.005585
v 0.129723 -0.001758 -0.005831
v 0.129723 -0.001096 -0.006009
v 0.129723 -0.000420 -0.006116
v 0.129723 0.000265 -0.006152
v 0.130346 0.001374 -0.004813
v 0.130346 0.000823 -0.004901
v 0.130346 0.001913 -0.004669
v 0.130346 0.002433 -0.004469
v 0.130346 0.002931 -0.004216
v 0.130346 0.003398 -0.003912
v 0.130346 0.003832 -0.003561
v 0.130346 0.004226 -0.003167
v 0.130346 0.004577 -0.002733
v 0.130346 0.004881 -0.002265
v 0.130346 0.005134 -0.001768
v 0.130346 0.005334 -0.001248
v 0.130346 0.005478 -0.000709
v 0.130346 0.005566 -0.000158
v 0.130346 0.005594 0.000399
v 0.130346 0.005566 0.000957
v 0.130346 0.005478 0.001507
v 0.130346 0.005334 0.002046
v 0.130346 0.005134 0.002567
v 0.130346 0.004881 0.003064
v 0.130346 0.004577 0.003532
v 0.130346 0.004226 0.003966
v 0.130346 0.003832 0.004360
v 0.130346 0.003398 0.004711
v 0.130346 0.002931 0.005014
v 0.130346 0.002433 0.005268
v 0.130346 0.001913 0.005467
v 0.130346 0.001374 0.005612
v 0.130346 0.000823 0.005700
v 0.130346 0.000265 0.005729
v 0.130346 -0.000291 0.005700
v 0.130346 -0.000842 0.005612
v 0.130346 -0.001381 0.005467
v 0.130346 -0.001902 0.005268
v 0.130346 -0.002398 0.005014
v 0.130346 -0.002867 0.004711
v 0.130346 -0.003300 0.004360
v 0.130346 -0.003695 0.003966
v 0.130346 -0.004046 0.003532
v 0.130346 -0.004350 0.003064
v 0.130346 -0.004602 0.002567
v 0.130346 -0.004802 0.002046
v 0.130346 -0.004947 0.001507
v 0.130346 -0.005035 0.000957
v 0.130346 -0.005063 0.000399
v 0.130346 -0.005035 -0.000158
v 0.130346 -0.004947 -0.000709
v 0.130346 -0.004802 -0.001248
v 0.130346 -0.004602 -0.001768
v 0.130346 -0.004350 -0.002265
v 0.130346 -0.004046 -0.002733
v 0.130346 -0.003695 -0.003167
v 0.130346 -0.003300 -0.003561
v 0.130346 -0.002867 -0.003912
v 0.130346 -0.002398 -0.004216
v 0.130346 -0.001902 -0.004469
v 0.130346 -0.001381 -0.004669
v 0.130346 -0.000842 -0.004813
v 0.130346 -0.000291 -0.004901
v 0.130346 0.000265 -0.004930
v 0.130837 0.001108 -0.003561
v 0.130837 0.000689 -0.003627
v 0.130837 0.001517 -0.003451
v 0.130837 0.001913 -0.003300
v 0.130837 0.002291 -0.003107
v 0.130837 0.002646 -0.002876
v 0.130837 0.002974 -0.002610
v 0.130837 0.003274 -0.002310
v 0.130837 0.003542 -0.001980
v 0.130837 0.003772 -0.001625
v 0.130837 0.003964 -0.001248
v 0.130837 0.004117 -0.000852
v 0.130837 0.004226 -0.000443
v 0.130837 0.004292 -0.000024
v 0.130837 0.004314 0.000399
v 0.130837 0.004292 0.000822
v 0.130837 0.004226 0.001241
v 0.130837 0.004117 0.001650
v 0.130837 0.003964 0.002046
v 0.130837 0.003772 0.002424
v 0.130837 0.003542 0.002779
v 0.130837 0.003274 0.003109
v 0.130837 0.002974 0.003408
v 0.130837 0.002646 0.003675
v 0.130837 0.002291 0.003906
v 0.130837 0.001913 0.004098
v 0.130837 0.001517 0.004250
v 0.130837 0.001108 0.004360
v 0.130837 0.000689 0.004426
v 0.130837 0.000265 0.004448
v 0.130837 -0.000157 0.004426
v 0.130837 -0.000576 0.004360
v 0.130837 -0.000986 0.004250
v 0.130837 -0.001381 0.004098
v 0.130837 -0.001758 0.003906
v 0.130837 -0.002115 0.003675
v 0.130837 -0.002443 0.003408
v 0.130837 -0.002743 0.003109
v 0.130837 -0.003010 0.002779
v 0.130837 -0.003241 0.002424
v 0.130837 -0.003433 0.002046
v 0.130837 -0.003585 0.001650
v 0.130837 -0.003695 0.001241
v 0.130837 -0.003761 0.000822
v 0.130837 -0.003783 0.000399
v 0.130837 -0.003761 -0.000024
v 0.130837 -0.003695 -0.000443
v 0.130837 -0.003585 -0.000852
v 0.130837 -0.003433 -0.001248
v 0.130837 -0.003241 -0.001625
v 0.130837 -0.003010 -0.001980
v 0.130837 -0.002743 -0.002310
v 0.130837 -0.002443 -0.002610
v 0.130837 -0.002115 -0.002876
v 0.130837 -0.001758 -0.003107
v 0.130837 -0.001381 -0.003300
v 0.130837 -0.000986 -0.003451
v 0.130837 -0.000576 -0.003561
v 0.130837 -0.000157 -0.003627
v 0.130837 0.000265 -0.003649
v 0.131192 0.000832 -0.002265
v 0.131192 0.000550 -0.002310
v 0.131192 0.001108 -0.002192
v 0.131192 0.001374 -0.002089
v 0.131192 0.001628 -0.001960
v 0.131192 0.001867 -0.001804
v 0.131192 0.002088 -0.001625
v 0.131192 0.002291 -0.001424
v 0.131192 0.002469 -0.001202
v 0.131192 0.002626 -0.000962
v 0.131192 0.002754 -0.000709
v 0.131192 0.002857 -0.000443
v 0.131192 0.002931 -0.000167
v 0.131192 0.002974 0.000115
v 0.131192 0.002989 0.000399
v 0.131192 0.002974 0.000684
v 0.131192 0.002931 0.000966
v 0.131192 0.002857 0.001241
v 0.131192 0.002754 0.001507
v 0.131192 0.002626 0.001761
v 0.131192 0.002469 0.002001
v 0.131192 0.002291 0.002222
v 0.131192 0.002088 0.002424
v 0.131192 0.001867 0.002603
v 0.131192 0.001628 0.002758
v 0.131192 0.001374 0.002888
v 0.131192 0.001108 0.002990
v 0.131192 0.000832 0.003064
v 0.131192 0.000550 0.003109
v 0.131192 0.000265 0.003124
v 0.131192 -0.000020 0.003109
v 0.131192 -0.000301 0.003064
v 0.131192 -0.000576 0.002990
v 0.131192 -0.000842 0.002888
v 0.131192 -0.001096 0.002758
v 0.131192 -0.001336 0.002603
v 0.131192 -0.001557 0.002424
v 0.131192 -0.001758 0.002222
v 0.131192 -0.001938 0.002001
v 0.131192 -0.002093 0.001761
v 0.131192 -0.002223 0.001507
v 0.131192 -0.002325 0.001241
v 0.131192 -0.002398 0.000966
v 0.131192 -0.002443 0.000684
v 0.131192 -0.002458 0.000399
v 0.131192 -0.002443 0.000115
v 0.131192 -0.002398 -0.000167
v 0.131192 -0.002325 -0.000443
v 0.131192 -0.002223 -0.000709
v 0.131192 -0.002093 -0.000962
v 0.131192 -0.001938 -0.001202
v 0.131192 -0.001758 -0.001424
v 0.131192 -0.001557 -0.001625
v 0.131192 -0.001336 -0.001804
v 0.131192 -0.001096 -0.001960
v 0.131192 -0.000842 -0.002089
v 0.131192 -0.000576 -0.002192
v 0.131192 -0.000301 -0.002265
v 0.131192 -0.000020 -0.002310
v 0.131192 0.000265 -0.002325
v 0.131407 0.000265 0.000399
v 0.118376 -0.001228 0.014615
v 0.118376 -0.002706 0.014382
v 0.118376 -0.002458 0.013215
v 0.118376 -0.001103 0.013430
v 0.118376 -0.004152 0.013994
v 0.118376 -0.003783 0.012860
v 0.118376 -0.005548 0.013458
v 0.118376 -0.005063 0.012369
v 0.118376 -0.006881 0.012779
v 0.118376 -0.006286 0.011746
v 0.118376 -0.008136 0.011964
v 0.118376 -0.007436 0.011000
v 0.118376 -0.009300 0.011022
v 0.118376 -0.008501 0.010136
v 0.118376 -0.010357 0.009964
v 0.118376 -0.009471 0.009166
v 0.118376 -0.011299 0.008802
v 0.118376 -0.010334 0.008101
v 0.118376 -0.012114 0.007547
v 0.118376 -0.011081 0.006950
v 0.118376 -0.012792 0.006213
v 0.118376 -0.011704 0.005729
v 0.118376 -0.013329 0.004817
v 0.118376 -0.012195 0.004448
v 0.118376 -0.013716 0.003371
v 0.118376 -0.012550 0.003124
v 0.118376 -0.013950 0.001894
v 0.118376 -0.012765 0.001769
v 0.118376 -0.014029 0.000399
v 0.118376 -0.012836 0.000399
v 0.118376 -0.013950 -0.001095
v 0.118376 -0.012765 -0.000970
v 0.118376 -0.013716 -0.002573
v 0.118376 -0.012550 -0.002325
v 0.118376 -0.013329 -0.004018
v 0.118376 -0.012195 -0.003649
v 0.118376 -0.012792 -0.005415
v 0.118376 -0.011704 -0.004930
v 0.118376 -0.012114 -0.006748
v 0.118376 -0.011081 -0.006152
v 0.118376 -0.011299 -0.008003
v 0.118376 -0.010334 -0.007302
v 0.118376 -0.010357 -0.009166
v 0.118376 -0.009471 -0.008368
v 0.118376 -0.009300 -0.010224
v 0.118376 -0.008501 -0.009337
v 0.118376 -0.008136 -0.011165
v 0.118376 -0.007436 -0.010200
v 0.118376 -0.006882 -0.011980
v 0.118376 -0.006286 -0.010948
v 0.118376 -0.005548 -0.012659
v 0.118376 -0.005063 -0.011570
v 0.118376 -0.004152 -0.013196
v 0.118376 -0.003783 -0.012062
v 0.118376 -0.002706 -0.013583
v 0.118376 -0.002458 -0.012416
v 0.118376 -0.001228 -0.013817
v 0.118376 -0.001103 -0.012631
v 0.118376 0.000265 -0.013895
v 0.118376 0.000265 -0.012703
v 0.118376 0.001760 -0.013817
v 0.118376 0.001636 -0.012631
v 0.118376 0.003238 -0.013583
v 0.118376 0.002989 -0.012416
v 0.118376 0.004683 -0.013196
v 0.118376 0.004314 -0.012062
v 0.118376 0.006079 -0.012659
v 0.118376 0.005594 -0.011570
v 0.118376 0.007413 -0.011980
v 0.118376 0.006817 -0.010948
v 0.118376 0.008668 -0.011165
v 0.118376 0.007967 -0.010200
v 0.118376 0.009831 -0.010224
v 0.118376 0.009033 -0.009337
v 0.118376 0.010888 -0.009166
v 0.118376 0.010002 -0.008368
v 0.118376 0.011831 -0.008003
v 0.118376 0.010866 -0.007302
v 0.118376 0.012645 -0.006748
v 0.118376 0.011612 -0.006152
v 0.118376 0.013325 -0.005415
v 0.118376 0.012236 -0.004930
v 0.118376 0.013861 -0.004018
v 0.118376 0.012727 -0.003649
v 0.118376 0.014248 -0.002573
v 0.118376 0.013082 -0.002325
v 0.118376 0.014482 -0.001095
v 0.118376 0.013296 -0.000970
v 0.118376 0.014561 0.000399
v 0.118376 0.013368 0.000399
v 0.118376 0.014482 0.001894
v 0.118376 0.013296 0.001769
v 0.118376 0.014248 0.003371
v 0.118376 0.013082 0.003124
v 0.118376 0.013861 0.004817
v 0.118376 0.012727 0.004448
v 0.118376 0.013325 0.006213
v 0.118376 0.012236 0.005729
v 0.118376 0.012645 0.007547
v 0.118376 0.011612 0.006950
v 0.118376 0.011831 0.008802
v 0.118376 0.010866 0.008101
v 0.118376 0.010888 0.009964
v 0.118376 0.010002 0.009166
v 0.118376 0.009831 0.011022
v 0.118376 0.009033 0.010136
v 0.118376 0.008668 0.011964
v 0.118376 0.007967 0.011000
v 0.118376 0.007413 0.012779
v 0.118376 0.006817 0.011746
v 0.118376 0.006079 0.013458
v 0.118376 0.005594 0.012369
v 0.118376 0.004683 0.013994
v 0.118376 0.004314 0.012860
v 0.118376 0.003238 0.014382
v 0.118376 0.002989 0.013215
v 0.118376 0.001760 0.014615
v 0.118376 0.001636 0.013430
v 0.118376 0.000265 0.014694
v 0.118376 0.000265 0.013501
v -0.058266 0.006317 0.013990
v -0.046331 0.006317 0.013990
v -0.046331 0.007704 0.013283
v -0.058266 0.007704 0.013283
v -0.046331 0.009011 0.012435
v -0.058266 0.009011 0.012435
v -0.046331 0.010221 0.011455
v -0.058266 0.010221 0.011455
v -0.046331 0.011322 0.010354
v -0.058266 0.011322 0.010354
v -0.046331 0.012301 0.009144
v -0.058266 0.012301 0.009144
v -0.046331 0.013150 0.007838
v -0.058266 0.013150 0.007838
v -0.046331 0.013857 0.006450
v -0.058266 0.013857 0.006450
v -0.046331 0.014415 0.004997
v -0.058266 0.014415 0.004997
v -0.046331 0.014817 0.003492
v -0.058266 0.014817 0.003492
v -0.046331 0.015061 0.001955
v -0.058266 0.015061 0.001955
v -0.046331 0.015143 0.000399
v -0.058266 0.015143 0.000399
v -0.046331 0.015061 -0.001156
v -0.058266 0.015061 -0.001156
v -0.046331 0.014817 -0.002694
v -0.058266 0.014817 -0.002694
v -0.046331 0.014415 -0.004198
v -0.058266 0.014415 -0.004198
v -0.046331 0.013857 -0.005652
v -0.058266 0.013857 -0.005652
v -0.046331 0.013150 -0.007039
v -0.058266 0.013150 -0.007039
v -0.046331 0.012302 -0.008345
v -0.058266 0.012302 -0.008345
v -0.046331 0.011322 -0.009555
v -0.058266 0.011322 -0.009555
v -0.046331 0.010221 -0.010656
v -0.058266 0.010221 -0.010656
v -0.046331 0.009011 -0.011636
v -0.058266 0.009011 -0.011636
v -0.046331 0.007704 -0.012485
v -0.058266 0.007704 -0.012485
v -0.046331 0.006317 -0.013192
v -0.058266 0.006317 -0.013192
v -0.046331 0.004863 -0.013750
v -0.058266 0.004863 -0.013750
v -0.046331 0.003359 -0.014153
v -0.058266 0.003359 -0.014153
v -0.046331 0.001821 -0.014396
v -0.058266 0.001821 -0.014396
v -0.046331 0.000265 -0.014477
v -0.058266 0.000265 -0.014477
v -0.058266 0.000265 -0.014477
v -0.046331 0.000265 -0.014477
v -0.046331 -0.001290 -0.014396
v -0.058266 -0.001290 -0.014396
v -0.046331 -0.002827 -0.014153
v -0.058266 -0.002827 -0.014153
v -0.046331 -0.004331 -0.013750
v -0.058266 -0.004331 -0.013750
v -0.046331 -0.005785 -0.013192
v -0.058266 -0.005785 -0.013192
v -0.046331 -0.007172 -0.012485
v -0.058266 -0.007172 -0.012485
v -0.046331 -0.008479 -0.011636
v -0.058266 -0.008479 -0.011636
v -0.046331 -0.009689 -0.010656
v -0.058266 -0.009689 -0.010656
v -0.046331 -0.010790 -0.009555
v -0.058266 -0.010790 -0.009555
v -0.046331 -0.011770 -0.008345
v -0.058266 -0.011770 -0.008345
v -0.046331 -0.012619 -0.007039
v -0.058266 -0.012619 -0.007039
v -0.046331 -0.013325 -0.005652
v -0.058266 -0.013325 -0.005652
v -0.046331 -0.013884 -0.004198
v -0.058266 -0.013884 -0.004198
v -0.046331 -0.014286 -0.002694
v -0.058266 -0.014286 -0.002694
v -0.046331 -0.014530 -0.001156
v -0.058266 -0.014530 -0.001156
v -0.046331 -0.014611 0.000399
v -0.058266 -0.014611 0.000399
v -0.046331 -0.014530 0.001955
v -0.058266 -0.014530 0.001955
v -0.046331 -0.014286 0.003492
v -0.058266 -0.014286 0.003492
v -0.046331 -0.013884 0.004997
v -0.058266 -0.013884 0.004997
v -0.046331 -0.013325 0.006450
v -0.058266 -0.013325 0.006450
v -0.046331 -0.012619 0.007838
v -0.058266 -0.012619 0.007838
v -0.046331 -0.011770 0.009144
v -0.058266 -0.011770 0.009144
v -0.046331 -0.010790 0.010354
v -0.058266 -0.010790 0.010354
v -0.046331 -0.009689 0.011455
v -0.058266 -0.009689 0.011455
v -0.046331 -0.008479 0.012435
v -0.058266 -0.008479 0.012435
v -0.046331 -0.007172 0.013283
v -0.058266 -0.007172 0.013283
v -0.046331 -0.005786 0.013990
v -0.058266 -0.005786 0.013990
v -0.058266 -0.004331 0.014548
v -0.058266 -0.002827 0.014951
v -0.058266 -0.001290 0.015195
v -0.058266 0.000265 0.015276
v -0.058266 0.001821 0.015195
v -0.058266 0.003359 0.014951
v -0.058266 0.004863 0.014548
v 0.067952 0.000265 0.017356
v 0.058161 0.000265 0.017356
v 0.058161 -0.001760 0.017356
v 0.067952 -0.001760 0.017356
v 0.067952 0.002291 0.017356
v 0.058161 0.002291 0.017356
v 0.067952 0.003534 0.017356
v 0.058161 0.003533 0.017356
v 0.058161 0.003349 0.015612
v 0.067952 0.003349 0.015612
v 0.067952 0.004851 0.015057
v 0.058161 0.004851 0.015057
v 0.067952 0.006253 0.014408
v 0.058161 0.006253 0.014408
v 0.058161 0.006317 0.013990
v 0.067952 0.006317 0.013990
v 0.067952 0.007704 0.013283
v 0.058161 0.007704 0.013283
v 0.067952 0.009011 0.012435
v 0.058161 0.009011 0.012435
v 0.067952 0.010221 0.011455
v 0.058161 0.010221 0.011455
v 0.067952 0.011322 0.010354
v 0.058161 0.011322 0.010354
v 0.067952 0.012301 0.009144
v 0.058161 0.012301 0.009144
v 0.067952 0.013150 0.007838
v 0.058161 0.013150 0.007838
v 0.067952 0.013857 0.006450
v 0.058161 0.013857 0.006450
v 0.067952 0.014415 0.004997
v 0.058161 0.014415 0.004997
v 0.067952 0.014817 0.003492
v 0.058161 0.014817 0.003492
v 0.067952 0.015061 0.001955
v 0.058161 0.015061 0.001955
v 0.067952 0.015143 0.000399
v 0.058161 0.015143 0.000399
v 0.067952 0.015061 -0.001156
v 0.058161 0.015061 -0.001156
v 0.067952 0.014817 -0.002694
v 0.058161 0.014817 -0.002694
v 0.067952 0.014415 -0.004198
v 0.058161 0.014415 -0.004198
v 0.067952 0.013857 -0.005652
v 0.058161 0.013857 -0.005652
v 0.067952 0.013150 -0.007039
v 0.058161 0.013150 -0.007039
v 0.067952 0.012302 -0.008345
v 0.058161 0.012302 -0.008345
v 0.067952 0.011322 -0.009555
v 0.058161 0.011322 -0.009555
v 0.067952 0.010221 -0.010656
v 0.058161 0.010221 -0.010656
v 0.067952 0.009011 -0.011636
v 0.058161 0.009011 -0.011636
v 0.067952 0.007704 -0.012485
v 0.058161 0.007704 -0.012485
v 0.067952 0.006317 -0.013192
v 0.058161 0.006317 -0.013192
v 0.067952 0.004863 -0.013750
v 0.058161 0.004863 -0.013750
v 0.067952 0.003359 -0.014153
v 0.058161 0.003359 -0.014153
v 0.067952 0.001821 -0.014396
v 0.058161 0.001821 -0.014396
v 0.067952 0.000265 -0.014477
v 0.058161 0.000265 -0.014477
v 0.067952 -0.001290 -0.014396
v 0.058161 -0.001290 -0.014396
v 0.067952 -0.002827 -0.014153
v 0.058161 -0.002827 -0.014153
v 0.067952 -0.004331 -0.013750
v 0.058161 -0.004331 -0.013750
v 0.067952 -0.005785 -0.013192
v 0.058161 -0.005785 -0.013192
v 0.067952 -0.007172 -0.012485
v 0.058161 -0.007172 -0.012485
v 0.067952 -0.008479 -0.011636
v 0.058161 -0.008479 -0.011636
v 0.067952 -0.009689 -0.010656
v 0.058161 -0.009689 -0.010656
v 0.067952 -0.010790 -0.009555
v 0.058161 -0.010790 -0.009555
v 0.067952 -0.011770 -0.008345
v 0.058161 -0.011770 -0.008345
v 0.067952 -0.012619 -0.007039
v 0.058161 -0.012619 -0.007039
v 0.067952 -0.013325 -0.005652
v 0.058161 -0.013325 -0.005652
v 0.067952 -0.013884 -0.004198
v 0.058161 -0.013884 -0.004198
v 0.067952 -0.014286 -0.002694
v 0.058161 -0.014286 -0.002694
v 0.067952 -0.014530 -0.001156
v 0.058161 -0.014530 -0.001156
v 0.067952 -0.014611 0.000399
v 0.058161 -0.014611 0.000399
v 0.067952 -0.014530 0.001955
v 0.058161 -0.014530 0.001955
v 0.067952 -0.014286 0.003492
v 0.058161 -0.014286 0.003492
v 0.067952 -0.013884 0.004997
v 0.058161 -0.013884 0.004997
v 0.067952 -0.013325 0.006450
v 0.058161 -0.013325 0.006450
v 0.067952 -0.012619 0.007838
v 0.058161 -0.012619 0.007838
v 0.067952 -0.011770 0.009144
v 0.058161 -0.011770 0.009144
v 0.067952 -0.010790 0.010354
v 0.058161 -0.010790 0.010354
v 0.067952 -0.009689 0.011455
v 0.058161 -0.009689 0.011455
v 0.067952 -0.008479 0.012435
v 0.058161 -0.008479 0.012435
v 0.067952 -0.007172 0.013283
v 0.058161 -0.007172 0.013283
v 0.067952 -0.005786 0.013990
v 0.058161 -0.005786 0.013990
v 0.058161 -0.005722 0.014408
v 0.067952 -0.005722 0.014408
v 0.067952 -0.004318 0.015057
v 0.058161 -0.004318 0.015057
v 0.067952 -0.002818 0.015612
v 0.058161 -0.002818 0.015612
v 0.058161 -0.003002 0.017356
v 0.067952 -0.003002 0.017356
v -0.046824 0.001821 0.015195
v -0.046824 0.000265 0.015276
v 0.058161 0.000265 0.015276
v 0.058161 0.001821 0.015195
v -0.046824 0.003359 0.014951
v 0.058161 0.003359 0.014951
v -0.046824 0.004863 0.014548
v 0.058161 0.004863 0.014548
v -0.046331 0.006317 0.013990
v 0.058161 0.006317 0.013990
v -0.046331 0.007704 0.013283
v 0.058161 0.007704 0.013283
v -0.046331 0.009011 0.012435
v 0.058161 0.009011 0.012435
v -0.046331 0.010221 0.011455
v 0.058161 0.010221 0.011455
v -0.046331 0.011322 0.010354
v 0.058161 0.011322 0.010354
v -0.046331 0.012301 0.009144
v 0.058161 0.012301 0.009144
v -0.046331 0.013150 0.007838
v 0.058161 0.013150 0.007838
v -0.046331 0.013857 0.006450
v 0.058161 0.013857 0.006450
v -0.046331 0.014415 0.004997
v 0.058161 0.014415 0.004997
v -0.046331 0.014817 0.003492
v 0.058161 0.014817 0.003492
v -0.046331 0.015061 0.001955
v 0.058161 0.015061 0.001955
v -0.046331 0.015143 0.000399
v 0.058161 0.015143 0.000399
v -0.046331 0.015061 -0.001156
v 0.058161 0.015061 -0.001156
v -0.046331 0.014817 -0.002694
v 0.058161 0.014817 -0.002694
v -0.046331 0.014415 -0.004198
v 0.058161 0.014415 -0.004198
v -0.046331 0.013857 -0.005652
v 0.058161 0.013857 -0.005652
v -0.046331 0.013150 -0.007039
v 0.058161 0.013150 -0.007039
v -0.046331 0.012302 -0.008345
v 0.058161 0.012302 -0.008345
v -0.046331 0.011322 -0.009555
v 0.058161 0.011322 -0.009555
v -0.046331 0.010221 -0.010656
v 0.058161 0.010221 -0.010656
v -0.046331 0.009011 -0.011636
v 0.058161 0.009011 -0.011636
v -0.046331 0.007704 -0.012485
v 0.058161 0.007704 -0.012485
v -0.046331 0.006317 -0.013192
v 0.058161 0.006317 -0.013192
v -0.046331 0.004863 -0.013750
v 0.058161 0.004863 -0.013750
v -0.046331 0.003359 -0.014153
v 0.058161 0.003359 -0.014153
v -0.046331 0.001821 -0.014396
v 0.058161 0.001821 -0.014396
v -0.046331 0.000265 -0.014477
v 0.058161 0.000265 -0.014477
v -0.046331 -0.001290 -0.014396
v -0.046331 0.000265 -0.014477
v 0.058161 0.000265 -0.014477
v 0.058161 -0.001290 -0.014396
v -0.046331 -0.002827 -0.014153
v 0.058161 -0.002827 -0.014153
v -0.046331 -0.004331 -0.013750
v 0.058161 -0.004331 -0.013750
v -0.046331 -0.005785 -0.013192
v 0.058161 -0.005785 -0.013192
v -0.046331 -0.007172 -0.012485
v 0.058161 -0.007172 -0.012485
v -0.046331 -0.008479 -0.011636
v 0.058161 -0.008479 -0.011636
v -0.046331 -0.009689 -0.010656
v 0.058161 -0.009689 -0.010656
v -0.046331 -0.010790 -0.009555
v 0.058161 -0.010790 -0.009555
v -0.046331 -0.011770 -0.008345
v 0.058161 -0.011770 -0.008345
v -0.046331 -0.012619 -0.007039
v 0.058161 -0.012619 -0.007039
v -0.046331 -0.013325 -0.005652
v 0.058161 -0.013325 -0.005652
v -0.046331 -0.013884 -0.004198
v 0.058161 -0.013884 -0.004198
v -0.046331 -0.014286 -0.002694
v 0.058161 -0.014286 -0.002694
v -0.046331 -0.014530 -0.001156
v 0.058161 -0.014530 -0.001156
v -0.046331 -0.014611 0.000399
v 0.058161 -0.014611 0.000399
v -0.046331 -0.014530 0.001955
v 0.058161 -0.014530 0.001955
v -0.046331 -0.014286 0.003492
v 0.058161 -0.014286 0.003492
v -0.046331 -0.013884 0.004997
v 0.058161 -0.013884 0.004997
v -0.046331 -0.013325 0.006450
v 0.058161 -0.013325 0.006450
v -0.046331 -0.012619 0.007838
v 0.058161 -0.012619 0.007838
v -0.046331 -0.011770 0.009144
v 0.058161 -0.011770 0.009144
v -0.046331 -0.010790 0.010354
v 0.058161 -0.010790 0.010354
v -0.046331 -0.009689 0.011455
v 0.058161 -0.009689 0.011455
v -0.046331 -0.008479 0.012435
v 0.058161 -0.008479 0.012435
v -0.046331 -0.007172 0.013283
v 0.058161 -0.007172 0.013283
v -0.046331 -0.005786 0.013990
v 0.058161 -0.005786 0.013990
v -0.046824 -0.004331 0.014548
v 0.058161 -0.004331 0.014548
v -0.046824 -0.002827 0.014951
v 0.058161 -0.002827 0.014951
v -0.046824 -0.001290 0.015195
v 0.058161 -0.001290 0.015195
v 0.067952 0.001821 0.015195
v 0.067952 0.000265 0.015276
v 0.067952 0.003359 0.014951
v 0.067952 0.004863 0.014548
v 0.067952 -0.004331 0.014548
v 0.067952 -0.002827 0.014951
v 0.067952 -0.001290 0.015195
v 0.067952 0.000265 0.015276
v 0.074066 0.000265 0.015276
v 0.058161 0.000265 0.015276
v 0.058161 -0.001290 0.015195
v 0.058161 -0.001285 0.015612
v 0.058161 0.000265 0.015612
v 0.067952 -0.001290 0.015195
v 0.067952 0.000265 0.015276
v 0.067952 0.000265 0.015612
v 0.067952 -0.001285 0.015612
v 0.067952 0.001821 0.015195
v 0.067952 0.001817 0.015612
v 0.058161 0.001821 0.015195
v 0.058161 0.001817 0.015612
v 0.067952 0.003359 0.014951
v 0.067952 0.003349 0.015612
v 0.058161 0.003359 0.014951
v 0.058161 0.003349 0.015612
v 0.067952 0.004863 0.014548
v 0.067952 0.004851 0.015057
v 0.058161 0.004863 0.014548
v 0.058161 0.004851 0.015057
v 0.067952 0.006317 0.013990
v 0.067952 0.006253 0.014408
v 0.067952 0.006317 0.013990
v 0.058161 0.006317 0.013990
v 0.058161 0.006253 0.014408
v 0.067952 0.006253 0.014408
v 0.058161 0.006317 0.013990
v 0.058161 0.006253 0.014408
v 0.058161 -0.005786 0.013990
v 0.067952 -0.005786 0.013990
v 0.067952 -0.005722 0.014408
v 0.058161 -0.005722 0.014408
v 0.067952 -0.005786 0.013990
v 0.067952 -0.004331 0.014548
v 0.067952 -0.004318 0.015057
v 0.067952 -0.005722 0.014408
v 0.058161 -0.004331 0.014548
v 0.058161 -0.005786 0.013990
v 0.058161 -0.005722 0.014408
v 0.058161 -0.004318 0.015057
v 0.067952 -0.002827 0.014951
v 0.067952 -0.002818 0.015612
v 0.058161 -0.002827 0.014951
v 0.058161 -0.002818 0.015612
v 0.058161 0.000265 0.015612
v 0.058161 -0.001285 0.015612
v 0.058161 -0.001285 0.016165
v 0.058161 0.000265 0.016165
v 0.067952 -0.001285 0.015612
v 0.067952 0.000265 0.016165
v 0.067952 -0.001285 0.016165
v 0.067952 0.001817 0.015612
v 0.067952 0.001817 0.016165
v 0.058161 0.001817 0.015612
v 0.058161 0.001817 0.016165
v 0.067952 0.003349 0.015612
v 0.067952 0.003349 0.016165
v 0.067952 0.001817 0.016165
v 0.067952 0.003349 0.015612
v 0.058161 0.003349 0.015612
v 0.058161 0.003349 0.016165
v 0.067952 0.003349 0.016165
v 0.058161 0.003349 0.015612
v 0.058161 0.001817 0.016165
v 0.058161 0.003349 0.016165
v 0.058161 -0.002818 0.015612
v 0.067952 -0.002818 0.015612
v 0.067952 -0.002818 0.016165
v 0.058161 -0.002818 0.016165
v 0.067952 -0.002818 0.015612
v 0.067952 -0.001285 0.016165
v 0.067952 -0.002818 0.016165
v 0.058161 -0.002818 0.015612
v 0.058161 -0.002818 0.016165
v 0.058161 0.000265 0.016761
v 0.058161 -0.001522 0.016761
v 0.058161 -0.001625 0.017017
v 0.058161 0.000265 0.017017
v 0.067952 -0.001625 0.017017
v 0.067952 0.000265 0.017017
v 0.067952 0.000265 0.017258
v 0.067952 -0.001721 0.017258
v 0.067952 0.000265 0.017017
v 0.067952 0.002156 0.017017
v 0.067952 0.002252 0.017258
v 0.067952 0.000265 0.017258
v 0.058161 0.002054 0.016761
v 0.058161 0.002156 0.017017
v 0.067952 0.003349 0.016165
v 0.058161 0.003349 0.016165
v 0.058161 0.003822 0.016761
v 0.067952 0.003822 0.016761
v 0.058161 -0.002818 0.016165
v 0.067952 -0.002818 0.016165
v 0.067952 -0.003291 0.016761
v 0.058161 -0.003291 0.016761
v 0.067952 0.003783 0.017258
v 0.058161 0.003783 0.017258
v 0.067952 0.003783 0.017258
v 0.067952 0.003901 0.017017
v 0.058161 0.003901 0.017017
v 0.058161 0.003783 0.017258
v 0.067952 0.003901 0.017017
v 0.058161 0.003901 0.017017
v 0.067952 -0.003370 0.017017
v 0.058161 -0.003368 0.017017
v 0.067952 -0.003370 0.017017
v 0.067952 -0.003252 0.017258
v 0.058161 -0.003252 0.017258
v 0.058161 -0.003368 0.017017
v 0.067952 -0.003252 0.017258
v 0.058161 -0.003252 0.017258
v 0.067952 0.003901 0.017017
v 0.067952 0.003783 0.017258
v 0.058161 0.003822 0.016761
v 0.058161 0.003901 0.017017
v 0.067952 -0.003370 0.017017
v 0.067952 -0.003252 0.017258
v 0.058161 -0.003368 0.017017
v 0.058161 -0.003291 0.016761
v 0.067952 -0.001522 0.016761
v 0.067952 -0.003291 0.016761
v 0.067952 0.000265 0.016165
v 0.067952 0.000265 0.016761
v 0.067952 0.000265 0.016165
v 0.067952 0.002054 0.016761
v 0.067952 0.000265 0.016761
v 0.067952 0.003822 0.016761
v 0.067952 0.003534 0.017356
v 0.067952 0.002291 0.017356
v 0.067952 0.000265 0.017356
v 0.067952 0.000265 0.017356
v 0.067952 -0.001760 0.017356
v 0.067952 -0.003002 0.017356
v 0.058161 0.000265 0.016165
v 0.058161 -0.003002 0.017356
v 0.058161 -0.001760 0.017356
v 0.058161 -0.001721 0.017258
v 0.058161 -0.003252 0.017258
v 0.058161 0.000265 0.017258
v 0.058161 0.000265 0.017356
v 0.058161 0.002252 0.017258
v 0.058161 0.000265 0.017258
v 0.058161 0.002291 0.017356
v 0.058161 0.003783 0.017258
v 0.058161 0.003533 0.017356
v -0.046824 0.000265 0.017356
v -0.058618 0.000265 0.017356
v -0.058618 -0.001760 0.017356
v -0.046824 -0.001760 0.017356
v -0.046824 0.002291 0.017356
v -0.058618 0.002291 0.017356
v -0.046824 0.003534 0.017356
v -0.058618 0.003533 0.017356
v -0.058618 0.003349 0.015612
v -0.046824 0.003349 0.015612
v -0.046824 0.004851 0.015057
v -0.058618 0.004851 0.015057
v -0.046824 0.006253 0.014408
v -0.058618 0.006253 0.014408
v -0.058618 -0.005722 0.014408
v -0.046824 -0.005722 0.014408
v -0.046824 -0.004318 0.015057
v -0.058618 -0.004318 0.015057
v -0.046824 -0.002818 0.015612
v -0.058618 -0.002818 0.015612
v -0.058618 -0.003002 0.017356
v -0.046824 -0.003002 0.017356
v -0.058266 0.000265 0.015276
v -0.058266 -0.001290 0.015195
v -0.058618 -0.001285 0.015612
v -0.058618 0.000265 0.015612
v -0.046824 -0.001290 0.015195
v -0.046824 0.000265 0.015276
v -0.046824 0.000265 0.015612
v -0.046824 -0.001285 0.015612
v -0.046824 0.001821 0.015195
v -0.046824 0.001817 0.015612
v -0.058266 0.001821 0.015195
v -0.058618 0.001817 0.015612
v -0.046824 0.003359 0.014951
v -0.046824 0.003349 0.015612
v -0.058266 0.003359 0.014951
v -0.058618 0.003349 0.015612
v -0.046824 0.004863 0.014548
v -0.046824 0.004851 0.015057
v -0.058266 0.004863 0.014548
v -0.058618 0.004851 0.015057
v -0.046331 0.006317 0.013990
v -0.046824 0.006253 0.014408
v -0.046331 0.006317 0.013990
v -0.058266 0.006317 0.013990
v -0.058618 0.006253 0.014408
v -0.046824 0.006253 0.014408
v -0.058266 0.006317 0.013990
v -0.058618 0.006253 0.014408
v -0.058266 -0.005786 0.013990
v -0.046331 -0.005786 0.013990
v -0.046824 -0.005722 0.014408
v -0.058618 -0.005722 0.014408
v -0.046331 -0.005786 0.013990
v -0.046824 -0.004331 0.014548
v -0.046824 -0.004318 0.015057
v -0.046824 -0.005722 0.014408
v -0.058266 -0.004331 0.014548
v -0.058266 -0.005786 0.013990
v -0.058618 -0.005722 0.014408
v -0.058618 -0.004318 0.015057
v -0.046824 -0.002827 0.014951
v -0.046824 -0.002818 0.015612
v -0.058266 -0.002827 0.014951
v -0.058618 -0.002818 0.015612
v -0.058618 0.000265 0.015612
v -0.058618 -0.001285 0.015612
v -0.058618 -0.001285 0.016165
v -0.058618 0.000265 0.016165
v -0.046824 -0.001285 0.015612
v -0.046824 0.000265 0.016165
v -0.046824 -0.001285 0.016165
v -0.046824 0.001817 0.015612
v -0.046824 0.001817 0.016165
v -0.058618 0.001817 0.015612
v -0.058618 0.001817 0.016165
v -0.046824 0.003349 0.015612
v -0.046824 0.003349 0.016165
v -0.046824 0.001817 0.016165
v -0.046824 0.003349 0.015612
v -0.058618 0.003349 0.015612
v -0.058618 0.003349 0.016165
v -0.046824 0.003349 0.016165
v -0.058618 0.003349 0.015612
v -0.058618 0.001817 0.016165
v -0.058618 0.003349 0.016165
v -0.058618 -0.002818 0.015612
v -0.046824 -0.002818 0.015612
v -0.046824 -0.002818 0.016165
v -0.058618 -0.002818 0.016165
v -0.046824 -0.001285 0.016165
v -0.046824 -0.002818 0.016165
v -0.058618 -0.002818 0.015612
v -0.058618 -0.002818 0.016165
v -0.058618 0.000265 0.016761
v -0.058618 -0.001522 0.016761
v -0.058618 -0.001625 0.017017
v -0.058618 0.000265 0.017017
v -0.046824 -0.001625 0.017017
v -0.046824 0.000265 0.017017
v -0.046824 0.000265 0.017258
v -0.046824 -0.001721 0.017258
v -0.046824 0.000265 0.017017
v -0.046824 0.002156 0.017017
v -0.046824 0.002252 0.017258
v -0.046824 0.000265 0.017258
v -0.058618 0.002054 0.016761
v -0.058618 0.002156 0.017017
v -0.046824 0.003349 0.016165
v -0.058618 0.003349 0.016165
v -0.058618 0.003822 0.016761
v -0.046824 0.003822 0.016761
v -0.058618 -0.002818 0.016165
v -0.046824 -0.002818 0.016165
v -0.046824 -0.003291 0.016761
v -0.058618 -0.003291 0.016761
v -0.046824 0.003783 0.017258
v -0.058618 0.003783 0.017258
v -0.046824 0.003783 0.017258
v -0.046824 0.003901 0.017017
v -0.058618 0.003901 0.017017
v -0.058618 0.003783 0.017258
v -0.046824 0.003901 0.017017
v -0.058618 0.003901 0.017017
v -0.046824 -0.003370 0.017017
v -0.058618 -0.003368 0.017017
v -0.046824 -0.003370 0.017017
v -0.046824 -0.003252 0.017258
v -0.058618 -0.003252 0.017258
v -0.058618 -0.003368 0.017017
v -0.046824 -0.003252 0.017258
v -0.058618 -0.003252 0.017258
v -0.046824 0.003901 0.017017
v -0.046824 0.003783 0.017258
v -0.058618 0.003822 0.016761
v -0.058618 0.003901 0.017017
v -0.046824 -0.003370 0.017017
v -0.046824 -0.003252 0.017258
v -0.058618 -0.003368 0.017017
v -0.058618 -0.003291 0.016761
v -0.046824 -0.001522 0.016761
v -0.046824 -0.003291 0.016761
v -0.046824 0.000265 0.016165
v -0.046824 0.000265 0.016761
v -0.046824 0.000265 0.016165
v -0.046824 0.002054 0.016761
v -0.046824 0.000265 0.016761
v -0.046824 0.003822 0.016761
v -0.046824 0.003534 0.017356
v -0.046824 0.002291 0.017356
v -0.046824 0.000265 0.017356
v -0.046824 0.000265 0.017356
v -0.046824 -0.001760 0.017356
v -0.046824 -0.003002 0.017356
v -0.058618 0.000265 0.016165
v -0.058618 -0.003002 0.017356
v -0.058618 -0.001760 0.017356
v -0.058618 -0.001721 0.017258
v -0.058618 -0.003252 0.017258
v -0.058618 0.000265 0.017258
v -0.058618 0.000265 0.017356
v -0.058618 0.002252 0.017258
v -0.058618 0.000265 0.017258
v -0.058618 0.000265 0.017356
v -0.058618 0.002291 0.017356
v -0.058618 0.003783 0.017258
v -0.058618 0.003533 0.017356
vn -0.6611 -0.0000 -0.7503
vn -0.9345 -0.0000 -0.3558
vn -0.9346 0.0373 -0.3538
vn -0.6611 0.0785 -0.7462
vn -0.3973 -0.0000 -0.9177
vn -0.3974 0.0960 -0.9126
vn -0.2283 -0.0000 -0.9736
vn -0.3973 0.0960 -0.9127
vn -0.2283 0.1018 -0.9683
vn -0.1679 -0.0000 -0.9858
vn -0.1679 0.1031 -0.9804
vn -0.9346 0.0739 -0.3480
vn -0.6611 0.1559 -0.7339
vn -0.3974 0.1908 -0.8976
vn -0.3973 0.1908 -0.8976
vn -0.2283 0.2025 -0.9523
vn -0.1678 0.2052 -0.9642
vn -0.9346 0.1099 -0.3383
vn -0.6611 0.2318 -0.7136
vn -0.3974 0.2836 -0.8728
vn -0.3973 0.2836 -0.8728
vn -0.2283 0.3008 -0.9260
vn -0.1678 0.3046 -0.9376
vn -0.9346 0.1447 -0.3250
vn -0.6611 0.3052 -0.6854
vn -0.3973 0.3733 -0.8383
vn -0.2283 0.3960 -0.8894
vn -0.1679 0.4007 -0.9007
vn -0.9346 0.1779 -0.3082
vn -0.6611 0.3752 -0.6498
vn -0.3974 0.4588 -0.7947
vn -0.3973 0.4589 -0.7947
vn -0.2283 0.4868 -0.8431
vn -0.1679 0.4929 -0.8537
vn -0.9346 0.2090 -0.2878
vn -0.6612 0.4409 -0.6070
vn -0.3974 0.5393 -0.7424
vn -0.3973 0.5393 -0.7425
vn -0.2283 0.5722 -0.7877
vn -0.1679 0.5795 -0.7975
vn -0.9345 0.2381 -0.2644
vn -0.6611 0.5020 -0.5576
vn -0.3973 0.6140 -0.6820
vn -0.3973 0.6141 -0.6820
vn -0.2282 0.6515 -0.7235
vn -0.1678 0.6596 -0.7326
vn -0.9346 0.2644 -0.2380
vn -0.6611 0.5576 -0.5020
vn -0.3974 0.6819 -0.6140
vn -0.3973 0.6820 -0.6140
vn -0.2283 0.7235 -0.6515
vn -0.1678 0.7327 -0.6595
vn -0.9346 0.2878 -0.2091
vn -0.6611 0.6070 -0.4410
vn -0.3974 0.7424 -0.5394
vn -0.3973 0.7425 -0.5394
vn -0.2283 0.7877 -0.5722
vn -0.1679 0.7975 -0.5795
vn -0.9345 0.3082 -0.1779
vn -0.6611 0.6498 -0.3752
vn -0.3973 0.7947 -0.4588
vn -0.2283 0.8432 -0.4868
vn -0.1675 0.8538 -0.4929
vn -0.9346 0.3250 -0.1447
vn -0.6611 0.6854 -0.3052
vn -0.3974 0.8383 -0.3732
vn -0.3973 0.8383 -0.3732
vn -0.2283 0.8894 -0.3960
vn -0.1678 0.8538 -0.4928
vn -0.1679 0.9006 -0.4009
vn -0.9345 0.3384 -0.1100
vn -0.6611 0.7135 -0.2319
vn -0.3973 0.8727 -0.2836
vn -0.2283 0.9259 -0.3009
vn -0.1678 0.9375 -0.3047
vn -0.9346 0.3480 -0.0739
vn -0.6611 0.7339 -0.1560
vn -0.3974 0.8976 -0.1908
vn -0.3973 0.8976 -0.1908
vn -0.2283 0.9523 -0.2024
vn -0.1679 0.9643 -0.2049
vn -0.9346 0.3538 -0.0372
vn -0.6612 0.7461 -0.0784
vn -0.3974 0.9126 -0.0959
vn -0.3973 0.9127 -0.0959
vn -0.2283 0.9683 -0.1018
vn -0.1678 0.9804 -0.1028
vn -0.9345 0.3558 -0.0000
vn -0.6611 0.7503 -0.0000
vn -0.3974 0.9177 -0.0000
vn -0.3973 0.9177 -0.0000
vn -0.2283 0.9736 -0.0000
vn -0.1678 0.9858 -0.0000
vn -1.0000 -0.0000 -0.0000
vn -0.6611 -0.7503 -0.0001
vn -0.9346 -0.3558 -0.0000
vn -0.9346 -0.3538 -0.0372
vn -0.6611 -0.7462 -0.0784
vn -0.3973 -0.9177 -0.0000
vn -0.3974 -0.9126 -0.0959
vn -0.2283 -0.9736 -0.0000
vn -0.3973 -0.9127 -0.0960
vn -0.2283 -0.9683 -0.1018
vn -0.1678 -0.9858 -0.0000
vn -0.1678 -0.9804 -0.1029
vn -0.9345 -0.3481 -0.0740
vn -0.6611 -0.7339 -0.1560
vn -0.3974 -0.8976 -0.1908
vn -0.3973 -0.8976 -0.1908
vn -0.2283 -0.9523 -0.2024
vn -0.1678 -0.9643 -0.2049
vn -0.9345 -0.3385 -0.1099
vn -0.6611 -0.7136 -0.2318
vn -0.3974 -0.8728 -0.2835
vn -0.3973 -0.8728 -0.2835
vn -0.2283 -0.9259 -0.3009
vn -0.1678 -0.9375 -0.3047
vn -0.9346 -0.3250 -0.1447
vn -0.6611 -0.6854 -0.3052
vn -0.3974 -0.8383 -0.3732
vn -0.3973 -0.8384 -0.3732
vn -0.2283 -0.8894 -0.3960
vn -0.1679 -0.9007 -0.4007
vn -0.9346 -0.3080 -0.1778
vn -0.6611 -0.6497 -0.3752
vn -0.3973 -0.7947 -0.4589
vn -0.3972 -0.7947 -0.4589
vn -0.2282 -0.8432 -0.4868
vn -0.1674 -0.8538 -0.4929
vn -0.9345 -0.2879 -0.2092
vn -0.6611 -0.6071 -0.4410
vn -0.3974 -0.7424 -0.5393
vn -0.3973 -0.7425 -0.5393
vn -0.2283 -0.7877 -0.5723
vn -0.1678 -0.8538 -0.4929
vn -0.1678 -0.7974 -0.5797
vn -0.9345 -0.2644 -0.2381
vn -0.6612 -0.5576 -0.5019
vn -0.3974 -0.6820 -0.6140
vn -0.3973 -0.6820 -0.6140
vn -0.2283 -0.7235 -0.6515
vn -0.1678 -0.7325 -0.6597
vn -0.9346 -0.2380 -0.2644
vn -0.6611 -0.5020 -0.5576
vn -0.3973 -0.6140 -0.6820
vn -0.2283 -0.6515 -0.7235
vn -0.1678 -0.6597 -0.7325
vn -0.9346 -0.2092 -0.2878
vn -0.6611 -0.4410 -0.6070
vn -0.3973 -0.5394 -0.7424
vn -0.2283 -0.5723 -0.7876
vn -0.1678 -0.5795 -0.7975
vn -0.9345 -0.1780 -0.3082
vn -0.6611 -0.3751 -0.6498
vn -0.3974 -0.4588 -0.7947
vn -0.3973 -0.4588 -0.7947
vn -0.2283 -0.4868 -0.8431
vn -0.1678 -0.4929 -0.8537
vn -0.9346 -0.1447 -0.3251
vn -0.6612 -0.3051 -0.6854
vn -0.3974 -0.3732 -0.8383
vn -0.3973 -0.3732 -0.8384
vn -0.2283 -0.3959 -0.8894
vn -0.2283 -0.3959 -0.8895
vn -0.1678 -0.4009 -0.9006
vn -0.9346 -0.1100 -0.3383
vn -0.6611 -0.2319 -0.7135
vn -0.3973 -0.2836 -0.8727
vn -0.3973 -0.2836 -0.8728
vn -0.2283 -0.3008 -0.9260
vn -0.1678 -0.3046 -0.9376
vn -0.9346 -0.0739 -0.3480
vn -0.6611 -0.1559 -0.7339
vn -0.3974 -0.1908 -0.8976
vn -0.3973 -0.1908 -0.8976
vn -0.2282 -0.2025 -0.9523
vn -0.1678 -0.2050 -0.9643
vn -0.9346 -0.0372 -0.3538
vn -0.6612 -0.0784 -0.7461
vn -0.3974 -0.0960 -0.9126
vn -0.3973 -0.0960 -0.9127
vn -0.2283 -0.1018 -0.9683
vn -0.1678 -0.1031 -0.9804
vn -0.6612 -0.0000 0.7502
vn -0.9345 -0.0000 0.3559
vn -0.9346 -0.0372 0.3538
vn -0.6611 -0.0784 0.7462
vn -0.3973 -0.0000 0.9177
vn -0.3974 -0.0960 0.9126
vn -0.2283 -0.0000 0.9736
vn -0.3973 -0.0960 0.9127
vn -0.2283 -0.1018 0.9683
vn -0.1678 -0.0000 0.9858
vn -0.1678 -0.1030 0.9804
vn -0.9346 -0.0740 0.3480
vn -0.6611 -0.1561 0.7339
vn -0.3973 -0.1909 0.8976
vn -0.2283 -0.2025 0.9523
vn -0.1678 -0.2050 0.9643
vn -0.9346 -0.1099 0.3384
vn -0.6611 -0.2318 0.7136
vn -0.3974 -0.2835 0.8728
vn -0.3973 -0.2835 0.8728
vn -0.2282 -0.3008 0.9260
vn -0.1678 -0.3047 0.9375
vn -0.9345 -0.1447 0.3251
vn -0.6611 -0.3051 0.6854
vn -0.3973 -0.3732 0.8384
vn -0.2283 -0.3959 0.8895
vn -0.1678 -0.4010 0.9006
vn -0.9346 -0.1778 0.3081
vn -0.6611 -0.3751 0.6498
vn -0.3974 -0.4588 0.7947
vn -0.3973 -0.4588 0.7947
vn -0.2283 -0.4868 0.8432
vn -0.1678 -0.4928 0.8538
vn -0.9346 -0.2090 0.2878
vn -0.6611 -0.4410 0.6070
vn -0.3974 -0.5394 0.7424
vn -0.3973 -0.5394 0.7424
vn -0.2283 -0.5723 0.7877
vn -0.1678 -0.5794 0.7976
vn -0.9346 -0.2381 0.2644
vn -0.6611 -0.5020 0.5576
vn -0.3974 -0.6140 0.6820
vn -0.3973 -0.6140 0.6820
vn -0.2283 -0.6514 0.7235
vn -0.1678 -0.6597 0.7326
vn -0.9346 -0.2644 0.2380
vn -0.6611 -0.5576 0.5020
vn -0.3974 -0.6820 0.6140
vn -0.3973 -0.6820 0.6140
vn -0.2283 -0.7236 0.6514
vn -0.1678 -0.7326 0.6597
vn -0.9346 -0.2878 0.2091
vn -0.6611 -0.6070 0.4409
vn -0.3973 -0.7425 0.5393
vn -0.2283 -0.7877 0.5722
vn -0.1678 -0.7975 0.5795
vn -0.9345 -0.3082 0.1780
vn -0.6611 -0.6498 0.3752
vn -0.3974 -0.7947 0.4589
vn -0.3973 -0.7947 0.4589
vn -0.2283 -0.8431 0.4868
vn -0.1674 -0.8538 0.4930
vn -0.9346 -0.3251 0.1447
vn -0.6611 -0.6854 0.3052
vn -0.3974 -0.8383 0.3733
vn -0.3973 -0.8383 0.3733
vn -0.2283 -0.8894 0.3960
vn -0.1678 -0.8537 0.4929
vn -0.1678 -0.9006 0.4008
vn -0.9345 -0.3384 0.1101
vn -0.6611 -0.7136 0.2319
vn -0.3974 -0.8727 0.2836
vn -0.3973 -0.8728 0.2836
vn -0.2283 -0.9259 0.3009
vn -0.1678 -0.9375 0.3047
vn -0.9346 -0.3480 0.0739
vn -0.6611 -0.7339 0.1560
vn -0.3974 -0.8976 0.1908
vn -0.3973 -0.8976 0.1908
vn -0.2282 -0.9523 0.2024
vn -0.1678 -0.9643 0.2049
vn -0.9346 -0.3538 0.0371
vn -0.6612 -0.7461 0.0783
vn -0.3974 -0.9126 0.0959
vn -0.3973 -0.9127 0.0959
vn -0.2283 -0.9683 0.1018
vn -0.1678 -0.9805 0.1028
vn -0.9346 0.3538 0.0371
vn -0.6611 0.7462 0.0784
vn -0.3973 0.9126 0.0959
vn -0.3973 0.9127 0.0959
vn -0.2283 0.9683 0.1018
vn -0.1679 0.9804 0.1029
vn -0.9345 0.3481 0.0740
vn -0.6611 0.7339 0.1560
vn -0.3974 0.8976 0.1908
vn -0.3973 0.8976 0.1908
vn -0.2283 0.9523 0.2024
vn -0.1678 0.9643 0.2049
vn -0.9346 0.3384 0.1099
vn -0.6611 0.7136 0.2318
vn -0.3974 0.8728 0.2835
vn -0.3973 0.8728 0.2836
vn -0.2282 0.9260 0.3009
vn -0.1678 0.9375 0.3048
vn -0.9346 0.3250 0.1446
vn -0.6611 0.6854 0.3052
vn -0.3973 0.8383 0.3733
vn -0.3973 0.8384 0.3733
vn -0.2283 0.8894 0.3960
vn -0.1679 0.9005 0.4011
vn -0.9346 0.3081 0.1778
vn -0.6611 0.6498 0.3751
vn -0.3974 0.7947 0.4588
vn -0.3973 0.7947 0.4588
vn -0.2283 0.8432 0.4868
vn -0.1674 0.8538 0.4929
vn -0.9346 0.2878 0.2092
vn -0.6611 0.6070 0.4410
vn -0.3974 0.7425 0.5393
vn -0.3973 0.7947 0.4589
vn -0.2283 0.7877 0.5722
vn -0.1678 0.8538 0.4929
vn -0.1678 0.7975 0.5795
vn -0.9346 0.2644 0.2381
vn -0.6611 0.5576 0.5020
vn -0.3973 0.6820 0.6140
vn -0.3973 0.6820 0.6141
vn -0.2282 0.7235 0.6515
vn -0.1678 0.7327 0.6595
vn -0.9346 0.2381 0.2644
vn -0.6611 0.5020 0.5575
vn -0.3974 0.6141 0.6819
vn -0.3973 0.6141 0.6820
vn -0.2283 0.6515 0.7235
vn -0.1679 0.6597 0.7326
vn -0.9346 0.2092 0.2878
vn -0.6611 0.4410 0.6070
vn -0.3974 0.5393 0.7424
vn -0.3973 0.5394 0.7425
vn -0.2283 0.5723 0.7877
vn -0.1678 0.5796 0.7974
vn -0.9345 0.1778 0.3082
vn -0.6611 0.3751 0.6499
vn -0.3974 0.4587 0.7948
vn -0.3973 0.4588 0.7948
vn -0.2283 0.4867 0.8432
vn -0.1678 0.4929 0.8538
vn -0.9346 0.1446 0.3250
vn -0.6612 0.3051 0.6854
vn -0.3974 0.3733 0.8383
vn -0.3973 0.3733 0.8383
vn -0.2283 0.3960 0.8894
vn -0.1679 0.4009 0.9006
vn -0.9345 0.1100 0.3384
vn -0.6612 0.2318 0.7135
vn -0.3974 0.2836 0.8728
vn -0.3973 0.2836 0.8728
vn -0.2282 0.3008 0.9260
vn -0.1678 0.3046 0.9376
vn -0.9346 0.0740 0.3480
vn -0.6611 0.1561 0.7339
vn -0.3973 0.1908 0.8976
vn -0.2283 0.2025 0.9523
vn -0.1679 0.2051 0.9642
vn -0.9346 0.0372 0.3538
vn -0.6611 0.0784 0.7462
vn -0.3974 0.0960 0.9126
vn -0.3973 0.0960 0.9126
vn -0.2283 0.1018 0.9682
vn -0.1678 0.1030 0.9804
vn 0.9336 -0.0375 0.3564
vn 0.9335 -0.0001 0.3585
vn 0.6641 -0.0000 0.7477
vn 0.6640 -0.0782 0.7436
vn 0.3992 -0.0000 0.9169
vn 0.3992 -0.0958 0.9118
vn 0.3992 -0.0958 0.9119
vn 0.3991 -0.0000 0.9169
vn 0.2289 -0.0000 0.9735
vn 0.2289 -0.1018 0.9681
vn 0.1678 -0.0000 0.9858
vn 0.1678 -0.1031 0.9804
vn 0.9335 -0.0746 0.3506
vn 0.6640 -0.1555 0.7314
vn 0.3992 -0.1907 0.8968
vn 0.3991 -0.1907 0.8968
vn 0.2289 -0.2024 0.9522
vn 0.1679 -0.2048 0.9643
vn 0.9336 -0.1108 0.3408
vn 0.6640 -0.2311 0.7111
vn 0.3992 -0.2833 0.8720
vn 0.3991 -0.2833 0.8720
vn 0.2289 -0.3008 0.9258
vn 0.1679 -0.3046 0.9376
vn 0.9336 -0.1458 0.3274
vn 0.6640 -0.3041 0.6831
vn 0.3992 -0.3728 0.8376
vn 0.3992 -0.3729 0.8376
vn 0.2289 -0.3959 0.8893
vn 0.1678 -0.4011 0.9005
vn 0.9336 -0.1791 0.3104
vn 0.6640 -0.3738 0.6476
vn 0.3992 -0.4585 0.7940
vn 0.2289 -0.4867 0.8430
vn 0.1678 -0.4929 0.8538
vn 0.9336 -0.2106 0.2900
vn 0.6640 -0.4395 0.6050
vn 0.3992 -0.5390 0.7417
vn 0.3991 -0.5390 0.7417
vn 0.2289 -0.5722 0.7875
vn 0.1679 -0.5793 0.7977
vn 0.9336 -0.2399 0.2663
vn 0.6640 -0.5004 0.5556
vn 0.3992 -0.6135 0.6814
vn 0.2289 -0.6514 0.7234
vn 0.1678 -0.6596 0.7326
vn 0.9335 -0.2664 0.2398
vn 0.6640 -0.5557 0.5003
vn 0.3992 -0.6814 0.6135
vn 0.2289 -0.7234 0.6514
vn 0.1678 -0.7327 0.6596
vn 0.9336 -0.2899 0.2107
vn 0.6640 -0.6049 0.4395
vn 0.3992 -0.7417 0.5389
vn 0.3991 -0.7418 0.5390
vn 0.2289 -0.7875 0.5722
vn 0.1678 -0.7975 0.5795
vn 0.9336 -0.3104 0.1792
vn 0.6640 -0.6476 0.3739
vn 0.3992 -0.7940 0.4584
vn 0.3991 -0.7940 0.4585
vn 0.2289 -0.8430 0.4867
vn 0.1678 -0.8538 0.4929
vn 0.9336 -0.3274 0.1458
vn 0.6640 -0.6831 0.3041
vn 0.3992 -0.8376 0.3729
vn 0.2289 -0.8431 0.4867
vn 0.2289 -0.8893 0.3959
vn 0.1678 -0.9007 0.4008
vn 0.9336 -0.3409 0.1108
vn 0.6640 -0.7111 0.2311
vn 0.3992 -0.8720 0.2834
vn 0.3991 -0.8720 0.2834
vn 0.2289 -0.9258 0.3008
vn 0.1678 -0.9375 0.3047
vn 0.9336 -0.3506 0.0745
vn 0.6640 -0.7314 0.1554
vn 0.3992 -0.8968 0.1906
vn 0.2289 -0.9522 0.2024
vn 0.1678 -0.9643 0.2050
vn 0.9336 -0.3564 0.0375
vn 0.6640 -0.7436 0.0781
vn 0.3992 -0.9118 0.0958
vn 0.3991 -0.9119 0.0958
vn 0.2289 -0.9681 0.1017
vn 0.1677 -0.9804 0.1031
vn 0.9336 -0.3584 -0.0000
vn 0.6640 -0.7477 -0.0000
vn 0.3992 -0.9169 -0.0000
vn 0.2289 -0.9735 -0.0000
vn 0.1678 -0.9858 -0.0000
vn 1.0000 -0.0000 -0.0000
vn 0.9336 0.3564 0.0375
vn 0.9336 0.3584 -0.0001
vn 0.6640 0.7477 -0.0000
vn 0.6640 0.7436 0.0782
vn 0.3992 0.9169 -0.0000
vn 0.3992 0.9118 0.0959
vn 0.3992 0.9119 0.0959
vn 0.2289 0.9735 -0.0000
vn 0.2289 0.9681 0.1018
vn 0.1679 0.9858 -0.0000
vn 0.1678 0.9804 0.1031
vn 0.9336 0.3506 0.0745
vn 0.6640 0.7314 0.1555
vn 0.3992 0.8968 0.1907
vn 0.3991 0.8969 0.1907
vn 0.2289 0.9522 0.2024
vn 0.1678 0.9643 0.2049
vn 0.9336 0.3409 0.1108
vn 0.6640 0.7111 0.2310
vn 0.3992 0.8720 0.2833
vn 0.3991 0.8720 0.2833
vn 0.2289 0.9258 0.3008
vn 0.1678 0.9375 0.3048
vn 0.9336 0.3274 0.1457
vn 0.6640 0.6831 0.3041
vn 0.3992 0.8376 0.3729
vn 0.3992 0.8376 0.3730
vn 0.2289 0.8893 0.3959
vn 0.1679 0.9005 0.4011
vn 0.9335 0.3104 0.1792
vn 0.6640 0.6475 0.3738
vn 0.3992 0.7940 0.4584
vn 0.2289 0.8431 0.4867
vn 0.1678 0.8538 0.4929
vn 0.9336 0.2899 0.2107
vn 0.6640 0.6049 0.4395
vn 0.3992 0.7418 0.5389
vn 0.3992 0.7940 0.4585
vn 0.2289 0.8430 0.4867
vn 0.2289 0.7875 0.5722
vn 0.1679 0.7976 0.5794
vn 0.9336 0.2663 0.2398
vn 0.6640 0.5556 0.5004
vn 0.3992 0.6813 0.6135
vn 0.2289 0.7234 0.6514
vn 0.1678 0.7325 0.6598
vn 0.9336 0.2399 0.2663
vn 0.6640 0.5004 0.5556
vn 0.3992 0.6135 0.6814
vn 0.3991 0.6135 0.6814
vn 0.2289 0.6514 0.7234
vn 0.1678 0.6598 0.7325
vn 0.9336 0.2107 0.2900
vn 0.6640 0.4395 0.6049
vn 0.3992 0.5390 0.7417
vn 0.3991 0.5390 0.7417
vn 0.2289 0.5723 0.7875
vn 0.1678 0.5795 0.7975
vn 0.9336 0.1791 0.3105
vn 0.6640 0.3738 0.6476
vn 0.3992 0.4584 0.7940
vn 0.3992 0.4585 0.7940
vn 0.2289 0.4868 0.8430
vn 0.1678 0.4927 0.8539
vn 0.9336 0.1458 0.3274
vn 0.6640 0.3041 0.6831
vn 0.3992 0.3728 0.8376
vn 0.2289 0.3959 0.8893
vn 0.1678 0.4010 0.9006
vn 0.9336 0.1108 0.3409
vn 0.6640 0.2311 0.7111
vn 0.3992 0.2833 0.8720
vn 0.3991 0.2833 0.8720
vn 0.2289 0.3007 0.9258
vn 0.1678 0.3047 0.9375
vn 0.9335 0.0745 0.3506
vn 0.6640 0.1555 0.7314
vn 0.3992 0.1907 0.8968
vn 0.3991 0.1907 0.8969
vn 0.2289 0.2024 0.9522
vn 0.1678 0.2049 0.9643
vn 0.9336 0.0374 0.3564
vn 0.6640 0.0781 0.7436
vn 0.3992 0.0958 0.9118
vn 0.3992 0.0958 0.9119
vn 0.2289 0.1017 0.9681
vn 0.1678 0.1030 0.9804
vn 0.9336 0.0375 -0.3564
vn 0.9336 -0.0000 -0.3584
vn 0.6640 -0.0000 -0.7477
vn 0.6640 0.0783 -0.7436
vn 0.3992 -0.0000 -0.9169
vn 0.3992 0.0959 -0.9118
vn 0.3992 0.0959 -0.9119
vn 0.3991 -0.0000 -0.9169
vn 0.2289 -0.0000 -0.9734
vn 0.2289 0.1017 -0.9681
vn 0.1678 -0.0000 -0.9858
vn 0.1678 0.1029 -0.9804
vn 0.9335 0.0746 -0.3506
vn 0.6640 0.1555 -0.7314
vn 0.3992 0.1906 -0.8968
vn 0.3992 0.1906 -0.8969
vn 0.2289 0.2024 -0.9522
vn 0.1678 0.2050 -0.9643
vn 0.9336 0.1108 -0.3408
vn 0.6640 0.2311 -0.7111
vn 0.3992 0.2833 -0.8720
vn 0.2289 0.3009 -0.9258
vn 0.1679 0.3045 -0.9376
vn 0.9336 0.1457 -0.3274
vn 0.6640 0.3041 -0.6831
vn 0.3992 0.3729 -0.8376
vn 0.3991 0.3729 -0.8376
vn 0.2289 0.3960 -0.8893
vn 0.1678 0.4010 -0.9006
vn 0.9335 0.1791 -0.3105
vn 0.6640 0.3738 -0.6476
vn 0.3992 0.4584 -0.7940
vn 0.3991 0.4585 -0.7940
vn 0.2289 0.4867 -0.8430
vn 0.1678 0.4927 -0.8538
vn 0.9336 0.2106 -0.2900
vn 0.6640 0.4395 -0.6050
vn 0.3992 0.5390 -0.7417
vn 0.3991 0.5390 -0.7418
vn 0.2289 0.5722 -0.7875
vn 0.1679 0.5794 -0.7976
vn 0.9336 0.2399 -0.2663
vn 0.6640 0.5003 -0.5557
vn 0.3992 0.6135 -0.6814
vn 0.3991 0.6135 -0.6814
vn 0.2289 0.6514 -0.7234
vn 0.1679 0.6598 -0.7325
vn 0.9335 0.2664 -0.2398
vn 0.6640 0.5556 -0.5003
vn 0.3992 0.6813 -0.6135
vn 0.3991 0.6814 -0.6136
vn 0.2289 0.7234 -0.6514
vn 0.1679 0.7325 -0.6597
vn 0.9336 0.2899 -0.2107
vn 0.6640 0.6049 -0.4395
vn 0.3992 0.7417 -0.5389
vn 0.3992 0.7418 -0.5390
vn 0.2289 0.7875 -0.5722
vn 0.1679 0.7975 -0.5794
vn 0.9336 0.3104 -0.1792
vn 0.6640 0.6475 -0.3738
vn 0.3992 0.7940 -0.4584
vn 0.2289 0.8430 -0.4867
vn 0.1678 0.8537 -0.4929
vn 0.9336 0.3274 -0.1458
vn 0.6640 0.6831 -0.3041
vn 0.3992 0.8376 -0.3729
vn 0.3991 0.8376 -0.3729
vn 0.3991 0.7941 -0.4584
vn 0.2289 0.8893 -0.3959
vn 0.1678 0.9005 -0.4011
vn 0.9336 0.3409 -0.1108
vn 0.6640 0.7111 -0.2311
vn 0.3992 0.8720 -0.2833
vn 0.3992 0.8720 -0.2834
vn 0.2289 0.9258 -0.3008
vn 0.1678 0.9375 -0.3047
vn 0.9336 0.3506 -0.0745
vn 0.6640 0.7314 -0.1554
vn 0.3992 0.8968 -0.1906
vn 0.3991 0.8969 -0.1906
vn 0.2289 0.9522 -0.2024
vn 0.1678 0.9643 -0.2049
vn 0.9336 0.3565 -0.0375
vn 0.6640 0.7436 -0.0781
vn 0.3992 0.9118 -0.0958
vn 0.3991 0.9119 -0.0958
vn 0.2289 0.9681 -0.1018
vn 0.1679 0.9804 -0.1031
vn 0.9336 -0.3565 -0.0375
vn 0.6640 -0.7436 -0.0782
vn 0.3992 -0.9118 -0.0959
vn 0.3992 -0.9119 -0.0959
vn 0.2289 -0.9681 -0.1018
vn 0.1678 -0.9804 -0.1032
vn 0.9336 -0.3506 -0.0745
vn 0.6640 -0.7314 -0.1555
vn 0.3992 -0.8968 -0.1906
vn 0.3991 -0.8968 -0.1906
vn 0.2289 -0.9522 -0.2024
vn 0.1678 -0.9643 -0.2050
vn 0.9336 -0.3409 -0.1107
vn 0.6640 -0.7111 -0.2311
vn 0.3992 -0.8720 -0.2833
vn 0.3991 -0.8720 -0.2833
vn 0.2289 -0.9258 -0.3008
vn 0.1678 -0.9375 -0.3048
vn 0.9336 -0.3274 -0.1458
vn 0.6640 -0.6831 -0.3041
vn 0.3992 -0.8376 -0.3729
vn 0.2289 -0.8893 -0.3959
vn 0.1678 -0.9006 -0.4009
vn 0.9336 -0.3104 -0.1792
vn 0.6640 -0.6476 -0.3738
vn 0.3992 -0.7940 -0.4584
vn 0.3992 -0.7941 -0.4584
vn 0.2289 -0.8431 -0.4867
vn 0.1678 -0.8538 -0.4929
vn 0.9336 -0.2899 -0.2106
vn 0.6640 -0.6049 -0.4395
vn 0.3992 -0.7418 -0.5389
vn 0.3991 -0.7418 -0.5389
vn 0.2289 -0.8430 -0.4867
vn 0.2289 -0.7875 -0.5722
vn 0.1678 -0.7976 -0.5794
vn 0.9335 -0.2664 -0.2399
vn 0.6640 -0.5556 -0.5004
vn 0.3992 -0.6813 -0.6136
vn 0.2289 -0.7234 -0.6514
vn 0.1678 -0.7327 -0.6595
vn 0.9336 -0.2399 -0.2664
vn 0.6640 -0.5003 -0.5557
vn 0.3992 -0.6135 -0.6814
vn 0.3991 -0.6135 -0.6814
vn 0.2289 -0.6514 -0.7234
vn 0.1679 -0.6596 -0.7326
vn 0.9336 -0.2106 -0.2900
vn 0.6640 -0.4395 -0.6049
vn 0.3992 -0.5390 -0.7417
vn 0.2289 -0.5722 -0.7875
vn 0.1678 -0.5794 -0.7976
vn 0.9336 -0.1792 -0.3104
vn 0.6640 -0.3738 -0.6476
vn 0.3992 -0.4584 -0.7940
vn 0.3992 -0.4585 -0.7940
vn 0.2289 -0.4867 -0.8430
vn 0.1678 -0.4929 -0.8537
vn 0.9335 -0.1458 -0.3275
vn 0.6640 -0.3041 -0.6831
vn 0.3992 -0.3729 -0.8376
vn 0.2289 -0.3959 -0.8893
vn 0.1678 -0.4010 -0.9006
vn 0.9336 -0.1107 -0.3408
vn 0.6640 -0.2311 -0.7111
vn 0.3992 -0.2833 -0.8720
vn 0.2289 -0.3008 -0.9258
vn 0.1679 -0.3047 -0.9375
vn 0.9335 -0.0746 -0.3506
vn 0.6640 -0.1555 -0.7314
vn 0.3992 -0.1906 -0.8968
vn 0.3991 -0.1906 -0.8969
vn 0.2289 -0.2024 -0.9522
vn 0.1678 -0.2049 -0.9643
vn 0.9336 -0.0375 -0.3564
vn 0.6640 -0.0782 -0.7436
vn 0.3992 -0.0958 -0.9118
vn 0.3991 -0.0958 -0.9119
vn 0.2289 -0.1017 -0.9681
vn 0.1678 -0.1030 -0.9804
vn -0.9858 -0.0176 0.1671
vn -0.9858 -0.0000 0.1680
vn -0.9858 -0.0350 0.1643
vn -0.9858 -0.0349 0.1642
vn -0.9858 -0.0518 0.1596
vn -0.9858 -0.0683 0.1534
vn -0.9858 -0.0684 0.1535
vn -0.9858 -0.0840 0.1455
vn -0.9858 -0.0987 0.1359
vn -0.9858 -0.1123 0.1248
vn -0.9858 -0.1248 0.1123
vn -0.9858 -0.1358 0.0987
vn -0.9858 -0.1455 0.0840
vn -0.9858 -0.1452 0.0839
vn -0.9858 -0.1532 0.0682
vn -0.9858 -0.1536 0.0684
vn -0.9858 -0.1599 0.0520
vn -0.9858 -0.1644 0.0349
vn -0.9858 -0.1641 0.0349
vn -0.9858 -0.1671 0.0175
vn -0.9858 -0.1671 0.0176
vn -0.9858 -0.1679 -0.0000
vn -0.9858 0.1668 0.0175
vn -0.9859 0.1676 -0.0000
vn -0.9858 0.1641 0.0349
vn -0.9858 0.1596 0.0519
vn -0.9858 0.1533 0.0682
vn -0.9858 0.1534 0.0683
vn -0.9858 0.1456 0.0841
vn -0.9858 0.1453 0.0839
vn -0.9858 0.1358 0.0987
vn -0.9858 0.1358 0.0986
vn -0.9858 0.1247 0.1123
vn -0.9858 0.1123 0.1247
vn -0.9858 0.0986 0.1357
vn -0.9858 0.0839 0.1454
vn -0.9858 0.0683 0.1535
vn -0.9858 0.0519 0.1597
vn -0.9858 0.0519 0.1596
vn -0.9858 0.0349 0.1642
vn -0.9858 0.0175 0.1671
vn -0.9858 0.0176 0.1671
vn -0.9858 0.0175 -0.1670
vn -0.9858 0.0175 -0.1669
vn -0.9858 -0.0000 -0.1680
vn -0.9858 0.0349 -0.1642
vn -0.9858 0.0519 -0.1597
vn -0.9858 0.0683 -0.1534
vn -0.9858 0.0839 -0.1454
vn -0.9858 0.0986 -0.1358
vn -0.9858 0.1123 -0.1247
vn -0.9858 0.1248 -0.1124
vn -0.9858 0.1357 -0.0987
vn -0.9858 0.1358 -0.0987
vn -0.9858 0.1456 -0.0839
vn -0.9858 0.1455 -0.0840
vn -0.9858 0.1533 -0.0683
vn -0.9858 0.1596 -0.0519
vn -0.9858 0.1641 -0.0349
vn -0.9858 0.1668 -0.0175
vn -0.9858 0.1671 -0.0176
vn -0.9858 -0.1671 -0.0176
vn -0.9858 -0.1668 -0.0175
vn -0.9858 -0.1644 -0.0349
vn -0.9858 -0.1641 -0.0349
vn -0.9858 -0.1599 -0.0520
vn -0.9858 -0.1535 -0.0684
vn -0.9858 -0.1454 -0.0840
vn -0.9858 -0.1454 -0.0839
vn -0.9858 -0.1358 -0.0987
vn -0.9858 -0.1358 -0.0986
vn -0.9858 -0.1248 -0.1123
vn -0.9858 -0.1123 -0.1247
vn -0.9858 -0.0987 -0.1359
vn -0.9858 -0.0986 -0.1356
vn -0.9858 -0.0839 -0.1453
vn -0.9858 -0.0683 -0.1535
vn -0.9858 -0.0519 -0.1595
vn -0.9858 -0.0349 -0.1643
vn -0.9858 -0.0176 -0.1670
vn -0.9858 -0.0175 -0.1670
vn -0.0000 -0.0000 1.0000
vn -0.0411 -0.0000 0.9992
vn -0.0411 -0.1044 0.9937
vn -0.0000 -0.1045 0.9945
vn -0.0411 -0.2077 0.9773
vn -0.0000 -0.2080 0.9781
vn -0.0411 -0.3088 0.9502
vn -0.0000 -0.3090 0.9511
vn -0.0411 -0.4064 0.9128
vn -0.0000 -0.4067 0.9135
vn -0.0411 -0.4996 0.8653
vn -0.0000 -0.5001 0.8660
vn -0.0411 -0.5873 0.8083
vn -0.0000 -0.5878 0.8090
vn -0.0411 -0.6287 0.7765
vn -0.0000 -0.6413 0.7673
vn -0.0000 -0.7672 0.6414
vn -0.0411 -0.7764 0.6289
vn -0.0411 -0.8083 0.5874
vn -0.0000 -0.8089 0.5880
vn -0.0411 -0.8653 0.4996
vn -0.0000 -0.8660 0.5000
vn -0.0411 -0.9128 0.4064
vn -0.0000 -0.9135 0.4068
vn -0.0411 -0.9503 0.3088
vn -0.0000 -0.9510 0.3091
vn -0.0411 -0.9773 0.2077
vn -0.0000 -0.9782 0.2078
vn -0.0411 -0.9937 0.1044
vn -0.0000 -0.9945 0.1045
vn -0.0411 -0.9992 -0.0000
vn -0.0000 -1.0000 -0.0000
vn -0.2297 -0.1018 0.9679
vn -0.2786 -0.1003 0.9552
vn -0.2786 -0.0000 0.9604
vn -0.2297 -0.0000 0.9733
vn -0.2297 0.0001 -0.9733
vn -0.2297 0.1017 -0.9679
vn -0.2297 -0.2022 0.9520
vn -0.2786 -0.1997 0.9394
vn -0.2297 0.2023 -0.9520
vn -0.2297 0.2022 -0.9520
vn -0.2297 -0.3007 0.9257
vn -0.2786 -0.2969 0.9134
vn -0.2297 0.3008 -0.9256
vn -0.2297 0.3006 -0.9257
vn -0.2296 -0.3960 0.8891
vn -0.2786 -0.3907 0.8774
vn -0.2297 0.3960 -0.8891
vn -0.2297 0.3959 -0.8891
vn -0.2296 -0.4867 0.8428
vn -0.2786 -0.4802 0.8317
vn -0.2297 0.4867 -0.8428
vn -0.2297 0.4866 -0.8429
vn -0.2296 -0.5722 0.7873
vn -0.2786 -0.5645 0.7770
vn -0.2297 0.5721 -0.7873
vn -0.2298 0.5719 -0.7875
vn -0.2298 -0.6512 0.7233
vn -0.2698 -0.6199 0.7368
vn -0.2298 0.6508 -0.7236
vn -0.2298 0.6511 -0.7234
vn -0.2297 -0.7233 0.6512
vn -0.2698 -0.7367 0.6201
vn -0.2298 0.7231 -0.6514
vn -0.2296 0.7236 -0.6509
vn -0.2297 -0.7874 0.5721
vn -0.2786 -0.7769 0.5646
vn -0.2296 0.7875 -0.5719
vn -0.2296 0.7875 -0.5720
vn -0.2297 -0.8427 0.4869
vn -0.2786 -0.8317 0.4802
vn -0.2296 0.8431 -0.4863
vn -0.2297 0.8428 -0.4868
vn -0.2296 -0.8893 0.3956
vn -0.2786 -0.8774 0.3906
vn -0.2297 0.8892 -0.3957
vn -0.2298 0.8891 -0.3958
vn -0.2297 -0.9257 0.3006
vn -0.2786 -0.9134 0.2968
vn -0.2299 0.9254 -0.3012
vn -0.2298 0.9256 -0.3008
vn -0.2298 -0.9520 0.2024
vn -0.2786 -0.9394 0.1997
vn -0.2298 0.9520 -0.2024
vn -0.2297 0.9520 -0.2024
vn -0.2298 -0.9679 0.1015
vn -0.2786 -0.9552 0.1003
vn -0.2297 0.9679 -0.1017
vn -0.2296 0.9680 -0.1014
vn -0.2298 -0.9732 -0.0000
vn -0.2786 -0.9604 -0.0000
vn -0.2296 0.9733 -0.0000
vn -0.2296 0.9733 0.0001
vn -0.0412 -0.0000 0.9992
vn -0.0412 -0.1044 0.9937
vn -0.0412 -0.2077 0.9773
vn -0.0412 -0.3088 0.9502
vn -0.0412 -0.4064 0.9128
vn -0.0412 -0.4996 0.8653
vn -0.0412 -0.5873 0.8083
vn -0.2794 -0.6792 0.6787
vn -0.2795 -0.6789 0.6790
vn -0.0412 -0.7764 0.6289
vn -0.0412 -0.8083 0.5874
vn -0.0412 -0.8653 0.4996
vn -0.0412 -0.9128 0.4064
vn -0.0412 -0.9502 0.3088
vn -0.0412 -0.9773 0.2077
vn -0.0412 -0.9937 0.1044
vn -0.0412 -0.9992 -0.0000
vn 0.0011 -1.0000 -0.0000
vn 0.0007 -0.9945 0.1045
vn 0.0011 -0.9782 0.2078
vn 0.0011 -0.9510 0.3091
vn -0.0000 -0.9135 0.4067
vn 0.0011 -0.9135 0.4068
vn 0.0006 -0.8660 0.5000
vn 0.0011 -0.8089 0.5880
vn -0.0000 -0.7658 0.6430
vn 0.0010 -0.7620 0.6475
vn -0.0000 -0.7071 0.7071
vn -0.0000 -0.7071 0.7072
vn -0.0000 -0.6429 0.7659
vn 0.0010 -0.6474 0.7621
vn 0.0006 -0.5878 0.8090
vn 0.0006 -0.5000 0.8660
vn 0.0011 -0.4067 0.9135
vn 0.0006 -0.3090 0.9510
vn 0.0005 -0.2079 0.9781
vn 0.0006 -0.1045 0.9945
vn 0.0011 -0.0000 1.0000
vn -0.0000 -0.7070 -0.7072
vn 0.6024 -0.5644 0.5645
vn -0.0000 0.7070 0.7072
vn -0.9991 0.0295 -0.0295
vn -0.9991 0.0296 -0.0295
vn -0.0145 -0.7075 -0.7065
vn -0.0145 -0.7075 -0.7066
vn -0.0034 -0.7072 -0.7070
vn -0.0019 -0.7071 -0.7071
vn -0.0019 0.7070 0.7072
vn -0.0034 0.7070 0.7072
vn -0.0147 0.7064 0.7076
vn -0.0145 0.7066 0.7075
vn -0.0000 0.7071 0.7071
vn -0.0000 -0.7071 -0.7071
vn 0.7601 -0.4595 0.4595
vn -0.0000 1.0000 -0.0000
vn -0.0411 0.9992 -0.0000
vn -0.0411 0.9937 0.1044
vn -0.0000 0.9945 0.1049
vn -0.0411 0.9773 0.2078
vn -0.0000 0.9782 0.2078
vn -0.0411 0.9502 0.3088
vn -0.0000 0.9512 0.3087
vn -0.0411 0.9128 0.4064
vn -0.0000 0.9135 0.4067
vn -0.0411 0.8653 0.4996
vn -0.0000 0.8658 0.5003
vn -0.0411 0.8083 0.5873
vn -0.0000 0.8091 0.5877
vn -0.0411 0.7765 0.6288
vn -0.0000 0.7672 0.6414
vn -0.0000 0.6414 0.7672
vn -0.0411 0.6288 0.7765
vn -0.0411 0.5873 0.8083
vn -0.0000 0.5878 0.8090
vn -0.0411 0.4996 0.8653
vn -0.0000 0.5000 0.8660
vn -0.0411 0.4064 0.9128
vn -0.0000 0.4067 0.9136
vn -0.0411 0.3088 0.9502
vn -0.0000 0.3091 0.9510
vn -0.0411 0.2077 0.9773
vn -0.0000 0.2079 0.9781
vn -0.0411 0.1044 0.9937
vn -0.0000 0.1044 0.9945
vn -0.2297 0.9679 0.1020
vn -0.2786 0.9551 0.1004
vn -0.2786 0.9604 -0.0000
vn -0.2298 0.9732 -0.0001
vn -0.2297 -0.9732 0.0001
vn -0.2297 -0.9679 -0.1017
vn -0.2297 -0.9679 -0.1020
vn -0.2297 0.9520 0.2024
vn -0.2786 0.9394 0.1997
vn -0.2296 -0.9520 -0.2026
vn -0.2297 -0.9520 -0.2024
vn -0.2297 0.9257 0.3006
vn -0.2786 0.9134 0.2968
vn -0.2297 -0.9256 -0.3008
vn -0.2296 -0.9257 -0.3007
vn -0.2297 0.8892 0.3958
vn -0.2786 0.8774 0.3907
vn -0.2296 -0.8891 -0.3960
vn -0.2299 0.8429 0.4864
vn -0.2786 0.8317 0.4802
vn -0.2296 -0.8428 -0.4869
vn -0.2297 -0.8430 -0.4864
vn -0.2297 0.7873 0.5721
vn -0.2786 0.7770 0.5645
vn -0.2297 -0.7875 -0.5719
vn -0.2296 0.7233 0.6513
vn -0.2698 0.7368 0.6200
vn -0.2297 -0.7234 -0.6511
vn -0.2296 -0.7232 -0.6513
vn -0.2297 0.6513 0.7233
vn -0.2698 0.6200 0.7368
vn -0.2296 -0.6513 -0.7232
vn -0.2296 -0.6512 -0.7233
vn -0.2297 0.5720 0.7874
vn -0.2786 0.5645 0.7770
vn -0.2296 -0.5720 -0.7874
vn -0.2298 -0.5721 -0.7873
vn -0.2297 0.4867 0.8428
vn -0.2786 0.4802 0.8318
vn -0.2297 -0.4867 -0.8428
vn -0.2297 -0.4868 -0.8428
vn -0.2297 0.3960 0.8891
vn -0.2786 0.3907 0.8773
vn -0.2297 -0.3960 -0.8891
vn -0.2298 -0.3961 -0.8890
vn -0.2297 0.3008 0.9256
vn -0.2786 0.2968 0.9134
vn -0.2298 -0.3008 -0.9256
vn -0.2297 -0.3006 -0.9257
vn -0.2298 0.2023 0.9520
vn -0.2786 0.1996 0.9394
vn -0.2297 -0.2022 -0.9520
vn -0.2298 -0.2023 -0.9520
vn -0.2297 0.1016 0.9679
vn -0.2786 0.1003 0.9551
vn -0.2297 -0.1018 -0.9679
vn -0.2297 -0.1016 -0.9679
vn -0.0412 0.9992 -0.0000
vn -0.0412 0.9937 0.1044
vn -0.0412 0.9773 0.2078
vn -0.0412 0.9502 0.3088
vn -0.0412 0.9128 0.4064
vn -0.0412 0.8653 0.4996
vn -0.0412 0.8083 0.5873
vn -0.2795 0.6789 0.6790
vn -0.2795 0.6788 0.6790
vn -0.0412 0.6288 0.7765
vn -0.0412 0.5873 0.8083
vn -0.0412 0.4996 0.8653
vn -0.0412 0.4064 0.9128
vn -0.0412 0.3088 0.9502
vn -0.0412 0.2077 0.9773
vn -0.0412 0.1044 0.9937
vn 0.0008 0.1045 0.9945
vn 0.0008 0.2079 0.9781
vn 0.0006 0.3091 0.9510
vn 0.0008 0.4067 0.9136
vn 0.0011 0.5000 0.8660
vn 0.0005 0.5878 0.8090
vn -0.0000 0.6430 0.7658
vn 0.0010 0.6475 0.7621
vn -0.0000 0.7070 0.7073
vn -0.0000 0.7659 0.6430
vn 0.0010 0.7621 0.6474
vn 0.0011 0.8091 0.5877
vn 0.0011 0.8659 0.5003
vn 0.0006 0.9135 0.4068
vn 0.0011 0.9511 0.3087
vn 0.0008 0.9782 0.2079
vn 0.0008 0.9945 0.1047
vn 0.0011 1.0000 -0.0000
vn -0.0000 -0.7072 0.7071
vn 0.6023 0.5644 0.5645
vn 0.6024 0.5646 0.5642
vn -0.0000 0.7072 -0.7070
vn -0.9991 -0.0295 -0.0295
vn -0.0145 -0.7065 0.7075
vn -0.0145 -0.7066 0.7075
vn -0.0033 -0.7070 0.7072
vn -0.0019 -0.7071 0.7071
vn -0.0019 0.7072 -0.7070
vn -0.0033 0.7072 -0.7070
vn -0.0148 0.7076 -0.7064
vn -0.0145 0.7075 -0.7065
vn -0.0000 0.7071 -0.7071
vn -0.0034 0.7072 -0.7070
vn 0.7601 0.4595 0.4595
vn -0.0000 -0.0000 -1.0000
vn -0.0412 -0.0000 -0.9992
vn -0.0411 0.1043 -0.9937
vn -0.0000 0.1044 -0.9945
vn -0.0411 0.2077 -0.9773
vn -0.0000 0.2079 -0.9781
vn -0.0411 0.3088 -0.9503
vn -0.0000 0.3090 -0.9511
vn -0.0411 0.4064 -0.9128
vn -0.0000 0.4067 -0.9135
vn -0.0411 0.4997 -0.8653
vn -0.0000 0.5000 -0.8660
vn -0.0411 0.5873 -0.8083
vn -0.0000 0.5878 -0.8090
vn -0.0411 0.6287 -0.7766
vn -0.0000 0.6413 -0.7673
vn -0.0000 0.7671 -0.6415
vn -0.0411 0.7764 -0.6289
vn -0.0411 0.8083 -0.5873
vn -0.0000 0.8091 -0.5877
vn -0.0411 0.8653 -0.4996
vn -0.0000 0.8660 -0.5000
vn -0.0411 0.9128 -0.4064
vn -0.0000 0.9135 -0.4067
vn -0.0411 0.9503 -0.3087
vn -0.0000 0.9512 -0.3087
vn -0.0411 0.9773 -0.2077
vn -0.0000 0.9782 -0.2078
vn -0.0411 0.9937 -0.1044
vn -0.0000 0.9945 -0.1049
vn -0.2296 0.1016 -0.9680
vn -0.2786 0.1003 -0.9551
vn -0.2786 -0.0000 -0.9604
vn -0.2296 -0.0000 -0.9733
vn -0.2297 -0.1019 0.9679
vn -0.2786 0.1996 -0.9394
vn -0.2297 -0.2021 0.9520
vn -0.2296 -0.2024 0.9520
vn -0.2297 0.3009 -0.9256
vn -0.2786 0.2968 -0.9134
vn -0.2296 -0.3008 0.9257
vn -0.2297 -0.3004 0.9257
vn -0.2786 0.3907 -0.8773
vn -0.2297 -0.3959 0.8891
vn -0.2786 0.4802 -0.8317
vn -0.2297 -0.4868 0.8428
vn -0.2296 -0.4870 0.8427
vn -0.2298 0.5720 -0.7874
vn -0.2786 0.5645 -0.7770
vn -0.2296 -0.5720 0.7874
vn -0.2297 -0.5718 0.7876
vn -0.2297 0.6512 -0.7233
vn -0.2698 0.6199 -0.7368
vn -0.2297 -0.6511 0.7234
vn -0.2698 0.7367 -0.6200
vn -0.2297 -0.7234 0.6511
vn -0.2297 -0.7232 0.6513
vn -0.2298 0.7873 -0.5721
vn -0.2786 0.7770 -0.5645
vn -0.2297 -0.7874 0.5720
vn -0.2299 0.8429 -0.4866
vn -0.2786 0.8318 -0.4802
vn -0.2297 -0.8428 0.4868
vn -0.2296 -0.8430 0.4864
vn -0.2299 0.8890 -0.3961
vn -0.2786 0.8774 -0.3906
vn -0.2296 -0.8892 0.3959
vn -0.2295 -0.8892 0.3959
vn -0.2297 0.9256 -0.3009
vn -0.2786 0.9134 -0.2968
vn -0.2297 -0.9256 0.3007
vn -0.2296 -0.9256 0.3008
vn -0.2296 0.9521 -0.2021
vn -0.2786 0.9394 -0.1997
vn -0.2296 -0.9520 0.2025
vn -0.2297 -0.9519 0.2028
vn -0.2297 0.9680 -0.1016
vn -0.2786 0.9551 -0.1004
vn -0.2297 -0.9679 0.1017
vn -0.2297 -0.9679 0.1016
vn -0.0412 0.1043 -0.9937
vn -0.0412 0.2077 -0.9773
vn -0.0412 0.3087 -0.9503
vn -0.0412 0.4064 -0.9128
vn -0.0412 0.4996 -0.8653
vn -0.0412 0.5873 -0.8083
vn -0.0412 0.6287 -0.7766
vn -0.2795 0.6790 -0.6789
vn -0.2794 0.6789 -0.6789
vn -0.0412 0.8083 -0.5873
vn -0.0412 0.8653 -0.4996
vn -0.0412 0.9128 -0.4064
vn -0.0412 0.9503 -0.3087
vn -0.0412 0.9773 -0.2077
vn -0.0412 0.9937 -0.1044
vn 0.0009 0.9945 -0.1047
vn 0.0007 0.9782 -0.2079
vn 0.0007 0.9511 -0.3090
vn -0.0000 0.9136 -0.4067
vn 0.0006 0.9135 -0.4067
vn -0.0000 0.8661 -0.5000
vn 0.0008 0.8660 -0.5000
vn 0.0007 0.8090 -0.5878
vn -0.0000 0.7658 -0.6431
vn 0.0010 0.7620 -0.6476
vn -0.0000 0.7070 -0.7072
vn -0.0000 0.6429 -0.7659
vn 0.0010 0.6474 -0.7621
vn 0.0008 0.5878 -0.8090
vn 0.0008 0.5001 -0.8660
vn 0.0011 0.4067 -0.9135
vn 0.0011 0.3090 -0.9511
vn 0.0006 0.2079 -0.9781
vn 0.0005 0.1045 -0.9945
vn 0.0011 -0.0000 -1.0000
vn -0.0000 0.7072 0.7070
vn 0.6024 0.5644 -0.5644
vn 0.6023 0.5643 -0.5645
vn -0.0000 -0.7072 -0.7071
vn -0.0000 0.7075 -0.7067
vn -0.9991 -0.0295 0.0295
vn -0.0145 0.7076 0.7065
vn -0.0145 0.7075 0.7066
vn -0.0033 0.7072 0.7070
vn -0.0019 0.7071 0.7071
vn -0.0019 -0.7070 -0.7072
vn -0.0033 -0.7070 -0.7072
vn -0.0147 -0.7065 -0.7076
vn -0.0145 -0.7065 -0.7075
vn 0.7601 0.4595 -0.4595
vn 0.7601 0.4597 -0.4592
vn -0.0411 -0.9937 -0.1044
vn -0.0000 -0.9945 -0.1045
vn -0.0411 -0.9773 -0.2077
vn -0.0000 -0.9782 -0.2078
vn -0.0411 -0.9503 -0.3087
vn -0.0000 -0.9510 -0.3091
vn -0.0411 -0.9128 -0.4064
vn -0.0000 -0.9135 -0.4067
vn -0.0411 -0.8653 -0.4996
vn -0.0000 -0.8660 -0.5000
vn -0.0411 -0.8083 -0.5873
vn -0.0000 -0.8089 -0.5880
vn -0.0411 -0.7765 -0.6288
vn -0.0000 -0.7672 -0.6414
vn -0.0000 -0.6413 -0.7673
vn -0.0411 -0.6287 -0.7765
vn -0.0411 -0.5873 -0.8083
vn -0.0000 -0.5878 -0.8090
vn -0.0411 -0.4996 -0.8653
vn -0.0000 -0.5000 -0.8660
vn -0.0411 -0.4064 -0.9128
vn -0.0000 -0.4068 -0.9135
vn -0.0411 -0.3088 -0.9502
vn -0.0000 -0.3091 -0.9510
vn -0.0411 -0.2077 -0.9773
vn -0.0000 -0.2079 -0.9781
vn -0.0411 -0.1043 -0.9937
vn -0.0000 -0.1044 -0.9945
vn -0.0411 -0.0000 -0.9992
vn -0.2298 -0.9679 -0.1016
vn -0.2786 -0.9551 -0.1004
vn -0.2296 0.9680 0.1016
vn -0.2297 0.9680 0.1014
vn -0.2297 -0.9520 -0.2026
vn -0.2786 -0.9394 -0.1997
vn -0.2297 0.9520 0.2025
vn -0.2298 0.9520 0.2021
vn -0.2298 -0.9257 -0.3004
vn -0.2786 -0.9134 -0.2967
vn -0.2297 0.9256 0.3008
vn -0.2299 0.9256 0.3007
vn -0.2297 -0.8892 -0.3957
vn -0.2786 -0.8774 -0.3906
vn -0.2297 0.8892 0.3956
vn -0.2296 -0.8427 -0.4869
vn -0.2786 -0.8317 -0.4802
vn -0.2297 0.8428 0.4867
vn -0.2297 0.8429 0.4865
vn -0.2297 -0.7874 -0.5720
vn -0.2786 -0.7770 -0.5645
vn -0.2297 0.7873 0.5723
vn -0.2297 -0.7232 -0.6513
vn -0.2698 -0.7368 -0.6200
vn -0.2297 0.7233 0.6512
vn -0.2299 0.7235 0.6509
vn -0.2298 -0.6512 -0.7233
vn -0.2698 -0.6200 -0.7368
vn -0.2299 0.6514 0.7231
vn -0.2299 0.6513 0.7232
vn -0.2298 -0.5722 -0.7873
vn -0.2786 -0.5645 -0.7770
vn -0.2298 0.5721 0.7874
vn -0.2298 0.5719 0.7875
vn -0.2296 -0.4867 -0.8429
vn -0.2786 -0.4802 -0.8317
vn -0.2298 0.4867 0.8428
vn -0.2297 0.4865 0.8429
vn -0.2786 -0.3907 -0.8773
vn -0.2297 0.3959 0.8891
vn -0.2298 -0.3010 -0.9255
vn -0.2786 -0.2968 -0.9134
vn -0.2297 0.3006 0.9257
vn -0.2297 -0.2023 -0.9520
vn -0.2786 -0.1996 -0.9394
vn -0.2296 0.2021 0.9521
vn -0.2297 0.2022 0.9520
vn -0.2296 -0.1017 -0.9680
vn -0.2786 -0.1003 -0.9552
vn -0.2297 0.1017 0.9679
vn -0.2297 0.1019 0.9679
vn -0.0412 -0.9937 -0.1044
vn -0.0412 -0.9773 -0.2077
vn -0.0412 -0.9503 -0.3087
vn -0.0412 -0.9128 -0.4064
vn -0.0412 -0.8653 -0.4996
vn -0.0412 -0.8083 -0.5873
vn -0.2795 -0.6792 -0.6787
vn -0.2795 -0.6788 -0.6790
vn -0.0411 -0.6287 -0.7766
vn -0.0412 -0.5873 -0.8083
vn -0.0412 -0.4996 -0.8653
vn -0.0412 -0.4064 -0.9128
vn -0.0412 -0.3088 -0.9502
vn -0.0412 -0.2077 -0.9773
vn -0.0412 -0.1043 -0.9937
vn 0.0006 -0.1044 -0.9945
vn 0.0011 -0.2079 -0.9781
vn 0.0008 -0.3091 -0.9510
vn 0.0008 -0.4068 -0.9135
vn 0.0011 -0.5000 -0.8660
vn 0.0006 -0.5878 -0.8090
vn -0.0000 -0.6429 -0.7659
vn 0.0010 -0.6474 -0.7621
vn -0.0000 -0.7069 -0.7073
vn -0.0000 -0.7070 -0.7073
vn -0.0000 -0.7659 -0.6430
vn 0.0010 -0.7621 -0.6475
vn 0.0006 -0.8090 -0.5878
vn 0.0006 -0.8660 -0.5000
vn 0.0011 -0.9135 -0.4067
vn 0.0006 -0.9511 -0.3090
vn 0.0011 -0.9782 -0.2078
vn 0.0006 -0.9945 -0.1045
vn -0.0000 0.7071 -0.7072
vn 0.6024 -0.5644 -0.5644
vn 0.6024 -0.5643 -0.5646
vn -0.9991 0.0295 0.0295
vn -0.9991 0.0296 0.0295
vn -0.0145 0.7065 -0.7076
vn -0.0145 0.7065 -0.7075
vn -0.0034 0.7070 -0.7072
vn -0.0019 0.7071 -0.7072
vn -0.0018 -0.7072 0.7070
vn -0.0033 -0.7072 0.7070
vn -0.0144 -0.7075 0.7066
vn -0.0145 -0.7075 0.7065
vn 0.7601 -0.4595 -0.4595
vn 0.7601 -0.4594 -0.4595
vn 0.0280 -0.0000 0.9996
vn 0.0283 -0.1045 0.9941
vn 0.0529 -0.1044 0.9931
vn 0.0529 -0.0000 0.9986
vn 0.0282 -0.2078 0.9778
vn 0.0529 -0.2075 0.9768
vn 0.0529 -0.1045 0.9931
vn 0.0282 -0.3089 0.9507
vn 0.0528 -0.3086 0.9497
vn 0.0282 -0.4066 0.9132
vn 0.0528 -0.4064 0.9122
vn 0.0282 -0.4998 0.8657
vn 0.0529 -0.4992 0.8648
vn 0.0282 -0.5875 0.8087
vn 0.0529 -0.5868 0.8080
vn 0.0282 -0.6689 0.7428
vn 0.0528 -0.6682 0.7421
vn 0.0282 -0.7428 0.6689
vn 0.0528 -0.7422 0.6681
vn 0.0283 -0.8087 0.5876
vn 0.0528 -0.8079 0.5870
vn 0.0282 -0.8657 0.4998
vn 0.0529 -0.8649 0.4992
vn 0.0282 -0.9132 0.4066
vn 0.0528 -0.9122 0.4063
vn 0.0282 -0.9507 0.3089
vn 0.0529 -0.9497 0.3087
vn 0.0281 -0.9778 0.2078
vn 0.0529 -0.9768 0.2076
vn 0.0280 -0.9941 0.1045
vn 0.0529 -0.9931 0.1045
vn 0.0281 -0.9996 -0.0000
vn 0.0529 -0.9986 -0.0000
vn 0.0282 0.9996 -0.0000
vn 0.0280 0.9941 0.1045
vn 0.0528 0.9931 0.1044
vn 0.0528 0.9986 -0.0000
vn 0.0283 0.9778 0.2078
vn 0.0528 0.9768 0.2076
vn 0.0282 0.9507 0.3089
vn 0.0528 0.9497 0.3087
vn 0.0282 0.9132 0.4066
vn 0.0529 0.9122 0.4064
vn 0.0282 0.8657 0.4998
vn 0.0529 0.8649 0.4992
vn 0.0283 0.8087 0.5876
vn 0.0529 0.8079 0.5869
vn 0.0282 0.7428 0.6689
vn 0.0529 0.7420 0.6683
vn 0.0282 0.6689 0.7428
vn 0.0529 0.6684 0.7419
vn 0.0283 0.5875 0.8087
vn 0.0528 0.5870 0.8079
vn 0.0275 0.4997 0.8658
vn 0.0529 0.4995 0.8647
vn 0.0283 0.4066 0.9132
vn 0.0529 0.4062 0.9123
vn 0.0280 0.3090 0.9507
vn 0.0529 0.3087 0.9497
vn 0.0280 0.2078 0.9778
vn 0.0529 0.2076 0.9768
vn 0.0282 0.1045 0.9941
vn 0.0529 0.1043 0.9931
vn 0.0281 -0.0000 -0.9996
vn 0.0283 0.1045 -0.9941
vn 0.0528 0.1046 -0.9931
vn 0.0529 -0.0000 -0.9986
vn 0.0283 0.2079 -0.9778
vn 0.0528 0.2077 -0.9768
vn 0.0282 0.3089 -0.9507
vn 0.0528 0.3087 -0.9497
vn 0.0281 0.4066 -0.9132
vn 0.0529 0.4062 -0.9123
vn 0.0283 0.4998 -0.8657
vn 0.0528 0.4991 -0.8649
vn 0.0281 0.5875 -0.8087
vn 0.0528 0.5869 -0.8079
vn 0.0283 0.6689 -0.7428
vn 0.0528 0.6683 -0.7420
vn 0.0280 0.7428 -0.6689
vn 0.0529 0.7420 -0.6683
vn 0.0280 0.8087 -0.5875
vn 0.0529 0.8079 -0.5869
vn 0.0282 0.8657 -0.4998
vn 0.0529 0.8649 -0.4992
vn 0.0281 0.9132 -0.4066
vn 0.0529 0.9122 -0.4063
vn 0.0283 0.9507 -0.3089
vn 0.0529 0.9497 -0.3087
vn 0.0283 0.9778 -0.2078
vn 0.0529 0.9768 -0.2076
vn 0.0282 0.9941 -0.1044
vn 0.0528 0.9931 -0.1044
vn 0.0282 -0.9941 -0.1045
vn 0.0529 -0.9931 -0.1044
vn 0.0282 -0.9778 -0.2078
vn 0.0529 -0.9768 -0.2076
vn 0.0282 -0.9507 -0.3089
vn 0.0529 -0.9497 -0.3087
vn 0.0280 -0.9132 -0.4065
vn 0.0529 -0.9123 -0.4061
vn 0.0281 -0.8657 -0.4998
vn 0.0529 -0.8649 -0.4992
vn 0.0280 -0.8086 -0.5876
vn 0.0529 -0.8079 -0.5870
vn 0.0282 -0.7429 -0.6689
vn 0.0528 -0.7422 -0.6680
vn 0.0282 -0.6689 -0.7429
vn 0.0528 -0.6682 -0.7421
vn 0.0282 -0.5875 -0.8087
vn 0.0528 -0.5869 -0.8079
vn 0.0283 -0.4998 -0.8657
vn 0.0528 -0.4993 -0.8648
vn 0.0282 -0.4066 -0.9132
vn 0.0528 -0.4062 -0.9122
vn 0.0282 -0.3090 -0.9506
vn 0.0528 -0.3087 -0.9497
vn 0.0282 -0.2079 -0.9778
vn 0.0528 -0.2076 -0.9768
vn 0.0280 -0.1044 -0.9941
vn 0.0529 -0.1043 -0.9931
vn 0.1039 0.1039 -0.9891
vn 0.0522 0.1044 -0.9932
vn 0.0522 0.2075 -0.9768
vn 0.1042 0.2068 -0.9728
vn 0.0524 0.3086 -0.9498
vn 0.1043 0.3074 -0.9459
vn 0.0524 0.4061 -0.9123
vn 0.1039 0.4045 -0.9086
vn 0.0523 0.4993 -0.8649
vn 0.1044 0.4973 -0.8613
vn 0.0521 0.5871 -0.8078
vn 0.1044 0.5846 -0.8046
vn 0.0526 0.6683 -0.7420
vn 0.1045 0.6655 -0.7391
vn 0.0522 0.7420 -0.6683
vn 0.1044 0.7391 -0.6655
vn 0.0526 0.8080 -0.5868
vn 0.1042 0.8046 -0.5847
vn 0.0524 0.8648 -0.4993
vn 0.1041 0.8613 -0.4973
vn 0.1040 0.8613 -0.4973
vn 0.0525 0.9123 -0.4062
vn 0.1047 0.9086 -0.4044
vn 0.0522 0.9498 -0.3086
vn 0.1041 0.9459 -0.3074
vn 0.0523 0.9768 -0.2075
vn 0.1043 0.9728 -0.2067
vn 0.0522 0.9932 -0.1043
vn 0.1040 0.9891 -0.1041
vn 0.0527 0.9986 0.0001
vn 0.1042 0.9946 0.0001
vn 0.0524 0.9932 0.1042
vn 0.1040 0.9892 0.1036
vn 0.0522 0.9769 0.2074
vn 0.1043 0.9728 0.2067
vn 0.0525 0.9497 0.3086
vn 0.1039 0.9459 0.3073
vn 0.0525 0.9122 0.4063
vn 0.1045 0.9085 0.4046
vn 0.0524 0.8648 0.4993
vn 0.1041 0.8613 0.4973
vn 0.0526 0.8077 0.5872
vn 0.1043 0.8045 0.5847
vn 0.0522 0.7423 0.6681
vn 0.1043 0.7391 0.6654
vn 0.0525 0.6682 0.7421
vn 0.1043 0.6655 0.7391
vn 0.0527 0.5870 0.8079
vn 0.1042 0.5846 0.8046
vn 0.0527 0.4992 0.8649
vn 0.1045 0.4972 0.8613
vn 0.0524 0.4061 0.9123
vn 0.1044 0.4045 0.9086
vn 0.0525 0.3085 0.9498
vn 0.1044 0.3073 0.9459
vn 0.0524 0.2077 0.9768
vn 0.1038 0.2067 0.9729
vn 0.0523 0.1045 0.9932
vn 0.1043 0.1040 0.9891
vn 0.0523 -0.0000 0.9986
vn 0.1039 -0.0000 0.9946
vn 0.0523 -0.1044 0.9932
vn 0.1040 -0.1039 0.9891
vn 0.0523 -0.2075 0.9768
vn 0.1043 -0.2068 0.9728
vn 0.0525 -0.3086 0.9497
vn 0.1044 -0.3073 0.9459
vn 0.0524 -0.4060 0.9124
vn 0.1044 -0.4044 0.9086
vn 0.0526 -0.4993 0.8649
vn 0.1045 -0.4973 0.8613
vn 0.0524 -0.5870 0.8079
vn 0.1045 -0.5846 0.8045
vn 0.0522 -0.6682 0.7421
vn 0.1043 -0.6656 0.7390
vn 0.0525 -0.7422 0.6681
vn 0.1043 -0.7391 0.6654
vn 0.0522 -0.8078 0.5871
vn 0.1043 -0.8046 0.5846
vn 0.0524 -0.8648 0.4993
vn 0.1041 -0.8613 0.4973
vn 0.0521 -0.9123 0.4062
vn 0.1042 -0.9085 0.4047
vn 0.0523 -0.9498 0.3086
vn 0.1041 -0.9459 0.3073
vn 0.0521 -0.9768 0.2077
vn 0.1044 -0.9728 0.2068
vn 0.0522 -0.9932 0.1044
vn 0.1044 -0.9891 0.1040
vn 0.0520 -0.9986 0.0001
vn 0.1044 -0.9945 -0.0000
vn 0.0522 -0.9932 -0.1044
vn 0.1039 -0.9891 -0.1039
vn 0.0524 -0.9768 -0.2075
vn 0.1043 -0.9728 -0.2068
vn 0.0523 -0.9498 -0.3086
vn 0.1044 -0.9459 -0.3072
vn 0.0523 -0.9123 -0.4062
vn 0.1044 -0.9085 -0.4047
vn 0.0523 -0.8649 -0.4993
vn 0.1040 -0.8613 -0.4973
vn 0.0523 -0.8648 -0.4993
vn 0.0526 -0.8078 -0.5870
vn 0.1042 -0.8046 -0.5846
vn 0.0525 -0.7420 -0.6683
vn 0.1040 -0.7391 -0.6655
vn 0.0523 -0.6683 -0.7420
vn 0.1042 -0.6657 -0.7389
vn 0.0522 -0.5872 -0.8077
vn 0.1040 -0.5846 -0.8046
vn 0.0525 -0.4993 -0.8648
vn 0.1041 -0.4973 -0.8613
vn 0.0525 -0.4061 -0.9123
vn 0.1045 -0.4045 -0.9085
vn 0.0525 -0.3085 -0.9498
vn 0.1044 -0.3073 -0.9459
vn 0.0523 -0.2075 -0.9768
vn 0.1043 -0.2067 -0.9728
vn 0.0522 -0.1044 -0.9932
vn 0.1039 -0.1039 -0.9891
vn 0.0523 -0.0000 -0.9986
vn 0.1040 -0.0000 -0.9946
vn 0.2072 0.1022 -0.9729
vn 0.2069 0.2034 -0.9570
vn 0.2075 0.3024 -0.9303
vn 0.2071 0.3979 -0.8937
vn 0.2069 0.4891 -0.8473
vn 0.2071 0.5751 -0.7915
vn 0.2069 0.6547 -0.7270
vn 0.2070 0.7270 -0.6547
vn 0.2074 0.7913 -0.5751
vn 0.2070 0.8473 -0.4892
vn 0.2075 0.8936 -0.3979
vn 0.2075 0.9303 -0.3026
vn 0.2071 0.9569 -0.2034
vn 0.2071 0.9730 -0.1023
vn 0.2074 0.9783 -0.0001
vn 0.2072 0.9729 0.1022
vn 0.2069 0.9570 0.2034
vn 0.2070 0.9305 0.3023
vn 0.2076 0.8936 0.3979
vn 0.2070 0.8473 0.4892
vn 0.2071 0.7915 0.5751
vn 0.2070 0.7270 0.6547
vn 0.2070 0.6547 0.7270
vn 0.2074 0.5751 0.7914
vn 0.2068 0.4892 0.8473
vn 0.2071 0.3979 0.8937
vn 0.2070 0.3024 0.9304
vn 0.2072 0.2034 0.9569
vn 0.2071 0.1022 0.9730
vn 0.2069 -0.0000 0.9784
vn 0.2070 -0.1022 0.9730
vn 0.2069 -0.2034 0.9570
vn 0.2070 -0.3024 0.9304
vn 0.2071 -0.3979 0.8937
vn 0.2070 -0.4891 0.8473
vn 0.2071 -0.5750 0.7915
vn 0.2071 -0.6546 0.7270
vn 0.2074 -0.7270 0.6546
vn 0.2072 -0.7914 0.5750
vn 0.2070 -0.8473 0.4892
vn 0.2070 -0.8938 0.3979
vn 0.2071 -0.9304 0.3023
vn 0.2071 -0.9569 0.2034
vn 0.2071 -0.9730 0.1023
vn 0.2071 -0.9783 -0.0000
vn 0.2072 -0.9729 -0.1023
vn 0.2070 -0.9569 -0.2034
vn 0.2072 -0.9304 -0.3023
vn 0.2069 -0.8938 -0.3979
vn 0.2070 -0.8473 -0.4892
vn 0.2070 -0.7915 -0.5751
vn 0.2071 -0.7271 -0.6546
vn 0.2076 -0.6545 -0.7270
vn 0.2071 -0.5750 -0.7915
vn 0.2071 -0.4891 -0.8473
vn 0.2071 -0.3980 -0.8937
vn 0.2072 -0.3024 -0.9304
vn 0.2070 -0.2034 -0.9570
vn 0.2070 -0.1022 -0.9730
vn 0.2071 -0.0000 -0.9783
vn 0.3078 0.0995 -0.9463
vn 0.3078 0.1978 -0.9307
vn 0.3076 0.2940 -0.9050
vn 0.3077 0.3870 -0.8692
vn 0.3077 0.4757 -0.8240
vn 0.3078 0.5593 -0.7697
vn 0.3078 0.6367 -0.7071
vn 0.3077 0.7071 -0.6367
vn 0.3077 0.7698 -0.5593
vn 0.3077 0.8240 -0.4758
vn 0.3077 0.8240 -0.4757
vn 0.3076 0.8692 -0.3870
vn 0.3077 0.9049 -0.2940
vn 0.3077 0.9307 -0.1978
vn 0.3077 0.9463 -0.0995
vn 0.3078 0.9515 -0.0000
vn 0.3078 0.9463 0.0995
vn 0.3077 0.9307 0.1978
vn 0.3077 0.9049 0.2940
vn 0.3079 0.8692 0.3870
vn 0.3077 0.8240 0.4757
vn 0.3077 0.7698 0.5593
vn 0.3079 0.7070 0.6367
vn 0.3077 0.6367 0.7071
vn 0.3080 0.5592 0.7697
vn 0.3077 0.4758 0.8240
vn 0.3075 0.3870 0.8693
vn 0.3076 0.2940 0.9050
vn 0.3077 0.1978 0.9307
vn 0.3078 0.0995 0.9462
vn 0.3077 -0.0000 0.9515
vn 0.3076 -0.0995 0.9463
vn 0.3077 -0.1978 0.9307
vn 0.3077 -0.2940 0.9049
vn 0.3075 -0.3871 0.8693
vn 0.3076 -0.4758 0.8240
vn 0.3078 -0.5592 0.7698
vn 0.3078 -0.6366 0.7071
vn 0.3077 -0.7071 0.6367
vn 0.3077 -0.7698 0.5593
vn 0.3077 -0.8240 0.4757
vn 0.3077 -0.8692 0.3870
vn 0.3077 -0.9049 0.2940
vn 0.3077 -0.9307 0.1978
vn 0.3076 -0.9463 0.0995
vn 0.3076 -0.9515 -0.0000
vn 0.3076 -0.9463 -0.0995
vn 0.3077 -0.9307 -0.1978
vn 0.3077 -0.9049 -0.2940
vn 0.3077 -0.8692 -0.3870
vn 0.3077 -0.8240 -0.4757
vn 0.3077 -0.8240 -0.4758
vn 0.3078 -0.7697 -0.5593
vn 0.3078 -0.7071 -0.6366
vn 0.3079 -0.6366 -0.7071
vn 0.3078 -0.5592 -0.7698
vn 0.3075 -0.4758 -0.8241
vn 0.3076 -0.3871 -0.8692
vn 0.3077 -0.2940 -0.9049
vn 0.3077 -0.1978 -0.9307
vn 0.3078 -0.0995 -0.9463
vn 0.3077 -0.0000 -0.9515
vn 0.4050 0.0956 -0.9093
vn 0.4050 0.1900 -0.8943
vn 0.4050 0.2825 -0.8696
vn 0.4050 0.3719 -0.8353
vn 0.4050 0.4572 -0.7918
vn 0.4050 0.5374 -0.7397
vn 0.4050 0.6118 -0.6795
vn 0.4050 0.6794 -0.6118
vn 0.4050 0.7397 -0.5374
vn 0.4050 0.7918 -0.4572
vn 0.4050 0.7918 -0.4571
vn 0.4050 0.8352 -0.3719
vn 0.4051 0.8695 -0.2825
vn 0.4051 0.8943 -0.1901
vn 0.4050 0.9093 -0.0956
vn 0.4051 0.9143 -0.0000
vn 0.4050 0.9093 0.0956
vn 0.4050 0.8944 0.1901
vn 0.4050 0.8696 0.2825
vn 0.4051 0.8352 0.3719
vn 0.4050 0.7918 0.4571
vn 0.4050 0.7918 0.4572
vn 0.4050 0.7397 0.5374
vn 0.4051 0.6794 0.6118
vn 0.4050 0.6118 0.6795
vn 0.4050 0.5374 0.7397
vn 0.4050 0.4572 0.7918
vn 0.4049 0.3719 0.8353
vn 0.4050 0.2824 0.8696
vn 0.4050 0.1900 0.8943
vn 0.4051 0.0956 0.9093
vn 0.4050 -0.0000 0.9143
vn 0.4049 -0.0957 0.9093
vn 0.4050 -0.1900 0.8943
vn 0.4050 -0.2824 0.8696
vn 0.4050 -0.3719 0.8353
vn 0.4049 -0.4572 0.7918
vn 0.4050 -0.5374 0.7397
vn 0.4050 -0.6118 0.6795
vn 0.4050 -0.6795 0.6118
vn 0.4050 -0.7397 0.5374
vn 0.4050 -0.7918 0.4572
vn 0.4050 -0.8353 0.3719
vn 0.4050 -0.8696 0.2825
vn 0.4050 -0.8944 0.1901
vn 0.4049 -0.9093 0.0956
vn 0.4050 -0.9143 -0.0000
vn 0.4050 -0.9093 -0.0956
vn 0.4050 -0.8943 -0.1901
vn 0.4051 -0.8695 -0.2825
vn 0.4050 -0.8353 -0.3719
vn 0.4050 -0.7918 -0.4571
vn 0.4050 -0.7918 -0.4572
vn 0.4050 -0.7397 -0.5374
vn 0.4050 -0.6795 -0.6118
vn 0.4050 -0.6118 -0.6795
vn 0.4050 -0.5374 -0.7397
vn 0.4050 -0.4572 -0.7918
vn 0.4050 -0.3719 -0.8353
vn 0.4051 -0.2825 -0.8696
vn 0.4051 -0.1900 -0.8943
vn 0.4051 -0.0957 -0.9093
vn 0.4050 -0.0000 -0.9143
vn 0.4978 0.0906 -0.8625
vn 0.4978 0.1803 -0.8483
vn 0.4979 0.2680 -0.8248
vn 0.4979 0.3527 -0.7923
vn 0.4979 0.4336 -0.7510
vn 0.4979 0.5098 -0.7016
vn 0.4978 0.5803 -0.6445
vn 0.4978 0.6445 -0.5803
vn 0.4978 0.7017 -0.5097
vn 0.4978 0.7511 -0.4336
vn 0.4978 0.7923 -0.3528
vn 0.4979 0.8248 -0.2680
vn 0.4979 0.8483 -0.1803
vn 0.4979 0.8625 -0.0906
vn 0.4979 0.8673 -0.0000
vn 0.4979 0.8625 0.0906
vn 0.4979 0.8483 0.1803
vn 0.4979 0.8248 0.2680
vn 0.4979 0.7923 0.3528
vn 0.4979 0.7511 0.4336
vn 0.4979 0.7016 0.5097
vn 0.4979 0.6445 0.5803
vn 0.4979 0.5803 0.6445
vn 0.4978 0.5098 0.7017
vn 0.4978 0.4336 0.7511
vn 0.4979 0.3527 0.7923
vn 0.4979 0.2680 0.8248
vn 0.4978 0.1803 0.8483
vn 0.4978 0.0908 0.8625
vn 0.4978 -0.0000 0.8673
vn 0.4978 -0.0908 0.8625
vn 0.4978 -0.1803 0.8483
vn 0.4979 -0.2680 0.8248
vn 0.4979 -0.3527 0.7923
vn 0.4978 -0.4336 0.7511
vn 0.4978 -0.5098 0.7017
vn 0.4979 -0.5803 0.6445
vn 0.4979 -0.6445 0.5803
vn 0.4979 -0.7016 0.5097
vn 0.4978 -0.7511 0.4336
vn 0.4979 -0.7923 0.3527
vn 0.4979 -0.8248 0.2680
vn 0.4979 -0.8483 0.1803
vn 0.4979 -0.8625 0.0906
vn 0.4979 -0.8672 -0.0000
vn 0.4979 -0.8625 -0.0906
vn 0.4978 -0.8483 -0.1803
vn 0.4978 -0.8248 -0.2680
vn 0.4978 -0.7923 -0.3528
vn 0.4978 -0.7511 -0.4336
vn 0.4979 -0.7016 -0.5097
vn 0.4978 -0.7016 -0.5098
vn 0.4979 -0.6445 -0.5803
vn 0.4979 -0.5803 -0.6445
vn 0.4979 -0.5098 -0.7016
vn 0.4979 -0.4336 -0.7511
vn 0.4979 -0.3527 -0.7923
vn 0.4978 -0.2679 -0.8248
vn 0.4978 -0.1803 -0.8483
vn 0.4978 -0.0907 -0.8625
vn 0.4979 -0.0000 -0.8673
vn 0.5854 0.0846 -0.8063
vn 0.4979 0.0906 -0.8625
vn 0.5854 0.1685 -0.7930
vn 0.5854 0.2506 -0.7710
vn 0.5854 0.3298 -0.7407
vn 0.5854 0.4054 -0.7021
vn 0.5854 0.4765 -0.6559
vn 0.4979 0.5803 -0.6445
vn 0.5853 0.5425 -0.6025
vn 0.4979 0.6445 -0.5803
vn 0.5854 0.6025 -0.5425
vn 0.4979 0.7016 -0.5097
vn 0.5853 0.6559 -0.4766
vn 0.4979 0.7511 -0.4336
vn 0.5853 0.7022 -0.4054
vn 0.4979 0.7923 -0.3528
vn 0.5853 0.7407 -0.3298
vn 0.5854 0.7711 -0.2505
vn 0.5854 0.7930 -0.1685
vn 0.5854 0.8063 -0.0847
vn 0.4979 0.8672 -0.0000
vn 0.5854 0.8107 -0.0000
vn 0.5853 0.8064 0.0847
vn 0.5853 0.7931 0.1686
vn 0.5854 0.7711 0.2506
vn 0.4979 0.7922 0.3528
vn 0.5854 0.7407 0.3298
vn 0.5854 0.7021 0.4054
vn 0.5853 0.6559 0.4766
vn 0.5854 0.6025 0.5424
vn 0.5854 0.5425 0.6025
vn 0.4978 0.5098 0.7016
vn 0.5854 0.4765 0.6559
vn 0.4979 0.4336 0.7511
vn 0.5854 0.4053 0.7022
vn 0.5854 0.3297 0.7407
vn 0.5853 0.2506 0.7711
vn 0.5854 0.1685 0.7931
vn 0.5855 0.0848 0.8062
vn 0.5854 -0.0000 0.8108
vn 0.5854 -0.0848 0.8063
vn 0.4979 -0.1803 0.8483
vn 0.5854 -0.1685 0.7930
vn 0.5853 -0.2506 0.7711
vn 0.5854 -0.3297 0.7407
vn 0.4979 -0.4336 0.7511
vn 0.5854 -0.4053 0.7022
vn 0.4978 -0.5098 0.7016
vn 0.5854 -0.4766 0.6559
vn 0.5854 -0.5425 0.6025
vn 0.5854 -0.6026 0.5425
vn 0.5853 -0.6559 0.4766
vn 0.4979 -0.7511 0.4336
vn 0.5854 -0.7022 0.4054
vn 0.5853 -0.7407 0.3298
vn 0.5854 -0.7711 0.2506
vn 0.5854 -0.7930 0.1686
vn 0.5854 -0.8063 0.0847
vn 0.5853 -0.8108 -0.0000
vn 0.5854 -0.8063 -0.0847
vn 0.4979 -0.8483 -0.1803
vn 0.5854 -0.7930 -0.1686
vn 0.4979 -0.8248 -0.2680
vn 0.5854 -0.7711 -0.2505
vn 0.4979 -0.7922 -0.3528
vn 0.5854 -0.7406 -0.3298
vn 0.4979 -0.7511 -0.4336
vn 0.5853 -0.7022 -0.4054
vn 0.5854 -0.6559 -0.4766
vn 0.5853 -0.6025 -0.5426
vn 0.5855 -0.5425 -0.6025
vn 0.5854 -0.4766 -0.6559
vn 0.4979 -0.4336 -0.7510
vn 0.5855 -0.4054 -0.7021
vn 0.5854 -0.3297 -0.7407
vn 0.4979 -0.2679 -0.8248
vn 0.5854 -0.2505 -0.7711
vn 0.5852 -0.1686 -0.7931
vn 0.4979 -0.0907 -0.8625
vn 0.5853 -0.0847 -0.8063
vn 0.4979 -0.0000 -0.8672
vn 0.5854 -0.0000 -0.8108
vn 0.6664 0.0779 -0.7415
vn 0.6665 0.1549 -0.7292
vn 0.6664 0.2304 -0.7091
vn 0.6665 0.3033 -0.6811
vn 0.6665 0.3727 -0.6457
vn 0.6664 0.4382 -0.6032
vn 0.6665 0.4988 -0.5540
vn 0.6664 0.5540 -0.4989
vn 0.6665 0.6031 -0.4382
vn 0.6665 0.6457 -0.3727
vn 0.6664 0.6811 -0.3032
vn 0.6665 0.7090 -0.2304
vn 0.6664 0.7293 -0.1550
vn 0.6664 0.7415 -0.0779
vn 0.6665 0.7455 -0.0000
vn 0.6664 0.7415 0.0779
vn 0.6664 0.7293 0.1550
vn 0.6664 0.7091 0.2304
vn 0.6664 0.6811 0.3032
vn 0.6664 0.6457 0.3728
vn 0.6664 0.6032 0.4383
vn 0.6664 0.5541 0.4989
vn 0.6665 0.4989 0.5540
vn 0.6665 0.4382 0.6031
vn 0.6665 0.3727 0.6457
vn 0.6664 0.3032 0.6811
vn 0.6665 0.2304 0.7090
vn 0.6665 0.1550 0.7292
vn 0.6665 0.0780 0.7414
vn 0.6665 -0.0000 0.7455
vn 0.6665 -0.0780 0.7414
vn 0.6664 -0.1550 0.7293
vn 0.6665 -0.2304 0.7090
vn 0.6664 -0.3032 0.6811
vn 0.6665 -0.3727 0.6456
vn 0.6664 -0.4382 0.6032
vn 0.6664 -0.4989 0.5541
vn 0.6664 -0.5541 0.4989
vn 0.6665 -0.6031 0.4382
vn 0.6664 -0.6457 0.3728
vn 0.6664 -0.6811 0.3032
vn 0.6664 -0.7091 0.2304
vn 0.6665 -0.7293 0.1550
vn 0.6664 -0.7415 0.0779
vn 0.6665 -0.7455 -0.0000
vn 0.6664 -0.7415 -0.0779
vn 0.6664 -0.7293 -0.1550
vn 0.6664 -0.7091 -0.2304
vn 0.6665 -0.6811 -0.3033
vn 0.6665 -0.6457 -0.3728
vn 0.6665 -0.6031 -0.4382
vn 0.6664 -0.5541 -0.4989
vn 0.6664 -0.4988 -0.5541
vn 0.6665 -0.4382 -0.6031
vn 0.6665 -0.3728 -0.6456
vn 0.6664 -0.3033 -0.6811
vn 0.6664 -0.2304 -0.7091
vn 0.6665 -0.1549 -0.7292
vn 0.6665 -0.0779 -0.7415
vn 0.6664 -0.0000 -0.7456
vn 0.7402 0.0703 -0.6687
vn 0.7402 0.1397 -0.6577
vn 0.7402 0.2077 -0.6395
vn 0.7403 0.2735 -0.6142
vn 0.7403 0.3362 -0.5822
vn 0.7403 0.3952 -0.5439
vn 0.7403 0.4499 -0.4996
vn 0.7402 0.4996 -0.4499
vn 0.7402 0.5440 -0.3952
vn 0.7403 0.5822 -0.3361
vn 0.7402 0.6142 -0.2735
vn 0.7402 0.6394 -0.2078
vn 0.7402 0.6577 -0.1398
vn 0.7402 0.6687 -0.0703
vn 0.7402 0.6724 -0.0000
vn 0.7403 0.6686 0.0703
vn 0.7402 0.6576 0.1398
vn 0.7402 0.6395 0.2078
vn 0.7403 0.6142 0.2735
vn 0.7403 0.5823 0.3362
vn 0.7403 0.5439 0.3952
vn 0.7402 0.4996 0.4499
vn 0.7402 0.4499 0.4997
vn 0.7403 0.3952 0.5439
vn 0.7402 0.3362 0.5822
vn 0.7402 0.2735 0.6142
vn 0.7402 0.2077 0.6395
vn 0.7402 0.1397 0.6577
vn 0.7402 0.0703 0.6687
vn 0.7402 -0.0000 0.6724
vn 0.7403 -0.0703 0.6686
vn 0.7402 -0.1397 0.6577
vn 0.7402 -0.2077 0.6395
vn 0.7402 -0.2735 0.6142
vn 0.7402 -0.3362 0.5822
vn 0.7402 -0.3952 0.5439
vn 0.7402 -0.4499 0.4997
vn 0.7402 -0.4997 0.4499
vn 0.7402 -0.5439 0.3952
vn 0.7403 -0.5822 0.3362
vn 0.7402 -0.6142 0.2735
vn 0.7402 -0.6394 0.2078
vn 0.7402 -0.6577 0.1398
vn 0.7402 -0.6687 0.0703
vn 0.7403 -0.6723 -0.0000
vn 0.7403 -0.6686 -0.0703
vn 0.7402 -0.6577 -0.1398
vn 0.7402 -0.6394 -0.2078
vn 0.7402 -0.6142 -0.2735
vn 0.7403 -0.5823 -0.3361
vn 0.7403 -0.5439 -0.3952
vn 0.7402 -0.4996 -0.4499
vn 0.7402 -0.4498 -0.4997
vn 0.7402 -0.3952 -0.5440
vn 0.7402 -0.3362 -0.5822
vn 0.7402 -0.2735 -0.6142
vn 0.7402 -0.2077 -0.6395
vn 0.7403 -0.1397 -0.6576
vn 0.7402 -0.0703 -0.6687
vn 0.7402 -0.0000 -0.6723
vn 0.8059 0.0619 -0.5888
vn 0.8060 0.1230 -0.5791
vn 0.8060 0.1829 -0.5630
vn 0.8060 0.2408 -0.5408
vn 0.8060 0.2960 -0.5126
vn 0.8060 0.3479 -0.4789
vn 0.8060 0.3961 -0.4399
vn 0.8060 0.4399 -0.3961
vn 0.8060 0.4789 -0.3479
vn 0.8060 0.5126 -0.2960
vn 0.8060 0.5407 -0.2408
vn 0.8060 0.5630 -0.1829
vn 0.8060 0.5790 -0.1231
vn 0.8060 0.5887 -0.0619
vn 0.8060 0.5920 -0.0000
vn 0.8060 0.5887 0.0619
vn 0.8060 0.5790 0.1231
vn 0.8060 0.5629 0.1829
vn 0.8060 0.5407 0.2407
vn 0.8060 0.5127 0.2960
vn 0.8060 0.4789 0.3479
vn 0.8060 0.4399 0.3961
vn 0.8059 0.3961 0.4400
vn 0.8060 0.3479 0.4789
vn 0.8060 0.2960 0.5126
vn 0.8060 0.2408 0.5407
vn 0.8060 0.1829 0.5630
vn 0.8059 0.1230 0.5791
vn 0.8059 0.0619 0.5888
vn 0.8060 -0.0000 0.5920
vn 0.8060 -0.0619 0.5887
vn 0.8060 -0.1230 0.5790
vn 0.8060 -0.1829 0.5630
vn 0.8060 -0.2408 0.5407
vn 0.8060 -0.2960 0.5126
vn 0.8059 -0.3479 0.4790
vn 0.8060 -0.3961 0.4399
vn 0.8060 -0.4399 0.3961
vn 0.8060 -0.4789 0.3480
vn 0.8060 -0.5126 0.2960
vn 0.8060 -0.5407 0.2407
vn 0.8060 -0.5630 0.1829
vn 0.8060 -0.5790 0.1231
vn 0.8060 -0.5887 0.0619
vn 0.8060 -0.5920 -0.0000
vn 0.8060 -0.5887 -0.0619
vn 0.8059 -0.5790 -0.1231
vn 0.8060 -0.5630 -0.1829
vn 0.8060 -0.5408 -0.2408
vn 0.8060 -0.5127 -0.2960
vn 0.8060 -0.4789 -0.3479
vn 0.8060 -0.4399 -0.3961
vn 0.8060 -0.3961 -0.4399
vn 0.8060 -0.3479 -0.4789
vn 0.8060 -0.2960 -0.5126
vn 0.8060 -0.2408 -0.5407
vn 0.8060 -0.1829 -0.5630
vn 0.8059 -0.1230 -0.5791
vn 0.8059 -0.0619 -0.5888
vn 0.8060 -0.0000 -0.5920
vn 0.8629 0.0528 -0.5026
vn 0.8629 0.1050 -0.4944
vn 0.8629 0.1562 -0.4806
vn 0.8629 0.2056 -0.4617
vn 0.8629 0.2527 -0.4377
vn 0.8629 0.2970 -0.4089
vn 0.8629 0.3382 -0.3755
vn 0.8629 0.3756 -0.3382
vn 0.8629 0.4088 -0.2971
vn 0.8629 0.4377 -0.2527
vn 0.8629 0.4617 -0.2055
vn 0.8629 0.4807 -0.1562
vn 0.8629 0.4943 -0.1051
vn 0.8629 0.5026 -0.0528
vn 0.8629 0.5054 -0.0000
vn 0.8629 0.5026 0.0528
vn 0.8629 0.4943 0.1051
vn 0.8629 0.4807 0.1562
vn 0.8629 0.4617 0.2055
vn 0.8629 0.4377 0.2527
vn 0.8629 0.4089 0.2971
vn 0.8629 0.3756 0.3381
vn 0.8629 0.3382 0.3756
vn 0.8629 0.2970 0.4089
vn 0.8629 0.2527 0.4377
vn 0.8629 0.2056 0.4617
vn 0.8629 0.1562 0.4807
vn 0.8629 0.1051 0.4944
vn 0.8629 0.0528 0.5026
vn 0.8629 -0.0000 0.5054
vn 0.8629 -0.0528 0.5026
vn 0.8629 -0.1051 0.4944
vn 0.8629 -0.1562 0.4807
vn 0.8629 -0.2056 0.4617
vn 0.8629 -0.2527 0.4377
vn 0.8629 -0.2970 0.4089
vn 0.8629 -0.3382 0.3756
vn 0.8629 -0.3756 0.3382
vn 0.8629 -0.4089 0.2971
vn 0.8629 -0.4377 0.2527
vn 0.8629 -0.4617 0.2055
vn 0.8629 -0.4807 0.1562
vn 0.8629 -0.4943 0.1051
vn 0.8629 -0.5026 0.0528
vn 0.8629 -0.5054 -0.0000
vn 0.8629 -0.5027 -0.0528
vn 0.8629 -0.4943 -0.1051
vn 0.8629 -0.4807 -0.1562
vn 0.8629 -0.4617 -0.2055
vn 0.8629 -0.4377 -0.2526
vn 0.8629 -0.4089 -0.2971
vn 0.8629 -0.3756 -0.3382
vn 0.8629 -0.3382 -0.3755
vn 0.8629 -0.2970 -0.4089
vn 0.8629 -0.2527 -0.4377
vn 0.8629 -0.2056 -0.4617
vn 0.8629 -0.1562 -0.4806
vn 0.8629 -0.1050 -0.4944
vn 0.8629 -0.0528 -0.5026
vn 0.8629 -0.0000 -0.5054
vn 0.9104 0.0432 -0.4115
vn 0.9104 0.0860 -0.4047
vn 0.9104 0.1279 -0.3935
vn 0.9104 0.1683 -0.3780
vn 0.9104 0.2069 -0.3584
vn 0.9104 0.2432 -0.3348
vn 0.9104 0.2769 -0.3075
vn 0.9104 0.3075 -0.2769
vn 0.9104 0.3348 -0.2432
vn 0.9104 0.3584 -0.2069
vn 0.9104 0.3780 -0.1683
vn 0.9104 0.3935 -0.1279
vn 0.9104 0.4047 -0.0860
vn 0.9104 0.4115 -0.0433
vn 0.9104 0.4138 -0.0000
vn 0.9104 0.4116 0.0432
vn 0.9104 0.4047 0.0860
vn 0.9104 0.3936 0.1278
vn 0.9104 0.3780 0.1683
vn 0.9104 0.3583 0.2069
vn 0.9104 0.3347 0.2432
vn 0.9104 0.3075 0.2769
vn 0.9104 0.2768 0.3075
vn 0.9104 0.2432 0.3348
vn 0.9104 0.2069 0.3583
vn 0.9104 0.1683 0.3780
vn 0.9104 0.1278 0.3935
vn 0.9104 0.0861 0.4047
vn 0.9104 0.0433 0.4115
vn 0.9104 -0.0000 0.4138
vn 0.9104 -0.0433 0.4115
vn 0.9104 -0.0861 0.4047
vn 0.9104 -0.1278 0.3936
vn 0.9104 -0.1683 0.3780
vn 0.9104 -0.2069 0.3583
vn 0.9104 -0.2432 0.3348
vn 0.9104 -0.2769 0.3075
vn 0.9104 -0.3075 0.2769
vn 0.9104 -0.3347 0.2432
vn 0.9104 -0.3583 0.2069
vn 0.9104 -0.3780 0.1683
vn 0.9104 -0.3936 0.1279
vn 0.9104 -0.4048 0.0861
vn 0.9104 -0.4115 0.0433
vn 0.9104 -0.4138 -0.0000
vn 0.9104 -0.4115 -0.0433
vn 0.9104 -0.4048 -0.0860
vn 0.9104 -0.3935 -0.1279
vn 0.9104 -0.3780 -0.1683
vn 0.9104 -0.3584 -0.2069
vn 0.9104 -0.3348 -0.2432
vn 0.9104 -0.3075 -0.2769
vn 0.9104 -0.2769 -0.3075
vn 0.9104 -0.2432 -0.3348
vn 0.9104 -0.2069 -0.3584
vn 0.9103 -0.1684 -0.3781
vn 0.9104 -0.1278 -0.3935
vn 0.9104 -0.0860 -0.4047
vn 0.9104 -0.0433 -0.4115
vn 0.9104 -0.0000 -0.4138
vn 0.9479 0.0332 -0.3168
vn 0.9479 0.0662 -0.3116
vn 0.9479 0.0984 -0.3030
vn 0.9479 0.1296 -0.2910
vn 0.9479 0.1593 -0.2758
vn 0.9479 0.1872 -0.2577
vn 0.9479 0.2132 -0.2367
vn 0.9479 0.2367 -0.2132
vn 0.9479 0.2577 -0.1872
vn 0.9479 0.2759 -0.1593
vn 0.9479 0.2910 -0.1296
vn 0.9479 0.3030 -0.0984
vn 0.9479 0.3116 -0.0662
vn 0.9479 0.3168 -0.0333
vn 0.9479 0.3186 -0.0000
vn 0.9479 0.3168 0.0333
vn 0.9479 0.3116 0.0662
vn 0.9479 0.3029 0.0984
vn 0.9479 0.2910 0.1296
vn 0.9479 0.2758 0.1593
vn 0.9479 0.2578 0.1872
vn 0.9479 0.2367 0.2132
vn 0.9479 0.2131 0.2367
vn 0.9479 0.1872 0.2577
vn 0.9479 0.1593 0.2759
vn 0.9479 0.1296 0.2910
vn 0.9479 0.0984 0.3030
vn 0.9479 0.0663 0.3116
vn 0.9479 0.0333 0.3168
vn 0.9479 -0.0000 0.3185
vn 0.9479 -0.0333 0.3168
vn 0.9479 -0.0663 0.3115
vn 0.9479 -0.0984 0.3030
vn 0.9479 -0.1296 0.2910
vn 0.9479 -0.1593 0.2759
vn 0.9479 -0.1872 0.2577
vn 0.9479 -0.2131 0.2367
vn 0.9479 -0.2367 0.2132
vn 0.9479 -0.2577 0.1872
vn 0.9479 -0.2758 0.1593
vn 0.9479 -0.2910 0.1296
vn 0.9479 -0.3029 0.0984
vn 0.9479 -0.3116 0.0662
vn 0.9479 -0.3168 0.0333
vn 0.9479 -0.3186 -0.0000
vn 0.9479 -0.3168 -0.0333
vn 0.9479 -0.3116 -0.0662
vn 0.9479 -0.3030 -0.0984
vn 0.9479 -0.2910 -0.1296
vn 0.9479 -0.2759 -0.1593
vn 0.9479 -0.2577 -0.1872
vn 0.9479 -0.2367 -0.2132
vn 0.9479 -0.2131 -0.2367
vn 0.9479 -0.1872 -0.2577
vn 0.9479 -0.1593 -0.2758
vn 0.9479 -0.1296 -0.2910
vn 0.9479 -0.0984 -0.3030
vn 0.9479 -0.0662 -0.3116
vn 0.9479 -0.0333 -0.3168
vn 0.9479 -0.0000 -0.3186
vn 0.9832 0.0192 -0.1813
vn 0.9833 0.0379 -0.1782
vn 0.9832 0.0563 -0.1734
vn 0.9832 0.0742 -0.1665
vn 0.9833 0.0912 -0.1578
vn 0.9832 0.1071 -0.1475
vn 0.9832 0.1219 -0.1355
vn 0.9832 0.1355 -0.1220
vn 0.9832 0.1475 -0.1071
vn 0.9832 0.1578 -0.0911
vn 0.9832 0.1666 -0.0742
vn 0.9832 0.1734 -0.0563
vn 0.9832 0.1783 -0.0379
vn 0.9832 0.1813 -0.0191
vn 0.9832 0.1823 -0.0000
vn 0.9833 0.1812 0.0191
vn 0.9832 0.1783 0.0379
vn 0.9832 0.1734 0.0563
vn 0.9832 0.1665 0.0742
vn 0.9833 0.1578 0.0912
vn 0.9833 0.1475 0.1071
vn 0.9832 0.1355 0.1220
vn 0.9833 0.1219 0.1355
vn 0.9832 0.1071 0.1475
vn 0.9833 0.0911 0.1578
vn 0.9833 0.0742 0.1665
vn 0.9832 0.0563 0.1734
vn 0.9833 0.0379 0.1782
vn 0.9832 0.0191 0.1813
vn 0.9832 -0.0000 0.1823
vn 0.9832 -0.0191 0.1813
vn 0.9833 -0.0379 0.1783
vn 0.9832 -0.0563 0.1734
vn 0.9832 -0.0742 0.1665
vn 0.9832 -0.0911 0.1579
vn 0.9833 -0.1071 0.1474
vn 0.9832 -0.1219 0.1355
vn 0.9832 -0.1355 0.1220
vn 0.9833 -0.1475 0.1071
vn 0.9833 -0.1578 0.0911
vn 0.9833 -0.1665 0.0741
vn 0.9832 -0.1734 0.0564
vn 0.9832 -0.1783 0.0379
vn 0.9832 -0.1813 0.0191
vn 0.9832 -0.1823 -0.0000
vn 0.9832 -0.1813 -0.0191
vn 0.9832 -0.1783 -0.0379
vn 0.9832 -0.1733 -0.0564
vn 0.9832 -0.1665 -0.0742
vn 0.9833 -0.1578 -0.0911
vn 0.9832 -0.1475 -0.1071
vn 0.9832 -0.1355 -0.1220
vn 0.9832 -0.1219 -0.1355
vn 0.9832 -0.1071 -0.1475
vn 0.9833 -0.0911 -0.1578
vn 0.9832 -0.0742 -0.1665
vn 0.9832 -0.0563 -0.1734
vn 0.9833 -0.0379 -0.1782
vn 0.9832 -0.0191 -0.1813
vn 0.9832 -0.0000 -0.1823
vn -0.0000 0.4221 0.9065
vn -0.0000 0.4050 0.9143
vn -0.0000 0.6691 0.7432
vn -0.0000 0.7433 0.6689
vn -0.0000 0.9135 0.4068
vn -0.0000 0.9510 0.3090
vn -0.0000 0.9945 -0.1046
vn -0.0000 0.7431 -0.6692
vn -0.0000 0.6691 -0.7432
vn -0.0000 -0.6691 -0.7432
vn -0.0000 -0.7431 -0.6692
vn -0.0000 -0.9135 -0.4068
vn -0.0000 -0.7431 0.6692
vn -0.0000 -0.7431 0.6691
vn -0.0000 -0.6691 0.7432
vn -0.0000 -0.4221 0.9066
vn -0.0000 -0.4050 0.9143
vn -0.0000 0.0654 0.9979
vn -0.0000 0.0655 0.9979
vn -0.0000 0.3830 0.9237
vn -0.0000 0.3468 0.9380
vn -0.0000 0.4196 0.9077
vn -0.0000 0.5000 0.8661
vn -0.0000 0.4088 0.9126
vn -0.0000 0.4278 0.9039
vn -0.0000 0.7431 0.6692
vn -0.0000 0.8660 0.5000
vn -0.0000 0.8659 0.5003
vn -0.0000 0.9511 -0.3090
vn -0.0000 0.9510 -0.3090
vn -0.0000 -0.9510 -0.3090
vn -0.0000 -0.9510 0.3090
vn -0.0000 -0.8091 0.5877
vn -0.0000 -0.4088 0.9126
vn -0.0000 -0.4279 0.9038
vn -0.0000 -0.3829 0.9238
vn -0.0000 -0.4193 0.9078
vn -0.0000 -0.3470 0.9379
vn -0.0000 -0.0654 0.9979
vn -0.0000 0.3037 0.9528
vn -0.0000 0.4089 0.9126
vn -0.0000 0.8661 0.4999
vn -0.0000 0.9136 0.4067
vn -0.0000 0.4067 -0.9136
vn -0.0000 -0.6691 -0.7431
vn -0.0000 -0.9945 -0.1044
vn -0.0000 -0.9945 -0.1046
vn -0.0000 -1.0000 -0.0001
vn -0.0000 -0.9945 0.1046
vn -0.0000 -0.3036 0.9528
vn -0.0000 0.9887 0.1497
vn -0.0000 -0.9887 0.1497
vn -0.0000 -0.9887 0.1498
vn -0.0000 0.8403 -0.5422
vn -0.0000 0.7837 -0.6212
vn -0.0000 0.7839 -0.6209
vn -0.0001 -0.8403 -0.5422
vn -0.0000 -0.7839 -0.6209
vn -0.0000 -0.8403 -0.5422
vn -0.0000 0.3649 0.9310
vn -0.0000 0.3645 0.9312
vn -0.0000 0.9002 0.4355
vn -0.0000 0.9001 0.4356
vn -0.0000 0.9565 -0.2918
vn -0.0000 0.9565 -0.2917
vn -0.0000 -0.9565 -0.2918
vn -0.0000 -0.9001 0.4358
vn -0.0000 -0.9000 0.4358
vn -0.0000 -0.9001 0.4357
vn -0.0000 -0.3651 0.9310
vn -0.0000 -0.3649 0.9310
vn -0.0000 0.3471 0.9378
vn -0.0000 0.4192 0.9079
vn -0.0000 -0.3828 0.9238
vn -0.7300 -0.0000 -0.6834
vn -0.7944 0.0328 -0.6065
vn -0.7913 0.0320 -0.6106
vn -0.7913 -0.0320 -0.6106
vn -0.7944 -0.0328 -0.6065
vn -0.8412 -0.0976 -0.5318
vn -0.8421 -0.1120 -0.5275
vn 0.9621 0.0274 0.2714
vn 0.9876 0.0157 0.1562
vn -0.8174 -0.1941 -0.5424
vn -0.8014 -0.2116 -0.5594
vn 0.8801 0.0476 0.4725
vn 0.8801 0.0476 0.4724
vn -0.0000 0.9887 0.1496
vn -0.7603 -0.2527 -0.5984
vn 0.8801 -0.0476 0.4724
vn 0.9621 -0.0274 0.2715
vn 0.9876 -0.0157 0.1561
vn -0.8174 0.1941 -0.5424
vn -0.8014 0.2116 -0.5594
vn -0.7603 0.2527 -0.5984
vn -0.8412 0.0976 -0.5318
vn -0.8421 0.1120 -0.5275
vn -0.0000 0.7840 -0.6208
vn -0.0001 -0.8402 -0.5422
vn -0.0000 -0.7839 -0.6208
vn -0.0000 0.3648 0.9311
vn -0.0000 0.3650 0.9310
vn -0.0000 0.9002 0.4356
vn -0.0000 -0.9565 -0.2917
vn -0.0000 -0.3646 0.9312
vn -0.0000 -0.3648 0.9311
vt 0.763424 0.263073
vt 0.763425 0.278821
vt 0.764796 0.278894
vt 0.766444 0.263232
vt 0.763423 0.248338
vt 0.767985 0.248578
vt 0.956390 0.298055
vt 0.992340 0.298056
vt 0.992340 0.293494
vt 0.956389 0.292239
vt 0.910606 0.298057
vt 0.910606 0.291425
vt 0.766157 0.279110
vt 0.769430 0.263705
vt 0.772495 0.249292
vt 0.992340 0.288984
vt 0.956389 0.286487
vt 0.910606 0.284867
vt 0.767485 0.279466
vt 0.772352 0.264486
vt 0.776905 0.250474
vt 0.992340 0.284574
vt 0.956390 0.280860
vt 0.910606 0.278452
vt 0.768771 0.279960
vt 0.775176 0.265572
vt 0.781169 0.252110
vt 0.992339 0.280310
vt 0.956389 0.275424
vt 0.910606 0.272254
vt 0.769994 0.280582
vt 0.777870 0.266944
vt 0.785239 0.254185
vt 0.992340 0.276240
vt 0.956389 0.270234
vt 0.910606 0.266338
vt 0.771150 0.281333
vt 0.780409 0.268593
vt 0.789068 0.256671
vt 0.992340 0.272411
vt 0.956390 0.265349
vt 0.910606 0.260768
vt 0.772222 0.282199
vt 0.782759 0.270496
vt 0.792617 0.259543
vt 0.992339 0.268862
vt 0.956388 0.260823
vt 0.910606 0.255608
vt 0.773194 0.283173
vt 0.784898 0.272636
vt 0.795848 0.262776
vt 0.992341 0.265630
vt 0.956389 0.256704
vt 0.910606 0.250912
vt 0.774059 0.284242
vt 0.786800 0.274983
vt 0.798722 0.266324
vt 0.992339 0.262757
vt 0.956389 0.253040
vt 0.910606 0.246735
vt 0.774810 0.285398
vt 0.788448 0.277521
vt 0.801208 0.270154
vt 0.992340 0.260270
vt 0.956390 0.249867
vt 0.910606 0.243115
vt 0.775433 0.286620
vt 0.789820 0.280215
vt 0.803282 0.274225
vt 0.732360 0.171088
vt 0.738366 0.207038
vt 0.742436 0.207039
vt 0.737551 0.171089
vt 0.728465 0.125304
vt 0.734377 0.125304
vt 0.775929 0.287911
vt 0.790905 0.283042
vt 0.804920 0.278489
vt 0.746700 0.207038
vt 0.742989 0.171089
vt 0.740578 0.125304
vt 0.776282 0.289232
vt 0.791688 0.285960
vt 0.806102 0.282898
vt 0.751110 0.207038
vt 0.748610 0.171085
vt 0.746990 0.125303
vt 0.776499 0.290597
vt 0.792161 0.288947
vt 0.806815 0.287408
vt 0.755619 0.207037
vt 0.754367 0.171087
vt 0.753552 0.125304
vt 0.776571 0.291965
vt 0.792319 0.291969
vt 0.807055 0.291969
vt 0.760180 0.207037
vt 0.760180 0.171087
vt 0.760181 0.125304
vt 0.763423 0.291970
vt 0.734526 0.291970
vt 0.750276 0.291974
vt 0.750348 0.290593
vt 0.734685 0.288950
vt 0.719791 0.291973
vt 0.720029 0.287409
vt 0.756141 0.059477
vt 0.756137 0.095427
vt 0.760701 0.095426
vt 0.761961 0.059477
vt 0.756142 0.013694
vt 0.762773 0.013694
vt 0.750563 0.289236
vt 0.735158 0.285963
vt 0.720745 0.282897
vt 0.765214 0.095427
vt 0.767712 0.059477
vt 0.769332 0.013694
vt 0.750920 0.287904
vt 0.735941 0.283038
vt 0.721927 0.278488
vt 0.769622 0.095427
vt 0.773336 0.059477
vt 0.775744 0.013693
vt 0.751411 0.286624
vt 0.737025 0.280216
vt 0.723564 0.274222
vt 0.773889 0.095429
vt 0.778774 0.059479
vt 0.781944 0.013694
vt 0.752038 0.285394
vt 0.738398 0.277522
vt 0.725635 0.270156
vt 0.777955 0.095427
vt 0.783962 0.059475
vt 0.787861 0.013694
vt 0.752787 0.284240
vt 0.740042 0.274989
vt 0.728124 0.266325
vt 0.956388 0.346246
vt 0.992339 0.335843
vt 0.992340 0.333354
vt 0.956389 0.343072
vt 0.910606 0.352996
vt 0.910606 0.349379
vt 0.753652 0.283173
vt 0.741950 0.272633
vt 0.730997 0.262774
vt 0.992339 0.330482
vt 0.956387 0.339409
vt 0.910606 0.345201
vt 0.754626 0.282199
vt 0.744088 0.270495
vt 0.734229 0.259543
vt 0.992340 0.327250
vt 0.956388 0.335288
vt 0.910606 0.340503
vt 0.755695 0.281333
vt 0.746436 0.268593
vt 0.737778 0.256671
vt 0.992341 0.323701
vt 0.956389 0.330763
vt 0.910606 0.335344
vt 0.756849 0.280583
vt 0.748974 0.266944
vt 0.741608 0.254184
vt 0.992341 0.319871
vt 0.956389 0.325880
vt 0.910606 0.329776
vt 0.758072 0.279960
vt 0.751670 0.265572
vt 0.745676 0.252110
vt 0.619505 0.446603
vt 0.625513 0.482555
vt 0.629582 0.482553
vt 0.624695 0.446602
vt 0.956389 0.320689
vt 0.910606 0.323858
vt 0.759360 0.279466
vt 0.754495 0.264486
vt 0.749939 0.250474
vt 0.992339 0.315803
vt 0.992339 0.311540
vt 0.956389 0.315249
vt 0.910606 0.317659
vt 0.760688 0.279110
vt 0.757414 0.263704
vt 0.754351 0.249292
vt 0.992340 0.307128
vt 0.956387 0.309627
vt 0.910606 0.311246
vt 0.762047 0.278894
vt 0.760402 0.263232
vt 0.758862 0.248578
vt 0.992340 0.302617
vt 0.956389 0.303873
vt 0.910606 0.304686
vt 0.763424 0.320865
vt 0.763422 0.305117
vt 0.762049 0.305045
vt 0.760402 0.320708
vt 0.763422 0.335601
vt 0.758861 0.335362
vt 0.858728 0.308036
vt 0.894679 0.308034
vt 0.894679 0.303473
vt 0.858728 0.302217
vt 0.812945 0.308034
vt 0.812945 0.301403
vt 0.760688 0.304828
vt 0.757415 0.320234
vt 0.754351 0.334647
vt 0.894679 0.298963
vt 0.858729 0.296466
vt 0.812945 0.294846
vt 0.759360 0.304473
vt 0.754494 0.319452
vt 0.749940 0.333464
vt 0.894679 0.294552
vt 0.858728 0.290840
vt 0.812945 0.288431
vt 0.758075 0.303981
vt 0.751670 0.318367
vt 0.745676 0.331829
vt 0.894679 0.290288
vt 0.858730 0.285402
vt 0.812945 0.282232
vt 0.756851 0.303356
vt 0.748975 0.316995
vt 0.741606 0.329754
vt 0.894679 0.286218
vt 0.858728 0.280212
vt 0.812945 0.276315
vt 0.755695 0.302606
vt 0.746438 0.315347
vt 0.737777 0.327267
vt 0.894679 0.282389
vt 0.858728 0.275329
vt 0.812945 0.270746
vt 0.754625 0.301740
vt 0.744089 0.313446
vt 0.734228 0.324393
vt 0.894679 0.278840
vt 0.858729 0.270800
vt 0.812945 0.265586
vt 0.753652 0.300766
vt 0.741948 0.311305
vt 0.730997 0.321164
vt 0.894679 0.275609
vt 0.858727 0.266684
vt 0.812945 0.260891
vt 0.752785 0.299695
vt 0.740046 0.308955
vt 0.728124 0.317614
vt 0.894679 0.272736
vt 0.858728 0.263019
vt 0.812945 0.256712
vt 0.752035 0.298542
vt 0.738398 0.306417
vt 0.725637 0.313784
vt 0.894679 0.270249
vt 0.858729 0.259844
vt 0.812945 0.253093
vt 0.751413 0.297319
vt 0.737025 0.303725
vt 0.723563 0.309714
vt 0.728321 0.059478
vt 0.734327 0.095428
vt 0.738397 0.095429
vt 0.733508 0.059477
vt 0.724425 0.013694
vt 0.730338 0.013694
vt 0.750919 0.296032
vt 0.735940 0.300896
vt 0.721927 0.305453
vt 0.742657 0.095427
vt 0.738950 0.059479
vt 0.736538 0.013694
vt 0.750564 0.294710
vt 0.735157 0.297976
vt 0.720744 0.301040
vt 0.747070 0.095428
vt 0.744571 0.059475
vt 0.742950 0.013694
vt 0.750347 0.293340
vt 0.734685 0.294990
vt 0.720031 0.296530
vt 0.751580 0.095428
vt 0.750324 0.059477
vt 0.749512 0.013694
vt 0.776498 0.293345
vt 0.792161 0.294988
vt 0.806816 0.296529
vt 0.764740 0.207037
vt 0.765997 0.171085
vt 0.766813 0.125304
vt 0.776284 0.294701
vt 0.791688 0.297976
vt 0.806102 0.301040
vt 0.769251 0.207037
vt 0.771753 0.171089
vt 0.773371 0.125304
vt 0.775926 0.296032
vt 0.790903 0.300902
vt 0.804921 0.305449
vt 0.773660 0.207035
vt 0.777375 0.171087
vt 0.779784 0.125304
vt 0.775434 0.297315
vt 0.789821 0.303723
vt 0.803284 0.309714
vt 0.777925 0.207037
vt 0.782814 0.171087
vt 0.785982 0.125303
vt 0.774809 0.298544
vt 0.788448 0.306417
vt 0.801208 0.313784
vt 0.781995 0.207038
vt 0.788001 0.171086
vt 0.791901 0.125304
vt 0.774059 0.299698
vt 0.786802 0.308952
vt 0.798721 0.317614
vt 0.858728 0.356224
vt 0.894679 0.345820
vt 0.894679 0.343333
vt 0.858728 0.353050
vt 0.812945 0.362973
vt 0.812945 0.359356
vt 0.773193 0.300766
vt 0.784896 0.311306
vt 0.795848 0.321164
vt 0.894678 0.340460
vt 0.858725 0.349389
vt 0.812945 0.355179
vt 0.772219 0.301740
vt 0.782759 0.313443
vt 0.792616 0.324396
vt 0.894679 0.337227
vt 0.858729 0.345265
vt 0.812945 0.350482
vt 0.771151 0.302606
vt 0.780406 0.315348
vt 0.789069 0.327267
vt 0.894679 0.333681
vt 0.858729 0.340739
vt 0.812945 0.345323
vt 0.769996 0.303356
vt 0.777872 0.316995
vt 0.785238 0.329754
vt 0.894679 0.329850
vt 0.858728 0.335857
vt 0.812945 0.339756
vt 0.768772 0.303978
vt 0.775175 0.318367
vt 0.781168 0.331829
vt 0.894679 0.325780
vt 0.858728 0.330666
vt 0.812945 0.333837
vt 0.767482 0.304475
vt 0.772353 0.319450
vt 0.776905 0.333466
vt 0.894679 0.321517
vt 0.858728 0.325229
vt 0.812945 0.327638
vt 0.766157 0.304828
vt 0.769431 0.320234
vt 0.772495 0.334647
vt 0.894679 0.317106
vt 0.858728 0.319604
vt 0.812945 0.321224
vt 0.764797 0.305045
vt 0.766444 0.320708
vt 0.767984 0.335362
vt 0.894679 0.312595
vt 0.858728 0.313851
vt 0.812945 0.314665
vt 0.874887 0.570183
vt 0.876327 0.570106
vt 0.876327 0.553072
vt 0.873106 0.553240
vt 0.876327 0.537702
vt 0.871500 0.537957
vt 0.988757 0.174767
vt 0.988757 0.169939
vt 0.952256 0.169939
vt 0.952256 0.176042
vt 0.906261 0.169939
vt 0.906261 0.176860
vt 0.873462 0.570408
vt 0.869920 0.553745
vt 0.866725 0.538711
vt 0.988757 0.179542
vt 0.952256 0.182077
vt 0.906261 0.183705
vt 0.872069 0.570782
vt 0.866805 0.554580
vt 0.862056 0.539963
vt 0.988757 0.184211
vt 0.952256 0.187980
vt 0.906261 0.190400
vt 0.870722 0.571299
vt 0.863793 0.555736
vt 0.857542 0.541695
vt 0.988757 0.188725
vt 0.952256 0.193686
vt 0.906261 0.196870
vt 0.869437 0.571954
vt 0.860919 0.557200
vt 0.853235 0.543890
vt 0.988757 0.193032
vt 0.952256 0.199130
vt 0.906261 0.203045
vt 0.868227 0.572738
vt 0.858213 0.558956
vt 0.849181 0.546525
vt 0.988757 0.197086
vt 0.952256 0.204255
vt 0.906261 0.208858
vt 0.867106 0.573646
vt 0.855707 0.560985
vt 0.845423 0.549567
vt 0.988757 0.200844
vt 0.952256 0.209005
vt 0.906261 0.214244
vt 0.866086 0.574667
vt 0.853426 0.563268
vt 0.842005 0.552984
vt 0.988757 0.204262
vt 0.952256 0.213325
vt 0.906261 0.219144
vt 0.865179 0.575788
vt 0.851396 0.565774
vt 0.838963 0.556741
vt 0.988757 0.207304
vt 0.952256 0.217171
vt 0.906261 0.223506
vt 0.864392 0.576998
vt 0.849639 0.568479
vt 0.836330 0.560795
vt 0.988757 0.209937
vt 0.952256 0.220499
vt 0.906261 0.227281
vt 0.863738 0.578283
vt 0.848175 0.571355
vt 0.834135 0.565104
vt 0.850054 0.099245
vt 0.854363 0.099245
vt 0.860461 0.062743
vt 0.855016 0.062743
vt 0.864376 0.016748
vt 0.858200 0.016748
vt 0.863220 0.579630
vt 0.847018 0.574366
vt 0.832403 0.569616
vt 0.845542 0.099245
vt 0.849311 0.062743
vt 0.851730 0.016748
vt 0.862847 0.581024
vt 0.846183 0.577481
vt 0.831151 0.574285
vt 0.840873 0.099245
vt 0.843409 0.062743
vt 0.845036 0.016748
vt 0.862622 0.582447
vt 0.845679 0.580668
vt 0.830395 0.579061
vt 0.836096 0.099245
vt 0.837372 0.062743
vt 0.838191 0.016748
vt 0.862546 0.583889
vt 0.845510 0.583889
vt 0.830142 0.583889
vt 0.831269 0.099245
vt 0.831269 0.062743
vt 0.831269 0.016748
vt 0.876327 0.583889
vt 0.890033 0.582447
vt 0.890109 0.583889
vt 0.907146 0.583889
vt 0.906976 0.580666
vt 0.922513 0.583889
vt 0.922260 0.579061
vt 0.903340 0.097290
vt 0.908168 0.097290
vt 0.908168 0.060788
vt 0.902065 0.060788
vt 0.908168 0.014793
vt 0.901245 0.014793
vt 0.889808 0.581024
vt 0.906471 0.577481
vt 0.921504 0.574287
vt 0.898566 0.097290
vt 0.896028 0.060788
vt 0.894401 0.014793
vt 0.889434 0.579630
vt 0.905637 0.574366
vt 0.920253 0.569615
vt 0.893894 0.097290
vt 0.890126 0.060788
vt 0.887707 0.014793
vt 0.888917 0.578283
vt 0.904481 0.571354
vt 0.918521 0.565104
vt 0.889383 0.097290
vt 0.884421 0.060788
vt 0.881237 0.014793
vt 0.888263 0.576998
vt 0.903016 0.568479
vt 0.916325 0.560795
vt 0.885074 0.097290
vt 0.878976 0.060788
vt 0.875060 0.014793
vt 0.887477 0.575788
vt 0.901259 0.565774
vt 0.913692 0.556741
vt 0.988757 0.132575
vt 0.988757 0.129942
vt 0.952256 0.119379
vt 0.952256 0.122707
vt 0.906261 0.112598
vt 0.906261 0.116372
vt 0.886570 0.574667
vt 0.899230 0.563268
vt 0.910650 0.552984
vt 0.988757 0.135617
vt 0.952256 0.126553
vt 0.906261 0.120735
vt 0.885549 0.573646
vt 0.896948 0.560987
vt 0.907232 0.549567
vt 0.988757 0.139035
vt 0.952256 0.130874
vt 0.906261 0.125634
vt 0.884429 0.572738
vt 0.894441 0.558956
vt 0.903474 0.546523
vt 0.988757 0.142793
vt 0.952256 0.135623
vt 0.906261 0.131021
vt 0.883218 0.571953
vt 0.891736 0.557200
vt 0.899420 0.543890
vt 0.988757 0.146847
vt 0.952256 0.140747
vt 0.906261 0.136833
vt 0.881933 0.571299
vt 0.888862 0.555736
vt 0.895113 0.541695
vt 0.988757 0.151154
vt 0.952256 0.146193
vt 0.906261 0.143009
vt 0.880587 0.570782
vt 0.885851 0.554580
vt 0.890600 0.539963
vt 0.988757 0.155667
vt 0.952256 0.151899
vt 0.906261 0.149479
vt 0.879193 0.570408
vt 0.882735 0.553745
vt 0.885930 0.538711
vt 0.988757 0.160337
vt 0.952256 0.157801
vt 0.906261 0.156173
vt 0.877768 0.570183
vt 0.879549 0.553240
vt 0.881155 0.537957
vt 0.988757 0.165112
vt 0.952256 0.163837
vt 0.906261 0.163018
vt 0.877768 0.597594
vt 0.876327 0.597670
vt 0.876327 0.614706
vt 0.879550 0.614537
vt 0.876327 0.630075
vt 0.881155 0.629820
vt 0.891847 0.182749
vt 0.891847 0.177921
vt 0.855346 0.177921
vt 0.855346 0.184025
vt 0.809350 0.177921
vt 0.809350 0.184842
vt 0.879193 0.597369
vt 0.882735 0.614032
vt 0.885930 0.629065
vt 0.891847 0.187524
vt 0.855346 0.190059
vt 0.809350 0.191687
vt 0.880587 0.596995
vt 0.885851 0.613197
vt 0.890600 0.627814
vt 0.891847 0.192193
vt 0.855346 0.195962
vt 0.809350 0.198382
vt 0.881933 0.596477
vt 0.888862 0.612041
vt 0.895113 0.626082
vt 0.891847 0.196707
vt 0.855346 0.201667
vt 0.809350 0.204852
vt 0.883218 0.595824
vt 0.891736 0.610576
vt 0.899420 0.623886
vt 0.891847 0.201014
vt 0.855346 0.207112
vt 0.809350 0.211027
vt 0.884428 0.595038
vt 0.894442 0.608821
vt 0.903475 0.621254
vt 0.891847 0.205068
vt 0.855346 0.212237
vt 0.809350 0.216840
vt 0.885550 0.594131
vt 0.896948 0.606791
vt 0.907232 0.618210
vt 0.891847 0.208826
vt 0.855346 0.216987
vt 0.809350 0.222226
vt 0.886570 0.593110
vt 0.899229 0.604508
vt 0.910650 0.614793
vt 0.891847 0.212244
vt 0.855346 0.221307
vt 0.809350 0.227126
vt 0.887477 0.591990
vt 0.901259 0.602003
vt 0.913692 0.611036
vt 0.891847 0.215286
vt 0.855346 0.225153
vt 0.809350 0.231488
vt 0.888263 0.590780
vt 0.903016 0.599298
vt 0.916325 0.606982
vt 0.891847 0.217919
vt 0.855346 0.228481
vt 0.809350 0.235263
vt 0.888917 0.589493
vt 0.904481 0.596423
vt 0.918521 0.602673
vt 0.926952 0.097290
vt 0.931261 0.097290
vt 0.937359 0.060788
vt 0.931913 0.060788
vt 0.941274 0.014793
vt 0.935099 0.014793
vt 0.889435 0.588148
vt 0.905637 0.593412
vt 0.920253 0.598161
vt 0.922440 0.097290
vt 0.926209 0.060788
vt 0.928628 0.014793
vt 0.889808 0.586753
vt 0.906472 0.590296
vt 0.921504 0.593492
vt 0.917771 0.097290
vt 0.920306 0.060788
vt 0.921934 0.014793
vt 0.890033 0.585330
vt 0.906976 0.587109
vt 0.922260 0.588716
vt 0.912995 0.097290
vt 0.914270 0.060788
vt 0.915089 0.014793
vt 0.862622 0.585330
vt 0.845679 0.587111
vt 0.830395 0.588716
vt 0.826442 0.099245
vt 0.825166 0.062743
vt 0.824348 0.016748
vt 0.862847 0.586753
vt 0.846184 0.590296
vt 0.831151 0.593490
vt 0.821668 0.099245
vt 0.819131 0.062743
vt 0.817503 0.016748
vt 0.863221 0.588148
vt 0.847018 0.593412
vt 0.832403 0.598161
vt 0.816997 0.099245
vt 0.813228 0.062743
vt 0.810808 0.016748
vt 0.863738 0.589493
vt 0.848175 0.596423
vt 0.834135 0.602673
vt 0.812485 0.099245
vt 0.807523 0.062743
vt 0.804338 0.016748
vt 0.864392 0.590780
vt 0.849639 0.599297
vt 0.836330 0.606982
vt 0.808176 0.099245
vt 0.802078 0.062743
vt 0.798163 0.016748
vt 0.865179 0.591989
vt 0.851396 0.602003
vt 0.838963 0.611036
vt 0.891847 0.140557
vt 0.891847 0.137924
vt 0.855346 0.127361
vt 0.855346 0.130689
vt 0.809350 0.120580
vt 0.809350 0.124354
vt 0.866086 0.593111
vt 0.853425 0.604508
vt 0.842005 0.614793
vt 0.891847 0.143599
vt 0.855346 0.134535
vt 0.809350 0.128717
vt 0.867107 0.594131
vt 0.855708 0.606791
vt 0.845424 0.618210
vt 0.891847 0.147017
vt 0.855346 0.138856
vt 0.809350 0.133616
vt 0.868227 0.595038
vt 0.858214 0.608821
vt 0.849181 0.621254
vt 0.891847 0.150774
vt 0.855346 0.143605
vt 0.809350 0.139003
vt 0.869437 0.595824
vt 0.860919 0.610576
vt 0.853235 0.623887
vt 0.891847 0.154829
vt 0.855346 0.148730
vt 0.809350 0.144815
vt 0.870722 0.596479
vt 0.863793 0.612041
vt 0.857542 0.626082
vt 0.891847 0.159136
vt 0.855346 0.154175
vt 0.809350 0.150991
vt 0.872069 0.596995
vt 0.866805 0.613197
vt 0.862056 0.627814
vt 0.891847 0.163649
vt 0.855346 0.159881
vt 0.809350 0.157461
vt 0.873462 0.597369
vt 0.869920 0.614032
vt 0.866725 0.629066
vt 0.891847 0.168319
vt 0.855346 0.165783
vt 0.809350 0.164155
vt 0.874887 0.597594
vt 0.873106 0.614537
vt 0.871500 0.629820
vt 0.891847 0.173094
vt 0.855346 0.171819
vt 0.809350 0.171001
vt 0.186582 0.756180
vt 0.190198 0.756560
vt 0.190673 0.747483
vt 0.187038 0.747482
vt 0.185218 0.764781
vt 0.188776 0.765538
vt 0.182963 0.773194
vt 0.186425 0.774318
vt 0.179845 0.781324
vt 0.183166 0.782804
vt 0.175891 0.789083
vt 0.179040 0.790903
vt 0.171146 0.796387
vt 0.174092 0.798526
vt 0.165667 0.803156
vt 0.168369 0.805591
vt 0.159508 0.809314
vt 0.161941 0.812017
vt 0.152742 0.814792
vt 0.154880 0.817738
vt 0.145431 0.819541
vt 0.147256 0.822689
vt 0.137677 0.823490
vt 0.139156 0.826815
vt 0.129545 0.826613
vt 0.130670 0.830073
vt 0.121135 0.828866
vt 0.121891 0.832425
vt 0.112528 0.830229
vt 0.112913 0.833847
vt 0.103834 0.830684
vt 0.103834 0.834323
vt 0.112533 0.664738
vt 0.112913 0.661119
vt 0.103834 0.660643
vt 0.103835 0.664282
vt 0.121135 0.666100
vt 0.121891 0.662541
vt 0.129545 0.668353
vt 0.130670 0.664894
vt 0.137677 0.671475
vt 0.139156 0.668151
vt 0.145436 0.675428
vt 0.147256 0.672278
vt 0.152741 0.680172
vt 0.154880 0.677228
vt 0.159505 0.685651
vt 0.161941 0.682949
vt 0.165667 0.691813
vt 0.168369 0.689376
vt 0.171146 0.698578
vt 0.174092 0.696440
vt 0.175891 0.705881
vt 0.179040 0.704063
vt 0.179845 0.713643
vt 0.183166 0.712162
vt 0.182963 0.721773
vt 0.186425 0.720648
vt 0.185218 0.730184
vt 0.188776 0.729428
vt 0.186582 0.738788
vt 0.190198 0.738406
vt 0.021089 0.738786
vt 0.017470 0.738406
vt 0.016997 0.747483
vt 0.020633 0.747482
vt 0.022451 0.730185
vt 0.018892 0.729428
vt 0.024706 0.721773
vt 0.021245 0.720648
vt 0.027826 0.713642
vt 0.024504 0.712162
vt 0.031780 0.705881
vt 0.028630 0.704063
vt 0.036523 0.698578
vt 0.033579 0.696440
vt 0.042003 0.691810
vt 0.039300 0.689376
vt 0.048162 0.685652
vt 0.045728 0.682949
vt 0.054929 0.680172
vt 0.052791 0.677228
vt 0.062238 0.675426
vt 0.060414 0.672278
vt 0.069993 0.671476
vt 0.068513 0.668151
vt 0.078125 0.668353
vt 0.076999 0.664894
vt 0.086534 0.666101
vt 0.085780 0.662541
vt 0.095141 0.664738
vt 0.094757 0.661119
vt 0.095136 0.830229
vt 0.094757 0.833847
vt 0.086535 0.828866
vt 0.085779 0.832425
vt 0.078124 0.826612
vt 0.076999 0.830072
vt 0.069995 0.823493
vt 0.068513 0.826815
vt 0.062232 0.819537
vt 0.060414 0.822689
vt 0.054928 0.814793
vt 0.052791 0.817739
vt 0.048163 0.809315
vt 0.045728 0.812017
vt 0.042003 0.803155
vt 0.039300 0.805591
vt 0.036523 0.796388
vt 0.033579 0.798526
vt 0.031783 0.789087
vt 0.028630 0.790903
vt 0.027825 0.781323
vt 0.024504 0.782804
vt 0.024706 0.773194
vt 0.021244 0.774318
vt 0.022451 0.764782
vt 0.018892 0.765538
vt 0.021088 0.756180
vt 0.017470 0.756560
vt 0.781828 0.410421
vt 0.780116 0.394117
vt 0.787922 0.393710
vt 0.787922 0.410102
vt 0.775802 0.411376
vt 0.772394 0.395342
vt 0.769908 0.412953
vt 0.764842 0.397363
vt 0.764212 0.415140
vt 0.757544 0.400167
vt 0.758775 0.417911
vt 0.750579 0.403716
vt 0.753657 0.421235
vt 0.744022 0.407972
vt 0.748915 0.425073
vt 0.737947 0.412894
vt 0.744601 0.429389
vt 0.732419 0.418420
vt 0.740760 0.434131
vt 0.727499 0.424495
vt 0.737437 0.439249
vt 0.723242 0.431053
vt 0.734667 0.444686
vt 0.719693 0.438018
vt 0.732480 0.450383
vt 0.716891 0.445318
vt 0.730901 0.456276
vt 0.714868 0.452869
vt 0.729947 0.462303
vt 0.713645 0.460587
vt 0.729627 0.468396
vt 0.713236 0.468396
vt 0.549161 0.212261
vt 0.549161 0.011015
vt 0.543682 0.011015
vt 0.543682 0.212261
vt 0.538202 0.011015
vt 0.538202 0.212261
vt 0.532722 0.011015
vt 0.532722 0.212261
vt 0.527241 0.011015
vt 0.527241 0.212261
vt 0.521762 0.011015
vt 0.521762 0.212261
vt 0.516281 0.011015
vt 0.516281 0.212261
vt 0.510801 0.011015
vt 0.510801 0.212261
vt 0.505321 0.212261
vt 0.505321 0.011015
vt 0.499841 0.011015
vt 0.499841 0.212261
vt 0.494361 0.011015
vt 0.494361 0.212261
vt 0.488881 0.011015
vt 0.488881 0.212261
vt 0.483402 0.011015
vt 0.483402 0.212261
vt 0.477921 0.011015
vt 0.477921 0.212261
vt 0.472442 0.011015
vt 0.472442 0.212261
vt 0.466961 0.011015
vt 0.466961 0.212261
vt 0.783268 0.424107
vt 0.787922 0.423861
vt 0.787922 0.468396
vt 0.778663 0.424836
vt 0.774160 0.426041
vt 0.769809 0.427713
vt 0.765656 0.429829
vt 0.761746 0.432367
vt 0.758123 0.435302
vt 0.754827 0.438596
vt 0.751894 0.442220
vt 0.749355 0.446129
vt 0.747239 0.450283
vt 0.745569 0.454635
vt 0.744362 0.459137
vt 0.743633 0.463741
vt 0.743389 0.468396
vt 0.545592 0.308647
vt 0.545592 0.327936
vt 0.551067 0.327936
vt 0.551067 0.308647
vt 0.540116 0.308647
vt 0.540117 0.327936
vt 0.534641 0.308647
vt 0.534641 0.327936
vt 0.529166 0.308647
vt 0.529165 0.327936
vt 0.523690 0.308647
vt 0.523690 0.327936
vt 0.518215 0.308647
vt 0.518214 0.327936
vt 0.512739 0.308647
vt 0.512740 0.327936
vt 0.507264 0.308647
vt 0.507264 0.327936
vt 0.501789 0.308647
vt 0.501790 0.327936
vt 0.496313 0.308647
vt 0.496314 0.327936
vt 0.490838 0.308647
vt 0.490838 0.327936
vt 0.485362 0.308647
vt 0.485361 0.327936
vt 0.479886 0.308647
vt 0.479888 0.327936
vt 0.474413 0.308647
vt 0.474412 0.327936
vt 0.468936 0.308647
vt 0.468936 0.327936
vt 0.551067 0.387933
vt 0.545592 0.387933
vt 0.540117 0.387933
vt 0.534641 0.387933
vt 0.529165 0.387933
vt 0.523691 0.387933
vt 0.518215 0.387933
vt 0.512739 0.387933
vt 0.620360 0.816778
vt 0.628358 0.776107
vt 0.625600 0.776107
vt 0.616856 0.816778
vt 0.507264 0.387933
vt 0.501789 0.387933
vt 0.496314 0.387933
vt 0.490838 0.387933
vt 0.485363 0.387933
vt 0.479887 0.387933
vt 0.474412 0.387933
vt 0.468936 0.387933
vt 0.091696 0.177594
vt 0.097541 0.177594
vt 0.097541 0.086268
vt 0.091695 0.086268
vt 0.085851 0.177594
vt 0.085849 0.086268
vt 0.080006 0.177594
vt 0.080004 0.086268
vt 0.074162 0.177595
vt 0.074159 0.086268
vt 0.068318 0.177595
vt 0.068313 0.086268
vt 0.062473 0.177595
vt 0.062467 0.086269
vt 0.056628 0.177595
vt 0.056622 0.086269
vt 0.359489 0.845519
vt 0.365683 0.845519
vt 0.365683 0.934785
vt 0.359489 0.934785
vt 0.044939 0.177596
vt 0.050783 0.177596
vt 0.050777 0.086270
vt 0.044932 0.086270
vt 0.039093 0.177596
vt 0.039086 0.086270
vt 0.033249 0.177597
vt 0.033241 0.086271
vt 0.027404 0.177598
vt 0.027395 0.086272
vt 0.021559 0.177598
vt 0.021550 0.086272
vt 0.015714 0.177599
vt 0.015705 0.086273
vt 0.360576 0.177599
vt 0.366421 0.177599
vt 0.366412 0.086273
vt 0.360567 0.086274
vt 0.341545 0.845519
vt 0.341545 0.980018
vt 0.366825 0.934785
vt 0.390963 0.980018
vt 0.397157 0.980018
vt 0.373019 0.934785
vt 0.397157 0.845519
vt 0.373019 0.845519
vt 0.456495 0.769365
vt 0.436603 0.749472
vt 0.431498 0.754576
vt 0.451390 0.774470
vt 0.616856 0.960315
vt 0.620360 0.960315
vt 0.303748 0.823223
vt 0.259825 0.779299
vt 0.255806 0.783317
vt 0.299729 0.827241
vt 0.733022 0.776107
vt 0.702867 0.777891
vt 0.710359 0.810913
vt 0.741767 0.816778
vt 0.651768 0.810913
vt 0.658514 0.777891
vt 0.651768 0.998286
vt 0.710359 0.998286
vt 0.741767 0.960315
vt 0.352440 0.776389
vt 0.306695 0.822136
vt 0.311801 0.827241
vt 0.357546 0.781493
vt 0.845897 0.462303
vt 0.862199 0.460587
vt 0.862608 0.468396
vt 0.846216 0.468396
vt 0.844942 0.456276
vt 0.860976 0.452869
vt 0.843363 0.450382
vt 0.858953 0.445317
vt 0.841178 0.444685
vt 0.856151 0.438018
vt 0.838407 0.439249
vt 0.852602 0.431053
vt 0.835083 0.434131
vt 0.848344 0.424495
vt 0.831243 0.429389
vt 0.843425 0.418420
vt 0.826929 0.425073
vt 0.837896 0.412893
vt 0.822187 0.421235
vt 0.831821 0.407972
vt 0.817069 0.417911
vt 0.825265 0.403716
vt 0.811632 0.415140
vt 0.818299 0.400167
vt 0.805936 0.412953
vt 0.811001 0.397363
vt 0.800042 0.411373
vt 0.803450 0.395342
vt 0.794015 0.410421
vt 0.795729 0.394117
vt 0.631362 0.212261
vt 0.631362 0.011015
vt 0.625881 0.011015
vt 0.625881 0.212261
vt 0.620402 0.011015
vt 0.620402 0.212261
vt 0.614921 0.011015
vt 0.614921 0.212261
vt 0.609442 0.011015
vt 0.609442 0.212261
vt 0.603961 0.011015
vt 0.603961 0.212261
vt 0.598481 0.011015
vt 0.598481 0.212261
vt 0.593002 0.011015
vt 0.593002 0.212261
vt 0.587521 0.212261
vt 0.587521 0.011015
vt 0.582042 0.011015
vt 0.582042 0.212261
vt 0.576561 0.011015
vt 0.576561 0.212261
vt 0.571081 0.011015
vt 0.571081 0.212261
vt 0.565601 0.011015
vt 0.565601 0.212261
vt 0.560121 0.011015
vt 0.560121 0.212261
vt 0.554641 0.011015
vt 0.554641 0.212261
vt 0.832211 0.463741
vt 0.832455 0.468396
vt 0.831481 0.459137
vt 0.830275 0.454635
vt 0.828605 0.450283
vt 0.826489 0.446129
vt 0.823949 0.442220
vt 0.821016 0.438596
vt 0.817720 0.435301
vt 0.814099 0.432367
vt 0.810189 0.429829
vt 0.806035 0.427713
vt 0.801683 0.426041
vt 0.797181 0.424836
vt 0.792577 0.424107
vt 0.627722 0.308647
vt 0.627722 0.327936
vt 0.633198 0.327936
vt 0.633199 0.308647
vt 0.622248 0.308647
vt 0.622246 0.327936
vt 0.616772 0.308647
vt 0.616771 0.327936
vt 0.611297 0.308647
vt 0.611296 0.327936
vt 0.605821 0.308647
vt 0.605820 0.327936
vt 0.600345 0.308647
vt 0.600344 0.327936
vt 0.594870 0.308647
vt 0.594871 0.327936
vt 0.589395 0.308647
vt 0.589395 0.327936
vt 0.583919 0.308647
vt 0.583920 0.327936
vt 0.578444 0.308647
vt 0.578444 0.327936
vt 0.572969 0.308647
vt 0.572968 0.327936
vt 0.567493 0.308647
vt 0.567492 0.327936
vt 0.562018 0.308647
vt 0.562018 0.327936
vt 0.556542 0.308647
vt 0.556542 0.327936
vt 0.633198 0.387933
vt 0.627722 0.387933
vt 0.622247 0.387933
vt 0.616771 0.387933
vt 0.611296 0.387933
vt 0.605820 0.387933
vt 0.600345 0.387933
vt 0.594871 0.387933
vt 0.781829 0.816778
vt 0.773085 0.776107
vt 0.770326 0.776107
vt 0.778324 0.816778
vt 0.589395 0.387933
vt 0.583920 0.387933
vt 0.578444 0.387933
vt 0.572968 0.387933
vt 0.567493 0.387933
vt 0.562018 0.387933
vt 0.556543 0.387933
vt 0.354731 0.177600
vt 0.354722 0.086274
vt 0.348886 0.177601
vt 0.348877 0.086275
vt 0.343041 0.177601
vt 0.343032 0.086275
vt 0.337195 0.177602
vt 0.337187 0.086276
vt 0.331350 0.177602
vt 0.331342 0.086276
vt 0.325504 0.177603
vt 0.325497 0.086276
vt 0.319659 0.177603
vt 0.319652 0.086277
vt 0.428714 0.845519
vt 0.422521 0.845519
vt 0.422521 0.934785
vt 0.428714 0.934785
vt 0.307968 0.177604
vt 0.313813 0.177604
vt 0.313807 0.086277
vt 0.307963 0.086278
vt 0.302122 0.177605
vt 0.302118 0.086278
vt 0.296277 0.177605
vt 0.296273 0.086279
vt 0.290431 0.177605
vt 0.290428 0.086279
vt 0.284585 0.177605
vt 0.284583 0.086279
vt 0.278740 0.177605
vt 0.278739 0.086279
vt 0.272894 0.177605
vt 0.272894 0.086279
vt 0.398383 0.845519
vt 0.398383 0.980018
vt 0.404578 0.980018
vt 0.429941 0.934785
vt 0.454078 0.980018
vt 0.454078 0.845519
vt 0.429941 0.845519
vt 0.375317 0.754576
vt 0.395210 0.774471
vt 0.400315 0.769365
vt 0.380422 0.749472
vt 0.778323 0.960315
vt 0.781828 0.960315
vt 0.272320 0.730545
vt 0.316243 0.774471
vt 0.320260 0.770452
vt 0.276338 0.726529
vt 0.740172 0.777891
vt 0.746918 0.810913
vt 0.750423 0.810913
vt 0.742930 0.777891
vt 0.575058 0.953261
vt 0.612297 0.998286
vt 0.612297 0.776107
vt 0.575057 0.783061
vt 0.746918 0.998286
vt 0.513833 0.776387
vt 0.468089 0.822135
vt 0.473194 0.827241
vt 0.518939 0.781493
vt 0.794016 0.526370
vt 0.795728 0.542673
vt 0.787922 0.543082
vt 0.787922 0.526691
vt 0.800042 0.525414
vt 0.803450 0.541451
vt 0.805936 0.523837
vt 0.811002 0.539428
vt 0.811632 0.521652
vt 0.818299 0.536625
vt 0.817069 0.518881
vt 0.825265 0.533075
vt 0.822187 0.515555
vt 0.831821 0.528819
vt 0.826929 0.511718
vt 0.837897 0.523897
vt 0.831243 0.507402
vt 0.843425 0.518371
vt 0.835083 0.502661
vt 0.848345 0.512296
vt 0.838407 0.497543
vt 0.852603 0.505739
vt 0.841178 0.492105
vt 0.856151 0.498774
vt 0.843364 0.486408
vt 0.858953 0.491475
vt 0.844943 0.480516
vt 0.860976 0.483923
vt 0.845897 0.474488
vt 0.862199 0.476203
vt 0.713562 0.212261
vt 0.713562 0.011015
vt 0.708082 0.011015
vt 0.708082 0.212261
vt 0.702602 0.011015
vt 0.702602 0.212261
vt 0.697122 0.011015
vt 0.697122 0.212261
vt 0.691642 0.011015
vt 0.691642 0.212261
vt 0.686162 0.011015
vt 0.686162 0.212261
vt 0.680681 0.011015
vt 0.680681 0.212261
vt 0.675202 0.011015
vt 0.675202 0.212261
vt 0.669721 0.212261
vt 0.669721 0.011015
vt 0.664242 0.011015
vt 0.664242 0.212261
vt 0.658762 0.011015
vt 0.658762 0.212261
vt 0.653281 0.011015
vt 0.653281 0.212261
vt 0.647801 0.011015
vt 0.647801 0.212261
vt 0.642321 0.011015
vt 0.642321 0.212261
vt 0.636842 0.011015
vt 0.636842 0.212261
vt 0.792577 0.512684
vt 0.787922 0.512929
vt 0.797181 0.511956
vt 0.801683 0.510750
vt 0.806035 0.509079
vt 0.810189 0.506963
vt 0.814098 0.504424
vt 0.817721 0.501489
vt 0.821017 0.498194
vt 0.823950 0.494572
vt 0.826489 0.490662
vt 0.828605 0.486507
vt 0.830275 0.482157
vt 0.831482 0.477653
vt 0.832211 0.473051
vt 0.709853 0.308647
vt 0.709853 0.327936
vt 0.715328 0.327936
vt 0.715328 0.308647
vt 0.704378 0.308647
vt 0.704378 0.327936
vt 0.698902 0.308647
vt 0.698902 0.327936
vt 0.693427 0.308647
vt 0.693427 0.327936
vt 0.687951 0.308647
vt 0.687952 0.327936
vt 0.682476 0.308647
vt 0.682476 0.327936
vt 0.677000 0.308647
vt 0.677001 0.327936
vt 0.671525 0.308647
vt 0.671525 0.327936
vt 0.666051 0.308647
vt 0.666051 0.327936
vt 0.660575 0.308647
vt 0.660575 0.327936
vt 0.655100 0.308647
vt 0.655099 0.327936
vt 0.649624 0.308647
vt 0.649623 0.327936
vt 0.644148 0.308647
vt 0.644149 0.327936
vt 0.638674 0.308647
vt 0.638673 0.327936
vt 0.715328 0.387933
vt 0.709853 0.387933
vt 0.704378 0.387933
vt 0.698903 0.387933
vt 0.693427 0.387933
vt 0.687952 0.387933
vt 0.682476 0.387933
vt 0.677001 0.387933
vt 0.531299 0.816778
vt 0.539297 0.776107
vt 0.536538 0.776107
vt 0.527794 0.816778
vt 0.671525 0.387933
vt 0.666050 0.387933
vt 0.660575 0.387933
vt 0.655099 0.387933
vt 0.649624 0.387933
vt 0.644149 0.387933
vt 0.638674 0.387933
vt 0.267048 0.177605
vt 0.267049 0.086279
vt 0.261203 0.177605
vt 0.261205 0.086279
vt 0.255357 0.177605
vt 0.255360 0.086279
vt 0.249512 0.177605
vt 0.249515 0.086279
vt 0.243666 0.177605
vt 0.243670 0.086278
vt 0.237820 0.177604
vt 0.237825 0.086278
vt 0.231975 0.177604
vt 0.231981 0.086277
vt 0.461382 0.845519
vt 0.455188 0.845519
vt 0.455188 0.934785
vt 0.461382 0.934785
vt 0.220284 0.177603
vt 0.226129 0.177603
vt 0.226136 0.086277
vt 0.220291 0.086276
vt 0.214438 0.177602
vt 0.214446 0.086276
vt 0.208593 0.177602
vt 0.208601 0.086276
vt 0.202747 0.177601
vt 0.202756 0.086275
vt 0.196902 0.177601
vt 0.196911 0.086275
vt 0.191057 0.177600
vt 0.191066 0.086274
vt 0.185212 0.177599
vt 0.185221 0.086274
vt 0.510884 0.845519
vt 0.486746 0.845519
vt 0.486746 0.980018
vt 0.510884 0.934785
vt 0.479326 0.980018
vt 0.485520 0.980018
vt 0.485520 0.845519
vt 0.403407 0.754577
vt 0.423299 0.774470
vt 0.428405 0.769365
vt 0.408512 0.749471
vt 0.527794 0.960315
vt 0.531298 0.960315
vt 0.220728 0.733458
vt 0.264651 0.777381
vt 0.268669 0.773363
vt 0.224747 0.729440
vt 0.823607 0.776107
vt 0.793451 0.777891
vt 0.800943 0.810913
vt 0.832350 0.816778
vt 0.562706 0.810913
vt 0.569452 0.777891
vt 0.562706 0.998286
vt 0.800943 0.998286
vt 0.832351 0.960315
vt 0.365599 0.827241
vt 0.411344 0.781493
vt 0.406238 0.776388
vt 0.360493 0.822136
vt 0.729947 0.474488
vt 0.713645 0.476200
vt 0.730901 0.480516
vt 0.714868 0.483923
vt 0.732481 0.486408
vt 0.716891 0.491475
vt 0.734667 0.492105
vt 0.719693 0.498774
vt 0.737438 0.497544
vt 0.723242 0.505739
vt 0.740761 0.502661
vt 0.727500 0.512296
vt 0.744601 0.507402
vt 0.732419 0.518371
vt 0.748915 0.511718
vt 0.737948 0.523897
vt 0.753657 0.515558
vt 0.744022 0.528819
vt 0.758775 0.518881
vt 0.750579 0.533075
vt 0.764212 0.521652
vt 0.757544 0.536625
vt 0.769908 0.523839
vt 0.764843 0.539428
vt 0.775802 0.525414
vt 0.772394 0.541451
vt 0.781828 0.526370
vt 0.780115 0.542674
vt 0.461481 0.011015
vt 0.461481 0.212261
vt 0.456001 0.011015
vt 0.456001 0.212261
vt 0.450521 0.011015
vt 0.450521 0.212261
vt 0.445041 0.011015
vt 0.445041 0.212261
vt 0.439561 0.011015
vt 0.439561 0.212261
vt 0.434081 0.011015
vt 0.434081 0.212261
vt 0.428602 0.011015
vt 0.428602 0.212261
vt 0.423121 0.212261
vt 0.423121 0.011015
vt 0.417642 0.011015
vt 0.417642 0.212261
vt 0.412161 0.011015
vt 0.412161 0.212261
vt 0.406681 0.011015
vt 0.406681 0.212261
vt 0.401201 0.011015
vt 0.401201 0.212261
vt 0.395721 0.011015
vt 0.395721 0.212261
vt 0.390241 0.011015
vt 0.390241 0.212261
vt 0.384761 0.011015
vt 0.384761 0.212261
vt 0.743633 0.473051
vt 0.744362 0.477653
vt 0.745569 0.482157
vt 0.747239 0.486507
vt 0.749355 0.490663
vt 0.751895 0.494572
vt 0.754827 0.498195
vt 0.758124 0.501489
vt 0.761745 0.504425
vt 0.765656 0.506963
vt 0.769809 0.509079
vt 0.774160 0.510750
vt 0.778664 0.511956
vt 0.783268 0.512684
vt 0.463462 0.308647
vt 0.463461 0.327936
vt 0.457986 0.308647
vt 0.457985 0.327936
vt 0.452511 0.308647
vt 0.452510 0.327936
vt 0.447035 0.308647
vt 0.447035 0.327936
vt 0.441559 0.308647
vt 0.441559 0.327936
vt 0.436083 0.308647
vt 0.436083 0.327936
vt 0.430608 0.308647
vt 0.430609 0.327936
vt 0.425134 0.308647
vt 0.425133 0.327936
vt 0.419658 0.308647
vt 0.419659 0.327936
vt 0.414183 0.308647
vt 0.414182 0.327936
vt 0.408708 0.308647
vt 0.408707 0.327936
vt 0.403232 0.308647
vt 0.403231 0.327936
vt 0.397756 0.308647
vt 0.397756 0.327936
vt 0.392281 0.308647
vt 0.392281 0.327936
vt 0.386806 0.308647
vt 0.386806 0.327936
vt 0.463461 0.387933
vt 0.457986 0.387933
vt 0.452510 0.387933
vt 0.447035 0.387933
vt 0.441559 0.387933
vt 0.436084 0.387933
vt 0.430609 0.387933
vt 0.705708 0.816778
vt 0.696964 0.776107
vt 0.694205 0.776107
vt 0.702203 0.816778
vt 0.425133 0.387933
vt 0.419659 0.387933
vt 0.414182 0.387933
vt 0.408707 0.387933
vt 0.403232 0.387933
vt 0.397756 0.387933
vt 0.392281 0.387933
vt 0.386806 0.387933
vt 0.179367 0.177599
vt 0.179376 0.086273
vt 0.173522 0.177598
vt 0.173531 0.086272
vt 0.167677 0.177598
vt 0.167685 0.086272
vt 0.161832 0.177597
vt 0.161840 0.086271
vt 0.155987 0.177596
vt 0.155995 0.086270
vt 0.150142 0.177596
vt 0.150149 0.086270
vt 0.144298 0.177596
vt 0.144304 0.086270
vt 0.942685 0.776107
vt 0.932453 0.776107
vt 0.932453 0.923565
vt 0.942685 0.923565
vt 0.132608 0.177595
vt 0.138452 0.177595
vt 0.138458 0.086269
vt 0.132614 0.086269
vt 0.126764 0.177595
vt 0.126768 0.086268
vt 0.120919 0.177595
vt 0.120923 0.086268
vt 0.115074 0.177594
vt 0.115077 0.086268
vt 0.109230 0.177594
vt 0.109232 0.086268
vt 0.103385 0.177594
vt 0.103386 0.086268
vt 0.892581 0.776107
vt 0.892581 0.998286
vt 0.902814 0.998286
vt 0.944035 0.923565
vt 0.983906 0.998286
vt 0.983906 0.776107
vt 0.944035 0.776107
vt 0.484585 0.769366
vt 0.464693 0.749471
vt 0.459588 0.754577
vt 0.479481 0.774469
vt 0.702202 0.960315
vt 0.705707 0.960315
vt 0.371759 0.770451
vt 0.327837 0.726529
vt 0.323819 0.730548
vt 0.367741 0.774471
vt 0.664051 0.777891
vt 0.670797 0.810913
vt 0.674302 0.810913
vt 0.666809 0.777891
vt 0.848163 0.953261
vt 0.885402 0.998286
vt 0.885402 0.776107
vt 0.848162 0.783061
vt 0.670797 0.998286
vt 0.419396 0.827241
vt 0.465141 0.781493
vt 0.460036 0.776388
vt 0.414291 0.822136
vt 0.360564 0.048836
vt 0.366408 0.048835
vt 0.366404 0.008353
vt 0.360559 0.008353
vt 0.015701 0.048835
vt 0.021547 0.048834
vt 0.021542 0.008352
vt 0.015697 0.008353
vt 0.027392 0.048834
vt 0.027388 0.008352
vt 0.033237 0.048833
vt 0.033234 0.008351
vt 0.039083 0.048832
vt 0.039079 0.008351
vt 0.044929 0.048832
vt 0.044924 0.008350
vt 0.050774 0.048832
vt 0.050771 0.008349
vt 0.056619 0.048831
vt 0.056617 0.008349
vt 0.062465 0.048831
vt 0.062463 0.008349
vt 0.068311 0.048830
vt 0.068308 0.008349
vt 0.074158 0.048830
vt 0.074155 0.008348
vt 0.080003 0.048830
vt 0.080001 0.008348
vt 0.085848 0.048829
vt 0.085847 0.008348
vt 0.091694 0.048829
vt 0.091694 0.008348
vt 0.097541 0.048829
vt 0.097541 0.008348
vt 0.272894 0.048841
vt 0.278738 0.048841
vt 0.278738 0.008359
vt 0.272894 0.008359
vt 0.284583 0.048841
vt 0.284582 0.008359
vt 0.290427 0.048841
vt 0.290426 0.008359
vt 0.296271 0.048840
vt 0.296270 0.008358
vt 0.302116 0.048840
vt 0.302114 0.008358
vt 0.307961 0.048840
vt 0.307958 0.008358
vt 0.313805 0.048839
vt 0.313802 0.008357
vt 0.319650 0.048839
vt 0.319646 0.008357
vt 0.325494 0.048839
vt 0.325491 0.008356
vt 0.331339 0.048838
vt 0.331335 0.008356
vt 0.337184 0.048838
vt 0.337180 0.008355
vt 0.343029 0.048837
vt 0.343024 0.008355
vt 0.348874 0.048837
vt 0.348869 0.008355
vt 0.354718 0.048836
vt 0.354714 0.008354
vt 0.185224 0.048836
vt 0.191069 0.048836
vt 0.191074 0.008354
vt 0.185229 0.008353
vt 0.196915 0.048837
vt 0.196919 0.008355
vt 0.202760 0.048837
vt 0.202764 0.008355
vt 0.208605 0.048838
vt 0.208608 0.008355
vt 0.214449 0.048838
vt 0.214453 0.008356
vt 0.220294 0.048839
vt 0.220297 0.008356
vt 0.226138 0.048839
vt 0.226142 0.008357
vt 0.231983 0.048839
vt 0.231986 0.008357
vt 0.237827 0.048840
vt 0.237830 0.008358
vt 0.243672 0.048840
vt 0.243674 0.008358
vt 0.249517 0.048840
vt 0.249518 0.008358
vt 0.255361 0.048841
vt 0.255362 0.008359
vt 0.261205 0.048841
vt 0.261206 0.008359
vt 0.267050 0.048841
vt 0.267050 0.008359
vt 0.103387 0.048829
vt 0.103387 0.008348
vt 0.109232 0.048829
vt 0.109233 0.008348
vt 0.115078 0.048830
vt 0.115080 0.008348
vt 0.120924 0.048830
vt 0.120926 0.008348
vt 0.126770 0.048830
vt 0.126772 0.008349
vt 0.132616 0.048831
vt 0.132618 0.008349
vt 0.138462 0.048831
vt 0.138464 0.008349
vt 0.144307 0.048832
vt 0.144310 0.008349
vt 0.150152 0.048832
vt 0.150156 0.008350
vt 0.155998 0.048832
vt 0.156001 0.008351
vt 0.161844 0.048833
vt 0.161848 0.008351
vt 0.167689 0.048834
vt 0.167693 0.008352
vt 0.173534 0.048834
vt 0.173538 0.008352
vt 0.179380 0.048835
vt 0.179384 0.008353
vt 0.963497 0.588628
vt 0.957154 0.588663
vt 0.957154 0.594937
vt 0.963497 0.594867
vt 0.957154 0.601073
vt 0.963497 0.600970
vt 0.957154 0.607003
vt 0.963497 0.606868
vt 0.957154 0.612663
vt 0.963497 0.612497
vt 0.957154 0.617991
vt 0.963497 0.617796
vt 0.957154 0.622928
vt 0.963497 0.622705
vt 0.957154 0.627420
vt 0.963497 0.627172
vt 0.957154 0.631417
vt 0.963497 0.631148
vt 0.957154 0.634877
vt 0.963497 0.634589
vt 0.670566 0.420547
vt 0.664222 0.420381
vt 0.664222 0.426040
vt 0.670566 0.426176
vt 0.664222 0.431972
vt 0.670566 0.432074
vt 0.664222 0.438107
vt 0.670566 0.438176
vt 0.664222 0.444383
vt 0.670566 0.444417
vt 0.664222 0.450725
vt 0.670566 0.450725
vt 0.664222 0.457068
vt 0.670566 0.457034
vt 0.664222 0.463344
vt 0.670566 0.463275
vt 0.664222 0.469479
vt 0.670566 0.469377
vt 0.664222 0.475411
vt 0.670566 0.475275
vt 0.664222 0.481070
vt 0.670566 0.480903
vt 0.931005 0.530048
vt 0.924661 0.529760
vt 0.924661 0.533220
vt 0.931005 0.533489
vt 0.924661 0.537218
vt 0.931005 0.537465
vt 0.924661 0.541710
vt 0.931005 0.541932
vt 0.924661 0.546646
vt 0.931005 0.546842
vt 0.924661 0.551974
vt 0.931005 0.552140
vt 0.924661 0.557634
vt 0.931005 0.557770
vt 0.924661 0.563564
vt 0.931005 0.563668
vt 0.924661 0.569701
vt 0.931005 0.569770
vt 0.924661 0.575975
vt 0.931005 0.576010
vt 0.924661 0.582319
vt 0.931005 0.582319
vt 0.924661 0.588663
vt 0.931005 0.588628
vt 0.924661 0.594937
vt 0.931005 0.594868
vt 0.924661 0.601073
vt 0.931005 0.600970
vt 0.924661 0.607003
vt 0.931005 0.606868
vt 0.924661 0.612663
vt 0.931005 0.612497
vt 0.924661 0.617991
vt 0.931005 0.617796
vt 0.924661 0.622928
vt 0.931005 0.622705
vt 0.924661 0.627420
vt 0.931005 0.627173
vt 0.924661 0.631417
vt 0.931005 0.631148
vt 0.924661 0.634877
vt 0.931005 0.634589
vt 0.638073 0.419788
vt 0.631730 0.419622
vt 0.631730 0.425281
vt 0.638073 0.425416
vt 0.631730 0.431212
vt 0.638073 0.431314
vt 0.631730 0.437347
vt 0.638073 0.437416
vt 0.631730 0.443623
vt 0.638073 0.443658
vt 0.631730 0.449966
vt 0.638073 0.449966
vt 0.631730 0.456309
vt 0.638073 0.456274
vt 0.631730 0.462584
vt 0.638073 0.462515
vt 0.631730 0.468719
vt 0.638073 0.468617
vt 0.631730 0.474651
vt 0.638073 0.474516
vt 0.631730 0.480310
vt 0.638073 0.480144
vt 0.963497 0.530048
vt 0.957154 0.529760
vt 0.957154 0.533220
vt 0.963497 0.533489
vt 0.957154 0.537218
vt 0.963497 0.537465
vt 0.957154 0.541710
vt 0.963497 0.541932
vt 0.957154 0.546646
vt 0.963497 0.546842
vt 0.957154 0.551974
vt 0.963497 0.552140
vt 0.957154 0.557634
vt 0.963497 0.557769
vt 0.957154 0.563565
vt 0.963497 0.563668
vt 0.957154 0.569700
vt 0.963497 0.569770
vt 0.957154 0.575975
vt 0.963497 0.576010
vt 0.957154 0.582318
vt 0.963497 0.582318
vt 0.969771 0.588525
vt 0.969771 0.594661
vt 0.969771 0.600663
vt 0.969771 0.606464
vt 0.969771 0.612000
vt 0.969771 0.617211
vt 0.969771 0.622041
vt 0.969771 0.626434
vt 0.969771 0.630344
vt 0.969771 0.633729
vt 0.676840 0.421044
vt 0.676840 0.426581
vt 0.676840 0.432382
vt 0.676840 0.438384
vt 0.676840 0.444520
vt 0.676840 0.450725
vt 0.676840 0.456930
vt 0.676840 0.463067
vt 0.676840 0.469069
vt 0.676840 0.474870
vt 0.676840 0.480408
vt 0.937279 0.530909
vt 0.937279 0.534293
vt 0.937279 0.538203
vt 0.937279 0.542597
vt 0.937279 0.547426
vt 0.937279 0.552637
vt 0.937279 0.558174
vt 0.937279 0.563975
vt 0.937279 0.569976
vt 0.937279 0.576113
vt 0.937279 0.582319
vt 0.937279 0.588524
vt 0.937279 0.594661
vt 0.937279 0.600663
vt 0.937279 0.606464
vt 0.937279 0.612000
vt 0.937279 0.617211
vt 0.937279 0.622040
vt 0.937279 0.626434
vt 0.937279 0.630344
vt 0.937279 0.633729
vt 0.644348 0.420283
vt 0.644348 0.425821
vt 0.644348 0.431622
vt 0.644348 0.437624
vt 0.644348 0.443761
vt 0.644348 0.449966
vt 0.644348 0.456172
vt 0.644348 0.462307
vt 0.644348 0.468309
vt 0.644348 0.474111
vt 0.644348 0.479648
vt 0.969771 0.530909
vt 0.969771 0.534293
vt 0.969771 0.538203
vt 0.969771 0.542597
vt 0.969771 0.547426
vt 0.969771 0.552637
vt 0.969771 0.558174
vt 0.969771 0.563975
vt 0.969771 0.569977
vt 0.969771 0.576113
vt 0.969771 0.582318
vt 0.975907 0.588353
vt 0.975907 0.594319
vt 0.975907 0.600155
vt 0.975907 0.605795
vt 0.975907 0.611178
vt 0.975907 0.616245
vt 0.975907 0.620940
vt 0.975907 0.625212
vt 0.975907 0.629014
vt 0.975907 0.632305
vt 0.682976 0.421865
vt 0.682976 0.427249
vt 0.682976 0.432889
vt 0.682976 0.438725
vt 0.682976 0.444692
vt 0.682976 0.450725
vt 0.682976 0.456758
vt 0.682976 0.462726
vt 0.682976 0.468562
vt 0.682976 0.474201
vt 0.682976 0.479585
vt 0.943415 0.532332
vt 0.943415 0.535623
vt 0.943415 0.539425
vt 0.943415 0.543697
vt 0.943415 0.548392
vt 0.943415 0.553459
vt 0.943415 0.558842
vt 0.943415 0.564483
vt 0.943415 0.570318
vt 0.943415 0.576285
vt 0.943415 0.582319
vt 0.943415 0.588352
vt 0.943415 0.594319
vt 0.943415 0.600155
vt 0.943415 0.605795
vt 0.943415 0.611178
vt 0.943415 0.616245
vt 0.943415 0.620940
vt 0.943415 0.625212
vt 0.943415 0.629014
vt 0.943415 0.632305
vt 0.650484 0.421107
vt 0.650484 0.426490
vt 0.650484 0.432129
vt 0.650484 0.437966
vt 0.650484 0.443933
vt 0.650484 0.449966
vt 0.650484 0.455999
vt 0.650484 0.461967
vt 0.650484 0.467803
vt 0.650484 0.473442
vt 0.650484 0.478826
vt 0.975907 0.532333
vt 0.975907 0.535623
vt 0.975907 0.539425
vt 0.975907 0.543697
vt 0.975907 0.548392
vt 0.975907 0.553459
vt 0.975907 0.558842
vt 0.975907 0.564483
vt 0.975907 0.570318
vt 0.975907 0.576285
vt 0.975907 0.582318
vt 0.981838 0.588114
vt 0.981838 0.593846
vt 0.981838 0.599451
vt 0.981838 0.604869
vt 0.981838 0.610040
vt 0.981838 0.614907
vt 0.981838 0.619417
vt 0.981838 0.623520
vt 0.981838 0.627172
vt 0.981838 0.630333
vt 0.688907 0.423005
vt 0.688907 0.428174
vt 0.688907 0.433592
vt 0.688907 0.439198
vt 0.688907 0.444931
vt 0.688907 0.450725
vt 0.688907 0.456520
vt 0.688907 0.462252
vt 0.688907 0.467858
vt 0.688907 0.473277
vt 0.688907 0.478446
vt 0.949346 0.534304
vt 0.949346 0.537465
vt 0.949346 0.541117
vt 0.949346 0.545220
vt 0.949346 0.549731
vt 0.949346 0.554598
vt 0.949346 0.559768
vt 0.949346 0.565186
vt 0.949346 0.570792
vt 0.949346 0.576524
vt 0.949346 0.582319
vt 0.949346 0.588114
vt 0.949346 0.593845
vt 0.949346 0.599451
vt 0.949346 0.604869
vt 0.949346 0.610040
vt 0.949346 0.614907
vt 0.949346 0.619417
vt 0.949346 0.623520
vt 0.949346 0.627173
vt 0.949346 0.630333
vt 0.656414 0.422245
vt 0.656414 0.427414
vt 0.656414 0.432833
vt 0.656414 0.438439
vt 0.656414 0.444171
vt 0.656414 0.449966
vt 0.656414 0.455760
vt 0.656414 0.461494
vt 0.656414 0.467099
vt 0.656414 0.472517
vt 0.656414 0.477686
vt 0.981838 0.534304
vt 0.981838 0.537465
vt 0.981838 0.541117
vt 0.981838 0.545220
vt 0.981838 0.549731
vt 0.981838 0.554598
vt 0.981838 0.559768
vt 0.981838 0.565186
vt 0.981838 0.570792
vt 0.981838 0.576524
vt 0.981838 0.582318
vt 0.987498 0.587813
vt 0.987498 0.593247
vt 0.987498 0.598560
vt 0.987498 0.603696
vt 0.987498 0.608598
vt 0.987498 0.613212
vt 0.987498 0.617487
vt 0.987498 0.621378
vt 0.987498 0.624839
vt 0.694567 0.419832
vt 0.688907 0.418137
vt 0.694567 0.424447
vt 0.694567 0.429348
vt 0.694567 0.434484
vt 0.694567 0.439799
vt 0.694567 0.445233
vt 0.694567 0.450725
vt 0.694567 0.456219
vt 0.694567 0.461652
vt 0.694567 0.466966
vt 0.694567 0.472102
vt 0.694567 0.477004
vt 0.688907 0.483315
vt 0.694567 0.481618
vt 0.955006 0.539798
vt 0.955006 0.543260
vt 0.955006 0.547150
vt 0.955006 0.551425
vt 0.955006 0.556040
vt 0.955006 0.560941
vt 0.955006 0.566077
vt 0.955006 0.571391
vt 0.955006 0.576825
vt 0.955006 0.582319
vt 0.955006 0.587813
vt 0.955006 0.593246
vt 0.955006 0.598560
vt 0.955006 0.603696
vt 0.955006 0.608598
vt 0.955006 0.613212
vt 0.955006 0.617487
vt 0.955006 0.621378
vt 0.955006 0.624839
vt 0.662074 0.419073
vt 0.656414 0.417377
vt 0.662074 0.423687
vt 0.662074 0.428589
vt 0.662074 0.433725
vt 0.662074 0.439039
vt 0.662074 0.444473
vt 0.662074 0.449966
vt 0.662074 0.455459
vt 0.662074 0.460893
vt 0.662074 0.466207
vt 0.662074 0.471343
vt 0.662074 0.476244
vt 0.656414 0.482555
vt 0.662074 0.480859
vt 0.987498 0.539798
vt 0.987498 0.543260
vt 0.987498 0.547150
vt 0.987498 0.551425
vt 0.987498 0.556039
vt 0.987498 0.560941
vt 0.987498 0.566077
vt 0.987498 0.571391
vt 0.987498 0.576825
vt 0.987498 0.582318
vt 0.944140 0.491413
vt 0.944501 0.494854
vt 0.949935 0.493994
vt 0.949216 0.490610
vt 0.955249 0.492569
vt 0.954180 0.489280
vt 0.960385 0.490598
vt 0.958978 0.487437
vt 0.965286 0.488101
vt 0.963557 0.485105
vt 0.969901 0.485105
vt 0.967867 0.482304
vt 0.974176 0.481642
vt 0.971861 0.479071
vt 0.978067 0.477751
vt 0.975495 0.475436
vt 0.981528 0.473476
vt 0.978729 0.471443
vt 0.984524 0.468861
vt 0.981528 0.467133
vt 0.987022 0.463961
vt 0.983861 0.462554
vt 0.988994 0.458824
vt 0.985703 0.457756
vt 0.990417 0.453510
vt 0.987033 0.452791
vt 0.991278 0.448076
vt 0.987837 0.447716
vt 0.991566 0.442584
vt 0.988106 0.442584
vt 0.991278 0.437090
vt 0.987837 0.437451
vt 0.990417 0.431656
vt 0.987033 0.432375
vt 0.988994 0.426342
vt 0.985703 0.427410
vt 0.987022 0.421206
vt 0.983861 0.422613
vt 0.984524 0.416305
vt 0.981528 0.418033
vt 0.981528 0.411691
vt 0.978729 0.413724
vt 0.978067 0.407416
vt 0.975495 0.409730
vt 0.974176 0.403524
vt 0.971861 0.406095
vt 0.969901 0.400062
vt 0.967867 0.402862
vt 0.965286 0.397066
vt 0.963557 0.400062
vt 0.960385 0.394569
vt 0.958978 0.397730
vt 0.955249 0.392598
vt 0.954180 0.395887
vt 0.949935 0.391174
vt 0.949216 0.394558
vt 0.944501 0.390313
vt 0.944140 0.393754
vt 0.939007 0.390024
vt 0.939007 0.393484
vt 0.933513 0.390313
vt 0.933876 0.393754
vt 0.928080 0.391174
vt 0.928800 0.394558
vt 0.922766 0.392598
vt 0.923835 0.395887
vt 0.917630 0.394569
vt 0.919037 0.397730
vt 0.912728 0.397066
vt 0.914458 0.400062
vt 0.908114 0.400062
vt 0.910148 0.402862
vt 0.903839 0.403524
vt 0.906154 0.406095
vt 0.899949 0.407416
vt 0.902520 0.409730
vt 0.896487 0.411691
vt 0.899286 0.413724
vt 0.893491 0.416305
vt 0.896487 0.418033
vt 0.890993 0.421206
vt 0.894154 0.422613
vt 0.889022 0.426342
vt 0.892312 0.427410
vt 0.887598 0.431656
vt 0.890982 0.432375
vt 0.886737 0.437090
vt 0.890178 0.437451
vt 0.886449 0.442584
vt 0.889909 0.442584
vt 0.886737 0.448076
vt 0.890178 0.447716
vt 0.887598 0.453510
vt 0.890982 0.452791
vt 0.889022 0.458824
vt 0.892312 0.457756
vt 0.890993 0.463961
vt 0.894154 0.462554
vt 0.893491 0.468861
vt 0.896487 0.467133
vt 0.896487 0.473476
vt 0.899286 0.471443
vt 0.899949 0.477751
vt 0.902520 0.475436
vt 0.903839 0.481642
vt 0.906154 0.479069
vt 0.908114 0.485105
vt 0.910148 0.482304
vt 0.912728 0.488101
vt 0.914458 0.485105
vt 0.917630 0.490598
vt 0.919037 0.487437
vt 0.922766 0.492569
vt 0.923835 0.489280
vt 0.928080 0.493992
vt 0.928800 0.490610
vt 0.933513 0.494854
vt 0.933876 0.491413
vt 0.939007 0.495142
vt 0.939007 0.491681
vt 0.943722 0.487437
vt 0.948385 0.486699
vt 0.952945 0.485477
vt 0.957352 0.483784
vt 0.961558 0.481642
vt 0.965517 0.479071
vt 0.969186 0.476100
vt 0.972524 0.472761
vt 0.975495 0.469093
vt 0.978067 0.465135
vt 0.980209 0.460927
vt 0.981901 0.456521
vt 0.983123 0.451960
vt 0.983861 0.447298
vt 0.984108 0.442584
vt 0.983861 0.437868
vt 0.983123 0.433207
vt 0.981901 0.428647
vt 0.980209 0.424240
vt 0.978067 0.420032
vt 0.975495 0.416074
vt 0.972524 0.412405
vt 0.969186 0.409067
vt 0.965517 0.406095
vt 0.961558 0.403524
vt 0.957352 0.401382
vt 0.952945 0.399690
vt 0.948385 0.398468
vt 0.943722 0.397730
vt 0.939007 0.397483
vt 0.934293 0.397730
vt 0.929631 0.398468
vt 0.925070 0.399690
vt 0.920663 0.401382
vt 0.916457 0.403524
vt 0.912498 0.406095
vt 0.908829 0.409067
vt 0.905491 0.412405
vt 0.902520 0.416074
vt 0.899949 0.420032
vt 0.897806 0.424240
vt 0.896114 0.428647
vt 0.894892 0.433207
vt 0.894154 0.437868
vt 0.893907 0.442584
vt 0.894154 0.447298
vt 0.894892 0.451960
vt 0.896114 0.456521
vt 0.897806 0.460927
vt 0.899949 0.465135
vt 0.902520 0.469093
vt 0.905491 0.472761
vt 0.908829 0.476100
vt 0.912498 0.479069
vt 0.916457 0.481642
vt 0.920663 0.483784
vt 0.925070 0.485477
vt 0.929631 0.486699
vt 0.934293 0.487437
vt 0.939007 0.487684
vt 0.943252 0.482969
vt 0.947450 0.482304
vt 0.951556 0.481205
vt 0.955524 0.479682
vt 0.959312 0.477751
vt 0.962877 0.475436
vt 0.966180 0.472761
vt 0.969186 0.469757
vt 0.971861 0.466453
vt 0.974176 0.462887
vt 0.976106 0.459101
vt 0.977629 0.455133
vt 0.978729 0.451027
vt 0.979394 0.446827
vt 0.979616 0.442584
vt 0.979394 0.438339
vt 0.978729 0.434139
vt 0.977629 0.430034
vt 0.976106 0.426065
vt 0.974176 0.422279
vt 0.971861 0.418714
vt 0.969186 0.415410
vt 0.966180 0.412405
vt 0.962877 0.409730
vt 0.959312 0.407416
vt 0.955524 0.405484
vt 0.951556 0.403961
vt 0.947450 0.402862
vt 0.943252 0.402197
vt 0.939007 0.401974
vt 0.934763 0.402197
vt 0.930565 0.402862
vt 0.926459 0.403961
vt 0.922490 0.405484
vt 0.918703 0.407416
vt 0.915138 0.409730
vt 0.911835 0.412405
vt 0.908829 0.415410
vt 0.906154 0.418714
vt 0.903839 0.422279
vt 0.901909 0.426065
vt 0.900386 0.430034
vt 0.899286 0.434139
vt 0.898621 0.438339
vt 0.898399 0.442584
vt 0.898621 0.446827
vt 0.899286 0.451027
vt 0.900386 0.455133
vt 0.901909 0.459101
vt 0.903839 0.462887
vt 0.906154 0.466453
vt 0.908829 0.469757
vt 0.911835 0.472761
vt 0.915138 0.475436
vt 0.918703 0.477751
vt 0.922490 0.479682
vt 0.926459 0.481205
vt 0.930565 0.482304
vt 0.934763 0.482969
vt 0.939007 0.483193
vt 0.942736 0.478060
vt 0.946424 0.477476
vt 0.950031 0.476510
vt 0.953517 0.475172
vt 0.956843 0.473476
vt 0.959975 0.471443
vt 0.962877 0.469093
vt 0.965517 0.466453
vt 0.967867 0.463551
vt 0.969901 0.460420
vt 0.971596 0.457093
vt 0.972934 0.453606
vt 0.973900 0.450001
vt 0.974485 0.446312
vt 0.974680 0.442584
vt 0.974485 0.438854
vt 0.973900 0.435167
vt 0.972934 0.431561
vt 0.971596 0.428074
vt 0.969901 0.424747
vt 0.967867 0.421616
vt 0.965517 0.418714
vt 0.962877 0.416074
vt 0.959975 0.413724
vt 0.956843 0.411691
vt 0.953517 0.409994
vt 0.950031 0.408657
vt 0.946424 0.407691
vt 0.942736 0.407107
vt 0.939007 0.406910
vt 0.935279 0.407107
vt 0.931591 0.407691
vt 0.927984 0.408657
vt 0.924498 0.409994
vt 0.921171 0.411691
vt 0.918040 0.413724
vt 0.915138 0.416074
vt 0.912498 0.418714
vt 0.910148 0.421616
vt 0.908114 0.424747
vt 0.906419 0.428074
vt 0.905081 0.431561
vt 0.904115 0.435167
vt 0.903531 0.438854
vt 0.903335 0.442584
vt 0.903531 0.446312
vt 0.904115 0.450001
vt 0.905081 0.453606
vt 0.906419 0.457093
vt 0.908114 0.460420
vt 0.910148 0.463551
vt 0.912498 0.466453
vt 0.915138 0.469093
vt 0.918040 0.471443
vt 0.921171 0.473476
vt 0.924498 0.475172
vt 0.927984 0.476510
vt 0.931591 0.477476
vt 0.935279 0.478060
vt 0.939007 0.478256
vt 0.942179 0.472761
vt 0.945317 0.472265
vt 0.948385 0.471443
vt 0.951350 0.470304
vt 0.954180 0.468861
vt 0.956843 0.467133
vt 0.959312 0.465135
vt 0.961558 0.462887
vt 0.963557 0.460420
vt 0.965286 0.457756
vt 0.966729 0.454925
vt 0.967867 0.451960
vt 0.968689 0.448891
vt 0.969186 0.445756
vt 0.969352 0.442584
vt 0.969186 0.439411
vt 0.968689 0.436275
vt 0.967867 0.433207
vt 0.966729 0.430242
vt 0.965286 0.427410
vt 0.963557 0.424747
vt 0.961558 0.422279
vt 0.959312 0.420032
vt 0.956843 0.418033
vt 0.954180 0.416305
vt 0.951350 0.414863
vt 0.948385 0.413724
vt 0.945317 0.412901
vt 0.942179 0.412405
vt 0.939007 0.412239
vt 0.935836 0.412405
vt 0.932699 0.412901
vt 0.929631 0.413724
vt 0.926665 0.414863
vt 0.923835 0.416305
vt 0.921171 0.418033
vt 0.918703 0.420032
vt 0.916457 0.422279
vt 0.914458 0.424747
vt 0.912728 0.427410
vt 0.911286 0.430242
vt 0.910148 0.433207
vt 0.909326 0.436275
vt 0.908829 0.439411
vt 0.908663 0.442584
vt 0.908829 0.445756
vt 0.909326 0.448891
vt 0.910148 0.451960
vt 0.911286 0.454925
vt 0.912728 0.457756
vt 0.914458 0.460420
vt 0.916457 0.462887
vt 0.918703 0.465135
vt 0.921171 0.467133
vt 0.923835 0.468861
vt 0.926665 0.470304
vt 0.929631 0.471443
vt 0.932699 0.472265
vt 0.935836 0.472761
vt 0.939007 0.472928
vt 0.941588 0.467133
vt 0.944140 0.466728
vt 0.946636 0.466060
vt 0.949048 0.465135
vt 0.951350 0.463961
vt 0.953517 0.462554
vt 0.955524 0.460927
vt 0.957352 0.459101
vt 0.958978 0.457093
vt 0.960385 0.454925
vt 0.961558 0.452624
vt 0.962484 0.450212
vt 0.963153 0.447716
vt 0.963557 0.445164
vt 0.963692 0.442584
vt 0.963557 0.440002
vt 0.963153 0.437451
vt 0.962484 0.434954
vt 0.961558 0.432543
vt 0.960385 0.430242
vt 0.958978 0.428074
vt 0.957352 0.426065
vt 0.955524 0.424240
vt 0.953517 0.422613
vt 0.951350 0.421206
vt 0.949048 0.420032
vt 0.946636 0.419108
vt 0.944140 0.418439
vt 0.941588 0.418033
vt 0.939007 0.417898
vt 0.936427 0.418033
vt 0.933876 0.418439
vt 0.931380 0.419108
vt 0.928967 0.420032
vt 0.926665 0.421206
vt 0.924498 0.422613
vt 0.922490 0.424240
vt 0.920663 0.426065
vt 0.919037 0.428074
vt 0.917630 0.430242
vt 0.916457 0.432543
vt 0.915531 0.434954
vt 0.914863 0.437451
vt 0.914458 0.440002
vt 0.914323 0.442584
vt 0.914458 0.445164
vt 0.914863 0.447716
vt 0.915531 0.450212
vt 0.916457 0.452624
vt 0.917630 0.454925
vt 0.919037 0.457093
vt 0.920663 0.459101
vt 0.922490 0.460927
vt 0.924498 0.462554
vt 0.926665 0.463961
vt 0.928967 0.465135
vt 0.931380 0.466060
vt 0.933876 0.466728
vt 0.936427 0.467133
vt 0.939007 0.467268
vt 0.940968 0.461235
vt 0.942907 0.460927
vt 0.944803 0.460420
vt 0.946636 0.459716
vt 0.948385 0.458824
vt 0.950031 0.457756
vt 0.951556 0.456521
vt 0.952945 0.455133
vt 0.954180 0.453606
vt 0.955249 0.451960
vt 0.956140 0.450212
vt 0.956843 0.448378
vt 0.957352 0.446483
vt 0.957659 0.444543
vt 0.957762 0.442584
vt 0.957659 0.440623
vt 0.957352 0.438684
vt 0.956843 0.436788
vt 0.956140 0.434954
vt 0.955249 0.433207
vt 0.954180 0.431561
vt 0.952945 0.430034
vt 0.951556 0.428647
vt 0.950031 0.427410
vt 0.948385 0.426342
vt 0.946636 0.425450
vt 0.944803 0.424747
vt 0.942907 0.424240
vt 0.940968 0.423931
vt 0.939007 0.423830
vt 0.937048 0.423931
vt 0.935108 0.424240
vt 0.933213 0.424747
vt 0.931380 0.425450
vt 0.929631 0.426342
vt 0.927984 0.427410
vt 0.926459 0.428647
vt 0.925070 0.430034
vt 0.923835 0.431561
vt 0.922766 0.433207
vt 0.921875 0.434954
vt 0.921171 0.436788
vt 0.920663 0.438684
vt 0.920356 0.440623
vt 0.920253 0.442584
vt 0.920356 0.444543
vt 0.920663 0.446483
vt 0.921171 0.448378
vt 0.921875 0.450212
vt 0.922766 0.451960
vt 0.923835 0.453606
vt 0.925070 0.455133
vt 0.926459 0.456521
vt 0.927984 0.457756
vt 0.929631 0.458824
vt 0.931380 0.459716
vt 0.933213 0.460420
vt 0.935108 0.460927
vt 0.937048 0.461235
vt 0.939007 0.461336
vt 0.940327 0.455133
vt 0.941631 0.454925
vt 0.942907 0.454584
vt 0.944140 0.454111
vt 0.945317 0.453510
vt 0.946424 0.452791
vt 0.947450 0.451960
vt 0.948385 0.451027
vt 0.949216 0.450001
vt 0.949935 0.448891
vt 0.950535 0.447716
vt 0.951008 0.446483
vt 0.951350 0.445207
vt 0.951556 0.443902
vt 0.951626 0.442584
vt 0.951556 0.441265
vt 0.951350 0.439959
vt 0.951008 0.438684
vt 0.950535 0.437451
vt 0.949935 0.436275
vt 0.949216 0.435167
vt 0.948385 0.434139
vt 0.947450 0.433207
vt 0.946424 0.432375
vt 0.945317 0.431656
vt 0.944140 0.431057
vt 0.942907 0.430583
vt 0.941631 0.430242
vt 0.940327 0.430034
vt 0.939007 0.429965
vt 0.937689 0.430034
vt 0.936384 0.430242
vt 0.935108 0.430583
vt 0.933876 0.431057
vt 0.932699 0.431656
vt 0.931591 0.432375
vt 0.930565 0.433207
vt 0.929631 0.434139
vt 0.928800 0.435167
vt 0.928080 0.436275
vt 0.927481 0.437451
vt 0.927007 0.438684
vt 0.926665 0.439959
vt 0.926459 0.441265
vt 0.926389 0.442584
vt 0.926459 0.443902
vt 0.926665 0.445207
vt 0.927007 0.446483
vt 0.927481 0.447716
vt 0.928080 0.448891
vt 0.928800 0.450001
vt 0.929631 0.451027
vt 0.930565 0.451960
vt 0.931591 0.452791
vt 0.932699 0.453510
vt 0.933876 0.454111
vt 0.935108 0.454584
vt 0.936384 0.454925
vt 0.937689 0.455133
vt 0.939007 0.455202
vt 0.939007 0.442584
vt 0.177338 0.739361
vt 0.184009 0.738661
vt 0.182693 0.730346
vt 0.176132 0.731741
vt 0.180515 0.722216
vt 0.174136 0.724288
vt 0.177498 0.714357
vt 0.171371 0.717086
vt 0.173676 0.706857
vt 0.167869 0.710211
vt 0.169094 0.699798
vt 0.163667 0.703741
vt 0.163795 0.693256
vt 0.158810 0.697745
vt 0.157843 0.687305
vt 0.153355 0.692289
vt 0.151303 0.682007
vt 0.147360 0.687434
vt 0.144243 0.677422
vt 0.140888 0.683232
vt 0.136742 0.673601
vt 0.134015 0.679729
vt 0.128884 0.670585
vt 0.126810 0.676964
vt 0.120754 0.668406
vt 0.119359 0.674967
vt 0.112440 0.667089
vt 0.111737 0.673760
vt 0.104033 0.666649
vt 0.104033 0.673357
vt 0.095627 0.667089
vt 0.096330 0.673760
vt 0.087313 0.668406
vt 0.088708 0.674967
vt 0.079183 0.670585
vt 0.081257 0.676964
vt 0.071324 0.673601
vt 0.074053 0.679730
vt 0.063824 0.677422
vt 0.067179 0.683232
vt 0.056765 0.682006
vt 0.060708 0.687434
vt 0.050224 0.687305
vt 0.054712 0.692289
vt 0.044272 0.693256
vt 0.049258 0.697745
vt 0.038974 0.699798
vt 0.044403 0.703741
vt 0.034391 0.706857
vt 0.040199 0.710211
vt 0.030570 0.714358
vt 0.036696 0.717086
vt 0.027551 0.722216
vt 0.033931 0.724288
vt 0.025373 0.730346
vt 0.031936 0.731741
vt 0.024056 0.738661
vt 0.030729 0.739361
vt 0.023618 0.747066
vt 0.030326 0.747066
vt 0.024056 0.755471
vt 0.030729 0.754771
vt 0.025373 0.763785
vt 0.031936 0.762391
vt 0.027552 0.771916
vt 0.033931 0.769844
vt 0.030570 0.779774
vt 0.036696 0.777046
vt 0.034391 0.787274
vt 0.040199 0.783920
vt 0.038974 0.794334
vt 0.044403 0.790391
vt 0.044272 0.800876
vt 0.049258 0.796387
vt 0.050224 0.806827
vt 0.054712 0.801842
vt 0.056765 0.812125
vt 0.060708 0.806698
vt 0.063824 0.816709
vt 0.067179 0.810900
vt 0.071324 0.820531
vt 0.074053 0.814403
vt 0.079183 0.823547
vt 0.081257 0.817168
vt 0.087314 0.825726
vt 0.088708 0.819165
vt 0.095627 0.827042
vt 0.096330 0.820372
vt 0.104033 0.827483
vt 0.104033 0.820775
vt 0.112440 0.827042
vt 0.111737 0.820372
vt 0.120754 0.825726
vt 0.119359 0.819165
vt 0.128884 0.823547
vt 0.126810 0.817168
vt 0.136742 0.820531
vt 0.134015 0.814403
vt 0.144243 0.816709
vt 0.140888 0.810900
vt 0.151303 0.812125
vt 0.147360 0.806698
vt 0.157843 0.806827
vt 0.153355 0.801842
vt 0.163795 0.800876
vt 0.158810 0.796387
vt 0.169094 0.794334
vt 0.163667 0.790391
vt 0.173676 0.787275
vt 0.167869 0.783920
vt 0.177498 0.779774
vt 0.171371 0.777046
vt 0.180515 0.771916
vt 0.174136 0.769844
vt 0.182693 0.763785
vt 0.176132 0.762391
vt 0.184009 0.755471
vt 0.177338 0.754771
vt 0.184450 0.747066
vt 0.177742 0.747066
vt 0.576561 0.255042
vt 0.571081 0.255042
vt 0.571081 0.295843
vt 0.576561 0.295843
vt 0.582042 0.255042
vt 0.582042 0.295843
vt 0.587521 0.255042
vt 0.587521 0.295843
vt 0.593002 0.255042
vt 0.593002 0.295843
vt 0.598481 0.255042
vt 0.598481 0.295843
vt 0.603961 0.255042
vt 0.603961 0.295843
vt 0.609442 0.255042
vt 0.609442 0.295843
vt 0.614921 0.255042
vt 0.614921 0.295843
vt 0.620402 0.255042
vt 0.620402 0.295843
vt 0.625881 0.255042
vt 0.625881 0.295843
vt 0.631362 0.255042
vt 0.631362 0.295843
vt 0.636842 0.255042
vt 0.636842 0.295843
vt 0.642321 0.255042
vt 0.642321 0.295843
vt 0.647802 0.255042
vt 0.647802 0.295843
vt 0.653281 0.255042
vt 0.653281 0.295843
vt 0.658762 0.255042
vt 0.658762 0.295843
vt 0.664242 0.255042
vt 0.664242 0.295843
vt 0.669721 0.255042
vt 0.669721 0.295843
vt 0.675202 0.255042
vt 0.675202 0.295843
vt 0.680681 0.255042
vt 0.680681 0.295843
vt 0.686162 0.255042
vt 0.686162 0.295843
vt 0.691642 0.255042
vt 0.691642 0.295843
vt 0.697122 0.255042
vt 0.697122 0.295843
vt 0.702602 0.255042
vt 0.702602 0.295843
vt 0.708082 0.255042
vt 0.708082 0.295843
vt 0.713562 0.255042
vt 0.713562 0.295843
vt 0.390241 0.255042
vt 0.384761 0.255042
vt 0.384761 0.295843
vt 0.390241 0.295843
vt 0.395721 0.255042
vt 0.395721 0.295843
vt 0.401201 0.255042
vt 0.401201 0.295843
vt 0.406681 0.255042
vt 0.406681 0.295843
vt 0.412161 0.255042
vt 0.412161 0.295843
vt 0.417642 0.255042
vt 0.417642 0.295843
vt 0.423121 0.255042
vt 0.423121 0.295843
vt 0.428602 0.255042
vt 0.428602 0.295843
vt 0.434081 0.255042
vt 0.434081 0.295843
vt 0.439561 0.255042
vt 0.439561 0.295843
vt 0.445041 0.255042
vt 0.445041 0.295843
vt 0.450521 0.255042
vt 0.450521 0.295843
vt 0.456001 0.255042
vt 0.456001 0.295843
vt 0.461481 0.255042
vt 0.461481 0.295843
vt 0.466961 0.255042
vt 0.466961 0.295843
vt 0.472442 0.255042
vt 0.472442 0.295843
vt 0.477921 0.255042
vt 0.477921 0.295843
vt 0.483402 0.255042
vt 0.483402 0.295843
vt 0.488881 0.255042
vt 0.488881 0.295843
vt 0.494361 0.255042
vt 0.494361 0.295843
vt 0.499841 0.255042
vt 0.499841 0.295843
vt 0.505321 0.255042
vt 0.505321 0.295843
vt 0.510801 0.255042
vt 0.510801 0.295843
vt 0.516281 0.255042
vt 0.516281 0.295843
vt 0.521762 0.255042
vt 0.521762 0.295843
vt 0.527241 0.255042
vt 0.527241 0.295843
vt 0.532722 0.255042
vt 0.538202 0.255042
vt 0.543682 0.255042
vt 0.549161 0.255042
vt 0.554641 0.255042
vt 0.560121 0.255042
vt 0.565601 0.255042
vt 0.508586 0.521970
vt 0.533281 0.521970
vt 0.533281 0.402577
vt 0.508582 0.402577
vt 0.557977 0.402577
vt 0.557977 0.521970
vt 0.573130 0.402577
vt 0.573132 0.521970
vt 0.702130 0.523398
vt 0.683835 0.523398
vt 0.683836 0.642791
vt 0.702132 0.642791
vt 0.719243 0.523398
vt 0.719243 0.642791
vt 0.331355 0.238354
vt 0.337201 0.238353
vt 0.337198 0.200957
vt 0.331352 0.200957
vt 0.325509 0.238354
vt 0.325506 0.200958
vt 0.319663 0.238355
vt 0.319661 0.200958
vt 0.313817 0.238355
vt 0.313815 0.200959
vt 0.307972 0.238355
vt 0.307970 0.200959
vt 0.302125 0.238356
vt 0.302124 0.200959
vt 0.296279 0.238356
vt 0.296277 0.200960
vt 0.290433 0.238356
vt 0.290432 0.200960
vt 0.284587 0.238356
vt 0.284586 0.200960
vt 0.278740 0.238356
vt 0.278740 0.200960
vt 0.272894 0.238356
vt 0.272894 0.200960
vt 0.267048 0.238356
vt 0.267048 0.200960
vt 0.261202 0.238356
vt 0.261202 0.200960
vt 0.255355 0.238356
vt 0.255356 0.200960
vt 0.249509 0.238356
vt 0.249511 0.200960
vt 0.243663 0.238356
vt 0.243665 0.200959
vt 0.237816 0.238355
vt 0.237818 0.200959
vt 0.231971 0.238355
vt 0.231973 0.200959
vt 0.226125 0.238355
vt 0.226127 0.200958
vt 0.220279 0.238354
vt 0.220282 0.200958
vt 0.214433 0.238354
vt 0.214436 0.200957
vt 0.208587 0.238353
vt 0.208591 0.200957
vt 0.202742 0.238352
vt 0.202745 0.200956
vt 0.196896 0.238352
vt 0.196900 0.200955
vt 0.191051 0.238352
vt 0.191055 0.200955
vt 0.185206 0.238351
vt 0.185209 0.200954
vt 0.179361 0.238350
vt 0.179364 0.200954
vt 0.173516 0.238349
vt 0.173520 0.200953
vt 0.167671 0.238349
vt 0.167675 0.200952
vt 0.161827 0.238348
vt 0.161830 0.200952
vt 0.155982 0.238348
vt 0.155985 0.200951
vt 0.150137 0.238347
vt 0.150140 0.200951
vt 0.144293 0.238346
vt 0.144296 0.200951
vt 0.138448 0.238346
vt 0.138451 0.200950
vt 0.132605 0.238346
vt 0.132607 0.200950
vt 0.126761 0.238346
vt 0.126762 0.200950
vt 0.120916 0.238346
vt 0.120918 0.200949
vt 0.115072 0.238345
vt 0.115074 0.200949
vt 0.109228 0.238345
vt 0.109229 0.200949
vt 0.103384 0.238345
vt 0.103385 0.200949
vt 0.097541 0.238345
vt 0.097541 0.200949
vt 0.091696 0.238345
vt 0.091696 0.200949
vt 0.085853 0.238345
vt 0.085852 0.200949
vt 0.080008 0.238345
vt 0.080007 0.200949
vt 0.074165 0.238346
vt 0.074163 0.200949
vt 0.068321 0.238346
vt 0.068319 0.200950
vt 0.062476 0.238346
vt 0.062474 0.200950
vt 0.056632 0.238346
vt 0.056630 0.200950
vt 0.050788 0.238347
vt 0.050785 0.200951
vt 0.044944 0.238347
vt 0.044941 0.200951
vt 0.039099 0.238348
vt 0.039095 0.200951
vt 0.033255 0.238348
vt 0.033251 0.200952
vt 0.662375 0.523398
vt 0.645260 0.523398
vt 0.645260 0.642791
vt 0.662375 0.642791
vt 0.680668 0.523398
vt 0.680665 0.642791
vt 0.493426 0.402577
vt 0.493424 0.521970
vt 0.193265 0.650082
vt 0.193265 0.257809
vt 0.187911 0.257809
vt 0.187911 0.650082
vt 0.198620 0.650082
vt 0.198620 0.257809
vt 0.203974 0.650082
vt 0.203974 0.257809
vt 0.209329 0.650082
vt 0.209329 0.257809
vt 0.214683 0.650082
vt 0.214683 0.257809
vt 0.220038 0.650082
vt 0.220038 0.257809
vt 0.225392 0.650082
vt 0.225392 0.257809
vt 0.230747 0.650082
vt 0.230747 0.257809
vt 0.236101 0.650082
vt 0.236101 0.257809
vt 0.241455 0.650082
vt 0.241455 0.257809
vt 0.246810 0.650082
vt 0.246810 0.257809
vt 0.252164 0.650082
vt 0.252164 0.257809
vt 0.257519 0.650082
vt 0.257519 0.257809
vt 0.262873 0.650082
vt 0.262873 0.257809
vt 0.268228 0.650082
vt 0.268228 0.257809
vt 0.273583 0.650082
vt 0.273583 0.257809
vt 0.278937 0.650082
vt 0.278937 0.257809
vt 0.284291 0.650082
vt 0.284291 0.257809
vt 0.289646 0.650082
vt 0.289645 0.257809
vt 0.295000 0.650082
vt 0.295000 0.257809
vt 0.300355 0.650082
vt 0.300355 0.257809
vt 0.305709 0.650082
vt 0.305709 0.257809
vt 0.311064 0.650082
vt 0.311064 0.257809
vt 0.316417 0.650082
vt 0.316417 0.257809
vt 0.321772 0.650082
vt 0.321772 0.257809
vt 0.327127 0.650082
vt 0.327127 0.257809
vt 0.332481 0.650082
vt 0.332481 0.257809
vt 0.337836 0.650082
vt 0.337836 0.257809
vt 0.343190 0.650082
vt 0.343190 0.257809
vt 0.348545 0.650082
vt 0.348545 0.257809
vt 0.032632 0.650082
vt 0.032632 0.257809
vt 0.027278 0.257809
vt 0.027278 0.650082
vt 0.037986 0.650082
vt 0.037986 0.257809
vt 0.043340 0.650082
vt 0.043341 0.257809
vt 0.048695 0.650082
vt 0.048695 0.257809
vt 0.054049 0.650082
vt 0.054049 0.257809
vt 0.059405 0.650082
vt 0.059404 0.257809
vt 0.064758 0.650082
vt 0.064758 0.257809
vt 0.070113 0.650082
vt 0.070113 0.257809
vt 0.075467 0.650082
vt 0.075467 0.257809
vt 0.080821 0.650082
vt 0.080821 0.257809
vt 0.086176 0.650082
vt 0.086176 0.257809
vt 0.091530 0.650082
vt 0.091530 0.257809
vt 0.096885 0.650082
vt 0.096885 0.257809
vt 0.102239 0.650082
vt 0.102239 0.257809
vt 0.107593 0.650082
vt 0.107594 0.257809
vt 0.112949 0.650082
vt 0.112949 0.257809
vt 0.118303 0.650082
vt 0.118303 0.257809
vt 0.123658 0.650082
vt 0.123658 0.257809
vt 0.129011 0.650082
vt 0.129011 0.257809
vt 0.134366 0.650082
vt 0.134366 0.257809
vt 0.139720 0.650082
vt 0.139721 0.257809
vt 0.145075 0.650082
vt 0.145075 0.257809
vt 0.150429 0.650082
vt 0.150429 0.257809
vt 0.155784 0.650082
vt 0.155784 0.257809
vt 0.161139 0.650082
vt 0.161139 0.257809
vt 0.166493 0.650082
vt 0.166493 0.257809
vt 0.171848 0.650082
vt 0.171848 0.257809
vt 0.177202 0.650082
vt 0.177202 0.257809
vt 0.182556 0.650082
vt 0.182556 0.257809
vt 0.354733 0.200955
vt 0.360578 0.200954
vt 0.348888 0.200955
vt 0.343043 0.200956
vt 0.027406 0.200952
vt 0.021561 0.200953
vt 0.015716 0.200954
vt 0.009869 0.177599
vt 0.009871 0.200954
vt 0.748176 0.681297
vt 0.744088 0.681299
vt 0.743098 0.700263
vt 0.748176 0.700209
vt 0.792438 0.662392
vt 0.787359 0.662337
vt 0.788350 0.681300
vt 0.792438 0.681300
vt 0.787359 0.700264
vt 0.792438 0.700211
vt 0.748176 0.662388
vt 0.743098 0.662335
vt 0.784388 0.719019
vt 0.792438 0.718911
vt 0.748176 0.643689
vt 0.740126 0.643580
vt 0.779474 0.737362
vt 0.785671 0.737208
vt 0.741409 0.625394
vt 0.735212 0.625237
vt 0.772667 0.755090
vt 0.777764 0.754318
vt 0.636997 0.642791
vt 0.642093 0.642791
vt 0.642093 0.523398
vt 0.636997 0.523398
vt 0.733502 0.608281
vt 0.728405 0.607509
vt 0.633830 0.523398
vt 0.628732 0.523398
vt 0.628732 0.642791
vt 0.633830 0.642791
vt 0.777764 0.608281
vt 0.772667 0.607509
vt 0.779474 0.625239
vt 0.785671 0.625396
vt 0.741409 0.737203
vt 0.735212 0.737361
vt 0.728405 0.755090
vt 0.733502 0.754318
vt 0.784388 0.643582
vt 0.792438 0.643686
vt 0.748176 0.718910
vt 0.740126 0.719017
vt 0.754921 0.681297
vt 0.754921 0.700209
vt 0.799183 0.662392
vt 0.799183 0.681300
vt 0.799183 0.700211
vt 0.754921 0.662388
vt 0.799183 0.718911
vt 0.618821 0.642791
vt 0.625565 0.642791
vt 0.625565 0.523398
vt 0.618821 0.523398
vt 0.754921 0.643689
vt 0.588973 0.523398
vt 0.582229 0.523398
vt 0.582229 0.642791
vt 0.588973 0.642791
vt 0.799183 0.643686
vt 0.754921 0.718910
vt 0.765320 0.681297
vt 0.762189 0.681297
vt 0.762189 0.703102
vt 0.765320 0.704349
vt 0.812523 0.657082
vt 0.809582 0.658254
vt 0.809582 0.681301
vt 0.812523 0.681301
vt 0.809582 0.704352
vt 0.812523 0.705523
vt 0.765320 0.658247
vt 0.762189 0.659494
vt 0.611553 0.642791
vt 0.611553 0.523398
vt 0.596241 0.523398
vt 0.596241 0.642791
vt 0.576177 0.521970
vt 0.576175 0.402577
vt 0.605480 0.523398
vt 0.605480 0.642791
vt 0.608421 0.642791
vt 0.608421 0.523398
vt 0.599373 0.642791
vt 0.599373 0.523398
vt 0.602314 0.642791
vt 0.602314 0.523398
vt 0.490381 0.402577
vt 0.490378 0.521970
vt 0.809582 0.725622
vt 0.812523 0.724199
vt 0.765320 0.636980
vt 0.762189 0.637935
vt 0.812523 0.638400
vt 0.809582 0.636976
vt 0.762189 0.724666
vt 0.765320 0.725621
vt 0.806450 0.637932
vt 0.806450 0.659499
vt 0.806450 0.681301
vt 0.806450 0.703106
vt 0.806450 0.724667
vt 0.813716 0.705998
vt 0.813716 0.721154
vt 0.813716 0.681302
vt 0.813716 0.656607
vt 0.813716 0.641445
vt 0.768261 0.724197
vt 0.769454 0.721151
vt 0.769454 0.705995
vt 0.768261 0.705521
vt 0.769454 0.681297
vt 0.768261 0.681297
vt 0.769454 0.656601
vt 0.768261 0.657077
vt 0.769454 0.641448
vt 0.768261 0.638403
vt 0.506608 0.675470
vt 0.531303 0.675470
vt 0.531303 0.531648
vt 0.506605 0.531648
vt 0.555999 0.531648
vt 0.555999 0.675470
vt 0.571152 0.531648
vt 0.571155 0.675470
vt 0.461670 0.402861
vt 0.443374 0.402861
vt 0.443376 0.546684
vt 0.461673 0.546684
vt 0.478783 0.402861
vt 0.478783 0.546684
vt 0.421915 0.402861
vt 0.404800 0.402861
vt 0.404800 0.546684
vt 0.421915 0.546684
vt 0.440208 0.402861
vt 0.440205 0.546684
vt 0.491448 0.531648
vt 0.491446 0.675470
vt 0.836700 0.681297
vt 0.832612 0.681299
vt 0.831621 0.700263
vt 0.836700 0.700209
vt 0.457147 0.606113
vt 0.452068 0.606058
vt 0.453059 0.625021
vt 0.457147 0.625021
vt 0.452068 0.643985
vt 0.457147 0.643932
vt 0.836700 0.662388
vt 0.831621 0.662335
vt 0.449097 0.662741
vt 0.457147 0.662632
vt 0.836700 0.643689
vt 0.828650 0.643580
vt 0.444182 0.681083
vt 0.450379 0.680929
vt 0.829932 0.625394
vt 0.823736 0.625237
vt 0.437376 0.698811
vt 0.442473 0.698040
vt 0.429112 0.698811
vt 0.434209 0.698811
vt 0.434209 0.554988
vt 0.429112 0.554988
vt 0.822026 0.608281
vt 0.816929 0.607509
vt 0.425945 0.554988
vt 0.420848 0.554988
vt 0.420848 0.698811
vt 0.425945 0.698811
vt 0.442473 0.552002
vt 0.437375 0.551231
vt 0.444182 0.568960
vt 0.450379 0.569118
vt 0.829932 0.737203
vt 0.823736 0.737361
vt 0.816929 0.755090
vt 0.822026 0.754318
vt 0.449097 0.587303
vt 0.457147 0.587407
vt 0.836700 0.718910
vt 0.828650 0.719017
vt 0.843445 0.681297
vt 0.843445 0.700209
vt 0.463891 0.606113
vt 0.463891 0.625021
vt 0.463891 0.643932
vt 0.843445 0.662388
vt 0.463891 0.662632
vt 0.394888 0.546684
vt 0.401633 0.546684
vt 0.401633 0.402861
vt 0.394888 0.402861
vt 0.843445 0.643689
vt 0.365041 0.402861
vt 0.358296 0.402861
vt 0.358296 0.546684
vt 0.365041 0.546684
vt 0.463891 0.587407
vt 0.843445 0.718910
vt 0.853844 0.681297
vt 0.850713 0.681297
vt 0.850713 0.703102
vt 0.853844 0.704349
vt 0.477232 0.600803
vt 0.474291 0.601975
vt 0.474291 0.625022
vt 0.477232 0.625022
vt 0.474291 0.648073
vt 0.477232 0.649244
vt 0.853844 0.658247
vt 0.850713 0.659494
vt 0.387620 0.546684
vt 0.387620 0.402861
vt 0.372309 0.402861
vt 0.372309 0.546684
vt 0.574199 0.675470
vt 0.574197 0.531648
vt 0.381548 0.402861
vt 0.381548 0.546684
vt 0.384489 0.546684
vt 0.384489 0.402861
vt 0.375440 0.546684
vt 0.375440 0.402861
vt 0.378381 0.546684
vt 0.378381 0.402861
vt 0.488403 0.531648
vt 0.488401 0.675470
vt 0.474291 0.669343
vt 0.477232 0.667920
vt 0.853844 0.636980
vt 0.850713 0.637935
vt 0.477232 0.582121
vt 0.474291 0.580698
vt 0.850713 0.724666
vt 0.853844 0.725621
vt 0.471159 0.581653
vt 0.471159 0.603220
vt 0.471159 0.625022
vt 0.471159 0.646827
vt 0.471159 0.668388
vt 0.478425 0.649720
vt 0.478425 0.664875
vt 0.478425 0.625023
vt 0.478425 0.600328
vt 0.478425 0.585167
vt 0.856785 0.724197
vt 0.857978 0.721151
vt 0.857978 0.705995
vt 0.856785 0.705521
vt 0.857978 0.681297
vt 0.856785 0.681297
vt 0.857978 0.656601
vt 0.856785 0.657077
vt 0.857978 0.641448
vt 0.856785 0.638403
s 0
usemtl Missile_Gray
f 874/871/94 871/872/94 872/873/94
f 872/873/94 873/874/94 874/871/94
f 876/875/94 875/876/94 871/872/94
f 871/872/94 874/871/94 876/875/94
f 878/877/94 877/878/94 875/876/94
f 875/876/94 876/875/94 878/877/94
f 880/879/94 879/880/94 877/878/94
f 877/878/94 878/877/94 880/879/94
f 882/881/94 881/882/94 879/880/94
f 879/880/94 880/879/94 882/881/94
f 884/883/94 883/884/94 881/882/94
f 881/882/94 882/881/94 884/883/94
f 886/885/94 885/886/94 883/884/94
f 883/884/94 884/883/94 886/885/94
f 888/887/94 887/888/94 885/886/94
f 885/886/94 886/885/94 888/887/94
f 890/889/94 889/890/94 887/888/94
f 887/888/94 888/887/94 890/889/94
f 892/891/94 891/892/94 889/890/94
f 889/890/94 890/889/94 892/891/94
f 894/893/94 893/894/94 891/892/94
f 891/892/94 892/891/94 894/893/94
f 896/895/94 895/896/94 893/894/94
f 893/894/94 894/893/94 896/895/94
f 898/897/94 897/898/94 895/896/94
f 895/896/94 896/895/94 898/897/94
f 900/899/94 899/900/94 897/898/94
f 897/898/94 898/897/94 900/899/94
f 902/901/94 901/902/94 899/900/94
f 899/900/94 900/899/94 902/901/94
s 1
f 906/903/784 903/904/785 904/905/786
f 904/905/786 905/906/787 906/903/784
f 905/906/787 904/905/786 907/907/788
f 907/907/788 908/908/789 905/906/787
f 908/908/789 907/907/788 909/909/790
f 909/909/790 910/910/791 908/908/789
f 910/910/791 909/909/790 911/911/792
f 911/911/792 912/912/793 910/910/791
f 912/912/793 911/911/792 913/913/794
f 913/913/794 914/914/795 912/912/793
f 914/914/795 913/913/794 915/915/796
f 915/915/796 916/916/797 914/914/795
f 916/916/797 915/915/796 917/917/798
f 917/917/798 918/918/799 916/916/797
f 922/919/800 919/920/801 920/921/802
f 920/921/802 921/922/803 922/919/800
f 921/922/803 920/921/802 923/923/804
f 923/923/804 924/924/805 921/922/803
f 924/924/805 923/923/804 925/925/806
f 925/925/806 926/926/807 924/924/805
f 926/926/807 925/925/806 927/927/808
f 927/927/808 928/928/809 926/926/807
f 928/928/809 927/927/808 929/929/810
f 929/929/810 930/930/811 928/928/809
f 930/930/811 929/929/810 931/931/812
f 931/931/812 932/932/813 930/930/811
f 932/932/813 931/931/812 933/933/814
f 933/933/814 934/934/815 932/932/813
s 0
f 935/935/94 936/936/94 937/937/94
f 938/938/94 935/935/94 937/937/94
f 939/939/94 938/938/94 937/937/94
f 940/940/94 939/939/94 937/937/94
f 941/941/94 940/940/94 937/937/94
f 942/942/94 941/941/94 937/937/94
f 943/943/94 942/942/94 937/937/94
f 944/944/94 943/943/94 937/937/94
f 945/945/94 944/944/94 937/937/94
f 946/946/94 945/945/94 937/937/94
f 947/947/94 946/946/94 937/937/94
f 948/948/94 947/947/94 937/937/94
f 949/949/94 948/948/94 937/937/94
f 950/950/94 949/949/94 937/937/94
f 951/951/94 950/950/94 937/937/94
s 1
f 955/952/816 952/953/817 953/954/818
f 953/954/818 954/955/819 955/952/816
f 959/874/820 956/936/820 957/935/821
f 957/935/821 958/871/821 959/874/820
f 961/956/822 960/957/823 952/953/817
f 952/953/817 955/952/816 961/956/822
f 958/871/821 957/935/821 962/938/824
f 962/938/824 963/875/825 958/871/821
f 965/958/826 964/959/827 960/957/823
f 960/957/823 961/956/822 965/958/826
f 963/875/825 962/938/824 966/939/828
f 966/939/828 967/877/829 963/875/825
f 969/960/830 968/961/831 964/959/827
f 964/959/827 965/958/826 969/960/830
f 967/877/829 966/939/828 970/940/832
f 970/940/832 971/879/833 967/877/829
f 973/962/834 972/963/835 968/961/831
f 968/961/831 969/960/830 973/962/834
f 971/879/833 970/940/832 974/941/836
f 974/941/836 975/881/837 971/879/833
f 977/964/838 976/965/839 972/963/835
f 972/963/835 973/962/834 977/964/838
f 975/881/837 974/941/836 978/942/840
f 978/942/840 979/883/841 975/881/837
f 981/966/842 980/967/843 976/965/839
f 976/965/839 977/964/838 981/966/842
f 979/883/841 978/942/840 982/943/844
f 982/943/844 983/885/845 979/883/841
f 985/968/846 984/969/847 980/967/843
f 980/967/843 981/966/842 985/968/846
f 983/885/845 982/943/844 986/944/848
f 986/944/848 987/887/849 983/885/845
f 989/970/850 988/971/851 984/969/847
f 984/969/847 985/968/846 989/970/850
f 987/887/849 986/944/848 990/945/852
f 990/945/852 991/889/853 987/887/849
f 993/972/854 992/973/855 988/971/851
f 988/971/851 989/970/850 993/972/854
f 991/889/853 990/945/852 994/946/856
f 994/946/856 995/891/857 991/889/853
f 997/974/858 996/975/859 992/973/855
f 992/973/855 993/972/854 997/974/858
f 995/891/857 994/946/856 998/947/860
f 998/947/860 999/893/861 995/891/857
f 1001/976/862 1000/977/863 996/975/859
f 996/975/859 997/974/858 1001/976/862
f 999/893/861 998/947/860 1002/948/864
f 1002/948/864 1003/895/865 999/893/861
f 1005/978/866 1004/979/867 1000/977/863
f 1000/977/863 1001/976/862 1005/978/866
f 1003/895/865 1002/948/864 1006/949/868
f 1006/949/868 1007/897/869 1003/895/865
f 1009/980/870 1008/981/871 1004/979/867
f 1004/979/867 1005/978/866 1009/980/870
f 1007/897/869 1006/949/868 1010/950/872
f 1010/950/872 1011/899/873 1007/897/869
f 1013/982/874 1012/983/875 1008/981/871
f 1008/981/871 1009/980/870 1013/982/874
f 1011/899/873 1010/950/872 1014/951/876
f 1014/951/876 1015/901/877 1011/899/873
f 1017/984/878 953/954/818 952/953/817
f 952/953/817 1016/985/879 1017/984/878
f 1016/985/879 952/953/817 960/957/823
f 960/957/823 1018/986/880 1016/985/879
f 1018/986/880 960/957/823 964/959/827
f 964/959/827 1019/987/881 1018/986/880
f 1019/987/881 964/959/827 968/961/831
f 968/961/831 1020/988/882 1019/987/881
f 1020/988/882 968/961/831 972/963/835
f 972/963/835 1021/989/883 1020/988/882
f 1021/989/883 972/963/835 976/965/839
f 976/965/839 1022/990/884 1021/989/883
f 1022/990/884 976/965/839 980/967/843
f 980/967/843 1023/991/798 1022/990/884
s 0
f 1027/992/885 1024/993/885 1025/994/885
f 1025/994/886 1026/995/886 1027/992/886
s 1
f 1029/996/887 984/969/847 988/971/851
f 988/971/851 1028/997/888 1029/996/887
f 1028/997/888 988/971/851 992/973/855
f 992/973/855 1030/998/889 1028/997/888
f 1030/998/889 992/973/855 996/975/859
f 996/975/859 1031/999/890 1030/998/889
f 1031/999/890 996/975/859 1000/977/863
f 1000/977/863 1032/1000/891 1031/999/890
f 1032/1000/891 1000/977/863 1004/979/867
f 1004/979/867 1033/1001/892 1032/1000/891
f 1033/1001/892 1004/979/867 1008/981/871
f 1008/981/871 1034/1002/893 1033/1001/892
f 1034/1002/893 1008/981/871 1012/983/875
f 1012/983/875 1035/1003/894 1034/1002/893
f 1039/1004/813 1036/1005/815 1037/1006/895
f 1041/1008/811 1039/1004/813 1038/1007/896
f 1043/1010/809 1041/1008/811 1040/1009/897
f 1045/1012/899 1043/1010/809 1042/1011/898
f 1047/1014/805 1045/1012/899 1044/1013/900
f 1049/1016/803 1047/1014/805 1046/1015/901
f 1051/1018/903 1049/1016/803 1048/1017/902
s 0
f 1055/1020/905 1052/1021/905 1053/1022/905
f 1053/1022/906 1054/1023/906 1055/1020/906
s 1
f 1059/1024/797 1056/1025/907 1057/1026/908
f 1061/1028/795 1059/1024/797 1058/1027/909
f 1063/1030/793 1061/1028/795 1060/1029/910
f 1065/1032/791 1063/1030/793 1062/1031/911
f 1067/1034/789 1065/1032/791 1064/1033/912
f 1069/1036/787 1067/1034/789 1066/1035/913
f 1073/1038/784 1070/1039/787 1071/1040/914
s 0
f 1077/1021/916 1074/1042/916 1075/1043/916
f 1083/1048/918 1084/1049/918 1085/1047/918
f 1089/1050/94 1086/1051/94 1087/1052/94
f 1087/1052/94 1088/1053/94 1089/1050/94
f 1093/1054/905 1090/1055/905 1091/992/905
f 1091/992/905 1092/995/905 1093/1054/905
f 1097/1056/919 1094/1057/919 1095/1058/919
f 1095/1058/920 1096/1059/920 1097/1056/920
s 1
f 1101/1060/921 1098/1061/922 1099/1062/923
f 1099/1062/923 1100/1063/924 1101/1060/921
f 1105/992/925 1102/1064/926 1103/1065/927
f 1103/1065/927 1104/993/928 1105/992/925
f 1107/1055/929 1106/1066/929 1102/1064/926
f 1102/1064/926 1105/992/925 1107/1055/929
f 1100/1063/924 1099/1062/923 1108/1067/930
f 1108/1067/930 1109/1068/930 1100/1063/924
s 0
f 1113/1069/931 1110/1070/931 1111/1071/931
f 1111/1071/931 1112/1072/931 1113/1069/931
f 1117/1073/94 1114/1074/94 1115/1075/94
f 1115/1075/94 1116/1076/94 1117/1073/94
f 1119/1077/94 1118/1078/94 1114/1074/94
f 1114/1074/94 1117/1073/94 1119/1077/94
f 1121/1079/94 1120/1080/94 1118/1078/94
f 1118/1078/94 1119/1077/94 1121/1079/94
f 1123/1081/94 1122/1082/94 1120/1080/94
f 1120/1080/94 1121/1079/94 1123/1081/94
f 1125/1083/94 1124/1084/94 1122/1082/94
f 1122/1082/94 1123/1081/94 1125/1083/94
f 1127/1085/94 1126/1086/94 1124/1084/94
f 1124/1084/94 1125/1083/94 1127/1085/94
f 1129/1087/94 1128/1088/94 1126/1086/94
f 1126/1086/94 1127/1085/94 1129/1087/94
f 1131/1089/94 1130/1090/94 1128/1088/94
f 1128/1088/94 1129/1087/94 1131/1089/94
f 1133/1091/94 1132/1092/94 1130/1090/94
f 1130/1090/94 1131/1089/94 1133/1091/94
f 1135/1093/94 1134/1094/94 1132/1092/94
f 1132/1092/94 1133/1091/94 1135/1093/94
f 1137/1095/94 1136/1096/94 1134/1094/94
f 1134/1094/94 1135/1093/94 1137/1095/94
f 1139/1097/94 1138/1098/94 1136/1096/94
f 1136/1096/94 1137/1095/94 1139/1097/94
f 1141/1099/94 1140/1100/94 1138/1098/94
f 1138/1098/94 1139/1097/94 1141/1099/94
f 1143/1101/94 1142/1102/94 1140/1100/94
f 1140/1100/94 1141/1099/94 1143/1101/94
f 873/874/94 872/873/94 1142/1102/94
f 1142/1102/94 1143/1101/94 873/874/94
s 1
f 1147/1103/932 1144/1104/933 1145/1105/934
f 1145/1105/934 1146/1106/935 1147/1103/932
f 1146/1106/935 1145/1105/934 1148/1107/936
f 1148/1107/936 1149/1108/937 1146/1106/935
f 1149/1108/937 1148/1107/936 1150/1109/938
f 1150/1109/938 1151/1110/939 1149/1108/937
f 1151/1110/939 1150/1109/938 1152/1111/940
f 1152/1111/940 1153/1112/941 1151/1110/939
f 1153/1112/941 1152/1111/940 1154/1113/942
f 1154/1113/942 1155/1114/943 1153/1112/941
f 1155/1114/943 1154/1113/942 1156/1115/944
f 1156/1115/944 1157/1116/945 1155/1114/943
f 1157/1116/945 1156/1115/944 1158/1117/946
f 1158/1117/946 1159/1118/947 1157/1116/945
f 1163/1119/948 1160/1120/949 1161/1121/950
f 1161/1121/950 1162/1122/951 1163/1119/948
f 1162/1122/951 1161/1121/950 1164/1123/952
f 1164/1123/952 1165/1124/953 1162/1122/951
f 1165/1124/953 1164/1123/952 1166/1125/954
f 1166/1125/954 1167/1126/955 1165/1124/953
f 1167/1126/955 1166/1125/954 1168/1127/956
f 1168/1127/956 1169/1128/957 1167/1126/955
f 1169/1128/957 1168/1127/956 1170/1129/958
f 1170/1129/958 1171/1130/959 1169/1128/957
f 1171/1130/959 1170/1129/958 1172/1131/960
f 1172/1131/960 1173/1132/961 1171/1130/959
f 1173/1132/961 1172/1131/960 903/904/785
f 903/904/785 906/903/784 1173/1132/961
s 0
f 1174/1133/94 1175/1134/94 937/937/94
f 1176/1135/94 1174/1133/94 937/937/94
f 1177/1136/94 1176/1135/94 937/937/94
f 1178/1137/94 1177/1136/94 937/937/94
f 1179/1138/94 1178/1137/94 937/937/94
f 1180/1139/94 1179/1138/94 937/937/94
f 1181/1140/94 1180/1139/94 937/937/94
f 1182/1141/94 1181/1140/94 937/937/94
f 1183/1142/94 1182/1141/94 937/937/94
f 1184/1143/94 1183/1142/94 937/937/94
f 1185/1144/94 1184/1143/94 937/937/94
f 1186/1145/94 1185/1144/94 937/937/94
f 1187/1146/94 1186/1145/94 937/937/94
f 1188/1147/94 1187/1146/94 937/937/94
f 936/936/94 1188/1147/94 937/937/94
s 1
f 1192/1148/962 1189/1149/963 1190/1150/964
f 1190/1150/964 1191/1151/965 1192/1148/962
f 1196/1076/874 1193/1134/966 1194/1133/967
f 1194/1133/967 1195/1073/968 1196/1076/874
f 1198/1152/969 1197/1153/970 1189/1149/963
f 1189/1149/963 1192/1148/962 1198/1152/969
f 1195/1073/968 1194/1133/967 1199/1135/971
f 1199/1135/971 1200/1077/972 1195/1073/968
f 1202/1154/973 1201/1155/974 1197/1153/970
f 1197/1153/970 1198/1152/969 1202/1154/973
f 1200/1077/972 1199/1135/971 1203/1136/975
f 1203/1136/975 1204/1079/976 1200/1077/972
f 1206/1156/977 1205/1157/978 1201/1155/974
f 1201/1155/974 1202/1154/973 1206/1156/977
f 1204/1079/976 1203/1136/975 1207/1137/979
f 1207/1137/979 1208/1081/979 1204/1079/976
f 1210/1158/980 1209/1159/981 1205/1157/978
f 1205/1157/978 1206/1156/977 1210/1158/980
f 1208/1081/979 1207/1137/979 1211/1138/982
f 1211/1138/982 1212/1083/983 1208/1081/979
f 1214/1160/984 1213/1161/985 1209/1159/981
f 1209/1159/981 1210/1158/980 1214/1160/984
f 1212/1083/983 1211/1138/982 1215/1139/986
f 1215/1139/986 1216/1085/986 1212/1083/983
f 1218/1162/987 1217/1163/988 1213/1161/985
f 1213/1161/985 1214/1160/984 1218/1162/987
f 1216/1085/986 1215/1139/986 1219/1140/989
f 1219/1140/989 1220/1087/990 1216/1085/986
f 1222/1164/991 1221/1165/992 1217/1163/988
f 1217/1163/988 1218/1162/987 1222/1164/991
f 1220/1087/990 1219/1140/989 1223/1141/993
f 1223/1141/993 1224/1089/994 1220/1087/990
f 1226/1166/995 1225/1167/996 1221/1165/992
f 1221/1165/992 1222/1164/991 1226/1166/995
f 1224/1089/994 1223/1141/993 1227/1142/997
f 1227/1142/997 1228/1091/998 1224/1089/994
f 1230/1168/999 1229/1169/1000 1225/1167/996
f 1225/1167/996 1226/1166/995 1230/1168/999
f 1228/1091/998 1227/1142/997 1231/1143/1001
f 1231/1143/1001 1232/1093/1002 1228/1091/998
f 1234/1170/1003 1233/1171/1004 1229/1169/1000
f 1229/1169/1000 1230/1168/999 1234/1170/1003
f 1232/1093/1002 1231/1143/1001 1235/1144/1005
f 1235/1144/1005 1236/1095/1006 1232/1093/1002
f 1238/1172/1007 1237/1173/1008 1233/1171/1004
f 1233/1171/1004 1234/1170/1003 1238/1172/1007
f 1236/1095/1006 1235/1144/1005 1239/1145/1009
f 1239/1145/1009 1240/1097/1010 1236/1095/1006
f 1242/1174/1011 1241/1175/1012 1237/1173/1008
f 1237/1173/1008 1238/1172/1007 1242/1174/1011
f 1240/1097/1010 1239/1145/1009 1243/1146/1013
f 1243/1146/1013 1244/1099/1014 1240/1097/1010
f 1246/1176/1015 1245/1177/1016 1241/1175/1012
f 1241/1175/1012 1242/1174/1011 1246/1176/1015
f 1244/1099/1014 1243/1146/1013 1247/1147/1017
f 1247/1147/1017 1248/1101/1018 1244/1099/1014
f 954/955/819 953/954/818 1245/1177/1016
f 1245/1177/1016 1246/1176/1015 954/955/819
f 1248/1101/1018 1247/1147/1017 956/936/820
f 956/936/820 959/874/820 1248/1101/1018
f 1250/1178/1019 1190/1150/964 1189/1149/963
f 1189/1149/963 1249/1179/1020 1250/1178/1019
f 1249/1179/1020 1189/1149/963 1197/1153/970
f 1197/1153/970 1251/1180/1021 1249/1179/1020
f 1251/1180/1021 1197/1153/970 1201/1155/974
f 1201/1155/974 1252/1181/1022 1251/1180/1021
f 1252/1181/1022 1201/1155/974 1205/1157/978
f 1205/1157/978 1253/1182/1023 1252/1181/1022
f 1253/1182/1023 1205/1157/978 1209/1159/981
f 1209/1159/981 1254/1183/1024 1253/1182/1023
f 1254/1183/1024 1209/1159/981 1213/1161/985
f 1213/1161/985 1255/1184/1025 1254/1183/1024
f 1255/1184/1025 1213/1161/985 1217/1163/988
f 1217/1163/988 1256/1185/946 1255/1184/1025
s 0
f 1260/1186/1026 1257/1187/1026 1258/1188/1026
f 1258/1188/1027 1259/1189/1027 1260/1186/1027
s 1
f 1262/1190/1028 1221/1165/992 1225/1167/996
f 1225/1167/996 1261/1191/1029 1262/1190/1028
f 1261/1191/1029 1225/1167/996 1229/1169/1000
f 1229/1169/1000 1263/1192/1030 1261/1191/1029
f 1263/1192/1030 1229/1169/1000 1233/1171/1004
f 1233/1171/1004 1264/1193/1031 1263/1192/1030
f 1264/1193/1031 1233/1171/1004 1237/1173/1008
f 1237/1173/1008 1265/1194/1032 1264/1193/1031
f 1265/1194/1032 1237/1173/1008 1241/1175/1012
f 1241/1175/1012 1266/1195/1033 1265/1194/1032
f 1266/1195/1033 1241/1175/1012 1245/1177/1016
f 1245/1177/1016 1267/1196/1034 1266/1195/1033
f 1267/1196/1034 1245/1177/1016 953/954/818
f 953/954/818 1017/984/878 1267/1196/1034
f 1269/1197/961 1073/1038/784 1072/1041/915
f 1271/1199/959 1269/1197/961 1268/1198/1035
f 1273/1201/957 1271/1199/959 1270/1200/1036
f 1275/1203/955 1273/1201/957 1272/1202/1037
f 1277/1205/953 1275/1203/955 1274/1204/1038
f 1279/1207/951 1277/1205/953 1276/1206/1039
f 1281/1209/1041 1279/1207/951 1278/1208/1040
s 0
f 1285/1211/1043 1282/1212/1043 1283/1213/1043
f 1283/1213/1043 1284/1214/1043 1285/1211/1043
s 1
f 1289/1215/945 1286/1216/1044 1287/1217/1045
f 1291/1219/943 1289/1215/945 1288/1218/1046
f 1293/1221/941 1291/1219/943 1290/1220/1047
f 1295/1223/939 1293/1221/941 1292/1222/1048
f 1297/1225/937 1295/1223/939 1294/1224/1049
f 1299/1227/935 1297/1225/937 1296/1226/1050
f 1301/1229/932 1299/1227/935 1298/1228/1051
s 0
f 1305/1212/1053 1302/1231/1053 1303/1232/1053
f 1311/1236/1056 1312/1237/1056 1313/1234/1056
f 1317/1238/94 1314/1239/94 1315/1240/94
f 1315/1240/94 1316/1241/94 1317/1238/94
f 1321/1242/929 1318/1243/929 1319/1186/929
f 1319/1186/918 1320/1189/918 1321/1242/918
f 1325/1244/1057 1322/1245/1057 1323/1246/1057
f 1323/1246/1057 1324/1247/1057 1325/1244/1057
s 1
f 1329/1188/1058 1326/1248/1059 1327/1249/1060
f 1327/1249/1060 1328/1189/1061 1329/1188/1058
f 1333/1186/1062 1330/1250/1063 1331/1251/1064
f 1331/1251/1064 1332/1187/1065 1333/1186/1062
f 1337/1252/1066 1334/1253/1066 1335/1254/1067
f 1335/1254/1067 1336/1255/1062 1337/1252/1066
f 1328/1189/1061 1327/1249/1060 1338/1256/1053
f 1338/1256/1053 1339/1242/1053 1328/1189/1061
s 0
f 1343/1257/1068 1340/1258/1068 1341/1259/1068
f 1341/1259/1068 1342/1260/1068 1343/1257/1068
f 1347/1261/94 1344/1262/94 1345/1263/94
f 1345/1263/94 1346/1264/94 1347/1261/94
f 1349/1265/94 1348/1266/94 1344/1262/94
f 1344/1262/94 1347/1261/94 1349/1265/94
f 1351/1267/94 1350/1268/94 1348/1266/94
f 1348/1266/94 1349/1265/94 1351/1267/94
f 1353/1269/94 1352/1270/94 1350/1268/94
f 1350/1268/94 1351/1267/94 1353/1269/94
f 1355/1271/94 1354/1272/94 1352/1270/94
f 1352/1270/94 1353/1269/94 1355/1271/94
f 1357/1273/94 1356/1274/94 1354/1272/94
f 1354/1272/94 1355/1271/94 1357/1273/94
f 1359/1275/94 1358/1276/94 1356/1274/94
f 1356/1274/94 1357/1273/94 1359/1275/94
f 1361/1277/94 1360/1278/94 1358/1276/94
f 1358/1276/94 1359/1275/94 1361/1277/94
f 1363/1279/94 1362/1280/94 1360/1278/94
f 1360/1278/94 1361/1277/94 1363/1279/94
f 1365/1281/94 1364/1282/94 1362/1280/94
f 1362/1280/94 1363/1279/94 1365/1281/94
f 1367/1283/94 1366/1284/94 1364/1282/94
f 1364/1282/94 1365/1281/94 1367/1283/94
f 1369/1285/94 1368/1286/94 1366/1284/94
f 1366/1284/94 1367/1283/94 1369/1285/94
f 1371/1287/94 1370/1288/94 1368/1286/94
f 1368/1286/94 1369/1285/94 1371/1287/94
f 1373/1289/94 1372/1290/94 1370/1288/94
f 1370/1288/94 1371/1287/94 1373/1289/94
f 1116/1076/94 1115/1075/94 1372/1290/94
f 1372/1290/94 1373/1289/94 1116/1076/94
s 1
f 1377/1291/1069 1374/1292/1070 1375/1293/1071
f 1375/1293/1071 1376/1294/1072 1377/1291/1069
f 1376/1294/1072 1375/1293/1071 1378/1295/1073
f 1378/1295/1073 1379/1296/1074 1376/1294/1072
f 1379/1296/1074 1378/1295/1073 1380/1297/1075
f 1380/1297/1075 1381/1298/1076 1379/1296/1074
f 1381/1298/1076 1380/1297/1075 1382/1299/1077
f 1382/1299/1077 1383/1300/1078 1381/1298/1076
f 1383/1300/1078 1382/1299/1077 1384/1301/1079
f 1384/1301/1079 1385/1302/1080 1383/1300/1078
f 1385/1302/1080 1384/1301/1079 1386/1303/1081
f 1386/1303/1081 1387/1304/1082 1385/1302/1080
f 1387/1304/1082 1386/1303/1081 1388/1305/1083
f 1388/1305/1083 1389/1306/1084 1387/1304/1082
f 1393/1307/1085 1390/1308/1086 1391/1309/1087
f 1391/1309/1087 1392/1310/1088 1393/1307/1085
f 1392/1310/1088 1391/1309/1087 1394/1311/1089
f 1394/1311/1089 1395/1312/1090 1392/1310/1088
f 1395/1312/1090 1394/1311/1089 1396/1313/1091
f 1396/1313/1091 1397/1314/1092 1395/1312/1090
f 1397/1314/1092 1396/1313/1091 1398/1315/1093
f 1398/1315/1093 1399/1316/1094 1397/1314/1092
f 1399/1316/1094 1398/1315/1093 1400/1317/1095
f 1400/1317/1095 1401/1318/1096 1399/1316/1094
f 1401/1318/1096 1400/1317/1095 1402/1319/1097
f 1402/1319/1097 1403/1320/1098 1401/1318/1096
f 1403/1320/1098 1402/1319/1097 1144/1104/933
f 1144/1104/933 1147/1103/932 1403/1320/1098
s 0
f 1404/1321/94 1405/1322/94 937/937/94
f 1406/1323/94 1404/1321/94 937/937/94
f 1407/1324/94 1406/1323/94 937/937/94
f 1408/1325/94 1407/1324/94 937/937/94
f 1409/1326/94 1408/1325/94 937/937/94
f 1410/1327/94 1409/1326/94 937/937/94
f 1411/1328/94 1410/1327/94 937/937/94
f 1412/1329/94 1411/1328/94 937/937/94
f 1413/1330/94 1412/1329/94 937/937/94
f 1414/1331/94 1413/1330/94 937/937/94
f 1415/1332/94 1414/1331/94 937/937/94
f 1416/1333/94 1415/1332/94 937/937/94
f 1417/1334/94 1416/1333/94 937/937/94
f 1418/1335/94 1417/1334/94 937/937/94
f 1175/1134/94 1418/1335/94 937/937/94
s 1
f 1422/1336/1099 1419/1337/1100 1420/1338/1101
f 1420/1338/1101 1421/1339/1102 1422/1336/1099
f 1426/1264/819 1423/1322/819 1424/1321/816
f 1424/1321/816 1425/1261/1103 1426/1264/819
f 1428/1340/824 1427/1341/1104 1419/1337/1100
f 1419/1337/1100 1422/1336/1099 1428/1340/824
f 1425/1261/1103 1424/1321/816 1429/1323/1105
f 1429/1323/1105 1430/1265/1106 1425/1261/1103
f 1432/1342/1107 1431/1343/1108 1427/1341/1104
f 1427/1341/1104 1428/1340/824 1432/1342/1107
f 1430/1265/1106 1429/1323/1105 1433/1324/1109
f 1433/1324/1109 1434/1267/1110 1430/1265/1106
f 1436/1344/832 1435/1345/1111 1431/1343/1108
f 1431/1343/1108 1432/1342/1107 1436/1344/832
f 1434/1267/1110 1433/1324/1109 1437/1325/1112
f 1437/1325/1112 1438/1269/1112 1434/1267/1110
f 1440/1346/836 1439/1347/1113 1435/1345/1111
f 1435/1345/1111 1436/1344/832 1440/1346/836
f 1438/1269/1112 1437/1325/1112 1441/1326/1114
f 1441/1326/1114 1442/1271/1115 1438/1269/1112
f 1444/1348/1116 1443/1349/1117 1439/1347/1113
f 1439/1347/1113 1440/1346/836 1444/1348/1116
f 1442/1271/1115 1441/1326/1114 1445/1327/1118
f 1445/1327/1118 1446/1273/1119 1442/1271/1115
f 1448/1350/1120 1447/1351/1121 1443/1349/1117
f 1443/1349/1117 1444/1348/1116 1448/1350/1120
f 1446/1273/1119 1445/1327/1118 1449/1328/1122
f 1449/1328/1122 1450/1275/1122 1446/1273/1119
f 1452/1352/848 1451/1353/1123 1447/1351/1121
f 1447/1351/1121 1448/1350/1120 1452/1352/848
f 1450/1275/1122 1449/1328/1122 1453/1329/1124
f 1453/1329/1124 1454/1277/1125 1450/1275/1122
f 1456/1354/1126 1455/1355/1127 1451/1353/1123
f 1451/1353/1123 1452/1352/848 1456/1354/1126
f 1454/1277/1125 1453/1329/1124 1457/1330/850
f 1457/1330/850 1458/1279/1128 1454/1277/1125
f 1460/1356/1129 1459/1357/1130 1455/1355/1127
f 1455/1355/1127 1456/1354/1126 1460/1356/1129
f 1458/1279/1128 1457/1330/850 1461/1331/1131
f 1461/1331/1131 1462/1281/1132 1458/1279/1128
f 1464/1358/1133 1463/1359/1134 1459/1357/1130
f 1459/1357/1130 1460/1356/1129 1464/1358/1133
f 1462/1281/1132 1461/1331/1131 1465/1332/1135
f 1465/1332/1135 1466/1283/1136 1462/1281/1132
f 1468/1360/1137 1467/1361/1138 1463/1359/1134
f 1463/1359/1134 1464/1358/1133 1468/1360/1137
f 1466/1283/1136 1465/1332/1135 1469/1333/1139
f 1469/1333/1139 1470/1285/1140 1466/1283/1136
f 1472/1362/1141 1471/1363/1142 1467/1361/1138
f 1467/1361/1138 1468/1360/1137 1472/1362/1141
f 1470/1285/1140 1469/1333/1139 1473/1334/1143
f 1473/1334/1143 1474/1287/1144 1470/1285/1140
f 1476/1364/1145 1475/1365/1146 1471/1363/1142
f 1471/1363/1142 1472/1362/1141 1476/1364/1145
f 1474/1287/1144 1473/1334/1143 1477/1335/1147
f 1477/1335/1147 1478/1289/1148 1474/1287/1144
f 1191/1151/965 1190/1150/964 1475/1365/1146
f 1475/1365/1146 1476/1364/1145 1191/1151/965
f 1478/1289/1148 1477/1335/1147 1193/1134/966
f 1193/1134/966 1196/1076/874 1478/1289/1148
f 1480/1366/1070 1420/1338/1101 1419/1337/1100
f 1419/1337/1100 1479/1367/1149 1480/1366/1070
f 1479/1367/1149 1419/1337/1100 1427/1341/1104
f 1427/1341/1104 1481/1368/1150 1479/1367/1149
f 1481/1368/1150 1427/1341/1104 1431/1343/1108
f 1431/1343/1108 1482/1369/1151 1481/1368/1150
f 1482/1369/1151 1431/1343/1108 1435/1345/1111
f 1435/1345/1111 1483/1370/1152 1482/1369/1151
f 1483/1370/1152 1435/1345/1111 1439/1347/1113
f 1439/1347/1113 1484/1371/1153 1483/1370/1152
f 1484/1371/1153 1439/1347/1113 1443/1349/1117
f 1443/1349/1117 1485/1372/1154 1484/1371/1153
f 1485/1372/1154 1443/1349/1117 1447/1351/1121
f 1447/1351/1121 1486/1373/1155 1485/1372/1154
f 1490/1374/1156 1487/1375/1156 1488/1376/1156
s 0
f 1488/1376/1157 1489/1377/1157 1490/1374/1157
s 1
f 1492/1378/1086 1451/1353/1123 1455/1355/1127
f 1455/1355/1127 1491/1379/1158 1492/1378/1086
f 1491/1379/1158 1455/1355/1127 1459/1357/1130
f 1459/1357/1130 1493/1380/1159 1491/1379/1158
f 1493/1380/1159 1459/1357/1130 1463/1359/1134
f 1463/1359/1134 1494/1381/1160 1493/1380/1159
f 1494/1381/1160 1463/1359/1134 1467/1361/1138
f 1467/1361/1138 1495/1382/1161 1494/1381/1160
f 1495/1382/1161 1467/1361/1138 1471/1363/1142
f 1471/1363/1142 1496/1383/1162 1495/1382/1161
f 1496/1383/1162 1471/1363/1142 1475/1365/1146
f 1475/1365/1146 1497/1384/1163 1496/1383/1162
f 1497/1384/1163 1475/1365/1146 1190/1150/964
f 1190/1150/964 1250/1178/1019 1497/1384/1163
f 1499/1385/1098 1301/1229/932 1300/1230/1052
f 1501/1387/1096 1499/1385/1098 1498/1386/1164
f 1503/1389/1094 1501/1387/1096 1500/1388/1165
f 1505/1391/1167 1503/1389/1094 1502/1390/1166
f 1507/1393/1169 1505/1391/1167 1504/1392/1168
f 1509/1395/1088 1507/1393/1169 1506/1394/1170
f 1511/1397/1172 1509/1395/1088 1508/1396/1171
s 0
f 1515/1399/1174 1512/1400/1174 1513/1401/1174
f 1513/1401/1174 1514/1402/1174 1515/1399/1174
s 1
f 1519/1403/1082 1516/1404/1175 1517/1405/1176
f 1521/1407/1080 1519/1403/1082 1518/1406/1177
f 1523/1409/1078 1521/1407/1080 1520/1408/1178
f 1525/1411/1076 1523/1409/1078 1522/1410/1179
f 1527/1413/1074 1525/1411/1076 1524/1412/1180
f 1529/1415/1072 1527/1413/1074 1526/1414/1181
f 1531/1417/1069 1529/1415/1072 1528/1416/1182
s 0
f 1535/1419/1184 1532/1420/1184 1533/1421/1184
f 1541/1425/1187 1542/1399/1187 1543/1402/1187
f 1547/1426/94 1544/1427/94 1545/1428/94
f 1545/1428/94 1546/1429/94 1547/1426/94
f 1551/1430/1188 1548/1431/1188 1549/1374/1188
f 1549/1374/1066 1550/1377/1066 1551/1430/1066
f 1555/1432/1189 1552/1433/1189 1553/1434/1189
f 1553/1434/1189 1554/1435/1189 1555/1432/1189
s 1
f 1559/1436/1190 1556/1437/1191 1557/1438/1192
f 1557/1438/1192 1558/1439/1193 1559/1436/1190
f 1563/1374/1194 1560/1440/1195 1561/1441/1196
f 1561/1441/1196 1562/1375/1197 1563/1374/1194
f 1565/1431/930 1564/1442/930 1560/1440/1195
f 1560/1440/1195 1563/1374/1194 1565/1431/930
f 1558/1439/1193 1557/1438/1192 1566/1443/929
f 1566/1443/929 1567/1444/929 1558/1439/1193
s 0
f 1571/1445/1198 1568/1446/1198 1569/1447/1198
f 1569/1447/1199 1570/1448/1199 1571/1445/1199
f 1573/1449/94 1572/1450/94 901/902/94
f 901/902/94 902/901/94 1573/1449/94
f 1575/1451/94 1574/1452/94 1572/1450/94
f 1572/1450/94 1573/1449/94 1575/1451/94
f 1577/1453/94 1576/1454/94 1574/1452/94
f 1574/1452/94 1575/1451/94 1577/1453/94
f 1579/1455/94 1578/1456/94 1576/1454/94
f 1576/1454/94 1577/1453/94 1579/1455/94
f 1581/1457/94 1580/1458/94 1578/1456/94
f 1578/1456/94 1579/1455/94 1581/1457/94
f 1583/1459/94 1582/1460/94 1580/1458/94
f 1580/1458/94 1581/1457/94 1583/1459/94
f 1585/1461/94 1584/1462/94 1582/1460/94
f 1582/1460/94 1583/1459/94 1585/1461/94
f 1587/1463/94 1586/1464/94 1584/1462/94
f 1584/1462/94 1585/1461/94 1587/1463/94
f 1589/1465/94 1588/1466/94 1586/1464/94
f 1586/1464/94 1587/1463/94 1589/1465/94
f 1591/1467/94 1590/1468/94 1588/1466/94
f 1588/1466/94 1589/1465/94 1591/1467/94
f 1593/1469/94 1592/1470/94 1590/1468/94
f 1590/1468/94 1591/1467/94 1593/1469/94
f 1595/1471/94 1594/1472/94 1592/1470/94
f 1592/1470/94 1593/1469/94 1595/1471/94
f 1597/1473/94 1596/1474/94 1594/1472/94
f 1594/1472/94 1595/1471/94 1597/1473/94
f 1599/1475/94 1598/1476/94 1596/1474/94
f 1596/1474/94 1597/1473/94 1599/1475/94
f 1346/1264/94 1345/1263/94 1598/1476/94
f 1598/1476/94 1599/1475/94 1346/1264/94
s 1
f 934/934/815 933/933/814 1600/1477/1200
f 1600/1477/1200 1601/1478/1201 934/934/815
f 1601/1478/1201 1600/1477/1200 1602/1479/1202
f 1602/1479/1202 1603/1480/1203 1601/1478/1201
f 1603/1480/1203 1602/1479/1202 1604/1481/1204
f 1604/1481/1204 1605/1482/1205 1603/1480/1203
f 1605/1482/1205 1604/1481/1204 1606/1483/1206
f 1606/1483/1206 1607/1484/1207 1605/1482/1205
f 1607/1484/1207 1606/1483/1206 1608/1485/1208
f 1608/1485/1208 1609/1486/1209 1607/1484/1207
f 1609/1486/1209 1608/1485/1208 1610/1487/1210
f 1610/1487/1210 1611/1488/1211 1609/1486/1209
f 1611/1488/1211 1610/1487/1210 1612/1489/1212
f 1612/1489/1212 1613/1490/1213 1611/1488/1211
f 1617/1491/1214 1614/1492/1215 1615/1493/1216
f 1615/1493/1216 1616/1494/1217 1617/1491/1214
f 1616/1494/1217 1615/1493/1216 1618/1495/1218
f 1618/1495/1218 1619/1496/1219 1616/1494/1217
f 1619/1496/1219 1618/1495/1218 1620/1497/1220
f 1620/1497/1220 1621/1498/1221 1619/1496/1219
f 1621/1498/1221 1620/1497/1220 1622/1499/1222
f 1622/1499/1222 1623/1500/1223 1621/1498/1221
f 1623/1500/1223 1622/1499/1222 1624/1501/1224
f 1624/1501/1224 1625/1502/1225 1623/1500/1223
f 1625/1502/1225 1624/1501/1224 1626/1503/1226
f 1626/1503/1226 1627/1504/1227 1625/1502/1225
f 1627/1504/1227 1626/1503/1226 1628/1505/1228
f 1628/1505/1228 1629/1506/1069 1627/1504/1227
s 0
f 1630/1507/94 951/951/94 937/937/94
f 1631/1508/94 1630/1507/94 937/937/94
f 1632/1509/94 1631/1508/94 937/937/94
f 1633/1510/94 1632/1509/94 937/937/94
f 1634/1511/94 1633/1510/94 937/937/94
f 1635/1512/94 1634/1511/94 937/937/94
f 1636/1513/94 1635/1512/94 937/937/94
f 1637/1514/94 1636/1513/94 937/937/94
f 1638/1515/94 1637/1514/94 937/937/94
f 1639/1516/94 1638/1515/94 937/937/94
f 1640/1517/94 1639/1516/94 937/937/94
f 1641/1518/94 1640/1517/94 937/937/94
f 1642/1519/94 1641/1518/94 937/937/94
f 1643/1520/94 1642/1519/94 937/937/94
f 1405/1322/94 1643/1520/94 937/937/94
s 1
f 1645/1521/1229 1644/1522/1230 1012/983/875
f 1012/983/875 1013/982/874 1645/1521/1229
f 1015/901/877 1014/951/876 1646/1507/1231
f 1646/1507/1231 1647/1449/1232 1015/901/877
f 1649/1523/1233 1648/1524/1234 1644/1522/1230
f 1644/1522/1230 1645/1521/1229 1649/1523/1233
f 1647/1449/1232 1646/1507/1231 1650/1508/1235
f 1650/1508/1235 1651/1451/1236 1647/1449/1232
f 1653/1525/1237 1652/1526/1238 1648/1524/1234
f 1648/1524/1234 1649/1523/1233 1653/1525/1237
f 1651/1451/1236 1650/1508/1235 1654/1509/1239
f 1654/1509/1239 1655/1453/1240 1651/1451/1236
f 1657/1527/1241 1656/1528/1242 1652/1526/1238
f 1652/1526/1238 1653/1525/1237 1657/1527/1241
f 1655/1453/1240 1654/1509/1239 1658/1510/1243
f 1658/1510/1243 1659/1455/977 1655/1453/1240
f 1661/1529/1244 1660/1530/1245 1656/1528/1242
f 1656/1528/1242 1657/1527/1241 1661/1529/1244
f 1659/1455/977 1658/1510/1243 1662/1511/1246
f 1662/1511/1246 1663/1457/1247 1659/1455/977
f 1665/1531/1248 1664/1532/1249 1660/1530/1245
f 1660/1530/1245 1661/1529/1244 1665/1531/1248
f 1663/1457/1247 1662/1511/1246 1666/1512/1250
f 1666/1512/1250 1667/1459/984 1663/1457/1247
f 1669/1533/1251 1668/1534/1252 1664/1532/1249
f 1664/1532/1249 1665/1531/1248 1669/1533/1251
f 1667/1459/984 1666/1512/1250 1670/1513/1253
f 1670/1513/1253 1671/1461/1254 1667/1459/984
f 1673/1535/1255 1672/1536/1256 1668/1534/1252
f 1668/1534/1252 1669/1533/1251 1673/1535/1255
f 1671/1461/1254 1670/1513/1253 1674/1514/1257
f 1674/1514/1257 1675/1463/1258 1671/1461/1254
f 1677/1537/1259 1676/1538/1260 1672/1536/1256
f 1672/1536/1256 1673/1535/1255 1677/1537/1259
f 1675/1463/1258 1674/1514/1257 1678/1515/1261
f 1678/1515/1261 1679/1465/1262 1675/1463/1258
f 1681/1539/1263 1680/1540/1264 1676/1538/1260
f 1676/1538/1260 1677/1537/1259 1681/1539/1263
f 1679/1465/1262 1678/1515/1261 1682/1516/1265
f 1682/1516/1265 1683/1467/1266 1679/1465/1262
f 1685/1541/1005 1684/1542/1267 1680/1540/1264
f 1680/1540/1264 1681/1539/1263 1685/1541/1005
f 1683/1467/1266 1682/1516/1265 1686/1517/1003
f 1686/1517/1003 1687/1469/1268 1683/1467/1266
f 1689/1543/1269 1688/1544/1270 1684/1542/1267
f 1684/1542/1267 1685/1541/1005 1689/1543/1269
f 1687/1469/1268 1686/1517/1003 1690/1518/1007
f 1690/1518/1007 1691/1471/1271 1687/1469/1268
f 1693/1545/1272 1692/1546/1273 1688/1544/1270
f 1688/1544/1270 1689/1543/1269 1693/1545/1272
f 1691/1471/1271 1690/1518/1007 1694/1519/1274
f 1694/1519/1274 1695/1473/1275 1691/1471/1271
f 1697/1547/1276 1696/1548/1277 1692/1546/1273
f 1692/1546/1273 1693/1545/1272 1697/1547/1276
f 1695/1473/1275 1694/1519/1274 1698/1520/1278
f 1698/1520/1278 1699/1475/1279 1695/1473/1275
f 1701/1549/1102 1700/1550/1101 1696/1548/1277
f 1696/1548/1277 1697/1547/1276 1701/1549/1102
f 1699/1475/1279 1698/1520/1278 1423/1322/819
f 1423/1322/819 1426/1264/819 1699/1475/1279
f 1035/1003/894 1012/983/875 1644/1522/1230
f 1644/1522/1230 1702/1551/1280 1035/1003/894
f 1702/1551/1280 1644/1522/1230 1648/1524/1234
f 1648/1524/1234 1703/1552/1281 1702/1551/1280
f 1703/1552/1281 1648/1524/1234 1652/1526/1238
f 1652/1526/1238 1704/1553/1282 1703/1552/1281
f 1704/1553/1282 1652/1526/1238 1656/1528/1242
f 1656/1528/1242 1705/1554/1283 1704/1553/1282
f 1705/1554/1283 1656/1528/1242 1660/1530/1245
f 1660/1530/1245 1706/1555/1284 1705/1554/1283
f 1706/1555/1284 1660/1530/1245 1664/1532/1249
f 1664/1532/1249 1707/1556/1285 1706/1555/1284
f 1707/1556/1285 1664/1532/1249 1668/1534/1252
f 1668/1534/1252 1708/1557/1212 1707/1556/1285
s 0
f 1712/1558/1286 1709/1559/1286 1710/1560/1286
f 1710/1560/1287 1711/1561/1287 1712/1558/1287
s 1
f 1714/1562/1288 1672/1536/1256 1676/1538/1260
f 1676/1538/1260 1713/1563/1289 1714/1562/1288
f 1713/1563/1289 1676/1538/1260 1680/1540/1264
f 1680/1540/1264 1715/1564/1290 1713/1563/1289
f 1715/1564/1290 1680/1540/1264 1684/1542/1267
f 1684/1542/1267 1716/1565/1291 1715/1564/1290
f 1716/1565/1291 1684/1542/1267 1688/1544/1270
f 1688/1544/1270 1717/1566/1292 1716/1565/1291
f 1717/1566/1292 1688/1544/1270 1692/1546/1273
f 1692/1546/1273 1718/1567/1293 1717/1566/1292
f 1718/1567/1293 1692/1546/1273 1696/1548/1277
f 1696/1548/1277 1719/1568/1294 1718/1567/1293
f 1719/1568/1294 1696/1548/1277 1700/1550/1101
f 1700/1550/1101 1720/1569/1070 1719/1568/1294
f 1722/1570/1227 1531/1417/1069 1530/1418/1183
f 1724/1572/1225 1722/1570/1227 1721/1571/1295
f 1726/1574/1223 1724/1572/1225 1723/1573/1296
f 1728/1576/1221 1726/1574/1223 1725/1575/1297
f 1730/1578/1219 1728/1576/1221 1727/1577/1298
f 1732/1580/1217 1730/1578/1219 1729/1579/1299
f 1734/1582/1301 1732/1580/1217 1731/1581/1300
s 0
f 1738/1584/1303 1735/1585/1303 1736/1586/1303
f 1736/1586/1304 1737/1587/1304 1738/1584/1304
s 1
f 1742/1588/1211 1739/1589/1305 1740/1590/1306
f 1744/1592/1209 1742/1588/1211 1741/1591/1307
f 1746/1594/1207 1744/1592/1209 1743/1593/1308
f 1748/1596/1205 1746/1594/1207 1745/1595/1309
f 1750/1598/1203 1748/1596/1205 1747/1597/1310
f 1752/1600/1201 1750/1598/1203 1749/1599/1311
f 1036/1005/815 1752/1600/1201 1751/1601/1312
s 0
f 1756/1585/1313 1753/1602/1313 1754/1603/1313
s 1
f 1762/1607/905 1763/1608/905 1764/1605/905
s 0
f 1768/1609/94 1765/1610/94 1766/1611/94
f 1766/1611/94 1767/1612/94 1768/1609/94
f 1772/1613/930 1769/1614/930 1770/1558/930
f 1770/1558/916 1771/1561/916 1772/1613/916
f 1776/1615/1316 1773/1616/1316 1774/1617/1316
f 1774/1617/1317 1775/1618/1317 1776/1615/1317
s 1
f 1780/1560/1318 1777/1619/1319 1778/1620/1320
f 1778/1620/1320 1779/1561/1321 1780/1560/1318
f 1784/1558/1322 1781/1621/1323 1782/1622/1324
f 1782/1622/1324 1783/1559/1325 1784/1558/1322
f 1788/1623/905 1785/1624/905 1786/1625/1323
f 1786/1625/1323 1787/1626/1322 1788/1623/905
f 1779/1561/1321 1778/1620/1320 1789/1627/1066
f 1789/1627/1066 1790/1613/1066 1779/1561/1321
s 0
f 1794/1628/1326 1791/1629/1326 1792/1630/1326
f 1792/1630/1327 1793/1631/1327 1794/1628/1327
s 1
f 2969/2803/953 2966/2804/2319 2967/2805/2320
f 2967/2805/2320 2968/2806/953 2969/2803/953
f 2971/2807/951 2969/2803/953 2968/2806/953
f 2968/2806/953 2970/2808/951 2971/2807/951
f 2973/2809/2321 2971/2807/951 2970/2808/951
f 2970/2808/951 2972/2810/2321 2973/2809/2321
f 2975/2811/2322 2973/2809/2321 2972/2810/2321
f 2972/2810/2321 2974/2812/2322 2975/2811/2322
f 2977/2813/945 2975/2811/2322 2974/2812/2322
f 2974/2812/2322 2976/2814/945 2977/2813/945
f 2979/2815/943 2977/2813/945 2976/2814/945
f 2976/2814/945 2978/2816/943 2979/2815/943
f 2981/2817/941 2979/2815/943 2978/2816/943
f 2978/2816/943 2980/2818/2323 2981/2817/941
f 2983/2819/939 2981/2817/941 2980/2818/2323
f 2980/2818/2323 2982/2820/2324 2983/2819/939
f 2985/2821/937 2983/2819/939 2982/2820/2324
f 2982/2820/2324 2984/2822/937 2985/2821/937
f 2987/2823/935 2985/2821/937 2984/2822/937
f 2984/2822/937 2986/2824/935 2987/2823/935
f 2989/2825/932 2987/2823/935 2986/2824/935
f 2986/2824/935 2988/2826/932 2989/2825/932
f 2991/2827/1098 2989/2825/932 2988/2826/932
f 2988/2826/932 2990/2828/2325 2991/2827/1098
f 2993/2829/1096 2991/2827/1098 2990/2828/2325
f 2990/2828/2325 2992/2830/1096 2993/2829/1096
f 2995/2831/1094 2993/2829/1096 2992/2830/1096
f 2992/2830/1096 2994/2832/1094 2995/2831/1094
f 2997/2833/1092 2995/2831/1094 2994/2832/1094
f 2994/2832/1094 2996/2834/1167 2997/2833/1092
f 2999/2835/1090 2997/2833/1092 2996/2834/1167
f 2996/2834/1167 2998/2836/1090 2999/2835/1090
f 3001/2837/1088 2999/2835/1090 2998/2836/1090
f 2998/2836/1090 3000/2838/1088 3001/2837/1088
f 3003/2839/2326 3001/2837/1088 3000/2838/1088
f 3000/2838/1088 3002/2840/2326 3003/2839/2326
f 3005/2841/2327 3003/2839/2326 3002/2840/2326
f 3002/2840/2326 3004/2842/2327 3005/2841/2327
f 3007/2843/1082 3005/2841/2327 3004/2842/2327
f 3004/2842/2327 3006/2844/1082 3007/2843/1082
f 3009/2845/1080 3007/2843/1082 3006/2844/1082
f 3006/2844/1082 3008/2846/1080 3009/2845/1080
f 3011/2847/1078 3009/2845/1080 3008/2846/1080
f 3008/2846/1080 3010/2848/1078 3011/2847/1078
f 3013/2849/1076 3011/2847/1078 3010/2848/1078
f 3010/2848/1078 3012/2850/1076 3013/2849/1076
f 3015/2851/1074 3013/2849/1076 3012/2850/1076
f 3012/2850/1076 3014/2852/1074 3015/2851/1074
f 3017/2853/1072 3015/2851/1074 3014/2852/1074
f 3014/2852/1074 3016/2854/1072 3017/2853/1072
f 3019/2855/1069 3017/2853/1072 3016/2854/1072
f 3016/2854/1072 3018/2856/1069 3019/2855/1069
f 3023/2857/1227 3020/2858/1069 3021/2859/1069
f 3021/2859/1069 3022/2860/1227 3023/2857/1227
f 3025/2861/1225 3023/2857/1227 3022/2860/1227
f 3022/2860/1227 3024/2862/1225 3025/2861/1225
f 3027/2863/1223 3025/2861/1225 3024/2862/1225
f 3024/2862/1225 3026/2864/1223 3027/2863/1223
f 3029/2865/1221 3027/2863/1223 3026/2864/1223
f 3026/2864/1223 3028/2866/1221 3029/2865/1221
f 3031/2867/1219 3029/2865/1221 3028/2866/1221
f 3028/2866/1221 3030/2868/1219 3031/2867/1219
f 3033/2869/1217 3031/2867/1219 3030/2868/1219
f 3030/2868/1219 3032/2870/1217 3033/2869/1217
f 3035/2871/2328 3033/2869/1217 3032/2870/1217
f 3032/2870/1217 3034/2872/2328 3035/2871/2328
f 3037/2873/2329 3035/2871/2328 3034/2872/2328
f 3034/2872/2328 3036/2874/2329 3037/2873/2329
f 3039/2875/1211 3037/2873/2329 3036/2874/2329
f 3036/2874/2329 3038/2876/1211 3039/2875/1211
f 3041/2877/1209 3039/2875/1211 3038/2876/1211
f 3038/2876/1211 3040/2878/1209 3041/2877/1209
f 3043/2879/2330 3041/2877/1209 3040/2878/1209
f 3040/2878/1209 3042/2880/1207 3043/2879/2330
f 3045/2881/1205 3043/2879/2330 3042/2880/1207
f 3042/2880/1207 3044/2882/1205 3045/2881/1205
f 3047/2883/1203 3045/2881/1205 3044/2882/1205
f 3044/2882/1205 3046/2884/1203 3047/2883/1203
f 3049/2885/1201 3047/2883/1203 3046/2884/1203
f 3046/2884/1203 3048/2886/1201 3049/2885/1201
f 3051/2887/815 3049/2885/1201 3048/2886/1201
f 3048/2886/1201 3050/2888/815 3051/2887/815
f 3053/2889/813 3051/2887/815 3050/2888/815
f 3050/2888/815 3052/2890/813 3053/2889/813
f 3055/2891/811 3053/2889/813 3052/2890/813
f 3052/2890/813 3054/2892/811 3055/2891/811
f 3057/2893/809 3055/2891/811 3054/2892/811
f 3054/2892/811 3056/2894/809 3057/2893/809
f 3059/2895/899 3057/2893/809 3056/2894/809
f 3056/2894/809 3058/2896/807 3059/2895/899
f 3061/2897/805 3059/2895/899 3058/2896/807
f 3058/2896/807 3060/2898/805 3061/2897/805
f 3063/2899/803 3061/2897/805 3060/2898/805
f 3060/2898/805 3062/2900/803 3063/2899/803
f 3065/2901/2331 3063/2899/803 3062/2900/803
f 3062/2900/803 3064/2902/2332 3065/2901/2331
f 3067/2903/2333 3065/2901/2331 3064/2902/2332
f 3064/2902/2332 3066/2904/2333 3067/2903/2333
f 3069/2905/797 3067/2903/2333 3066/2904/2333
f 3066/2904/2333 3068/2906/797 3069/2905/797
f 3071/2907/795 3069/2905/797 3068/2906/797
f 3068/2906/797 3070/2908/795 3071/2907/795
f 3073/2909/2334 3071/2907/795 3070/2908/795
f 3070/2908/795 3072/2910/2335 3073/2909/2334
f 3053/2889/813 932/932/813 934/934/815
f 934/934/815 3051/2887/815 3053/2889/813
f 3055/2891/811 930/930/811 932/932/813
f 932/932/813 3053/2889/813 3055/2891/811
f 3057/2893/809 928/928/809 930/930/811
f 930/930/811 3055/2891/811 3057/2893/809
f 3059/2895/899 926/926/807 928/928/809
f 928/928/809 3057/2893/809 3059/2895/899
f 3061/2897/805 924/924/805 926/926/807
f 926/926/807 3059/2895/899 3061/2897/805
f 3063/2899/803 921/922/803 924/924/805
f 924/924/805 3061/2897/805 3063/2899/803
f 3065/2901/2331 922/919/800 921/922/803
f 921/922/803 3063/2899/803 3065/2901/2331
f 3067/2903/2333 918/918/799 922/919/800
f 922/919/800 3065/2901/2331 3067/2903/2333
f 3069/2905/797 916/916/797 918/918/799
f 918/918/799 3067/2903/2333 3069/2905/797
f 3071/2907/795 914/914/795 916/916/797
f 916/916/797 3069/2905/797 3071/2907/795
f 3073/2909/2334 912/912/793 914/914/795
f 914/914/795 3071/2907/795 3073/2909/2334
f 3074/2911/791 910/910/791 912/912/793
f 912/912/793 3073/2909/2334 3074/2911/791
f 3075/2912/789 908/908/789 910/910/791
f 910/910/791 3074/2911/791 3075/2912/789
f 3076/2913/787 905/906/787 908/908/789
f 908/908/789 3075/2912/789 3076/2913/787
f 3077/2914/784 906/903/784 905/906/787
f 905/906/787 3076/2913/787 3077/2914/784
f 3078/2915/961 1173/1132/961 906/903/784
f 906/903/784 3077/2914/784 3078/2915/961
f 3079/2916/959 1171/1130/959 1173/1132/961
f 1173/1132/961 3078/2915/961 3079/2916/959
f 3080/2917/957 1169/1128/957 1171/1130/959
f 1171/1130/959 3079/2916/959 3080/2917/957
f 2966/2804/2319 1167/1126/955 1169/1128/957
f 1169/1128/957 3080/2917/957 2966/2804/2319
f 2969/2803/953 1165/1124/953 1167/1126/955
f 1167/1126/955 2966/2804/2319 2969/2803/953
f 2971/2807/951 1162/1122/951 1165/1124/953
f 1165/1124/953 2969/2803/953 2971/2807/951
f 2973/2809/2321 1163/1119/948 1162/1122/951
f 1162/1122/951 2971/2807/951 2973/2809/2321
f 2975/2811/2322 1159/1118/947 1163/1119/948
f 1163/1119/948 2973/2809/2321 2975/2811/2322
f 2977/2813/945 1157/1116/945 1159/1118/947
f 1159/1118/947 2975/2811/2322 2977/2813/945
f 2979/2815/943 1155/1114/943 1157/1116/945
f 1157/1116/945 2977/2813/945 2979/2815/943
f 2981/2817/941 1153/1112/941 1155/1114/943
f 1155/1114/943 2979/2815/943 2981/2817/941
f 2983/2819/939 1151/1110/939 1153/1112/941
f 1153/1112/941 2981/2817/941 2983/2819/939
f 2985/2821/937 1149/1108/937 1151/1110/939
f 1151/1110/939 2983/2819/939 2985/2821/937
f 2987/2823/935 1146/1106/935 1149/1108/937
f 1149/1108/937 2985/2821/937 2987/2823/935
f 2989/2825/932 1147/1103/932 1146/1106/935
f 1146/1106/935 2987/2823/935 2989/2825/932
f 2991/2827/1098 1403/1320/1098 1147/1103/932
f 1147/1103/932 2989/2825/932 2991/2827/1098
f 2993/2829/1096 1401/1318/1096 1403/1320/1098
f 1403/1320/1098 2991/2827/1098 2993/2829/1096
f 2995/2831/1094 1399/1316/1094 1401/1318/1096
f 1401/1318/1096 2993/2829/1096 2995/2831/1094
f 2997/2833/1092 1397/1314/1092 1399/1316/1094
f 1399/1316/1094 2995/2831/1094 2997/2833/1092
f 2999/2835/1090 1395/1312/1090 1397/1314/1092
f 1397/1314/1092 2997/2833/1092 2999/2835/1090
f 3001/2837/1088 1392/1310/1088 1395/1312/1090
f 1395/1312/1090 2999/2835/1090 3001/2837/1088
f 3003/2839/2326 1393/1307/1085 1392/1310/1088
f 1392/1310/1088 3001/2837/1088 3003/2839/2326
f 3005/2841/2327 1389/1306/1084 1393/1307/1085
f 1393/1307/1085 3003/2839/2326 3005/2841/2327
f 3007/2843/1082 1387/1304/1082 1389/1306/1084
f 1389/1306/1084 3005/2841/2327 3007/2843/1082
f 3009/2845/1080 1385/1302/1080 1387/1304/1082
f 1387/1304/1082 3007/2843/1082 3009/2845/1080
f 3011/2847/1078 1383/1300/1078 1385/1302/1080
f 1385/1302/1080 3009/2845/1080 3011/2847/1078
f 3013/2849/1076 1381/1298/1076 1383/1300/1078
f 1383/1300/1078 3011/2847/1078 3013/2849/1076
f 3015/2851/1074 1379/1296/1074 1381/1298/1076
f 1381/1298/1076 3013/2849/1076 3015/2851/1074
f 3017/2853/1072 1376/1294/1072 1379/1296/1074
f 1379/1296/1074 3015/2851/1074 3017/2853/1072
f 3019/2855/1069 1377/1291/1069 1376/1294/1072
f 1376/1294/1072 3017/2853/1072 3019/2855/1069
f 3023/2857/1227 1627/1504/1227 1629/1506/1069
f 1629/1506/1069 3020/2858/1069 3023/2857/1227
f 3025/2861/1225 1625/1502/1225 1627/1504/1227
f 1627/1504/1227 3023/2857/1227 3025/2861/1225
f 3027/2863/1223 1623/1500/1223 1625/1502/1225
f 1625/1502/1225 3025/2861/1225 3027/2863/1223
f 3029/2865/1221 1621/1498/1221 1623/1500/1223
f 1623/1500/1223 3027/2863/1223 3029/2865/1221
f 3031/2867/1219 1619/1496/1219 1621/1498/1221
f 1621/1498/1221 3029/2865/1221 3031/2867/1219
f 3033/2869/1217 1616/1494/1217 1619/1496/1219
f 1619/1496/1219 3031/2867/1219 3033/2869/1217
f 3035/2871/2328 1617/1491/1214 1616/1494/1217
f 1616/1494/1217 3033/2869/1217 3035/2871/2328
f 3037/2873/2329 1613/1490/1213 1617/1491/1214
f 1617/1491/1214 3035/2871/2328 3037/2873/2329
f 3039/2875/1211 1611/1488/1211 1613/1490/1213
f 1613/1490/1213 3037/2873/2329 3039/2875/1211
f 3041/2877/1209 1609/1486/1209 1611/1488/1211
f 1611/1488/1211 3039/2875/1211 3041/2877/1209
f 3043/2879/2330 1607/1484/1207 1609/1486/1209
f 1609/1486/1209 3041/2877/1209 3043/2879/2330
f 3045/2881/1205 1605/1482/1205 1607/1484/1207
f 1607/1484/1207 3043/2879/2330 3045/2881/1205
f 3047/2883/1203 1603/1480/1203 1605/1482/1205
f 1605/1482/1205 3045/2881/1205 3047/2883/1203
f 3049/2885/1201 1601/1478/1201 1603/1480/1203
f 1603/1480/1203 3047/2883/1203 3049/2885/1201
f 3051/2887/815 934/934/815 1601/1478/1201
f 1601/1478/1201 3049/2885/1201 3051/2887/815
s 0
f 3084/2918/784 3081/2919/784 3082/2920/784
f 3082/2920/784 3083/2921/784 3084/2918/784
f 3086/2922/784 3082/2920/784 3081/2919/784
f 3081/2919/784 3085/2923/784 3086/2922/784
s 1
f 3088/2924/2336 3086/2922/784 3085/2923/784
f 3085/2923/784 3087/2925/2337 3088/2924/2336
f 3092/2926/2338 3089/2927/2339 3090/2928/2339
f 3090/2928/2339 3091/2929/2338 3092/2926/2338
f 3094/2930/2340 3092/2926/2338 3091/2929/2338
f 3091/2929/2338 3093/2931/2340 3094/2930/2340
f 3098/2932/2341 3095/2933/2342 3096/2934/2343
f 3096/2934/2343 3097/2935/953 3098/2932/2341
f 3100/2936/951 3098/2932/2341 3097/2935/953
f 3097/2935/953 3099/2937/951 3100/2936/951
f 3102/2938/2321 3100/2936/951 3099/2937/951
f 3099/2937/951 3101/2939/2321 3102/2938/2321
f 3104/2940/2344 3102/2938/2321 3101/2939/2321
f 3101/2939/2321 3103/2941/2322 3104/2940/2344
f 3106/2942/945 3104/2940/2344 3103/2941/2322
f 3103/2941/2322 3105/2943/945 3106/2942/945
f 3108/2944/2345 3106/2942/945 3105/2943/945
f 3105/2943/945 3107/2945/2346 3108/2944/2345
f 3110/2946/941 3108/2944/2345 3107/2945/2346
f 3107/2945/2346 3109/2947/941 3110/2946/941
f 3112/2948/939 3110/2946/941 3109/2947/941
f 3109/2947/941 3111/2949/939 3112/2948/939
f 3114/2950/937 3112/2948/939 3111/2949/939
f 3111/2949/939 3113/2951/937 3114/2950/937
f 3116/2952/935 3114/2950/937 3113/2951/937
f 3113/2951/937 3115/2953/935 3116/2952/935
f 3118/2954/932 3116/2952/935 3115/2953/935
f 3115/2953/935 3117/2955/932 3118/2954/932
f 3120/2956/1098 3118/2954/932 3117/2955/932
f 3117/2955/932 3119/2957/1098 3120/2956/1098
f 3122/2958/1096 3120/2956/1098 3119/2957/1098
f 3119/2957/1098 3121/2959/1096 3122/2958/1096
f 3124/2960/2347 3122/2958/1096 3121/2959/1096
f 3121/2959/1096 3123/2961/2348 3124/2960/2347
f 3126/2962/1167 3124/2960/2347 3123/2961/2348
f 3123/2961/2348 3125/2963/1092 3126/2962/1167
f 3128/2964/1090 3126/2962/1167 3125/2963/1092
f 3125/2963/1092 3127/2965/1090 3128/2964/1090
f 3130/2966/1088 3128/2964/1090 3127/2965/1090
f 3127/2965/1090 3129/2967/1088 3130/2966/1088
f 3132/2968/2326 3130/2966/1088 3129/2967/1088
f 3129/2967/1088 3131/2969/2326 3132/2968/2326
f 3134/2970/2327 3132/2968/2326 3131/2969/2326
f 3131/2969/2326 3133/2971/2327 3134/2970/2327
f 3136/2972/1082 3134/2970/2327 3133/2971/2327
f 3133/2971/2327 3135/2973/1082 3136/2972/1082
f 3138/2974/1080 3136/2972/1082 3135/2973/1082
f 3135/2973/1082 3137/2975/1080 3138/2974/1080
f 3140/2976/1078 3138/2974/1080 3137/2975/1080
f 3137/2975/1080 3139/2977/1078 3140/2976/1078
f 3142/2978/1076 3140/2976/1078 3139/2977/1078
f 3139/2977/1078 3141/2979/1076 3142/2978/1076
f 3144/2980/1074 3142/2978/1076 3141/2979/1076
f 3141/2979/1076 3143/2981/1074 3144/2980/1074
f 3146/2982/1072 3144/2980/1074 3143/2981/1074
f 3143/2981/1074 3145/2983/1072 3146/2982/1072
f 3148/2984/1069 3146/2982/1072 3145/2983/1072
f 3145/2983/1072 3147/2985/1069 3148/2984/1069
f 3150/2986/1227 3148/2984/1069 3147/2985/1069
f 3147/2985/1069 3149/2987/1227 3150/2986/1227
f 3152/2988/1225 3150/2986/1227 3149/2987/1227
f 3149/2987/1227 3151/2989/1225 3152/2988/1225
f 3154/2990/1223 3152/2988/1225 3151/2989/1225
f 3151/2989/1225 3153/2991/1223 3154/2990/1223
f 3156/2992/1221 3154/2990/1223 3153/2991/1223
f 3153/2991/1223 3155/2993/1221 3156/2992/1221
f 3158/2994/1219 3156/2992/1221 3155/2993/1221
f 3155/2993/1221 3157/2995/1219 3158/2994/1219
f 3160/2996/1217 3158/2994/1219 3157/2995/1219
f 3157/2995/1219 3159/2997/1217 3160/2996/1217
f 3162/2998/2328 3160/2996/1217 3159/2997/1217
f 3159/2997/1217 3161/2999/2328 3162/2998/2328
f 3164/3000/2329 3162/2998/2328 3161/2999/2328
f 3161/2999/2328 3163/3001/2329 3164/3000/2329
f 3166/3002/1211 3164/3000/2329 3163/3001/2329
f 3163/3001/2329 3165/3003/1211 3166/3002/1211
f 3168/3004/1209 3166/3002/1211 3165/3003/1211
f 3165/3003/1211 3167/3005/1209 3168/3004/1209
f 3170/3006/2330 3168/3004/1209 3167/3005/1209
f 3167/3005/1209 3169/3007/1207 3170/3006/2330
f 3172/3008/1205 3170/3006/2330 3169/3007/1207
f 3169/3007/1207 3171/3009/2349 3172/3008/1205
f 3174/3010/1203 3172/3008/1205 3171/3009/2349
f 3171/3009/2349 3173/3011/1203 3174/3010/1203
f 3176/3012/1201 3174/3010/1203 3173/3011/1203
f 3173/3011/1203 3175/3013/1201 3176/3012/1201
f 3178/3014/815 3176/3012/1201 3175/3013/1201
f 3175/3013/1201 3177/3015/815 3178/3014/815
f 3180/3016/813 3178/3014/815 3177/3015/815
f 3177/3015/815 3179/3017/813 3180/3016/813
f 3182/3018/811 3180/3016/813 3179/3017/813
f 3179/3017/813 3181/3019/811 3182/3018/811
f 3184/3020/2350 3182/3018/811 3181/3019/811
f 3181/3019/811 3183/3021/809 3184/3020/2350
f 3186/3022/899 3184/3020/2350 3183/3021/809
f 3183/3021/809 3185/3023/807 3186/3022/899
f 3188/3024/805 3186/3022/899 3185/3023/807
f 3185/3023/807 3187/3025/805 3188/3024/805
f 3190/3026/2351 3188/3024/805 3187/3025/805
f 3187/3025/805 3189/3027/803 3190/3026/2351
f 3192/3028/2331 3190/3026/2351 3189/3027/803
f 3189/3027/803 3191/3029/2332 3192/3028/2331
f 3194/3030/2333 3192/3028/2331 3191/3029/2332
f 3191/3029/2332 3193/3031/2333 3194/3030/2333
f 3196/3032/797 3194/3030/2333 3193/3031/2333
f 3193/3031/2333 3195/3033/797 3196/3032/797
f 3198/3034/795 3196/3032/797 3195/3033/797
f 3195/3033/797 3197/3035/795 3198/3034/795
f 3200/3036/2352 3198/3034/795 3197/3035/795
f 3197/3035/795 3199/3037/2353 3200/3036/2352
f 3204/3038/2354 3201/3039/2355 3202/3040/2355
f 3202/3040/2355 3203/3041/2354 3204/3038/2354
f 3206/3042/2356 3204/3038/2354 3203/3041/2354
f 3203/3041/2354 3205/3043/2356 3206/3042/2356
f 3083/2921/784 3207/3044/2357 3208/3045/2357
f 3208/3045/2357 3084/2918/784 3083/2921/784
f 3212/3046/961 3209/3047/961 3210/3048/784
f 3210/3048/784 3211/3049/784 3212/3046/961
f 3214/3050/959 3213/3051/959 3209/3047/961
f 3209/3047/961 3212/3046/961 3214/3050/959
f 3216/3052/957 3215/3053/2358 3213/3051/959
f 3213/3051/959 3214/3050/959 3216/3052/957
f 3218/3054/2359 3217/3055/2320 3215/3053/2358
f 3215/3053/2358 3216/3052/957 3218/3054/2359
f 3220/3056/2341 3219/3057/953 3217/3055/2320
f 3217/3055/2320 3218/3054/2359 3220/3056/2341
f 3222/3058/951 3221/3059/951 3219/3057/953
f 3219/3057/953 3220/3056/2341 3222/3058/951
f 3224/3060/2321 3223/3061/2321 3221/3059/951
f 3221/3059/951 3222/3058/951 3224/3060/2321
f 3226/3062/2322 3225/3063/2322 3223/3061/2321
f 3223/3061/2321 3224/3060/2321 3226/3062/2322
f 3228/3064/945 3227/3065/945 3225/3063/2322
f 3225/3063/2322 3226/3062/2322 3228/3064/945
f 3230/3066/2346 3229/3067/2360 3227/3065/945
f 3227/3065/945 3228/3064/945 3230/3066/2346
f 3232/3068/2361 3231/3069/2323 3229/3067/2360
f 3229/3067/2360 3230/3066/2346 3232/3068/2361
f 3234/3070/939 3233/3071/939 3231/3069/2323
f 3231/3069/2323 3232/3068/2361 3234/3070/939
f 3236/3072/937 3235/3073/937 3233/3071/939
f 3233/3071/939 3234/3070/939 3236/3072/937
f 3238/3074/935 3237/3075/935 3235/3073/937
f 3235/3073/937 3236/3072/937 3238/3074/935
f 3240/3076/932 3239/3077/932 3237/3075/935
f 3237/3075/935 3238/3074/935 3240/3076/932
f 3242/3078/1098 3241/3079/2325 3239/3077/932
f 3239/3077/932 3240/3076/932 3242/3078/1098
f 3244/3080/1096 3243/3081/1096 3241/3079/2325
f 3241/3079/2325 3242/3078/1098 3244/3080/1096
f 3246/3082/2347 3245/3083/1094 3243/3081/1096
f 3243/3081/1096 3244/3080/1096 3246/3082/2347
f 3248/3084/1092 3247/3085/1167 3245/3083/1094
f 3245/3083/1094 3246/3082/2347 3248/3084/1092
f 3250/3086/1090 3249/3087/1090 3247/3085/1167
f 3247/3085/1167 3248/3084/1092 3250/3086/1090
f 3252/3088/1088 3251/3089/1088 3249/3087/1090
f 3249/3087/1090 3250/3086/1090 3252/3088/1088
f 3254/3090/2326 3253/3091/2326 3251/3089/1088
f 3251/3089/1088 3252/3088/1088 3254/3090/2326
f 3256/3092/2327 3255/3093/2327 3253/3091/2326
f 3253/3091/2326 3254/3090/2326 3256/3092/2327
f 3258/3094/1082 3257/3095/1082 3255/3093/2327
f 3255/3093/2327 3256/3092/2327 3258/3094/1082
f 3260/3096/1080 3259/3097/1080 3257/3095/1082
f 3257/3095/1082 3258/3094/1082 3260/3096/1080
f 3262/3098/1078 3261/3099/2362 3259/3097/1080
f 3259/3097/1080 3260/3096/1080 3262/3098/1078
f 3264/3100/1076 3263/3101/1076 3261/3099/2362
f 3261/3099/2362 3262/3098/1078 3264/3100/1076
f 3266/3102/1074 3265/3103/1074 3263/3101/1076
f 3263/3101/1076 3264/3100/1076 3266/3102/1074
f 3268/3104/1072 3267/3105/1072 3265/3103/1074
f 3265/3103/1074 3266/3102/1074 3268/3104/1072
f 3270/3106/1069 3269/3107/1069 3267/3105/1072
f 3267/3105/1072 3268/3104/1072 3270/3106/1069
f 3274/3108/1227 3271/3109/1227 3272/3110/1069
f 3272/3110/1069 3273/3111/1069 3274/3108/1227
f 3276/3112/1225 3275/3113/1225 3271/3109/1227
f 3271/3109/1227 3274/3108/1227 3276/3112/1225
f 3278/3114/1223 3277/3115/1223 3275/3113/1225
f 3275/3113/1225 3276/3112/1225 3278/3114/1223
f 3280/3116/1221 3279/3117/1221 3277/3115/1223
f 3277/3115/1223 3278/3114/1223 3280/3116/1221
f 3282/3118/1219 3281/3119/1219 3279/3117/1221
f 3279/3117/1221 3280/3116/1221 3282/3118/1219
f 3284/3120/1217 3283/3121/1217 3281/3119/1219
f 3281/3119/1219 3282/3118/1219 3284/3120/1217
f 3286/3122/2363 3285/3123/2328 3283/3121/1217
f 3283/3121/1217 3284/3120/1217 3286/3122/2363
f 3288/3124/2329 3287/3125/2329 3285/3123/2328
f 3285/3123/2328 3286/3122/2363 3288/3124/2329
f 3290/3126/1211 3289/3127/1211 3287/3125/2329
f 3287/3125/2329 3288/3124/2329 3290/3126/1211
f 3292/3128/1209 3291/3129/1209 3289/3127/1211
f 3289/3127/1211 3290/3126/1211 3292/3128/1209
f 3294/3130/1207 3293/3131/1207 3291/3129/1209
f 3291/3129/1209 3292/3128/1209 3294/3130/1207
f 3296/3132/1205 3295/3133/1205 3293/3131/1207
f 3293/3131/1207 3294/3130/1207 3296/3132/1205
f 3298/3134/1203 3297/3135/1203 3295/3133/1205
f 3295/3133/1205 3296/3132/1205 3298/3134/1203
f 3300/3136/2364 3299/3137/2365 3297/3135/1203
f 3297/3135/1203 3298/3134/1203 3300/3136/2364
f 3302/3138/815 3301/3139/2366 3299/3137/2365
f 3299/3137/2365 3300/3136/2364 3302/3138/815
f 3304/3140/2367 3303/3141/813 3301/3139/2366
f 3301/3139/2366 3302/3138/815 3304/3140/2367
f 3306/3142/811 3305/3143/811 3303/3141/813
f 3303/3141/813 3304/3140/2367 3306/3142/811
f 3308/3144/809 3307/3145/809 3305/3143/811
f 3305/3143/811 3306/3142/811 3308/3144/809
f 3310/3146/807 3309/3147/807 3307/3145/809
f 3307/3145/809 3308/3144/809 3310/3146/807
f 3312/3148/805 3311/3149/805 3309/3147/807
f 3309/3147/807 3310/3146/807 3312/3148/805
f 3314/3150/803 3313/3151/803 3311/3149/805
f 3311/3149/805 3312/3148/805 3314/3150/803
f 3316/3152/2331 3315/3153/2332 3313/3151/803
f 3313/3151/803 3314/3150/803 3316/3152/2331
f 3318/3154/2333 3317/3155/2333 3315/3153/2332
f 3315/3153/2332 3316/3152/2331 3318/3154/2333
f 3320/3156/797 3319/3157/797 3317/3155/2333
f 3317/3155/2333 3318/3154/2333 3320/3156/797
f 3322/3158/795 3321/3159/795 3319/3157/797
f 3319/3157/797 3320/3156/797 3322/3158/795
f 3324/3160/2352 3323/3161/2335 3321/3159/795
f 3321/3159/795 3322/3158/795 3324/3160/2352
f 3326/3162/791 3325/3163/2368 3323/3161/2335
f 3323/3161/2335 3324/3160/2352 3326/3162/791
f 3328/3164/789 3327/3165/789 3325/3163/2368
f 3325/3163/2368 3326/3162/791 3328/3164/789
f 3330/3166/787 3329/3167/787 3327/3165/789
f 3327/3165/789 3328/3164/789 3330/3166/787
f 3211/3049/784 3210/3048/784 3329/3167/787
f 3329/3167/787 3330/3166/787 3211/3049/784
f 1269/1197/961 3331/3168/961 3332/3169/784
f 3332/3169/784 1073/1038/784 1269/1197/961
f 1271/1199/959 3333/3170/959 3331/3168/961
f 3331/3168/961 1269/1197/961 1271/1199/959
f 1273/1201/957 3334/3171/957 3333/3170/959
f 3333/3170/959 1271/1199/959 1273/1201/957
f 1275/1203/955 3096/2934/2343 3334/3171/957
f 3334/3171/957 1273/1201/957 1275/1203/955
f 1277/1205/953 3097/2935/953 3096/2934/2343
f 3096/2934/2343 1275/1203/955 1277/1205/953
f 1279/1207/951 3099/2937/951 3097/2935/953
f 3097/2935/953 1277/1205/953 1279/1207/951
f 1281/1209/1041 3101/2939/2321 3099/2937/951
f 3099/2937/951 1279/1207/951 1281/1209/1041
f 1286/1216/1044 3103/2941/2322 3101/2939/2321
f 3101/2939/2321 1281/1209/1041 1286/1216/1044
f 1289/1215/945 3105/2943/945 3103/2941/2322
f 3103/2941/2322 1286/1216/1044 1289/1215/945
f 1291/1219/943 3107/2945/2346 3105/2943/945
f 3105/2943/945 1289/1215/945 1291/1219/943
f 1293/1221/941 3109/2947/941 3107/2945/2346
f 3107/2945/2346 1291/1219/943 1293/1221/941
f 1295/1223/939 3111/2949/939 3109/2947/941
f 3109/2947/941 1293/1221/941 1295/1223/939
f 1297/1225/937 3113/2951/937 3111/2949/939
f 3111/2949/939 1295/1223/939 1297/1225/937
f 1299/1227/935 3115/2953/935 3113/2951/937
f 3113/2951/937 1297/1225/937 1299/1227/935
f 1301/1229/932 3117/2955/932 3115/2953/935
f 3115/2953/935 1299/1227/935 1301/1229/932
f 1499/1385/1098 3119/2957/1098 3117/2955/932
f 3117/2955/932 1301/1229/932 1499/1385/1098
f 1501/1387/1096 3121/2959/1096 3119/2957/1098
f 3119/2957/1098 1499/1385/1098 1501/1387/1096
f 1503/1389/1094 3123/2961/2348 3121/2959/1096
f 3121/2959/1096 1501/1387/1096 1503/1389/1094
f 1505/1391/1167 3125/2963/1092 3123/2961/2348
f 3123/2961/2348 1503/1389/1094 1505/1391/1167
f 1507/1393/1169 3127/2965/1090 3125/2963/1092
f 3125/2963/1092 1505/1391/1167 1507/1393/1169
f 1509/1395/1088 3129/2967/1088 3127/2965/1090
f 3127/2965/1090 1507/1393/1169 1509/1395/1088
f 1511/1397/1172 3131/2969/2326 3129/2967/1088
f 3129/2967/1088 1509/1395/1088 1511/1397/1172
f 1516/1404/1175 3133/2971/2327 3131/2969/2326
f 3131/2969/2326 1511/1397/1172 1516/1404/1175
f 1519/1403/1082 3135/2973/1082 3133/2971/2327
f 3133/2971/2327 1516/1404/1175 1519/1403/1082
f 1521/1407/1080 3137/2975/1080 3135/2973/1082
f 3135/2973/1082 1519/1403/1082 1521/1407/1080
f 1523/1409/1078 3139/2977/1078 3137/2975/1080
f 3137/2975/1080 1521/1407/1080 1523/1409/1078
f 1525/1411/1076 3141/2979/1076 3139/2977/1078
f 3139/2977/1078 1523/1409/1078 1525/1411/1076
f 1527/1413/1074 3143/2981/1074 3141/2979/1076
f 3141/2979/1076 1525/1411/1076 1527/1413/1074
f 1529/1415/1072 3145/2983/1072 3143/2981/1074
f 3143/2981/1074 1527/1413/1074 1529/1415/1072
f 1531/1417/1069 3147/2985/1069 3145/2983/1072
f 3145/2983/1072 1529/1415/1072 1531/1417/1069
f 1722/1570/1227 3149/2987/1227 3147/2985/1069
f 3147/2985/1069 1531/1417/1069 1722/1570/1227
f 1724/1572/1225 3151/2989/1225 3149/2987/1227
f 3149/2987/1227 1722/1570/1227 1724/1572/1225
f 1726/1574/1223 3153/2991/1223 3151/2989/1225
f 3151/2989/1225 1724/1572/1225 1726/1574/1223
f 1728/1576/1221 3155/2993/1221 3153/2991/1223
f 3153/2991/1223 1726/1574/1223 1728/1576/1221
f 1730/1578/1219 3157/2995/1219 3155/2993/1221
f 3155/2993/1221 1728/1576/1221 1730/1578/1219
f 1732/1580/1217 3159/2997/1217 3157/2995/1219
f 3157/2995/1219 1730/1578/1219 1732/1580/1217
f 1734/1582/1301 3161/2999/2328 3159/2997/1217
f 3159/2997/1217 1732/1580/1217 1734/1582/1301
f 1739/1589/1305 3163/3001/2329 3161/2999/2328
f 3161/2999/2328 1734/1582/1301 1739/1589/1305
f 1742/1588/1211 3165/3003/1211 3163/3001/2329
f 3163/3001/2329 1739/1589/1305 1742/1588/1211
f 1744/1592/1209 3167/3005/1209 3165/3003/1211
f 3165/3003/1211 1742/1588/1211 1744/1592/1209
f 1746/1594/1207 3169/3007/1207 3167/3005/1209
f 3167/3005/1209 1744/1592/1209 1746/1594/1207
f 1748/1596/1205 3171/3009/2349 3169/3007/1207
f 3169/3007/1207 1746/1594/1207 1748/1596/1205
f 1750/1598/1203 3173/3011/1203 3171/3009/2349
f 3171/3009/2349 1748/1596/1205 1750/1598/1203
f 1752/1600/1201 3175/3013/1201 3173/3011/1203
f 3173/3011/1203 1750/1598/1203 1752/1600/1201
f 1036/1005/815 3177/3015/815 3175/3013/1201
f 3175/3013/1201 1752/1600/1201 1036/1005/815
f 1039/1004/813 3179/3017/813 3177/3015/815
f 3177/3015/815 1036/1005/815 1039/1004/813
f 1041/1008/811 3181/3019/811 3179/3017/813
f 3179/3017/813 1039/1004/813 1041/1008/811
f 1043/1010/809 3183/3021/809 3181/3019/811
f 3181/3019/811 1041/1008/811 1043/1010/809
f 1045/1012/899 3185/3023/807 3183/3021/809
f 3183/3021/809 1043/1010/809 1045/1012/899
f 1047/1014/805 3187/3025/805 3185/3023/807
f 3185/3023/807 1045/1012/899 1047/1014/805
f 1049/1016/803 3189/3027/803 3187/3025/805
f 3187/3025/805 1047/1014/805 1049/1016/803
f 1051/1018/903 3191/3029/2332 3189/3027/803
f 3189/3027/803 1049/1016/803 1051/1018/903
f 1056/1025/907 3193/3031/2333 3191/3029/2332
f 3191/3029/2332 1051/1018/903 1056/1025/907
f 1059/1024/797 3195/3033/797 3193/3031/2333
f 3193/3031/2333 1056/1025/907 1059/1024/797
f 1061/1028/795 3197/3035/795 3195/3033/797
f 3195/3033/797 1059/1024/797 1061/1028/795
f 1063/1030/793 3199/3037/2353 3197/3035/795
f 3197/3035/795 1061/1028/795 1063/1030/793
f 1065/1032/791 3335/3172/791 3199/3037/2353
f 3199/3037/2353 1063/1030/793 1065/1032/791
f 1067/1034/789 3336/3173/789 3335/3172/791
f 3335/3172/791 1065/1032/791 1067/1034/789
f 1069/1036/787 3337/3174/787 3336/3173/789
f 3336/3173/789 1067/1034/789 1069/1036/787
f 3339/3175/784 3338/3176/784 3337/3174/787
f 3337/3174/787 1069/1036/787 3339/3175/784
s 0
f 3343/3177/94 3340/3178/94 3341/3179/94
f 3341/3179/94 3342/3180/94 3343/3177/94
f 3347/3181/446 3344/3182/446 3345/3183/446
f 3345/3183/446 3346/3184/446 3347/3181/446
f 3346/3184/446 3345/3183/446 3348/3185/446
f 3348/3185/446 3349/3186/446 3346/3184/446
f 3351/3187/94 3350/3188/94 3340/3178/94
f 3340/3178/94 3343/3177/94 3351/3187/94
f 3349/3186/446 3348/3185/446 3352/3189/446
f 3352/3189/446 3353/3190/446 3349/3186/446
f 3355/3191/94 3354/3192/94 3350/3188/94
f 3350/3188/94 3351/3187/94 3355/3191/94
f 3353/3190/446 3352/3189/446 3356/3193/446
f 3356/3193/446 3357/3194/446 3353/3190/446
f 3359/3195/94 3358/3196/94 3354/3192/94
f 3354/3192/94 3355/3191/94 3359/3195/94
f 3357/3194/446 3356/3193/446 3360/3197/446
f 3360/3197/446 3361/3198/446 3357/3194/446
s 1
f 3365/3199/2369 3362/3200/2369 3363/3201/2369
f 3363/3201/2369 3364/3202/2369 3365/3199/2369
s 0
f 3367/3203/94 3366/3204/94 3358/3196/94
f 3358/3196/94 3359/3195/94 3367/3203/94
s 1
f 3371/3205/2370 3368/3206/2371 3369/3207/2370
f 3369/3207/2370 3370/3208/2370 3371/3205/2370
s 0
f 3375/3209/446 3372/3210/446 3373/3211/446
f 3373/3211/446 3374/3212/446 3375/3209/446
f 3379/3213/94 3376/3214/94 3377/3215/94
f 3377/3215/94 3378/3216/94 3379/3213/94
f 3374/3212/446 3373/3211/446 3380/3217/446
f 3380/3217/446 3381/3218/446 3374/3212/446
f 3383/3219/94 3382/3220/94 3376/3214/94
f 3376/3214/94 3379/3213/94 3383/3219/94
f 3381/3218/446 3380/3217/446 3344/3182/446
f 3344/3182/446 3347/3181/446 3381/3218/446
f 3342/3180/94 3341/3179/94 3382/3220/94
f 3382/3220/94 3383/3219/94 3342/3180/94
f 3387/3221/94 3384/3177/94 3385/3180/94
f 3385/3180/94 3386/3222/94 3387/3221/94
f 3390/3223/446 3388/3181/446 3346/3184/446
f 3346/3184/446 3389/3224/446 3390/3223/446
f 3389/3224/446 3346/3184/446 3391/3186/446
f 3391/3186/446 3392/3225/446 3389/3224/446
f 3394/3226/94 3393/3187/94 3384/3177/94
f 3384/3177/94 3387/3221/94 3394/3226/94
f 3397/3225/446 3391/3186/446 3395/3190/446
f 3395/3190/446 3396/3227/446 3397/3225/446
f 3401/3228/932 3398/3229/932 3399/3230/932
f 3399/3230/932 3400/3231/932 3401/3228/932
f 3404/3232/94 3402/3191/94 3393/3187/94
f 3393/3187/94 3403/3226/94 3404/3232/94
f 3408/3233/815 3405/3234/815 3406/3235/815
f 3406/3235/815 3407/3236/815 3408/3233/815
f 3411/3237/446 3409/3218/446 3388/3181/446
f 3388/3181/446 3410/3223/446 3411/3237/446
f 3386/3222/94 3385/3180/94 3412/3219/94
f 3412/3219/94 3413/3238/94 3386/3222/94
f 3417/3239/94 3414/3240/94 3415/3241/94
f 3415/3241/94 3416/3242/94 3417/3239/94
f 3421/3243/446 3418/3244/446 3419/3245/446
f 3419/3245/446 3420/3246/446 3421/3243/446
f 3425/3246/446 3422/3245/446 3423/3247/446
f 3423/3247/446 3424/3248/446 3425/3246/446
f 3427/3249/94 3426/3250/94 3414/3240/94
f 3414/3240/94 3417/3239/94 3427/3249/94
s 1
f 3431/3251/2372 3428/3228/2373 3429/3231/2374
f 3429/3231/2374 3430/3252/2372 3431/3251/2372
f 3435/3253/2375 3432/3233/2376 3433/3236/2376
f 3433/3236/2376 3434/3254/2377 3435/3253/2375
f 3088/2924/2336 3087/2925/2337 3436/3255/2378
f 3436/3255/2378 3437/3256/2379 3088/2924/2336
f 3441/3257/2380 3438/3258/2380 3439/3259/2381
f 3439/3259/2381 3440/3260/2381 3441/3257/2380
f 3443/3260/2382 3442/3259/2383 3431/3251/2372
f 3431/3251/2372 3430/3252/2372 3443/3260/2382
f 3435/3253/2375 3434/3254/2377 3444/3261/2384
f 3444/3261/2384 3445/3262/2384 3435/3253/2375
f 3449/3262/2385 3446/3261/2385 3447/3263/2386
f 3447/3263/2386 3448/3264/2387 3449/3262/2385
f 3451/3265/2388 3450/3266/2389 3208/3045/2357
f 3208/3045/2357 3207/3044/2357 3451/3265/2388
s 0
f 3423/3247/446 3452/3267/446 3453/3268/446
f 3453/3268/446 3424/3248/446 3423/3247/446
f 3455/3269/94 3454/3270/94 3426/3250/94
f 3426/3250/94 3427/3249/94 3455/3269/94
f 3457/3271/446 3456/3272/446 3418/3244/446
f 3418/3244/446 3421/3243/446 3457/3271/446
f 3459/3273/94 3458/3274/94 3416/3242/94
f 3416/3242/94 3415/3241/94 3459/3273/94
f 3461/3275/446 3411/3237/446 3410/3223/446
f 3410/3223/446 3460/3276/446 3461/3275/446
f 3460/3276/446 3410/3223/446 3462/3224/446
f 3462/3224/446 3463/3277/446 3460/3276/446
f 3466/3277/446 3464/3224/446 3397/3225/446
f 3397/3225/446 3465/3278/446 3466/3277/446
f 3396/3227/446 3467/3279/446 3465/3278/446
f 3465/3278/446 3397/3225/446 3396/3227/446
f 3456/3272/446 3461/3275/446 3460/3276/446
f 3460/3276/446 3418/3244/446 3456/3272/446
f 3418/3244/446 3460/3276/446 3463/3277/446
f 3463/3277/446 3419/3245/446 3418/3244/446
f 3422/3245/446 3466/3277/446 3465/3278/446
f 3465/3278/446 3423/3247/446 3422/3245/446
f 3467/3279/446 3452/3267/446 3423/3247/446
f 3423/3247/446 3465/3278/446 3467/3279/446
f 3469/3280/446 3424/3248/446 3453/3268/446
f 3453/3268/446 3468/3281/446 3469/3280/446
f 3470/3282/446 3425/3246/446 3424/3248/446
f 3424/3248/446 3469/3280/446 3470/3282/446
f 3472/3283/446 3421/3243/446 3420/3246/446
f 3420/3246/446 3471/3282/446 3472/3283/446
f 3473/3284/446 3457/3271/446 3421/3243/446
f 3421/3243/446 3472/3283/446 3473/3284/446
f 3454/3270/94 3404/3232/94 3403/3226/94
f 3403/3226/94 3426/3250/94 3454/3270/94
f 3426/3250/94 3403/3226/94 3474/3221/94
f 3474/3221/94 3414/3240/94 3426/3250/94
f 3414/3240/94 3387/3221/94 3386/3222/94
f 3386/3222/94 3415/3241/94 3414/3240/94
f 3413/3238/94 3459/3273/94 3415/3241/94
f 3415/3241/94 3386/3222/94 3413/3238/94
f 3478/3285/94 3475/3286/94 3476/3287/94
f 3476/3287/94 3477/3288/94 3478/3285/94
f 3480/3289/94 3479/3290/94 3477/3288/94
f 3477/3288/94 3476/3287/94 3480/3289/94
f 3483/3291/94 3481/3292/94 3482/3290/94
f 3482/3290/94 3480/3289/94 3483/3291/94
f 3485/3293/94 3484/3294/94 3481/3292/94
f 3481/3292/94 3483/3291/94 3485/3293/94
f 3484/3294/94 3455/3269/94 3427/3249/94
f 3427/3249/94 3481/3292/94 3484/3294/94
f 3481/3292/94 3427/3249/94 3417/3239/94
f 3417/3239/94 3482/3290/94 3481/3292/94
f 3479/3290/94 3417/3239/94 3416/3242/94
f 3416/3242/94 3477/3288/94 3479/3290/94
f 3458/3274/94 3478/3285/94 3477/3288/94
f 3477/3288/94 3416/3242/94 3458/3274/94
f 3489/3295/784 3486/3296/784 3487/3297/784
f 3487/3297/784 3488/3298/784 3489/3295/784
f 3491/3299/784 3487/3297/784 3486/3296/784
f 3486/3296/784 3490/3300/784 3491/3299/784
s 1
f 3493/3301/2336 3491/3299/784 3490/3300/784
f 3490/3300/784 3492/3302/2337 3493/3301/2336
f 3497/3303/2338 3494/3304/2390 3495/3305/2390
f 3495/3305/2390 3496/3306/2338 3497/3303/2338
f 3499/3307/2391 3497/3303/2338 3496/3306/2338
f 3496/3306/2338 3498/3308/2340 3499/3307/2391
f 3503/3309/2354 3500/3310/2355 3501/3311/2355
f 3501/3311/2355 3502/3312/2392 3503/3309/2354
f 3505/3313/2356 3503/3309/2354 3502/3312/2392
f 3502/3312/2392 3504/3314/2356 3505/3313/2356
f 3488/3298/784 3506/3315/2357 3507/3316/2357
f 3507/3316/2357 3489/3295/784 3488/3298/784
f 3511/3317/2393 3508/3318/2393 3509/3319/2394
f 3509/3319/2394 3510/3320/2395 3511/3317/2393
s 0
f 3515/3321/446 3512/3322/446 3513/3323/446
f 3513/3323/446 3514/3324/446 3515/3321/446
f 3514/3324/446 3513/3323/446 3516/3325/446
f 3516/3325/446 3517/3326/446 3514/3324/446
s 1
f 3519/3327/2396 3518/3328/2397 3508/3318/2393
f 3508/3318/2393 3511/3317/2393 3519/3327/2396
s 0
f 3517/3326/446 3516/3325/446 3520/3329/446
f 3520/3329/446 3521/3330/446 3517/3326/446
s 1
f 3523/3331/2398 3522/3332/2399 3518/3328/2397
f 3518/3328/2397 3519/3327/2396 3523/3331/2398
f 3521/3330/446 3520/3329/446 3524/3333/2400
f 3524/3333/2400 3525/3334/2401 3521/3330/446
f 3527/3335/2402 3526/3336/2403 3522/3332/2399
f 3522/3332/2399 3523/3331/2398 3527/3335/2402
f 3525/3334/2401 3524/3333/2400 3528/3337/2404
f 3528/3337/2404 3529/3338/2405 3525/3334/2401
f 3533/3339/2369 3530/3340/2406 3531/3341/2369
f 3531/3341/2369 3532/3342/2406 3533/3339/2369
f 3535/3343/2407 3534/3344/2407 3526/3336/2403
f 3526/3336/2403 3527/3335/2402 3535/3343/2407
f 3539/3345/2371 3536/3346/2370 3537/3347/2370
f 3537/3347/2370 3538/3348/2370 3539/3345/2371
f 3543/3349/2408 3540/3350/2408 3541/3351/2409
f 3541/3351/2409 3542/3352/2410 3543/3349/2408
f 3547/3353/2411 3544/3354/2412 3545/3355/2413
f 3545/3355/2413 3546/3356/2413 3547/3353/2411
f 3542/3352/2410 3541/3351/2409 3548/3357/446
f 3548/3357/446 3549/3358/446 3542/3352/2410
f 3551/3359/2414 3550/3360/2415 3544/3354/2412
f 3544/3354/2412 3547/3353/2411 3551/3359/2414
s 0
f 3549/3358/446 3548/3357/446 3512/3322/446
f 3512/3322/446 3515/3321/446 3549/3358/446
s 1
f 3510/3320/2395 3509/3319/2394 3550/3360/2415
f 3550/3360/2415 3551/3359/2414 3510/3320/2395
s 0
f 3555/3361/94 3552/3317/94 3553/3320/94
f 3553/3320/94 3554/3362/94 3555/3361/94
f 3558/3363/446 3556/3321/446 3514/3324/446
f 3514/3324/446 3557/3364/446 3558/3363/446
f 3557/3364/446 3514/3324/446 3559/3326/446
f 3559/3326/446 3560/3365/446 3557/3364/446
f 3562/3366/94 3561/3327/94 3552/3317/94
f 3552/3317/94 3555/3361/94 3562/3366/94
f 3565/3365/446 3559/3326/446 3563/3330/446
f 3563/3330/446 3564/3367/446 3565/3365/446
f 3569/3368/932 3566/3369/932 3567/3370/932
f 3567/3370/932 3568/3371/932 3569/3368/932
f 3572/3372/94 3570/3331/94 3561/3327/94
f 3561/3327/94 3571/3366/94 3572/3372/94
f 3576/3373/815 3573/3374/815 3574/3375/815
f 3574/3375/815 3575/3376/815 3576/3373/815
f 3578/3377/446 3549/3358/446 3556/3321/446
f 3556/3321/446 3577/3363/446 3578/3377/446
f 3554/3362/94 3553/3320/94 3579/3359/94
f 3579/3359/94 3580/3378/94 3554/3362/94
f 3584/3379/94 3581/3380/94 3582/3381/94
f 3582/3381/94 3583/3382/94 3584/3379/94
f 3588/3383/446 3585/3384/446 3586/3385/446
f 3586/3385/446 3587/3386/446 3588/3383/446
f 3592/3386/446 3589/3385/446 3590/3387/446
f 3590/3387/446 3591/3388/446 3592/3386/446
f 3594/3389/94 3593/3390/94 3581/3380/94
f 3581/3380/94 3584/3379/94 3594/3389/94
s 1
f 3598/3391/2372 3595/3368/2374 3596/3371/2416
f 3596/3371/2416 3597/3392/2372 3598/3391/2372
f 3602/3393/2417 3599/3373/2418 3600/3376/2376
f 3600/3376/2376 3601/3394/2377 3602/3393/2417
f 3493/3301/2336 3492/3302/2337 3603/3395/2419
f 3603/3395/2419 3604/3396/2420 3493/3301/2336
f 3608/3397/2380 3605/3398/2421 3606/3399/2421
f 3606/3399/2421 3607/3400/2381 3608/3397/2380
f 3610/3400/2383 3609/3399/2383 3598/3391/2372
f 3598/3391/2372 3597/3392/2372 3610/3400/2383
f 3602/3393/2417 3601/3394/2377 3611/3401/2422
f 3611/3401/2422 3612/3402/2384 3602/3393/2417
f 3616/3402/2387 3613/3401/2386 3614/3403/2386
f 3614/3403/2386 3615/3404/2385 3616/3402/2387
f 3618/3405/2423 3617/3406/2424 3507/3316/2357
f 3507/3316/2357 3506/3315/2357 3618/3405/2423
s 0
f 3590/3387/446 3619/3407/446 3620/3408/446
f 3620/3408/446 3591/3388/446 3590/3387/446
f 3622/3409/94 3621/3410/94 3593/3390/94
f 3593/3390/94 3594/3389/94 3622/3409/94
f 3624/3411/446 3623/3412/446 3585/3384/446
f 3585/3384/446 3588/3383/446 3624/3411/446
f 3626/3413/94 3625/3414/94 3583/3382/94
f 3583/3382/94 3582/3381/94 3626/3413/94
f 3628/3415/446 3578/3377/446 3577/3363/446
f 3577/3363/446 3627/3416/446 3628/3415/446
f 3627/3416/446 3577/3363/446 3629/3364/446
f 3629/3364/446 3630/3417/446 3627/3416/446
f 3633/3417/446 3631/3364/446 3565/3365/446
f 3565/3365/446 3632/3418/446 3633/3417/446
f 3564/3367/446 3634/3419/446 3632/3418/446
f 3632/3418/446 3565/3365/446 3564/3367/446
f 3623/3412/446 3628/3415/446 3627/3416/446
f 3627/3416/446 3585/3384/446 3623/3412/446
f 3585/3384/446 3627/3416/446 3630/3417/446
f 3630/3417/446 3586/3385/446 3585/3384/446
f 3589/3385/446 3633/3417/446 3632/3418/446
f 3632/3418/446 3590/3387/446 3589/3385/446
f 3634/3419/446 3619/3407/446 3590/3387/446
f 3590/3387/446 3632/3418/446 3634/3419/446
f 3636/3420/446 3591/3388/446 3620/3408/446
f 3620/3408/446 3635/3421/446 3636/3420/446
f 3637/3422/446 3592/3386/446 3591/3388/446
f 3591/3388/446 3636/3420/446 3637/3422/446
f 3639/3423/446 3588/3383/446 3587/3386/446
f 3587/3386/446 3638/3422/446 3639/3423/446
f 3640/3424/446 3624/3411/446 3588/3383/446
f 3588/3383/446 3639/3423/446 3640/3424/446
f 3621/3410/94 3572/3372/94 3571/3366/94
f 3571/3366/94 3593/3390/94 3621/3410/94
f 3593/3390/94 3571/3366/94 3641/3361/94
f 3641/3361/94 3581/3380/94 3593/3390/94
f 3581/3380/94 3555/3361/94 3554/3362/94
f 3554/3362/94 3582/3381/94 3581/3380/94
f 3580/3378/94 3626/3413/94 3582/3381/94
f 3582/3381/94 3554/3362/94 3580/3378/94
f 3645/3425/94 3642/3426/94 3643/3427/94
f 3643/3427/94 3644/3428/94 3645/3425/94
f 3647/3429/94 3646/3430/94 3644/3428/94
f 3644/3428/94 3643/3427/94 3647/3429/94
f 3651/3431/94 3648/3432/94 3649/3430/94
f 3649/3430/94 3650/3429/94 3651/3431/94
f 3653/3433/94 3652/3434/94 3648/3432/94
f 3648/3432/94 3651/3431/94 3653/3433/94
f 3652/3434/94 3622/3409/94 3594/3389/94
f 3594/3389/94 3648/3432/94 3652/3434/94
f 3648/3432/94 3594/3389/94 3584/3379/94
f 3584/3379/94 3649/3430/94 3648/3432/94
f 3646/3430/94 3584/3379/94 3583/3382/94
f 3583/3382/94 3644/3428/94 3646/3430/94
f 3625/3414/94 3645/3425/94 3644/3428/94
f 3644/3428/94 3583/3382/94 3625/3414/94
s 1
usemtl MQ9_Black
f 4/1/1 1/2/2 2/3/3
f 2/3/3 3/4/4 4/1/1
f 6/5/5 4/1/1 3/4/4
f 3/4/4 5/6/6 6/5/5
f 10/7/7 7/8/5 8/9/8
f 8/9/8 9/10/9 10/7/7
f 12/11/10 10/7/7 9/10/9
f 9/10/9 11/12/11 12/11/10
f 3/4/4 2/3/3 13/13/12
f 13/13/12 14/14/13 3/4/4
f 5/6/6 3/4/4 14/14/13
f 14/14/13 15/15/14 5/6/6
f 9/10/9 8/9/8 16/16/15
f 16/16/15 17/17/16 9/10/9
f 11/12/11 9/10/9 17/17/16
f 17/17/16 18/18/17 11/12/11
f 14/14/13 13/13/12 19/19/18
f 19/19/18 20/20/19 14/14/13
f 15/15/14 14/14/13 20/20/19
f 20/20/19 21/21/20 15/15/14
f 17/17/16 16/16/15 22/22/21
f 22/22/21 23/23/22 17/17/16
f 18/18/17 17/17/16 23/23/22
f 23/23/22 24/24/23 18/18/17
f 20/20/19 19/19/18 25/25/24
f 25/25/24 26/26/25 20/20/19
f 21/21/20 20/20/19 26/26/25
f 26/26/25 27/27/26 21/21/20
f 23/23/22 22/22/21 28/28/26
f 28/28/26 29/29/27 23/23/22
f 24/24/23 23/23/22 29/29/27
f 29/29/27 30/30/28 24/24/23
f 26/26/25 25/25/24 31/31/29
f 31/31/29 32/32/30 26/26/25
f 27/27/26 26/26/25 32/32/30
f 32/32/30 33/33/31 27/27/26
f 29/29/27 28/28/26 34/34/32
f 34/34/32 35/35/33 29/29/27
f 30/30/28 29/29/27 35/35/33
f 35/35/33 36/36/34 30/30/28
f 32/32/30 31/31/29 37/37/35
f 37/37/35 38/38/36 32/32/30
f 33/33/31 32/32/30 38/38/36
f 38/38/36 39/39/37 33/33/31
f 35/35/33 34/34/32 40/40/38
f 40/40/38 41/41/39 35/35/33
f 36/36/34 35/35/33 41/41/39
f 41/41/39 42/42/40 36/36/34
f 38/38/36 37/37/35 43/43/41
f 43/43/41 44/44/42 38/38/36
f 39/39/37 38/38/36 44/44/42
f 44/44/42 45/45/43 39/39/37
f 41/41/39 40/40/38 46/46/44
f 46/46/44 47/47/45 41/41/39
f 42/42/40 41/41/39 47/47/45
f 47/47/45 48/48/46 42/42/40
f 44/44/42 43/43/41 49/49/47
f 49/49/47 50/50/48 44/44/42
f 45/45/43 44/44/42 50/50/48
f 50/50/48 51/51/49 45/45/43
f 47/47/45 46/46/44 52/52/50
f 52/52/50 53/53/51 47/47/45
f 48/48/46 47/47/45 53/53/51
f 53/53/51 54/54/52 48/48/46
f 50/50/48 49/49/47 55/55/53
f 55/55/53 56/56/54 50/50/48
f 51/51/49 50/50/48 56/56/54
f 56/56/54 57/57/55 51/51/49
f 53/53/51 52/52/50 58/58/56
f 58/58/56 59/59/57 53/53/51
f 54/54/52 53/53/51 59/59/57
f 59/59/57 60/60/58 54/54/52
f 56/56/54 55/55/53 61/61/59
f 61/61/59 62/62/60 56/56/54
f 57/57/55 56/56/54 62/62/60
f 62/62/60 63/63/61 57/57/55
f 59/59/57 58/58/56 64/64/61
f 64/64/61 65/65/62 59/59/57
f 60/60/58 59/59/57 65/65/62
f 65/65/62 66/66/63 60/60/58
f 62/62/60 61/61/59 67/67/64
f 67/67/64 68/68/65 62/62/60
f 63/63/61 62/62/60 68/68/65
f 68/68/65 69/69/66 63/63/61
f 73/70/62 70/71/61 71/72/67
f 71/72/67 72/73/68 73/70/62
f 75/74/69 73/70/62 72/73/68
f 72/73/68 74/75/70 75/74/69
f 68/68/65 67/67/64 76/76/71
f 76/76/71 77/77/72 68/68/65
f 69/69/66 68/68/65 77/77/72
f 77/77/72 78/78/73 69/69/66
f 72/73/68 71/72/67 79/79/73
f 79/79/73 80/80/74 72/73/68
f 74/75/70 72/73/68 80/80/74
f 80/80/74 81/81/75 74/75/70
f 77/77/72 76/76/71 82/82/76
f 82/82/76 83/83/77 77/77/72
f 78/78/73 77/77/72 83/83/77
f 83/83/77 84/84/78 78/78/73
f 80/80/74 79/79/73 85/85/79
f 85/85/79 86/86/80 80/80/74
f 81/81/75 80/80/74 86/86/80
f 86/86/80 87/87/81 81/81/75
f 83/83/77 82/82/76 88/88/82
f 88/88/82 89/89/83 83/83/77
f 84/84/78 83/83/77 89/89/83
f 89/89/83 90/90/84 84/84/78
f 86/86/80 85/85/79 91/91/85
f 91/91/85 92/92/86 86/86/80
f 87/87/81 86/86/80 92/92/86
f 92/92/86 93/93/87 87/87/81
f 89/89/83 88/88/82 94/94/88
f 94/94/88 95/95/89 89/89/83
f 90/90/84 89/89/83 95/95/89
f 95/95/89 96/96/90 90/90/84
f 92/92/86 91/91/85 97/97/91
f 97/97/91 98/98/92 92/92/86
f 93/93/87 92/92/86 98/98/92
f 98/98/92 99/99/93 93/93/87
f 1/2/2 100/100/94 2/3/3
f 2/3/3 100/100/94 13/13/12
f 13/13/12 100/100/94 19/19/18
f 19/19/18 100/100/94 25/25/24
f 25/25/24 100/100/94 31/31/29
f 31/31/29 100/100/94 37/37/35
f 37/37/35 100/100/94 43/43/41
f 43/43/41 100/100/94 49/49/47
f 49/49/47 100/100/94 55/55/53
f 55/55/53 100/100/94 61/61/59
f 61/61/59 100/100/94 67/67/64
f 67/67/64 100/100/94 76/76/71
f 76/76/71 100/100/94 82/82/76
f 82/82/76 100/100/94 88/88/82
f 88/88/82 100/100/94 94/94/88
f 104/101/95 101/102/96 102/103/97
f 102/103/97 103/104/98 104/101/95
f 106/105/99 104/101/95 103/104/98
f 103/104/98 105/106/100 106/105/99
f 110/107/101 107/108/99 108/109/102
f 108/109/102 109/110/103 110/107/101
f 112/111/104 110/107/101 109/110/103
f 109/110/103 111/112/105 112/111/104
f 103/104/98 102/103/97 113/113/106
f 113/113/106 114/114/107 103/104/98
f 105/106/100 103/104/98 114/114/107
f 114/114/107 115/115/108 105/106/100
f 109/110/103 108/109/102 116/116/109
f 116/116/109 117/117/110 109/110/103
f 111/112/105 109/110/103 117/117/110
f 117/117/110 118/118/111 111/112/105
f 114/114/107 113/113/106 119/119/112
f 119/119/112 120/120/113 114/114/107
f 115/115/108 114/114/107 120/120/113
f 120/120/113 121/121/114 115/115/108
f 117/117/110 116/116/109 122/122/115
f 122/122/115 123/123/116 117/117/110
f 118/118/111 117/117/110 123/123/116
f 123/123/116 124/124/117 118/118/111
f 120/120/113 119/119/112 125/125/118
f 125/125/118 126/126/119 120/120/113
f 121/121/114 120/120/113 126/126/119
f 126/126/119 127/127/120 121/121/114
f 123/123/116 122/122/115 128/128/121
f 128/128/121 129/129/122 123/123/116
f 124/124/117 123/123/116 129/129/122
f 129/129/122 130/130/123 124/124/117
f 126/126/119 125/125/118 131/131/124
f 131/131/124 132/132/125 126/126/119
f 127/127/120 126/126/119 132/132/125
f 132/132/125 133/133/126 127/127/120
f 129/129/122 128/128/121 134/134/127
f 134/134/127 135/135/128 129/129/122
f 130/130/123 129/129/122 135/135/128
f 135/135/128 136/136/129 130/130/123
f 132/132/125 131/131/124 137/137/130
f 137/137/130 138/138/131 132/132/125
f 133/133/126 132/132/125 138/138/131
f 138/138/131 139/139/132 133/133/126
f 143/140/128 140/141/126 141/142/133
f 141/142/133 142/143/134 143/140/128
f 145/144/135 143/140/128 142/143/134
f 142/143/134 144/145/136 145/144/135
f 138/138/131 137/137/130 146/146/137
f 146/146/137 147/147/138 138/138/131
f 139/139/132 138/138/131 147/147/138
f 147/147/138 148/148/139 139/139/132
f 142/143/134 141/142/133 149/149/140
f 149/149/140 150/150/141 142/143/134
f 144/145/136 142/143/134 150/150/141
f 150/150/141 151/151/142 144/145/136
f 147/147/138 146/146/137 152/152/143
f 152/152/143 153/153/144 147/147/138
f 148/148/139 147/147/138 153/153/144
f 153/153/144 154/154/145 148/148/139
f 150/150/141 149/149/140 155/155/145
f 155/155/145 156/156/146 150/150/141
f 151/151/142 150/150/141 156/156/146
f 156/156/146 157/157/147 151/151/142
f 153/153/144 152/152/143 158/158/148
f 158/158/148 159/159/149 153/153/144
f 154/154/145 153/153/144 159/159/149
f 159/159/149 160/160/150 154/154/145
f 156/156/146 155/155/145 161/161/150
f 161/161/150 162/162/151 156/156/146
f 157/157/147 156/156/146 162/162/151
f 162/162/151 163/163/152 157/157/147
f 159/159/149 158/158/148 164/164/153
f 164/164/153 165/165/154 159/159/149
f 160/160/150 159/159/149 165/165/154
f 165/165/154 166/166/155 160/160/150
f 162/162/151 161/161/150 167/167/156
f 167/167/156 168/168/157 162/162/151
f 163/163/152 162/162/151 168/168/157
f 168/168/157 169/169/158 163/163/152
f 165/165/154 164/164/153 170/170/159
f 170/170/159 171/171/160 165/165/154
f 166/166/155 165/165/154 171/171/160
f 171/171/160 172/172/161 166/166/155
f 176/173/157 173/174/156 174/175/162
f 174/175/162 175/176/163 176/173/157
f 169/169/158 168/168/157 177/177/164
f 177/177/164 178/178/165 169/169/158
f 171/171/160 170/170/159 179/179/166
f 179/179/166 180/180/167 171/171/160
f 172/172/161 171/171/160 180/180/167
f 180/180/167 181/181/168 172/172/161
f 177/177/164 182/182/162 183/183/169
f 183/183/169 184/184/170 177/177/164
f 178/178/165 177/177/164 184/184/170
f 184/184/170 185/185/171 178/178/165
f 180/180/167 179/179/166 186/186/172
f 186/186/172 187/187/173 180/180/167
f 181/181/168 180/180/167 187/187/173
f 187/187/173 188/188/174 181/181/168
f 184/184/170 183/183/169 189/189/175
f 189/189/175 190/190/176 184/184/170
f 185/185/171 184/184/170 190/190/176
f 190/190/176 191/191/177 185/185/171
f 187/187/173 186/186/172 192/192/178
f 192/192/178 193/193/179 187/187/173
f 188/188/174 187/187/173 193/193/179
f 193/193/179 194/194/180 188/188/174
f 190/190/176 189/189/175 195/195/181
f 195/195/181 196/196/182 190/190/176
f 191/191/177 190/190/176 196/196/182
f 196/196/182 197/197/183 191/191/177
f 193/193/179 192/192/178 1/2/2
f 1/2/2 4/1/1 193/193/179
f 194/194/180 193/193/179 4/1/1
f 4/1/1 6/5/5 194/194/180
f 196/196/182 195/195/181 7/8/5
f 7/8/5 10/7/7 196/196/182
f 197/197/183 196/196/182 10/7/7
f 10/7/7 12/11/10 197/197/183
f 101/102/96 100/100/94 102/103/97
f 102/103/97 100/100/94 113/113/106
f 113/113/106 100/100/94 119/119/112
f 119/119/112 100/100/94 125/125/118
f 125/125/118 100/100/94 131/131/124
f 131/131/124 100/100/94 137/137/130
f 137/137/130 100/100/94 146/146/137
f 146/146/137 100/100/94 152/152/143
f 152/152/143 100/100/94 158/158/148
f 158/158/148 100/100/94 164/164/153
f 164/164/153 100/100/94 170/170/159
f 170/170/159 100/100/94 179/179/166
f 179/179/166 100/100/94 186/186/172
f 186/186/172 100/100/94 192/192/178
f 192/192/178 100/100/94 1/2/2
f 201/198/184 198/199/185 199/200/186
f 199/200/186 200/201/187 201/198/184
f 203/202/188 201/198/184 200/201/187
f 200/201/187 202/203/189 203/202/188
f 207/204/190 204/205/188 205/206/191
f 205/206/191 206/207/192 207/204/190
f 209/208/193 207/204/190 206/207/192
f 206/207/192 208/209/194 209/208/193
f 200/201/187 199/200/186 210/210/195
f 210/210/195 211/211/196 200/201/187
f 202/203/189 200/201/187 211/211/196
f 211/211/196 212/212/197 202/203/189
f 206/207/192 205/206/191 213/213/197
f 213/213/197 214/214/198 206/207/192
f 208/209/194 206/207/192 214/214/198
f 214/214/198 215/215/199 208/209/194
f 211/211/196 210/210/195 216/216/200
f 216/216/200 217/217/201 211/211/196
f 212/212/197 211/211/196 217/217/201
f 217/217/201 218/218/202 212/212/197
f 214/214/198 213/213/197 219/219/203
f 219/219/203 220/220/204 214/214/198
f 215/215/199 214/214/198 220/220/204
f 220/220/204 221/221/205 215/215/199
f 217/217/201 216/216/200 222/222/206
f 222/222/206 223/223/207 217/217/201
f 218/218/202 217/217/201 223/223/207
f 223/223/207 224/224/208 218/218/202
f 220/220/204 219/219/203 225/225/208
f 225/225/208 226/226/209 220/220/204
f 221/221/205 220/220/204 226/226/209
f 226/226/209 227/227/210 221/221/205
f 223/223/207 222/222/206 228/228/211
f 228/228/211 229/229/212 223/223/207
f 224/224/208 223/223/207 229/229/212
f 229/229/212 230/230/213 224/224/208
f 226/226/209 225/225/208 231/231/214
f 231/231/214 232/232/215 226/226/209
f 227/227/210 226/226/209 232/232/215
f 232/232/215 233/233/216 227/227/210
f 229/229/212 228/228/211 234/234/217
f 234/234/217 235/235/218 229/229/212
f 230/230/213 229/229/212 235/235/218
f 235/235/218 236/236/219 230/230/213
f 232/232/215 231/231/214 237/237/220
f 237/237/220 238/238/221 232/232/215
f 233/233/216 232/232/215 238/238/221
f 238/238/221 239/239/222 233/233/216
f 235/235/218 234/234/217 240/240/223
f 240/240/223 241/241/224 235/235/218
f 236/236/219 235/235/218 241/241/224
f 241/241/224 242/242/225 236/236/219
f 238/238/221 237/237/220 243/243/226
f 243/243/226 244/244/227 238/238/221
f 239/239/222 238/238/221 244/244/227
f 244/244/227 245/245/228 239/239/222
f 241/241/224 240/240/223 246/246/229
f 246/246/229 247/247/230 241/241/224
f 242/242/225 241/241/224 247/247/230
f 247/247/230 248/248/231 242/242/225
f 244/244/227 243/243/226 249/249/232
f 249/249/232 250/250/233 244/244/227
f 245/245/228 244/244/227 250/250/233
f 250/250/233 251/251/234 245/245/228
f 247/247/230 246/246/229 252/252/235
f 252/252/235 253/253/236 247/247/230
f 248/248/231 247/247/230 253/253/236
f 253/253/236 254/254/237 248/248/231
f 250/250/233 249/249/232 255/255/237
f 255/255/237 256/256/238 250/250/233
f 251/251/234 250/250/233 256/256/238
f 256/256/238 257/257/239 251/251/234
f 253/253/236 252/252/235 258/258/240
f 258/258/240 259/259/241 253/253/236
f 254/254/237 253/253/236 259/259/241
f 259/259/241 260/260/242 254/254/237
f 256/256/238 255/255/237 261/261/243
f 261/261/243 262/262/244 256/256/238
f 257/257/239 256/256/238 262/262/244
f 262/262/244 263/263/245 257/257/239
f 259/259/241 258/258/240 264/264/246
f 264/264/246 265/265/247 259/259/241
f 260/260/242 259/259/241 265/265/247
f 265/265/247 266/266/248 260/260/242
f 270/267/244 267/268/243 268/269/249
f 268/269/249 269/270/250 270/267/244
f 272/271/251 270/267/244 269/270/250
f 269/270/250 271/272/252 272/271/251
f 265/265/247 264/264/246 273/273/253
f 273/273/253 274/274/254 265/265/247
f 266/266/248 265/265/247 274/274/254
f 274/274/254 275/275/255 266/266/248
f 269/270/250 268/269/249 276/276/256
f 276/276/256 277/277/257 269/270/250
f 271/272/252 269/270/250 277/277/257
f 277/277/257 278/278/258 271/272/252
f 274/274/254 273/273/253 279/279/259
f 279/279/259 280/280/260 274/274/254
f 275/275/255 274/274/254 280/280/260
f 280/280/260 281/281/261 275/275/255
f 277/277/257 276/276/256 282/282/262
f 282/282/262 283/283/263 277/277/257
f 278/278/258 277/277/257 283/283/263
f 283/283/263 284/284/264 278/278/258
f 280/280/260 279/279/259 285/285/265
f 285/285/265 286/286/266 280/280/260
f 281/281/261 280/280/260 286/286/266
f 286/286/266 287/287/267 281/281/261
f 283/283/263 282/282/262 288/288/268
f 288/288/268 289/289/269 283/283/263
f 284/284/264 283/283/263 289/289/269
f 289/289/269 290/290/270 284/284/264
f 286/286/266 285/285/265 101/102/96
f 101/102/96 104/101/95 286/286/266
f 287/287/267 286/286/266 104/101/95
f 104/101/95 106/105/99 287/287/267
f 289/289/269 288/288/268 107/108/99
f 107/108/99 110/107/101 289/289/269
f 290/290/270 289/289/269 110/107/101
f 110/107/101 112/111/104 290/290/270
f 198/199/185 100/100/94 199/200/186
f 199/200/186 100/100/94 210/210/195
f 210/210/195 100/100/94 216/216/200
f 216/216/200 100/100/94 222/222/206
f 222/222/206 100/100/94 228/228/211
f 228/228/211 100/100/94 234/234/217
f 234/234/217 100/100/94 240/240/223
f 240/240/223 100/100/94 246/246/229
f 246/246/229 100/100/94 252/252/235
f 252/252/235 100/100/94 258/258/240
f 258/258/240 100/100/94 264/264/246
f 264/264/246 100/100/94 273/273/253
f 273/273/253 100/100/94 279/279/259
f 279/279/259 100/100/94 285/285/265
f 285/285/265 100/100/94 101/102/96
f 95/95/89 94/94/88 291/291/271
f 291/291/271 292/292/272 95/95/89
f 96/96/90 95/95/89 292/292/272
f 292/292/272 293/293/273 96/96/90
f 98/98/92 97/97/91 294/294/274
f 294/294/274 295/295/275 98/98/92
f 99/99/93 98/98/92 295/295/275
f 295/295/275 296/296/276 99/99/93
f 292/292/272 291/291/271 297/297/277
f 297/297/277 298/298/278 292/292/272
f 293/293/273 292/292/272 298/298/278
f 298/298/278 299/299/279 293/293/273
f 295/295/275 294/294/274 300/300/280
f 300/300/280 301/301/281 295/295/275
f 296/296/276 295/295/275 301/301/281
f 301/301/281 302/302/282 296/296/276
f 298/298/278 297/297/277 303/303/283
f 303/303/283 304/304/284 298/298/278
f 299/299/279 298/298/278 304/304/284
f 304/304/284 305/305/285 299/299/279
f 301/301/281 300/300/280 306/306/286
f 306/306/286 307/307/287 301/301/281
f 302/302/282 301/301/281 307/307/287
f 307/307/287 308/308/288 302/302/282
f 304/304/284 303/303/283 309/309/289
f 309/309/289 310/310/290 304/304/284
f 305/305/285 304/304/284 310/310/290
f 310/310/290 311/311/291 305/305/285
f 307/307/287 306/306/286 312/312/292
f 312/312/292 313/313/293 307/307/287
f 308/308/288 307/307/287 313/313/293
f 313/313/293 314/314/294 308/308/288
f 310/310/290 309/309/289 315/315/295
f 315/315/295 316/316/296 310/310/290
f 311/311/291 310/310/290 316/316/296
f 316/316/296 317/317/297 311/311/291
f 313/313/293 312/312/292 318/318/298
f 318/318/298 319/319/299 313/313/293
f 314/314/294 313/313/293 319/319/299
f 319/319/299 320/320/300 314/314/294
f 316/316/296 315/315/295 321/321/301
f 321/321/301 322/322/302 316/316/296
f 317/317/297 316/316/296 322/322/302
f 322/322/302 323/323/303 317/317/297
f 327/324/299 324/325/304 325/326/303
f 325/326/303 326/327/305 327/324/299
f 329/328/306 327/324/299 326/327/305
f 326/327/305 328/329/307 329/328/306
f 322/322/302 321/321/301 330/330/308
f 330/330/308 331/331/309 322/322/302
f 323/323/303 322/322/302 331/331/309
f 331/331/309 332/332/310 323/323/303
f 326/327/305 325/326/303 333/333/311
f 333/333/311 334/334/312 326/327/305
f 328/329/307 326/327/305 334/334/312
f 334/334/312 335/335/313 328/329/307
f 331/331/309 330/330/308 336/336/314
f 336/336/314 337/337/315 331/331/309
f 332/332/310 331/331/309 337/337/315
f 337/337/315 338/338/316 332/332/310
f 334/334/312 333/333/311 339/339/317
f 339/339/317 340/340/318 334/334/312
f 335/335/313 334/334/312 340/340/318
f 340/340/318 341/341/319 335/335/313
f 337/337/315 336/336/314 342/342/320
f 342/342/320 343/343/321 337/337/315
f 338/338/316 337/337/315 343/343/321
f 343/343/321 344/344/322 338/338/316
f 340/340/318 339/339/317 345/345/323
f 345/345/323 346/346/324 340/340/318
f 341/341/319 340/340/318 346/346/324
f 346/346/324 347/347/325 341/341/319
f 343/343/321 342/342/320 348/348/326
f 348/348/326 349/349/327 343/343/321
f 344/344/322 343/343/321 349/349/327
f 349/349/327 350/350/328 344/344/322
f 346/346/324 345/345/323 351/351/329
f 351/351/329 352/352/330 346/346/324
f 347/347/325 346/346/324 352/352/330
f 352/352/330 353/353/331 347/347/325
f 349/349/327 348/348/326 354/354/332
f 354/354/332 355/355/333 349/349/327
f 350/350/328 349/349/327 355/355/333
f 355/355/333 356/356/334 350/350/328
f 352/352/330 351/351/329 357/357/335
f 357/357/335 358/358/336 352/352/330
f 353/353/331 352/352/330 358/358/336
f 358/358/336 359/359/337 353/353/331
f 355/355/333 354/354/332 360/360/338
f 360/360/338 361/361/339 355/355/333
f 356/356/334 355/355/333 361/361/339
f 361/361/339 362/362/340 356/356/334
f 358/358/336 357/357/335 363/363/341
f 363/363/341 364/364/342 358/358/336
f 359/359/337 358/358/336 364/364/342
f 364/364/342 365/365/343 359/359/337
f 361/361/339 360/360/338 366/366/344
f 366/366/344 367/367/345 361/361/339
f 362/362/340 361/361/339 367/367/345
f 367/367/345 368/368/346 362/362/340
f 364/364/342 363/363/341 369/369/346
f 369/369/346 370/370/347 364/364/342
f 365/365/343 364/364/342 370/370/347
f 370/370/347 371/371/348 365/365/343
f 367/367/345 366/366/344 372/372/349
f 372/372/349 373/373/350 367/367/345
f 368/368/346 367/367/345 373/373/350
f 373/373/350 374/374/351 368/368/346
f 370/370/347 369/369/346 375/375/352
f 375/375/352 376/376/353 370/370/347
f 371/371/348 370/370/347 376/376/353
f 376/376/353 377/377/354 371/371/348
f 373/373/350 372/372/349 198/199/185
f 198/199/185 201/198/184 373/373/350
f 374/374/351 373/373/350 201/198/184
f 201/198/184 203/202/188 374/374/351
f 376/376/353 375/375/352 204/205/188
f 204/205/188 207/204/190 376/376/353
f 377/377/354 376/376/353 207/204/190
f 207/204/190 209/208/193 377/377/354
f 94/94/88 100/100/94 291/291/271
f 291/291/271 100/100/94 297/297/277
f 297/297/277 100/100/94 303/303/283
f 303/303/283 100/100/94 309/309/289
f 309/309/289 100/100/94 315/315/295
f 315/315/295 100/100/94 321/321/301
f 321/321/301 100/100/94 330/330/308
f 330/330/308 100/100/94 336/336/314
f 336/336/314 100/100/94 342/342/320
f 342/342/320 100/100/94 348/348/326
f 348/348/326 100/100/94 354/354/332
f 354/354/332 100/100/94 360/360/338
f 360/360/338 100/100/94 366/366/344
f 366/366/344 100/100/94 372/372/349
f 372/372/349 100/100/94 198/199/185
f 381/378/355 378/379/356 379/380/357
f 379/380/357 380/381/358 381/378/355
f 380/381/358 379/380/357 382/382/359
f 382/382/359 383/383/360 380/381/358
f 387/384/361 384/385/362 385/386/363
f 385/386/363 386/387/364 387/384/361
f 386/387/364 385/386/363 388/388/365
f 388/388/365 389/389/366 386/387/364
f 391/390/367 381/378/355 380/381/358
f 380/381/358 390/391/368 391/390/367
f 390/391/368 380/381/358 383/383/360
f 383/383/360 392/392/369 390/391/368
f 394/393/370 387/384/361 386/387/364
f 386/387/364 393/394/371 394/393/370
f 393/394/371 386/387/364 389/389/366
f 389/389/366 395/395/372 393/394/371
f 397/396/373 391/390/367 390/391/368
f 390/391/368 396/397/374 397/396/373
f 396/397/374 390/391/368 392/392/369
f 392/392/369 398/398/375 396/397/374
f 400/399/376 394/393/370 393/394/371
f 393/394/371 399/400/377 400/399/376
f 399/400/377 393/394/371 395/395/372
f 395/395/372 401/401/378 399/400/377
f 403/402/379 397/396/373 396/397/374
f 396/397/374 402/403/380 403/402/379
f 402/403/380 396/397/374 398/398/375
f 398/398/375 404/404/381 402/403/380
f 406/405/382 400/399/376 399/400/377
f 399/400/377 405/406/383 406/405/382
f 405/406/383 399/400/377 401/401/378
f 401/401/378 407/407/384 405/406/383
f 409/408/385 403/402/379 402/403/380
f 402/403/380 408/409/386 409/408/385
f 408/409/386 402/403/380 404/404/381
f 404/404/381 410/410/387 408/409/386
f 412/411/387 406/405/382 405/406/383
f 405/406/383 411/412/388 412/411/387
f 411/412/388 405/406/383 407/407/384
f 407/407/384 413/413/389 411/412/388
f 415/414/390 409/408/385 408/409/386
f 408/409/386 414/415/391 415/414/390
f 414/415/391 408/409/386 410/410/387
f 410/410/387 416/416/392 414/415/391
f 418/417/393 412/411/387 411/412/388
f 411/412/388 417/418/394 418/417/393
f 417/418/394 411/412/388 413/413/389
f 413/413/389 419/419/395 417/418/394
f 421/420/396 415/414/390 414/415/391
f 414/415/391 420/421/397 421/420/396
f 420/421/397 414/415/391 416/416/392
f 416/416/392 422/422/398 420/421/397
f 424/423/398 418/417/393 417/418/394
f 417/418/394 423/424/399 424/423/398
f 423/424/399 417/418/394 419/419/395
f 419/419/395 425/425/400 423/424/399
f 427/426/401 421/420/396 420/421/397
f 420/421/397 426/427/402 427/426/401
f 426/427/402 420/421/397 422/422/398
f 422/422/398 428/428/403 426/427/402
f 430/429/403 424/423/398 423/424/399
f 423/424/399 429/430/404 430/429/403
f 429/430/404 423/424/399 425/425/400
f 425/425/400 431/431/405 429/430/404
f 433/432/406 427/426/401 426/427/402
f 426/427/402 432/433/407 433/432/406
f 432/433/407 426/427/402 428/428/403
f 428/428/403 434/434/408 432/433/407
f 436/435/409 430/429/403 429/430/404
f 429/430/404 435/436/410 436/435/409
f 435/436/410 429/430/404 431/431/405
f 431/431/405 437/437/411 435/436/410
f 439/438/412 433/432/406 432/433/407
f 432/433/407 438/439/413 439/438/412
f 438/439/413 432/433/407 434/434/408
f 434/434/408 440/440/414 438/439/413
f 442/441/415 436/435/409 435/436/410
f 435/436/410 441/442/416 442/441/415
f 441/442/416 435/436/410 437/437/411
f 437/437/411 443/443/417 441/442/416
f 445/444/418 439/438/412 438/439/413
f 438/439/413 444/445/419 445/444/418
f 444/445/419 438/439/413 440/440/414
f 440/440/414 446/446/420 444/445/419
f 450/447/420 447/448/414 448/449/421
f 448/449/421 449/450/422 450/447/420
f 449/450/422 448/449/421 451/451/417
f 451/451/417 452/452/423 449/450/422
f 454/453/424 445/444/418 444/445/419
f 444/445/419 453/454/425 454/453/424
f 453/454/425 444/445/419 446/446/420
f 446/446/420 455/455/426 453/454/425
f 457/456/427 450/447/420 449/450/422
f 449/450/422 456/457/428 457/456/427
f 456/457/428 449/450/422 452/452/423
f 452/452/423 458/458/429 456/457/428
f 460/459/430 454/453/424 453/454/425
f 453/454/425 459/460/431 460/459/430
f 459/460/431 453/454/425 455/455/426
f 455/455/426 461/461/432 459/460/431
f 463/462/432 457/456/427 456/457/428
f 456/457/428 462/463/433 463/462/432
f 462/463/433 456/457/428 458/458/429
f 458/458/429 464/464/434 462/463/433
f 466/465/435 460/459/430 459/460/431
f 459/460/431 465/466/436 466/465/435
f 465/466/436 459/460/431 461/461/432
f 461/461/432 467/467/437 465/466/436
f 469/468/438 463/462/432 462/463/433
f 462/463/433 468/469/439 469/468/438
f 468/469/439 462/463/433 464/464/434
f 464/464/434 470/470/440 468/469/439
f 472/471/441 466/465/435 465/466/436
f 465/466/436 471/472/442 472/471/441
f 471/472/442 465/466/436 467/467/437
f 467/467/437 473/473/443 471/472/442
f 475/474/443 469/468/438 468/469/439
f 468/469/439 474/475/444 475/474/443
f 474/475/444 468/469/439 470/470/440
f 470/470/440 476/476/445 474/475/444
f 378/379/356 381/378/355 477/477/446
f 381/378/355 391/390/367 477/477/446
f 391/390/367 397/396/373 477/477/446
f 397/396/373 403/402/379 477/477/446
f 403/402/379 409/408/385 477/477/446
f 409/408/385 415/414/390 477/477/446
f 415/414/390 421/420/396 477/477/446
f 421/420/396 427/426/401 477/477/446
f 427/426/401 433/432/406 477/477/446
f 433/432/406 439/438/412 477/477/446
f 439/438/412 445/444/418 477/477/446
f 445/444/418 454/453/424 477/477/446
f 454/453/424 460/459/430 477/477/446
f 460/459/430 466/465/435 477/477/446
f 466/465/435 472/471/441 477/477/446
f 481/478/447 478/479/448 479/480/449
f 479/480/449 480/481/450 481/478/447
f 480/481/450 479/480/449 482/482/451
f 482/482/451 483/483/452 480/481/450
f 487/484/453 484/485/451 485/486/454
f 485/486/454 486/487/455 487/484/453
f 486/487/455 485/486/454 488/488/456
f 488/488/456 489/489/457 486/487/455
f 491/490/458 481/478/447 480/481/450
f 480/481/450 490/491/459 491/490/458
f 490/491/459 480/481/450 483/483/452
f 483/483/452 492/492/460 490/491/459
f 494/493/461 487/484/453 486/487/455
f 486/487/455 493/494/462 494/493/461
f 493/494/462 486/487/455 489/489/457
f 489/489/457 495/495/463 493/494/462
f 497/496/464 491/490/458 490/491/459
f 490/491/459 496/497/465 497/496/464
f 496/497/465 490/491/459 492/492/460
f 492/492/460 498/498/466 496/497/465
f 500/499/467 494/493/461 493/494/462
f 493/494/462 499/500/468 500/499/467
f 499/500/468 493/494/462 495/495/463
f 495/495/463 501/501/469 499/500/468
f 503/502/470 497/496/464 496/497/465
f 496/497/465 502/503/471 503/502/470
f 502/503/471 496/497/465 498/498/466
f 498/498/466 504/504/472 502/503/471
f 506/505/473 500/499/467 499/500/468
f 499/500/468 505/506/474 506/505/473
f 505/506/474 499/500/468 501/501/469
f 501/501/469 507/507/475 505/506/474
f 509/508/476 503/502/470 502/503/471
f 502/503/471 508/509/477 509/508/476
f 508/509/477 502/503/471 504/504/472
f 504/504/472 510/510/478 508/509/477
f 512/511/478 506/505/473 505/506/474
f 505/506/474 511/512/479 512/511/478
f 511/512/479 505/506/474 507/507/475
f 507/507/475 513/513/480 511/512/479
f 515/514/481 509/508/476 508/509/477
f 508/509/477 514/515/482 515/514/481
f 514/515/482 508/509/477 510/510/478
f 510/510/478 516/516/483 514/515/482
f 520/517/483 517/518/484 518/519/485
f 518/519/485 519/520/486 520/517/483
f 519/520/486 518/519/485 521/521/480
f 521/521/480 522/522/487 519/520/486
f 524/523/488 515/514/481 514/515/482
f 514/515/482 523/524/489 524/523/488
f 523/524/489 514/515/482 516/516/483
f 516/516/483 525/525/490 523/524/489
f 527/526/490 520/517/483 519/520/486
f 519/520/486 526/527/491 527/526/490
f 526/527/491 519/520/486 522/522/487
f 522/522/487 528/528/492 526/527/491
f 530/529/493 524/523/488 523/524/489
f 523/524/489 529/530/494 530/529/493
f 529/530/494 523/524/489 525/525/490
f 525/525/490 531/531/495 529/530/494
f 533/532/496 527/526/490 526/527/491
f 526/527/491 532/533/497 533/532/496
f 532/533/497 526/527/491 528/528/492
f 528/528/492 534/534/498 532/533/497
f 536/535/499 530/529/493 529/530/494
f 529/530/494 535/536/500 536/535/499
f 535/536/500 529/530/494 531/531/495
f 531/531/495 537/537/501 535/536/500
f 539/538/502 533/532/496 532/533/497
f 532/533/497 538/539/503 539/538/502
f 538/539/503 532/533/497 534/534/498
f 534/534/498 540/540/504 538/539/503
f 542/541/505 536/535/499 535/536/500
f 535/536/500 541/542/506 542/541/505
f 541/542/506 535/536/500 537/537/501
f 537/537/501 543/543/507 541/542/506
f 545/544/508 539/538/502 538/539/503
f 538/539/503 544/545/509 545/544/508
f 544/545/509 538/539/503 540/540/504
f 540/540/504 546/546/510 544/545/509
f 548/547/511 542/541/505 541/542/506
f 541/542/506 547/548/512 548/547/511
f 547/548/512 541/542/506 543/543/507
f 543/543/507 549/549/513 547/548/512
f 551/550/513 545/544/508 544/545/509
f 544/545/509 550/551/514 551/550/513
f 550/551/514 544/545/509 546/546/510
f 546/546/510 552/552/515 550/551/514
f 554/553/516 548/547/511 547/548/512
f 547/548/512 553/554/517 554/553/516
f 553/554/517 547/548/512 549/549/513
f 549/549/513 555/555/518 553/554/517
f 557/556/519 551/550/513 550/551/514
f 550/551/514 556/557/520 557/556/519
f 556/557/520 550/551/514 552/552/515
f 552/552/515 558/558/521 556/557/520
f 560/559/522 554/553/516 553/554/517
f 553/554/517 559/560/523 560/559/522
f 559/560/523 553/554/517 555/555/518
f 555/555/518 561/561/524 559/560/523
f 563/562/525 557/556/519 556/557/520
f 556/557/520 562/563/526 563/562/525
f 562/563/526 556/557/520 558/558/521
f 558/558/521 564/564/527 562/563/526
f 566/565/528 560/559/522 559/560/523
f 559/560/523 565/566/529 566/565/528
f 565/566/529 559/560/523 561/561/524
f 561/561/524 567/567/530 565/566/529
f 569/568/531 563/562/525 562/563/526
f 562/563/526 568/569/532 569/568/531
f 568/569/532 562/563/526 564/564/527
f 564/564/527 570/570/533 568/569/532
f 378/379/356 566/565/528 565/566/529
f 565/566/529 379/380/357 378/379/356
f 379/380/357 565/566/529 567/567/530
f 567/567/530 382/382/359 379/380/357
f 384/385/362 569/568/531 568/569/532
f 568/569/532 385/386/363 384/385/362
f 385/386/363 568/569/532 570/570/533
f 570/570/533 388/388/365 385/386/363
f 478/479/448 481/478/447 477/477/446
f 481/478/447 491/490/458 477/477/446
f 491/490/458 497/496/464 477/477/446
f 497/496/464 503/502/470 477/477/446
f 503/502/470 509/508/476 477/477/446
f 509/508/476 515/514/481 477/477/446
f 515/514/481 524/523/488 477/477/446
f 524/523/488 530/529/493 477/477/446
f 530/529/493 536/535/499 477/477/446
f 536/535/499 542/541/505 477/477/446
f 542/541/505 548/547/511 477/477/446
f 548/547/511 554/553/516 477/477/446
f 554/553/516 560/559/522 477/477/446
f 560/559/522 566/565/528 477/477/446
f 566/565/528 378/379/356 477/477/446
f 574/571/534 571/572/535 572/573/536
f 572/573/536 573/574/537 574/571/534
f 573/574/537 572/573/536 575/575/538
f 575/575/538 576/576/539 573/574/537
f 580/577/540 577/578/541 578/579/542
f 578/579/542 579/580/543 580/577/540
f 579/580/543 578/579/542 581/581/544
f 581/581/544 582/582/545 579/580/543
f 584/583/546 574/571/534 573/574/537
f 573/574/537 583/584/547 584/583/546
f 583/584/547 573/574/537 576/576/539
f 576/576/539 585/585/548 583/584/547
f 587/586/549 580/577/540 579/580/543
f 579/580/543 586/587/550 587/586/549
f 586/587/550 579/580/543 582/582/545
f 582/582/545 588/588/551 586/587/550
f 590/589/552 584/583/546 583/584/547
f 583/584/547 589/590/553 590/589/552
f 589/590/553 583/584/547 585/585/548
f 585/585/548 591/591/554 589/590/553
f 593/592/554 587/586/549 586/587/550
f 586/587/550 592/593/555 593/592/554
f 592/593/555 586/587/550 588/588/551
f 588/588/551 594/594/556 592/593/555
f 596/595/557 590/589/552 589/590/553
f 589/590/553 595/596/558 596/595/557
f 595/596/558 589/590/553 591/591/554
f 591/591/554 597/597/559 595/596/558
f 599/598/560 593/592/554 592/593/555
f 592/593/555 598/599/561 599/598/560
f 598/599/561 592/593/555 594/594/556
f 594/594/556 600/600/562 598/599/561
f 602/601/563 596/595/557 595/596/558
f 595/596/558 601/602/564 602/601/563
f 601/602/564 595/596/558 597/597/559
f 597/597/559 603/603/565 601/602/564
f 605/604/566 599/598/560 598/599/561
f 598/599/561 604/605/567 605/604/566
f 604/605/567 598/599/561 600/600/562
f 600/600/562 606/606/568 604/605/567
f 608/607/569 602/601/563 601/602/564
f 601/602/564 607/608/570 608/607/569
f 607/608/570 601/602/564 603/603/565
f 603/603/565 609/609/571 607/608/570
f 611/610/572 605/604/566 604/605/567
f 604/605/567 610/611/573 611/610/572
f 610/611/573 604/605/567 606/606/568
f 606/606/568 612/612/574 610/611/573
f 614/613/575 608/607/569 607/608/570
f 607/608/570 613/614/576 614/613/575
f 613/614/576 607/608/570 609/609/571
f 609/609/571 615/615/577 613/614/576
f 617/616/578 611/610/572 610/611/573
f 610/611/573 616/617/579 617/616/578
f 616/617/579 610/611/573 612/612/574
f 612/612/574 618/618/580 616/617/579
f 620/619/581 614/613/575 613/614/576
f 613/614/576 619/620/582 620/619/581
f 619/620/582 613/614/576 615/615/577
f 615/615/577 621/621/583 619/620/582
f 623/622/584 617/616/578 616/617/579
f 616/617/579 622/623/585 623/622/584
f 622/623/585 616/617/579 618/618/580
f 618/618/580 624/624/586 622/623/585
f 626/625/587 620/619/581 619/620/582
f 619/620/582 625/626/588 626/625/587
f 625/626/588 619/620/582 621/621/583
f 621/621/583 627/627/589 625/626/588
f 629/628/590 623/622/584 622/623/585
f 622/623/585 628/629/591 629/628/590
f 628/629/591 622/623/585 624/624/586
f 624/624/586 630/630/592 628/629/591
f 632/631/593 626/625/587 625/626/588
f 625/626/588 631/632/594 632/631/593
f 631/632/594 625/626/588 627/627/589
f 627/627/589 633/633/595 631/632/594
f 635/634/595 629/628/590 628/629/591
f 628/629/591 634/635/596 635/634/595
f 634/635/596 628/629/591 630/630/592
f 630/630/592 636/636/597 634/635/596
f 638/637/598 632/631/593 631/632/594
f 631/632/594 637/638/599 638/637/598
f 637/638/599 631/632/594 633/633/595
f 633/633/595 639/639/600 637/638/599
f 643/640/601 640/641/602 641/642/596
f 641/642/596 642/643/603 643/640/601
f 642/643/603 641/642/596 644/644/597
f 644/644/597 645/645/604 642/643/603
f 647/646/605 638/637/598 637/638/599
f 637/638/599 646/647/606 647/646/605
f 646/647/606 637/638/599 639/639/600
f 639/639/600 648/648/607 646/647/606
f 650/649/608 643/640/601 642/643/603
f 642/643/603 649/650/609 650/649/608
f 649/650/609 642/643/603 645/645/604
f 645/645/604 651/651/610 649/650/609
f 653/652/611 647/646/605 646/647/606
f 646/647/606 652/653/612 653/652/611
f 652/653/612 646/647/606 648/648/607
f 648/648/607 654/654/613 652/653/612
f 656/655/614 650/649/608 649/650/609
f 649/650/609 655/656/615 656/655/614
f 655/656/615 649/650/609 651/651/610
f 651/651/610 657/657/616 655/656/615
f 659/658/617 653/652/611 652/653/612
f 652/653/612 658/659/618 659/658/617
f 658/659/618 652/653/612 654/654/613
f 654/654/613 660/660/619 658/659/618
f 662/661/620 656/655/614 655/656/615
f 655/656/615 661/662/621 662/661/620
f 661/662/621 655/656/615 657/657/616
f 657/657/616 663/663/622 661/662/621
f 478/479/448 659/658/617 658/659/618
f 658/659/618 479/480/449 478/479/448
f 479/480/449 658/659/618 660/660/619
f 660/660/619 482/482/451 479/480/449
f 484/485/451 662/661/620 661/662/621
f 661/662/621 485/486/454 484/485/451
f 485/486/454 661/662/621 663/663/622
f 663/663/622 488/488/456 485/486/454
f 571/572/535 574/571/534 477/477/446
f 574/571/534 584/583/546 477/477/446
f 584/583/546 590/589/552 477/477/446
f 590/589/552 596/595/557 477/477/446
f 596/595/557 602/601/563 477/477/446
f 602/601/563 608/607/569 477/477/446
f 608/607/569 614/613/575 477/477/446
f 614/613/575 620/619/581 477/477/446
f 620/619/581 626/625/587 477/477/446
f 626/625/587 632/631/593 477/477/446
f 632/631/593 638/637/598 477/477/446
f 638/637/598 647/646/605 477/477/446
f 647/646/605 653/652/611 477/477/446
f 653/652/611 659/658/617 477/477/446
f 659/658/617 478/479/448 477/477/446
f 665/664/623 472/471/441 471/472/442
f 471/472/442 664/665/624 665/664/623
f 664/665/624 471/472/442 473/473/443
f 473/473/443 666/666/625 664/665/624
f 668/667/626 475/474/443 474/475/444
f 474/475/444 667/668/627 668/667/626
f 667/668/627 474/475/444 476/476/445
f 476/476/445 669/669/628 667/668/627
f 671/670/629 665/664/623 664/665/624
f 664/665/624 670/671/630 671/670/629
f 670/671/630 664/665/624 666/666/625
f 666/666/625 672/672/631 670/671/630
f 674/673/632 668/667/626 667/668/627
f 667/668/627 673/674/633 674/673/632
f 673/674/633 667/668/627 669/669/628
f 669/669/628 675/675/634 673/674/633
f 677/676/635 671/670/629 670/671/630
f 670/671/630 676/677/636 677/676/635
f 676/677/636 670/671/630 672/672/631
f 672/672/631 678/678/637 676/677/636
f 680/679/638 674/673/632 673/674/633
f 673/674/633 679/680/639 680/679/638
f 679/680/639 673/674/633 675/675/634
f 675/675/634 681/681/640 679/680/639
f 683/682/641 677/676/635 676/677/636
f 676/677/636 682/683/642 683/682/641
f 682/683/642 676/677/636 678/678/637
f 678/678/637 684/684/643 682/683/642
f 686/685/643 680/679/638 679/680/639
f 679/680/639 685/686/644 686/685/643
f 685/686/644 679/680/639 681/681/640
f 681/681/640 687/687/645 685/686/644
f 689/688/646 683/682/641 682/683/642
f 682/683/642 688/689/647 689/688/646
f 688/689/647 682/683/642 684/684/643
f 684/684/643 690/690/648 688/689/647
f 692/691/649 686/685/643 685/686/644
f 685/686/644 691/692/650 692/691/649
f 691/692/650 685/686/644 687/687/645
f 687/687/645 693/693/651 691/692/650
f 695/694/652 689/688/646 688/689/647
f 688/689/647 694/695/653 695/694/652
f 694/695/653 688/689/647 690/690/648
f 690/690/648 696/696/654 694/695/653
f 700/697/655 697/698/648 698/699/656
f 698/699/656 699/700/657 700/697/655
f 699/700/657 698/699/656 701/701/651
f 701/701/651 702/702/658 699/700/657
f 704/703/659 695/694/652 694/695/653
f 694/695/653 703/704/660 704/703/659
f 703/704/660 694/695/653 696/696/654
f 696/696/654 705/705/661 703/704/660
f 707/706/661 700/697/655 699/700/657
f 699/700/657 706/707/662 707/706/661
f 706/707/662 699/700/657 702/702/658
f 702/702/658 708/708/663 706/707/662
f 710/709/664 704/703/659 703/704/660
f 703/704/660 709/710/665 710/709/664
f 709/710/665 703/704/660 705/705/661
f 705/705/661 711/711/666 709/710/665
f 713/712/667 707/706/661 706/707/662
f 706/707/662 712/713/668 713/712/667
f 712/713/668 706/707/662 708/708/663
f 708/708/663 714/714/669 712/713/668
f 716/715/670 710/709/664 709/710/665
f 709/710/665 715/716/671 716/715/670
f 715/716/671 709/710/665 711/711/666
f 711/711/666 717/717/672 715/716/671
f 719/718/672 713/712/667 712/713/668
f 712/713/668 718/719/673 719/718/672
f 718/719/673 712/713/668 714/714/669
f 714/714/669 720/720/674 718/719/673
f 722/721/675 716/715/670 715/716/671
f 715/716/671 721/722/676 722/721/675
f 721/722/676 715/716/671 717/717/672
f 717/717/672 723/723/677 721/722/676
f 725/724/678 719/718/672 718/719/673
f 718/719/673 724/725/679 725/724/678
f 724/725/679 718/719/673 720/720/674
f 720/720/674 726/726/680 724/725/679
f 728/727/681 722/721/675 721/722/676
f 721/722/676 727/728/682 728/727/681
f 727/728/682 721/722/676 723/723/677
f 723/723/677 729/729/683 727/728/682
f 731/730/683 725/724/678 724/725/679
f 724/725/679 730/731/684 731/730/683
f 730/731/684 724/725/679 726/726/680
f 726/726/680 732/732/685 730/731/684
f 734/733/686 728/727/681 727/728/682
f 727/728/682 733/734/687 734/733/686
f 733/734/687 727/728/682 729/729/683
f 729/729/683 735/735/688 733/734/687
f 737/736/688 731/730/683 730/731/684
f 730/731/684 736/737/689 737/736/688
f 736/737/689 730/731/684 732/732/685
f 732/732/685 738/738/690 736/737/689
f 740/739/691 734/733/686 733/734/687
f 733/734/687 739/740/692 740/739/691
f 739/740/692 733/734/687 735/735/688
f 735/735/688 741/741/693 739/740/692
f 743/742/694 737/736/688 736/737/689
f 736/737/689 742/743/695 743/742/694
f 742/743/695 736/737/689 738/738/690
f 738/738/690 744/744/696 742/743/695
f 746/745/697 740/739/691 739/740/692
f 739/740/692 745/746/698 746/745/697
f 745/746/698 739/740/692 741/741/693
f 741/741/693 747/747/699 745/746/698
f 749/748/700 743/742/694 742/743/695
f 742/743/695 748/749/701 749/748/700
f 748/749/701 742/743/695 744/744/696
f 744/744/696 750/750/702 748/749/701
f 571/572/535 746/745/697 745/746/698
f 745/746/698 572/573/536 571/572/535
f 572/573/536 745/746/698 747/747/699
f 747/747/699 575/575/538 572/573/536
f 577/578/541 749/748/700 748/749/701
f 748/749/701 578/579/542 577/578/541
f 578/579/542 748/749/701 750/750/702
f 750/750/702 581/581/544 578/579/542
f 472/471/441 665/664/623 477/477/446
f 665/664/623 671/670/629 477/477/446
f 671/670/629 677/676/635 477/477/446
f 677/676/635 683/682/641 477/477/446
f 683/682/641 689/688/646 477/477/446
f 689/688/646 695/694/652 477/477/446
f 695/694/652 704/703/659 477/477/446
f 704/703/659 710/709/664 477/477/446
f 710/709/664 716/715/670 477/477/446
f 716/715/670 722/721/675 477/477/446
f 722/721/675 728/727/681 477/477/446
f 728/727/681 734/733/686 477/477/446
f 734/733/686 740/739/691 477/477/446
f 740/739/691 746/745/697 477/477/446
f 746/745/697 571/572/535 477/477/446
f 754/751/703 751/752/703 752/753/704
f 752/753/704 753/754/704 754/751/703
f 756/755/705 755/756/706 751/752/703
f 751/752/703 754/751/703 756/755/705
f 758/757/707 757/758/707 755/756/706
f 755/756/706 756/755/705 758/757/707
f 760/759/708 759/760/709 757/758/707
f 757/758/707 758/757/707 760/759/708
f 762/761/710 761/762/710 759/760/709
f 759/760/709 760/759/708 762/761/710
f 764/763/711 763/764/711 761/762/710
f 761/762/710 762/761/710 764/763/711
f 766/765/712 765/766/712 763/764/711
f 763/764/711 764/763/711 766/765/712
f 768/767/713 767/768/713 765/766/712
f 765/766/712 766/765/712 768/767/713
f 770/769/714 769/770/714 767/768/713
f 767/768/713 768/767/713 770/769/714
f 772/771/715 771/772/716 769/770/714
f 769/770/714 770/769/714 772/771/715
f 774/773/717 773/774/718 771/772/716
f 771/772/716 772/771/715 774/773/717
f 776/775/719 775/776/719 773/774/718
f 773/774/718 774/773/717 776/775/719
f 778/777/720 777/778/721 775/776/719
f 775/776/719 776/775/719 778/777/720
f 780/779/722 779/780/723 777/778/721
f 777/778/721 778/777/720 780/779/722
f 782/781/724 781/782/724 779/780/723
f 779/780/723 780/779/722 782/781/724
f 786/783/725 783/784/725 784/785/726
f 784/785/726 785/786/726 786/783/725
f 788/787/727 787/788/727 783/784/725
f 783/784/725 786/783/725 788/787/727
f 790/789/728 789/790/728 787/788/727
f 787/788/727 788/787/727 790/789/728
f 792/791/729 791/792/730 789/790/728
f 789/790/728 790/789/728 792/791/729
f 794/793/731 793/794/732 791/792/730
f 791/792/730 792/791/729 794/793/731
f 796/795/733 795/796/734 793/794/732
f 793/794/732 794/793/731 796/795/733
f 798/797/735 797/798/735 795/796/734
f 795/796/734 796/795/733 798/797/735
f 800/799/736 799/800/736 797/798/735
f 797/798/735 798/797/735 800/799/736
f 802/801/737 801/802/737 799/800/736
f 799/800/736 800/799/736 802/801/737
f 804/803/738 803/804/738 801/802/737
f 801/802/737 802/801/737 804/803/738
f 806/805/739 805/806/739 803/804/738
f 803/804/738 804/803/738 806/805/739
f 808/807/740 807/808/741 805/806/739
f 805/806/739 806/805/739 808/807/740
f 810/809/742 809/810/742 807/808/741
f 807/808/741 808/807/740 810/809/742
f 812/811/743 811/812/744 809/810/742
f 809/810/742 810/809/742 812/811/743
f 753/754/704 752/753/704 811/812/744
f 811/812/744 812/811/743 753/754/704
f 816/813/745 813/814/746 814/815/747
f 814/815/747 815/816/747 816/813/745
f 818/817/748 817/818/748 813/814/746
f 813/814/746 816/813/745 818/817/748
f 820/819/749 819/820/749 817/818/748
f 817/818/748 818/817/748 820/819/749
f 822/821/750 821/822/750 819/820/749
f 819/820/749 820/819/749 822/821/750
f 824/823/751 823/824/751 821/822/750
f 821/822/750 822/821/750 824/823/751
f 826/825/752 825/826/752 823/824/751
f 823/824/751 824/823/751 826/825/752
f 828/827/753 827/828/753 825/826/752
f 825/826/752 826/825/752 828/827/753
f 830/829/754 829/830/754 827/828/753
f 827/828/753 828/827/753 830/829/754
f 832/831/755 831/832/756 829/830/754
f 829/830/754 830/829/754 832/831/755
f 834/833/757 833/834/758 831/832/756
f 831/832/756 832/831/755 834/833/757
f 836/835/759 835/836/759 833/834/758
f 833/834/758 834/833/757 836/835/759
f 838/837/760 837/838/760 835/836/759
f 835/836/759 836/835/759 838/837/760
f 840/839/761 839/840/761 837/838/760
f 837/838/760 838/837/760 840/839/761
f 842/841/762 841/842/763 839/840/761
f 839/840/761 840/839/761 842/841/762
f 785/786/726 784/785/726 841/842/763
f 841/842/763 842/841/762 785/786/726
f 844/843/764 843/844/765 781/782/724
f 781/782/724 782/781/724 844/843/764
f 846/845/766 845/846/767 843/844/765
f 843/844/765 844/843/764 846/845/766
f 848/847/768 847/848/768 845/846/767
f 845/846/767 846/845/766 848/847/768
f 850/849/769 849/850/769 847/848/768
f 847/848/768 848/847/768 850/849/769
f 852/851/770 851/852/771 849/850/769
f 849/850/769 850/849/769 852/851/770
f 854/853/772 853/854/773 851/852/771
f 851/852/771 852/851/770 854/853/772
f 856/855/774 855/856/774 853/854/773
f 853/854/773 854/853/772 856/855/774
f 858/857/775 857/858/775 855/856/774
f 855/856/774 856/855/774 858/857/775
f 860/859/776 859/860/777 857/858/775
f 857/858/775 858/857/775 860/859/776
f 862/861/778 861/862/778 859/860/777
f 859/860/777 860/859/776 862/861/778
f 864/863/779 863/864/779 861/862/778
f 861/862/778 862/861/778 864/863/779
f 866/865/780 865/866/780 863/864/779
f 863/864/779 864/863/779 866/865/780
f 868/867/781 867/868/781 865/866/780
f 865/866/780 866/865/780 868/867/781
f 870/869/782 869/870/783 867/868/781
f 867/868/781 868/867/781 870/869/782
f 815/816/747 814/815/747 869/870/783
f 869/870/783 870/869/782 815/816/747
f 1037/1006/895 1038/1007/896 1039/1004/813
f 1038/1007/896 1040/1009/897 1041/1008/811
f 1040/1009/897 1042/1011/898 1043/1010/809
f 1042/1011/898 1044/1013/900 1045/1012/899
f 1044/1013/900 1046/1015/901 1047/1014/805
f 1046/1015/901 1048/1017/902 1049/1016/803
f 1048/1017/902 1050/1019/904 1051/1018/903
f 1057/1026/908 1058/1027/909 1059/1024/797
f 1058/1027/909 1060/1029/910 1061/1028/795
f 1060/1029/910 1062/1031/911 1063/1030/793
f 1062/1031/911 1064/1033/912 1065/1032/791
f 1064/1033/912 1066/1035/913 1067/1034/789
f 1066/1035/913 1068/1037/914 1069/1036/787
f 1071/1040/914 1072/1041/915 1073/1038/784
s 0
f 1075/1043/916 1076/1022/916 1077/1021/916
f 1081/1044/917 1078/1045/917 1079/1046/917
f 1079/1046/917 1080/1047/917 1081/1044/917
f 1085/1047/918 1082/1046/918 1083/1048/918
s 1
f 1072/1041/915 1268/1198/1035 1269/1197/961
f 1268/1198/1035 1270/1200/1036 1271/1199/959
f 1270/1200/1036 1272/1202/1037 1273/1201/957
f 1272/1202/1037 1274/1204/1038 1275/1203/955
f 1274/1204/1038 1276/1206/1039 1277/1205/953
f 1276/1206/1039 1278/1208/1040 1279/1207/951
f 1278/1208/1040 1280/1210/1042 1281/1209/1041
f 1287/1217/1045 1288/1218/1046 1289/1215/945
f 1288/1218/1046 1290/1220/1047 1291/1219/943
f 1290/1220/1047 1292/1222/1048 1293/1221/941
f 1292/1222/1048 1294/1224/1049 1295/1223/939
f 1294/1224/1049 1296/1226/1050 1297/1225/937
f 1296/1226/1050 1298/1228/1051 1299/1227/935
f 1298/1228/1051 1300/1230/1052 1301/1229/932
s 0
f 1303/1232/1053 1304/1213/1053 1305/1212/1053
f 1309/1213/1054 1306/1232/1054 1307/1233/1054
s 1
f 1307/1233/1055 1308/1214/1055 1309/1213/1055
s 0
f 1313/1234/1056 1310/1235/1056 1311/1236/1056
s 1
f 1300/1230/1052 1498/1386/1164 1499/1385/1098
f 1498/1386/1164 1500/1388/1165 1501/1387/1096
f 1500/1388/1165 1502/1390/1166 1503/1389/1094
f 1502/1390/1166 1504/1392/1168 1505/1391/1167
f 1504/1392/1168 1506/1394/1170 1507/1393/1169
f 1506/1394/1170 1508/1396/1171 1509/1395/1088
f 1508/1396/1171 1510/1398/1173 1511/1397/1172
f 1517/1405/1176 1518/1406/1177 1519/1403/1082
f 1518/1406/1177 1520/1408/1178 1521/1407/1080
f 1520/1408/1178 1522/1410/1179 1523/1409/1078
f 1522/1410/1179 1524/1412/1180 1525/1411/1076
f 1524/1412/1180 1526/1414/1181 1527/1413/1074
f 1526/1414/1181 1528/1416/1182 1529/1415/1072
f 1528/1416/1182 1530/1418/1183 1531/1417/1069
s 0
f 1533/1421/1184 1534/1422/1184 1535/1419/1184
f 1539/1401/1185 1536/1423/1185 1537/1424/1185
f 1537/1424/1186 1538/1402/1186 1539/1401/1186
f 1543/1402/1187 1540/1424/1187 1541/1425/1187
s 1
f 1530/1418/1183 1721/1571/1295 1722/1570/1227
f 1721/1571/1295 1723/1573/1296 1724/1572/1225
f 1723/1573/1296 1725/1575/1297 1726/1574/1223
f 1725/1575/1297 1727/1577/1298 1728/1576/1221
f 1727/1577/1298 1729/1579/1299 1730/1578/1219
f 1729/1579/1299 1731/1581/1300 1732/1580/1217
f 1731/1581/1300 1733/1583/1302 1734/1582/1301
f 1740/1590/1306 1741/1591/1307 1742/1588/1211
f 1741/1591/1307 1743/1593/1308 1744/1592/1209
f 1743/1593/1308 1745/1595/1309 1746/1594/1207
f 1745/1595/1309 1747/1597/1310 1748/1596/1205
f 1747/1597/1310 1749/1599/1311 1750/1598/1203
f 1749/1599/1311 1751/1601/1312 1752/1600/1201
f 1751/1601/1312 1037/1006/895 1036/1005/815
s 0
f 1754/1603/1313 1755/1586/1313 1756/1585/1313
f 1760/1586/1314 1757/1603/1314 1758/1604/1314
f 1758/1604/1315 1759/1587/1315 1760/1586/1315
f 1764/1605/905 1761/1606/905 1762/1607/905
s 1
f 1798/1632/1328 1795/1633/1329 1796/1634/1330
f 1796/1634/1330 1797/1635/1331 1798/1632/1328
f 1802/1636/1329 1799/1637/1332 1800/1638/1333
f 1800/1638/1333 1801/1639/1334 1802/1636/1329
f 1799/1637/1332 1803/1640/1335 1804/1641/1336
f 1804/1641/1336 1800/1638/1333 1799/1637/1332
f 1803/1640/1335 1805/1642/1337 1806/1643/1338
f 1806/1643/1338 1804/1641/1336 1803/1640/1335
f 1805/1642/1337 1807/1644/1339 1808/1645/1340
f 1808/1645/1340 1806/1643/1338 1805/1642/1337
f 1807/1644/1339 1809/1646/1341 1810/1647/1342
f 1810/1647/1342 1808/1645/1340 1807/1644/1339
f 1809/1646/1341 1811/1648/1343 1812/1649/1344
f 1812/1649/1344 1810/1647/1342 1809/1646/1341
f 1811/1648/1343 1813/1650/1345 1814/1651/1346
f 1814/1651/1346 1812/1649/1344 1811/1648/1343
f 1813/1650/1345 1815/1652/1347 1816/1653/1348
f 1816/1653/1348 1814/1651/1346 1813/1650/1345
f 1815/1652/1347 1817/1654/1349 1818/1655/1350
f 1818/1655/1350 1816/1653/1348 1815/1652/1347
f 1817/1654/1349 1819/1656/1351 1820/1657/1352
f 1820/1657/1352 1818/1655/1350 1817/1654/1349
f 1819/1656/1351 1821/1658/1353 1822/1659/1354
f 1822/1659/1354 1820/1657/1352 1819/1656/1351
f 1821/1658/1353 1823/1660/1355 1824/1661/1356
f 1824/1661/1356 1822/1659/1354 1821/1658/1353
f 1823/1660/1355 1825/1662/1357 1826/1663/1358
f 1826/1663/1358 1824/1661/1356 1823/1660/1355
f 1825/1662/1357 1827/1664/1359 1828/1665/1360
f 1828/1665/1360 1826/1663/1358 1825/1662/1357
f 1832/1666/1361 1829/1667/1362 1830/1668/1363
f 1830/1668/1363 1831/1669/1364 1832/1666/1361
f 1829/1667/1362 1833/1670/1365 1834/1671/1366
f 1834/1671/1366 1830/1668/1363 1829/1667/1362
f 1833/1670/1365 1835/1672/1367 1836/1673/1368
f 1836/1673/1368 1834/1671/1366 1833/1670/1365
f 1835/1672/1367 1837/1674/1369 1838/1675/1370
f 1838/1675/1370 1836/1673/1368 1835/1672/1367
f 1837/1674/1369 1839/1676/1371 1840/1677/1372
f 1840/1677/1372 1838/1675/1370 1837/1674/1369
f 1839/1676/1371 1841/1678/1373 1842/1679/1374
f 1842/1679/1374 1840/1677/1372 1839/1676/1371
f 1841/1678/1373 1843/1680/1375 1844/1681/1376
f 1844/1681/1376 1842/1679/1374 1841/1678/1373
f 1843/1680/1375 1845/1682/1377 1846/1683/1378
f 1846/1683/1378 1844/1681/1376 1843/1680/1375
f 1845/1682/1377 1847/1684/1379 1848/1685/1380
f 1848/1685/1380 1846/1683/1378 1845/1682/1377
f 1847/1684/1379 1849/1686/1381 1850/1687/1382
f 1850/1687/1382 1848/1685/1380 1847/1684/1379
f 1849/1686/1381 1851/1688/1383 1852/1689/1384
f 1852/1689/1384 1850/1687/1382 1849/1686/1381
f 1851/1688/1383 1853/1690/1385 1854/1691/1386
f 1854/1691/1386 1852/1689/1384 1851/1688/1383
f 1853/1690/1385 1855/1692/1387 1856/1693/1388
f 1856/1693/1388 1854/1691/1386 1853/1690/1385
f 1855/1692/1387 1857/1694/1389 1858/1695/1390
f 1858/1695/1390 1856/1693/1388 1855/1692/1387
f 1857/1694/1389 1798/1632/1328 1797/1635/1331
f 1797/1635/1331 1858/1695/1390 1857/1694/1389
f 1862/1696/1391 1859/1697/1392 1860/1698/1393
f 1860/1698/1393 1861/1699/1394 1862/1696/1391
f 1859/1697/1392 1863/1700/1395 1864/1701/1396
f 1864/1701/1396 1860/1698/1393 1859/1697/1392
f 1863/1700/1395 1865/1702/1397 1866/1703/1398
f 1866/1703/1398 1864/1701/1396 1863/1700/1395
f 1865/1702/1397 1867/1704/1399 1868/1705/1400
f 1868/1705/1400 1866/1703/1398 1865/1702/1397
f 1867/1704/1399 1869/1706/1401 1870/1707/1402
f 1870/1707/1402 1868/1705/1400 1867/1704/1399
f 1869/1706/1401 1871/1708/1403 1872/1709/1404
f 1872/1709/1404 1870/1707/1402 1869/1706/1401
f 1871/1708/1403 1873/1710/1405 1874/1711/1406
f 1874/1711/1406 1872/1709/1404 1871/1708/1403
f 1873/1710/1405 1875/1712/1407 1876/1713/1408
f 1876/1713/1408 1874/1711/1406 1873/1710/1405
f 1875/1712/1407 1877/1714/1409 1878/1715/1410
f 1878/1715/1410 1876/1713/1408 1875/1712/1407
f 1877/1714/1409 1879/1716/1411 1880/1717/1412
f 1880/1717/1412 1878/1715/1410 1877/1714/1409
f 1879/1716/1411 1881/1718/1413 1882/1719/1414
f 1882/1719/1414 1880/1717/1412 1879/1716/1411
f 1881/1718/1413 1883/1720/1415 1884/1721/1416
f 1884/1721/1416 1882/1719/1414 1881/1718/1413
f 1883/1720/1415 1885/1722/1417 1886/1723/1418
f 1886/1723/1418 1884/1721/1416 1883/1720/1415
f 1885/1722/1417 1887/1724/1419 1888/1725/1420
f 1888/1725/1420 1886/1723/1418 1885/1722/1417
f 1887/1724/1419 1832/1666/1361 1831/1669/1364
f 1831/1669/1364 1888/1725/1420 1887/1724/1419
f 1827/1664/1359 1889/1726/1421 1890/1727/1422
f 1890/1727/1422 1828/1665/1360 1827/1664/1359
f 1889/1726/1421 1891/1728/1423 1892/1729/1424
f 1892/1729/1424 1890/1727/1422 1889/1726/1421
f 1891/1728/1423 1893/1730/1425 1894/1731/1426
f 1894/1731/1426 1892/1729/1424 1891/1728/1423
f 1893/1730/1425 1895/1732/1427 1896/1733/1428
f 1896/1733/1428 1894/1731/1426 1893/1730/1425
f 1895/1732/1427 1897/1734/1429 1898/1735/1430
f 1898/1735/1430 1896/1733/1428 1895/1732/1427
f 1897/1734/1429 1899/1736/1431 1900/1737/1432
f 1900/1737/1432 1898/1735/1430 1897/1734/1429
f 1899/1736/1431 1901/1738/1433 1902/1739/1434
f 1902/1739/1434 1900/1737/1432 1899/1736/1431
f 1901/1738/1433 1903/1740/1435 1904/1741/1436
f 1904/1741/1436 1902/1739/1434 1901/1738/1433
f 1903/1740/1435 1905/1742/1437 1906/1743/1438
f 1906/1743/1438 1904/1741/1436 1903/1740/1435
f 1905/1742/1437 1907/1744/1439 1908/1745/1440
f 1908/1745/1440 1906/1743/1438 1905/1742/1437
f 1907/1744/1439 1909/1746/1441 1910/1747/1442
f 1910/1747/1442 1908/1745/1440 1907/1744/1439
f 1909/1746/1441 1911/1748/1443 1912/1749/1444
f 1912/1749/1444 1910/1747/1442 1909/1746/1441
f 1911/1748/1443 1913/1750/1445 1914/1751/1446
f 1914/1751/1446 1912/1749/1444 1911/1748/1443
f 1913/1750/1445 1915/1752/1447 1916/1753/1448
f 1916/1753/1448 1914/1751/1446 1913/1750/1445
f 1915/1752/1447 1862/1696/1391 1861/1699/1394
f 1861/1699/1394 1916/1753/1448 1915/1752/1447
f 1920/1754/1449 1917/1755/1450 1918/1756/1451
f 1918/1756/1451 1919/1757/1452 1920/1754/1449
f 1919/1757/1452 1918/1756/1451 1921/1758/1453
f 1921/1758/1453 1922/1759/1454 1919/1757/1452
f 1922/1759/1454 1921/1758/1453 1923/1760/1455
f 1923/1760/1455 1924/1761/1456 1922/1759/1454
f 1924/1761/1456 1923/1760/1455 1925/1762/1457
f 1925/1762/1457 1926/1763/1458 1924/1761/1456
f 1926/1763/1458 1925/1762/1457 1927/1764/1459
f 1927/1764/1459 1928/1765/1460 1926/1763/1458
f 1928/1765/1460 1927/1764/1459 1929/1766/1461
f 1929/1766/1461 1930/1767/1462 1928/1765/1460
f 1930/1767/1462 1929/1766/1461 1931/1768/1463
f 1931/1768/1463 1932/1769/1464 1930/1767/1462
f 1932/1769/1464 1931/1768/1463 1933/1770/1465
f 1933/1770/1465 1934/1771/1466 1932/1769/1464
f 1934/1771/1466 1933/1770/1465 1935/1772/1467
f 1935/1772/1467 1936/1773/1468 1934/1771/1466
f 1940/1774/1469 1937/1775/1467 1938/1776/1470
f 1938/1776/1470 1939/1777/1471 1940/1774/1469
f 1939/1777/1471 1938/1776/1470 1941/1778/1472
f 1941/1778/1472 1942/1779/1473 1939/1777/1471
f 1942/1779/1473 1941/1778/1472 1943/1780/1474
f 1943/1780/1474 1944/1781/1475 1942/1779/1473
f 1944/1781/1475 1943/1780/1474 1945/1782/1476
f 1945/1782/1476 1946/1783/1477 1944/1781/1475
f 1946/1783/1477 1945/1782/1476 1947/1784/1478
f 1947/1784/1478 1948/1785/1479 1946/1783/1477
f 1948/1785/1479 1947/1784/1478 1949/1786/1480
f 1949/1786/1480 1950/1787/1481 1948/1785/1479
f 1950/1787/1481 1949/1786/1480 1951/1788/1482
f 1951/1788/1482 1952/1789/1483 1950/1787/1481
f 1952/1789/1483 1951/1788/1482 1953/1790/1484
f 1953/1790/1484 1954/1791/1485 1952/1789/1483
f 1954/1791/1485 1953/1790/1484 1955/1792/1486
f 1955/1792/1486 1956/1793/1487 1954/1791/1485
f 1956/1793/1487 1955/1792/1486 1957/1794/1488
f 1957/1794/1488 1958/1795/1489 1956/1793/1487
f 1962/1796/1489 1959/1797/1488 1960/1798/1490
f 1960/1798/1490 1961/1799/1491 1962/1796/1489
f 1961/1799/1491 1960/1798/1490 1963/1800/1492
f 1963/1800/1492 1964/1801/1493 1961/1799/1491
f 1964/1801/1493 1963/1800/1492 1965/1802/1494
f 1965/1802/1494 1966/1803/1495 1964/1801/1493
f 1966/1803/1495 1965/1802/1494 1967/1804/1496
f 1967/1804/1496 1968/1805/1497 1966/1803/1495
f 1968/1805/1497 1967/1804/1496 1969/1806/1498
f 1969/1806/1498 1970/1807/1499 1968/1805/1497
f 1970/1807/1499 1969/1806/1498 1971/1808/1500
f 1971/1808/1500 1972/1809/1501 1970/1807/1499
f 1972/1809/1501 1971/1808/1500 1973/1810/1502
f 1973/1810/1502 1974/1811/1503 1972/1809/1501
f 1974/1811/1503 1973/1810/1502 1975/1812/1504
f 1975/1812/1504 1976/1813/1505 1974/1811/1503
f 1976/1813/1505 1975/1812/1504 1977/1814/1506
f 1977/1814/1506 1978/1815/1507 1976/1813/1505
f 1978/1815/1507 1977/1814/1506 1979/1816/1508
f 1979/1816/1508 1980/1817/1509 1978/1815/1507
f 1980/1817/1509 1979/1816/1508 1981/1818/1510
f 1981/1818/1510 1982/1819/1511 1980/1817/1509
f 1982/1819/1511 1981/1818/1510 1983/1820/1512
f 1983/1820/1512 1984/1821/1513 1982/1819/1511
f 1984/1821/1513 1983/1820/1512 1985/1822/1514
f 1985/1822/1514 1986/1823/1515 1984/1821/1513
f 1986/1823/1515 1985/1822/1514 1987/1824/1516
f 1987/1824/1516 1988/1825/1517 1986/1823/1515
f 1988/1825/1517 1987/1824/1516 1989/1826/1518
f 1989/1826/1518 1990/1827/1519 1988/1825/1517
f 1990/1827/1519 1989/1826/1518 1991/1828/1520
f 1991/1828/1520 1992/1829/1521 1990/1827/1519
f 1992/1829/1521 1991/1828/1520 1993/1830/1522
f 1993/1830/1522 1994/1831/1523 1992/1829/1521
f 1994/1831/1523 1993/1830/1522 1995/1832/1524
f 1995/1832/1524 1996/1833/1525 1994/1831/1523
f 1996/1833/1525 1995/1832/1524 1997/1834/1526
f 1997/1834/1526 1998/1835/1527 1996/1833/1525
f 1998/1835/1527 1997/1834/1526 1999/1836/1528
f 1999/1836/1528 2000/1837/1529 1998/1835/1527
f 2004/1838/1529 2001/1839/1528 2002/1840/1530
f 2002/1840/1530 2003/1841/1531 2004/1838/1529
f 2003/1841/1531 2002/1840/1530 2005/1842/1532
f 2005/1842/1532 2006/1843/1533 2003/1841/1531
f 2006/1843/1533 2005/1842/1532 2007/1844/1534
f 2007/1844/1534 2008/1845/1535 2006/1843/1533
f 2008/1845/1535 2007/1844/1534 2009/1846/1536
f 2009/1846/1536 2010/1847/1537 2008/1845/1535
f 2010/1847/1537 2009/1846/1536 2011/1848/1538
f 2011/1848/1538 2012/1849/1539 2010/1847/1537
f 2012/1849/1539 2011/1848/1538 2013/1850/1540
f 2013/1850/1540 2014/1851/1541 2012/1849/1539
f 2014/1851/1541 2013/1850/1540 2015/1852/1542
f 2015/1852/1542 2016/1853/1543 2014/1851/1541
f 2016/1853/1543 2015/1852/1542 2017/1854/1544
f 2017/1854/1544 2018/1855/1545 2016/1853/1543
f 2018/1855/1545 2017/1854/1544 2019/1856/1546
f 2019/1856/1546 2020/1857/1547 2018/1855/1545
f 2020/1857/1547 2019/1856/1546 2021/1858/1548
f 2021/1858/1548 2022/1859/1549 2020/1857/1547
f 2026/1860/1549 2023/1861/1550 2024/1862/1551
f 2024/1862/1551 2025/1863/1552 2026/1860/1549
f 2025/1863/1552 2024/1862/1551 2027/1864/1553
f 2027/1864/1553 2028/1865/1554 2025/1863/1552
f 2028/1865/1554 2027/1864/1553 2029/1866/1555
f 2029/1866/1555 2030/1867/1556 2028/1865/1554
f 2030/1867/1556 2029/1866/1555 2031/1868/1557
f 2031/1868/1557 2032/1869/1558 2030/1867/1556
f 2032/1869/1558 2031/1868/1557 2033/1870/1559
f 2033/1870/1559 2034/1871/1560 2032/1869/1558
f 2034/1871/1560 2033/1870/1559 2035/1872/1561
f 2035/1872/1561 2036/1873/1562 2034/1871/1560
f 2036/1873/1562 2035/1872/1561 2037/1874/1563
f 2037/1874/1563 2038/1875/1564 2036/1873/1562
f 2038/1875/1564 2037/1874/1563 2039/1876/1565
f 2039/1876/1565 2040/1877/1566 2038/1875/1564
f 2040/1877/1566 2039/1876/1565 2041/1878/1567
f 2041/1878/1567 2042/1879/1568 2040/1877/1566
f 2042/1879/1568 2041/1878/1567 2043/1880/1569
f 2043/1880/1569 2044/1881/1570 2042/1879/1568
f 2044/1881/1570 2043/1880/1569 1917/1755/1450
f 1917/1755/1450 1920/1754/1449 2044/1881/1570
f 2046/1882/1571 1920/1754/1449 1919/1757/1452
f 1919/1757/1452 2045/1883/1572 2046/1882/1571
f 2045/1883/1572 1919/1757/1452 1922/1759/1454
f 1922/1759/1454 2047/1884/1573 2045/1883/1572
f 2047/1884/1573 1922/1759/1454 1924/1761/1456
f 1924/1761/1456 2048/1885/1574 2047/1884/1573
f 2048/1885/1574 1924/1761/1456 1926/1763/1458
f 1926/1763/1458 2049/1886/1575 2048/1885/1574
f 2049/1886/1575 1926/1763/1458 1928/1765/1460
f 1928/1765/1460 2050/1887/1576 2049/1886/1575
f 2050/1887/1576 1928/1765/1460 1930/1767/1462
f 1930/1767/1462 2051/1888/1577 2050/1887/1576
f 2051/1888/1577 1930/1767/1462 1932/1769/1464
f 1932/1769/1464 2052/1889/1578 2051/1888/1577
f 2052/1889/1578 1932/1769/1464 1934/1771/1466
f 1934/1771/1466 2053/1890/1579 2052/1889/1578
f 2053/1890/1579 1934/1771/1466 1936/1773/1468
f 1936/1773/1468 2054/1891/1580 2053/1890/1579
f 2056/1892/1580 1940/1774/1469 1939/1777/1471
f 1939/1777/1471 2055/1893/1581 2056/1892/1580
f 2055/1893/1581 1939/1777/1471 1942/1779/1473
f 1942/1779/1473 2057/1894/1582 2055/1893/1581
f 2057/1894/1582 1942/1779/1473 1944/1781/1475
f 1944/1781/1475 2058/1895/1583 2057/1894/1582
f 2058/1895/1583 1944/1781/1475 1946/1783/1477
f 1946/1783/1477 2059/1896/1584 2058/1895/1583
f 2059/1896/1584 1946/1783/1477 1948/1785/1479
f 1948/1785/1479 2060/1897/1585 2059/1896/1584
f 2060/1897/1585 1948/1785/1479 1950/1787/1481
f 1950/1787/1481 2061/1898/1586 2060/1897/1585
f 2061/1898/1586 1950/1787/1481 1952/1789/1483
f 1952/1789/1483 2062/1899/1587 2061/1898/1586
f 2062/1899/1587 1952/1789/1483 1954/1791/1485
f 1954/1791/1485 2063/1900/1588 2062/1899/1587
f 2063/1900/1588 1954/1791/1485 1956/1793/1487
f 1956/1793/1487 2064/1901/1589 2063/1900/1588
f 2064/1901/1589 1956/1793/1487 1958/1795/1489
f 1958/1795/1489 2065/1902/1590 2064/1901/1589
f 2067/1903/1590 1962/1796/1489 1961/1799/1491
f 1961/1799/1491 2066/1904/1591 2067/1903/1590
f 2066/1904/1591 1961/1799/1491 1964/1801/1493
f 1964/1801/1493 2068/1905/1592 2066/1904/1591
f 2068/1905/1592 1964/1801/1493 1966/1803/1495
f 1966/1803/1495 2069/1906/1593 2068/1905/1592
f 2069/1906/1593 1966/1803/1495 1968/1805/1497
f 1968/1805/1497 2070/1907/1594 2069/1906/1593
f 2070/1907/1594 1968/1805/1497 1970/1807/1499
f 1970/1807/1499 2071/1908/1595 2070/1907/1594
f 2071/1908/1595 1970/1807/1499 1972/1809/1501
f 1972/1809/1501 2072/1909/1596 2071/1908/1595
f 2072/1909/1596 1972/1809/1501 1974/1811/1503
f 1974/1811/1503 2073/1910/1597 2072/1909/1596
f 2073/1910/1597 1974/1811/1503 1976/1813/1505
f 1976/1813/1505 2074/1911/1598 2073/1910/1597
f 2074/1911/1598 1976/1813/1505 1978/1815/1507
f 1978/1815/1507 2075/1912/1599 2074/1911/1598
f 2075/1912/1599 1978/1815/1507 1980/1817/1509
f 1980/1817/1509 2076/1913/1600 2075/1912/1599
f 2076/1913/1600 1980/1817/1509 1982/1819/1511
f 1982/1819/1511 2077/1914/1601 2076/1913/1600
f 2077/1914/1601 1982/1819/1511 1984/1821/1513
f 1984/1821/1513 2078/1915/1602 2077/1914/1601
f 2078/1915/1602 1984/1821/1513 1986/1823/1515
f 1986/1823/1515 2079/1916/1603 2078/1915/1602
f 2079/1916/1603 1986/1823/1515 1988/1825/1517
f 1988/1825/1517 2080/1917/1604 2079/1916/1603
f 2080/1917/1604 1988/1825/1517 1990/1827/1519
f 1990/1827/1519 2081/1918/1605 2080/1917/1604
f 2081/1918/1605 1990/1827/1519 1992/1829/1521
f 1992/1829/1521 2082/1919/1606 2081/1918/1605
f 2082/1919/1606 1992/1829/1521 1994/1831/1523
f 1994/1831/1523 2083/1920/1607 2082/1919/1606
f 2083/1920/1607 1994/1831/1523 1996/1833/1525
f 1996/1833/1525 2084/1921/1608 2083/1920/1607
f 2084/1921/1608 1996/1833/1525 1998/1835/1527
f 1998/1835/1527 2085/1922/1609 2084/1921/1608
f 2085/1922/1609 1998/1835/1527 2000/1837/1529
f 2000/1837/1529 2086/1923/1610 2085/1922/1609
f 2088/1924/1610 2004/1838/1529 2003/1841/1531
f 2003/1841/1531 2087/1925/1611 2088/1924/1610
f 2087/1925/1611 2003/1841/1531 2006/1843/1533
f 2006/1843/1533 2089/1926/1612 2087/1925/1611
f 2089/1926/1612 2006/1843/1533 2008/1845/1535
f 2008/1845/1535 2090/1927/1613 2089/1926/1612
f 2090/1927/1613 2008/1845/1535 2010/1847/1537
f 2010/1847/1537 2091/1928/1614 2090/1927/1613
f 2091/1928/1614 2010/1847/1537 2012/1849/1539
f 2012/1849/1539 2092/1929/1615 2091/1928/1614
f 2092/1929/1615 2012/1849/1539 2014/1851/1541
f 2014/1851/1541 2093/1930/1616 2092/1929/1615
f 2093/1930/1616 2014/1851/1541 2016/1853/1543
f 2016/1853/1543 2094/1931/1617 2093/1930/1616
f 2094/1931/1617 2016/1853/1543 2018/1855/1545
f 2018/1855/1545 2095/1932/1618 2094/1931/1617
f 2095/1932/1618 2018/1855/1545 2020/1857/1547
f 2020/1857/1547 2096/1933/1619 2095/1932/1618
f 2096/1933/1619 2020/1857/1547 2022/1859/1549
f 2022/1859/1549 2097/1934/1620 2096/1933/1619
f 2099/1935/1620 2026/1860/1549 2025/1863/1552
f 2025/1863/1552 2098/1936/1621 2099/1935/1620
f 2098/1936/1621 2025/1863/1552 2028/1865/1554
f 2028/1865/1554 2100/1937/1622 2098/1936/1621
f 2100/1937/1622 2028/1865/1554 2030/1867/1556
f 2030/1867/1556 2101/1938/1623 2100/1937/1622
f 2101/1938/1623 2030/1867/1556 2032/1869/1558
f 2032/1869/1558 2102/1939/1624 2101/1938/1623
f 2102/1939/1624 2032/1869/1558 2034/1871/1560
f 2034/1871/1560 2103/1940/1625 2102/1939/1624
f 2103/1940/1625 2034/1871/1560 2036/1873/1562
f 2036/1873/1562 2104/1941/1626 2103/1940/1625
f 2104/1941/1626 2036/1873/1562 2038/1875/1564
f 2038/1875/1564 2105/1942/1627 2104/1941/1626
f 2105/1942/1627 2038/1875/1564 2040/1877/1566
f 2040/1877/1566 2106/1943/1628 2105/1942/1627
f 2106/1943/1628 2040/1877/1566 2042/1879/1568
f 2042/1879/1568 2107/1944/1629 2106/1943/1628
f 2107/1944/1629 2042/1879/1568 2044/1881/1570
f 2044/1881/1570 2108/1945/1630 2107/1944/1629
f 2108/1945/1630 2044/1881/1570 1920/1754/1449
f 1920/1754/1449 2046/1882/1571 2108/1945/1630
f 2110/1946/1631 2046/1882/1571 2045/1883/1572
f 2045/1883/1572 2109/1947/1632 2110/1946/1631
f 2109/1947/1632 2045/1883/1572 2047/1884/1573
f 2047/1884/1573 2111/1948/1633 2109/1947/1632
f 2111/1948/1633 2047/1884/1573 2048/1885/1574
f 2048/1885/1574 2112/1949/1634 2111/1948/1633
f 2112/1949/1634 2048/1885/1574 2049/1886/1575
f 2049/1886/1575 2113/1950/1635 2112/1949/1634
f 2113/1950/1635 2049/1886/1575 2050/1887/1576
f 2050/1887/1576 2114/1951/1636 2113/1950/1635
f 2114/1951/1636 2050/1887/1576 2051/1888/1577
f 2051/1888/1577 2115/1952/1637 2114/1951/1636
f 2115/1952/1637 2051/1888/1577 2052/1889/1578
f 2052/1889/1578 2116/1953/1638 2115/1952/1637
f 2116/1953/1638 2052/1889/1578 2053/1890/1579
f 2053/1890/1579 2117/1954/1639 2116/1953/1638
f 2117/1954/1639 2053/1890/1579 2054/1891/1580
f 2054/1891/1580 2118/1955/1640 2117/1954/1639
f 2120/1956/1641 2056/1892/1580 2055/1893/1581
f 2055/1893/1581 2119/1957/1642 2120/1956/1641
f 2119/1957/1642 2055/1893/1581 2057/1894/1582
f 2057/1894/1582 2121/1958/1643 2119/1957/1642
f 2121/1958/1643 2057/1894/1582 2058/1895/1583
f 2058/1895/1583 2122/1959/1644 2121/1958/1643
f 2122/1959/1644 2058/1895/1583 2059/1896/1584
f 2059/1896/1584 2123/1960/1645 2122/1959/1644
f 2123/1960/1645 2059/1896/1584 2060/1897/1585
f 2060/1897/1585 2124/1961/1646 2123/1960/1645
f 2124/1961/1646 2060/1897/1585 2061/1898/1586
f 2061/1898/1586 2125/1962/1647 2124/1961/1646
f 2125/1962/1647 2061/1898/1586 2062/1899/1587
f 2062/1899/1587 2126/1963/1648 2125/1962/1647
f 2126/1963/1648 2062/1899/1587 2063/1900/1588
f 2063/1900/1588 2127/1964/1649 2126/1963/1648
f 2127/1964/1649 2063/1900/1588 2064/1901/1589
f 2064/1901/1589 2128/1965/1650 2127/1964/1649
f 2128/1965/1650 2064/1901/1589 2065/1902/1590
f 2065/1902/1590 2129/1966/1651 2128/1965/1650
f 2131/1967/1651 2067/1903/1590 2066/1904/1591
f 2066/1904/1591 2130/1968/1652 2131/1967/1651
f 2130/1968/1652 2066/1904/1591 2068/1905/1592
f 2068/1905/1592 2132/1969/1653 2130/1968/1652
f 2132/1969/1653 2068/1905/1592 2069/1906/1593
f 2069/1906/1593 2133/1970/1654 2132/1969/1653
f 2133/1970/1654 2069/1906/1593 2070/1907/1594
f 2070/1907/1594 2134/1971/1655 2133/1970/1654
f 2134/1971/1655 2070/1907/1594 2071/1908/1595
f 2071/1908/1595 2135/1972/1656 2134/1971/1655
f 2135/1972/1656 2071/1908/1595 2072/1909/1596
f 2072/1909/1596 2136/1973/1657 2135/1972/1656
f 2136/1973/1657 2072/1909/1596 2073/1910/1597
f 2073/1910/1597 2137/1974/1658 2136/1973/1657
f 2137/1974/1658 2073/1910/1597 2074/1911/1598
f 2074/1911/1598 2138/1975/1659 2137/1974/1658
f 2138/1975/1659 2074/1911/1598 2075/1912/1599
f 2075/1912/1599 2139/1976/1660 2138/1975/1659
f 2139/1976/1660 2075/1912/1599 2076/1913/1600
f 2076/1913/1600 2140/1977/1661 2139/1976/1660
f 2140/1977/1661 2076/1913/1600 2077/1914/1601
f 2077/1914/1601 2141/1978/1662 2140/1977/1661
f 2141/1978/1662 2077/1914/1601 2078/1915/1602
f 2078/1915/1602 2142/1979/1663 2141/1978/1662
f 2142/1979/1663 2078/1915/1602 2079/1916/1603
f 2079/1916/1603 2143/1980/1664 2142/1979/1663
f 2143/1980/1664 2079/1916/1603 2080/1917/1604
f 2080/1917/1604 2144/1981/1665 2143/1980/1664
f 2144/1981/1665 2080/1917/1604 2081/1918/1605
f 2081/1918/1605 2145/1982/1666 2144/1981/1665
f 2145/1982/1666 2081/1918/1605 2082/1919/1606
f 2082/1919/1606 2146/1983/1667 2145/1982/1666
f 2146/1983/1667 2082/1919/1606 2083/1920/1607
f 2083/1920/1607 2147/1984/1668 2146/1983/1667
f 2147/1984/1668 2083/1920/1607 2084/1921/1608
f 2084/1921/1608 2148/1985/1669 2147/1984/1668
f 2148/1985/1669 2084/1921/1608 2085/1922/1609
f 2085/1922/1609 2149/1986/1670 2148/1985/1669
f 2149/1986/1670 2085/1922/1609 2086/1923/1610
f 2086/1923/1610 2150/1987/1671 2149/1986/1670
f 2152/1988/1671 2088/1924/1610 2087/1925/1611
f 2087/1925/1611 2151/1989/1672 2152/1988/1671
f 2151/1989/1672 2087/1925/1611 2089/1926/1612
f 2089/1926/1612 2153/1990/1673 2151/1989/1672
f 2153/1990/1673 2089/1926/1612 2090/1927/1613
f 2090/1927/1613 2154/1991/1674 2153/1990/1673
f 2154/1991/1674 2090/1927/1613 2091/1928/1614
f 2091/1928/1614 2155/1992/1675 2154/1991/1674
f 2155/1992/1675 2091/1928/1614 2092/1929/1615
f 2092/1929/1615 2156/1993/1676 2155/1992/1675
f 2156/1993/1676 2092/1929/1615 2093/1930/1616
f 2093/1930/1616 2157/1994/1677 2156/1993/1676
f 2157/1994/1677 2093/1930/1616 2094/1931/1617
f 2094/1931/1617 2158/1995/1678 2157/1994/1677
f 2158/1995/1678 2094/1931/1617 2095/1932/1618
f 2095/1932/1618 2159/1996/1679 2158/1995/1678
f 2159/1996/1679 2095/1932/1618 2096/1933/1619
f 2096/1933/1619 2160/1997/1680 2159/1996/1679
f 2160/1997/1680 2096/1933/1619 2097/1934/1620
f 2097/1934/1620 2161/1998/1681 2160/1997/1680
f 2163/1999/1682 2099/1935/1620 2098/1936/1621
f 2098/1936/1621 2162/2000/1683 2163/1999/1682
f 2162/2000/1683 2098/1936/1621 2100/1937/1622
f 2100/1937/1622 2164/2001/1684 2162/2000/1683
f 2164/2001/1684 2100/1937/1622 2101/1938/1623
f 2101/1938/1623 2165/2002/1685 2164/2001/1684
f 2165/2002/1685 2101/1938/1623 2102/1939/1624
f 2102/1939/1624 2166/2003/1686 2165/2002/1685
f 2166/2003/1686 2102/1939/1624 2103/1940/1625
f 2103/1940/1625 2167/2004/1687 2166/2003/1686
f 2167/2004/1687 2103/1940/1625 2104/1941/1626
f 2104/1941/1626 2168/2005/1688 2167/2004/1687
f 2168/2005/1688 2104/1941/1626 2105/1942/1627
f 2105/1942/1627 2169/2006/1689 2168/2005/1688
f 2169/2006/1689 2105/1942/1627 2106/1943/1628
f 2106/1943/1628 2170/2007/1690 2169/2006/1689
f 2170/2007/1690 2106/1943/1628 2107/1944/1629
f 2107/1944/1629 2171/2008/1691 2170/2007/1690
f 2171/2008/1691 2107/1944/1629 2108/1945/1630
f 2108/1945/1630 2172/2009/1692 2171/2008/1691
f 2172/2009/1692 2108/1945/1630 2046/1882/1571
f 2046/1882/1571 2110/1946/1631 2172/2009/1692
f 2174/2010/1693 2110/1946/1631 2109/1947/1632
f 2109/1947/1632 2173/2011/1694 2174/2010/1693
f 2173/2011/1694 2109/1947/1632 2111/1948/1633
f 2111/1948/1633 2175/2012/1695 2173/2011/1694
f 2175/2012/1695 2111/1948/1633 2112/1949/1634
f 2112/1949/1634 2176/2013/1696 2175/2012/1695
f 2176/2013/1696 2112/1949/1634 2113/1950/1635
f 2113/1950/1635 2177/2014/1697 2176/2013/1696
f 2177/2014/1697 2113/1950/1635 2114/1951/1636
f 2114/1951/1636 2178/2015/1698 2177/2014/1697
f 2178/2015/1698 2114/1951/1636 2115/1952/1637
f 2115/1952/1637 2179/2016/1699 2178/2015/1698
f 2179/2016/1699 2115/1952/1637 2116/1953/1638
f 2116/1953/1638 2180/2017/1700 2179/2016/1699
f 2180/2017/1700 2116/1953/1638 2117/1954/1639
f 2117/1954/1639 2181/2018/1701 2180/2017/1700
f 2181/2018/1701 2117/1954/1639 2118/1955/1640
f 2118/1955/1640 2182/2019/1702 2181/2018/1701
f 2184/2020/1703 2120/1956/1641 2119/1957/1642
f 2119/1957/1642 2183/2021/1704 2184/2020/1703
f 2183/2021/1704 2119/1957/1642 2121/1958/1643
f 2121/1958/1643 2185/2022/1705 2183/2021/1704
f 2185/2022/1705 2121/1958/1643 2122/1959/1644
f 2122/1959/1644 2186/2023/1706 2185/2022/1705
f 2186/2023/1706 2122/1959/1644 2123/1960/1645
f 2123/1960/1645 2187/2024/1707 2186/2023/1706
f 2187/2024/1707 2123/1960/1645 2124/1961/1646
f 2124/1961/1646 2188/2025/1708 2187/2024/1707
f 2188/2025/1708 2124/1961/1646 2125/1962/1647
f 2125/1962/1647 2189/2026/1709 2188/2025/1708
f 2189/2026/1709 2125/1962/1647 2126/1963/1648
f 2126/1963/1648 2190/2027/1710 2189/2026/1709
f 2190/2027/1710 2126/1963/1648 2127/1964/1649
f 2127/1964/1649 2191/2028/1711 2190/2027/1710
f 2191/2028/1711 2127/1964/1649 2128/1965/1650
f 2128/1965/1650 2192/2029/1712 2191/2028/1711
f 2192/2029/1712 2128/1965/1650 2129/1966/1651
f 2129/1966/1651 2193/2030/1713 2192/2029/1712
f 2195/2031/1714 2131/1967/1651 2130/1968/1652
f 2130/1968/1652 2194/2032/1715 2195/2031/1714
f 2194/2032/1715 2130/1968/1652 2132/1969/1653
f 2132/1969/1653 2196/2033/1716 2194/2032/1715
f 2196/2033/1716 2132/1969/1653 2133/1970/1654
f 2133/1970/1654 2197/2034/1717 2196/2033/1716
f 2197/2034/1717 2133/1970/1654 2134/1971/1655
f 2134/1971/1655 2198/2035/1718 2197/2034/1717
f 2198/2035/1718 2134/1971/1655 2135/1972/1656
f 2135/1972/1656 2199/2036/1719 2198/2035/1718
f 2199/2036/1719 2135/1972/1656 2136/1973/1657
f 2136/1973/1657 2200/2037/1720 2199/2036/1719
f 2200/2037/1720 2136/1973/1657 2137/1974/1658
f 2137/1974/1658 2201/2038/1721 2200/2037/1720
f 2201/2038/1721 2137/1974/1658 2138/1975/1659
f 2138/1975/1659 2202/2039/1722 2201/2038/1721
f 2202/2039/1722 2138/1975/1659 2139/1976/1660
f 2139/1976/1660 2203/2040/1723 2202/2039/1722
f 2203/2040/1723 2139/1976/1660 2140/1977/1661
f 2140/1977/1661 2204/2041/1724 2203/2040/1723
f 2204/2041/1724 2140/1977/1661 2141/1978/1662
f 2141/1978/1662 2205/2042/1725 2204/2041/1724
f 2205/2042/1725 2141/1978/1662 2142/1979/1663
f 2142/1979/1663 2206/2043/1726 2205/2042/1725
f 2206/2043/1726 2142/1979/1663 2143/1980/1664
f 2143/1980/1664 2207/2044/1727 2206/2043/1726
f 2207/2044/1727 2143/1980/1664 2144/1981/1665
f 2144/1981/1665 2208/2045/1728 2207/2044/1727
f 2208/2045/1728 2144/1981/1665 2145/1982/1666
f 2145/1982/1666 2209/2046/1729 2208/2045/1728
f 2209/2046/1729 2145/1982/1666 2146/1983/1667
f 2146/1983/1667 2210/2047/1730 2209/2046/1729
f 2210/2047/1730 2146/1983/1667 2147/1984/1668
f 2147/1984/1668 2211/2048/1731 2210/2047/1730
f 2211/2048/1731 2147/1984/1668 2148/1985/1669
f 2148/1985/1669 2212/2049/1732 2211/2048/1731
f 2212/2049/1732 2148/1985/1669 2149/1986/1670
f 2149/1986/1670 2213/2050/1733 2212/2049/1732
f 2213/2050/1733 2149/1986/1670 2150/1987/1671
f 2150/1987/1671 2214/2051/1734 2213/2050/1733
f 2216/2052/1734 2152/1988/1671 2151/1989/1672
f 2151/1989/1672 2215/2053/1735 2216/2052/1734
f 2215/2053/1735 2151/1989/1672 2153/1990/1673
f 2153/1990/1673 2217/2054/1736 2215/2053/1735
f 2217/2054/1736 2153/1990/1673 2154/1991/1674
f 2154/1991/1674 2218/2055/1737 2217/2054/1736
f 2218/2055/1737 2154/1991/1674 2155/1992/1675
f 2155/1992/1675 2219/2056/1738 2218/2055/1737
f 2219/2056/1738 2155/1992/1675 2156/1993/1676
f 2156/1993/1676 2220/2057/1739 2219/2056/1738
f 2220/2057/1739 2156/1993/1676 2157/1994/1677
f 2157/1994/1677 2221/2058/1740 2220/2057/1739
f 2221/2058/1740 2157/1994/1677 2158/1995/1678
f 2158/1995/1678 2222/2059/1741 2221/2058/1740
f 2222/2059/1741 2158/1995/1678 2159/1996/1679
f 2159/1996/1679 2223/2060/1742 2222/2059/1741
f 2223/2060/1742 2159/1996/1679 2160/1997/1680
f 2160/1997/1680 2224/2061/1743 2223/2060/1742
f 2224/2061/1743 2160/1997/1680 2161/1998/1681
f 2161/1998/1681 2225/2062/1744 2224/2061/1743
f 2227/2063/1745 2163/1999/1682 2162/2000/1683
f 2162/2000/1683 2226/2064/1746 2227/2063/1745
f 2226/2064/1746 2162/2000/1683 2164/2001/1684
f 2164/2001/1684 2228/2065/1747 2226/2064/1746
f 2228/2065/1747 2164/2001/1684 2165/2002/1685
f 2165/2002/1685 2229/2066/1748 2228/2065/1747
f 2229/2066/1748 2165/2002/1685 2166/2003/1686
f 2166/2003/1686 2230/2067/1749 2229/2066/1748
f 2230/2067/1749 2166/2003/1686 2167/2004/1687
f 2167/2004/1687 2231/2068/1750 2230/2067/1749
f 2231/2068/1750 2167/2004/1687 2168/2005/1688
f 2168/2005/1688 2232/2069/1751 2231/2068/1750
f 2232/2069/1751 2168/2005/1688 2169/2006/1689
f 2169/2006/1689 2233/2070/1752 2232/2069/1751
f 2233/2070/1752 2169/2006/1689 2170/2007/1690
f 2170/2007/1690 2234/2071/1753 2233/2070/1752
f 2234/2071/1753 2170/2007/1690 2171/2008/1691
f 2171/2008/1691 2235/2072/1754 2234/2071/1753
f 2235/2072/1754 2171/2008/1691 2172/2009/1692
f 2172/2009/1692 2236/2073/1755 2235/2072/1754
f 2236/2073/1755 2172/2009/1692 2110/1946/1631
f 2110/1946/1631 2174/2010/1693 2236/2073/1755
f 2238/2074/1756 2174/2010/1693 2173/2011/1694
f 2173/2011/1694 2237/2075/1757 2238/2074/1756
f 2237/2075/1757 2173/2011/1694 2175/2012/1695
f 2175/2012/1695 2239/2076/1758 2237/2075/1757
f 2239/2076/1758 2175/2012/1695 2176/2013/1696
f 2176/2013/1696 2240/2077/1759 2239/2076/1758
f 2240/2077/1759 2176/2013/1696 2177/2014/1697
f 2177/2014/1697 2241/2078/1760 2240/2077/1759
f 2241/2078/1760 2177/2014/1697 2178/2015/1698
f 2178/2015/1698 2242/2079/1761 2241/2078/1760
f 2242/2079/1761 2178/2015/1698 2179/2016/1699
f 2179/2016/1699 2243/2080/1762 2242/2079/1761
f 2243/2080/1762 2179/2016/1699 2180/2017/1700
f 2180/2017/1700 2244/2081/1763 2243/2080/1762
f 2244/2081/1763 2180/2017/1700 2181/2018/1701
f 2181/2018/1701 2245/2082/1764 2244/2081/1763
f 2248/2083/1764 2246/2084/1701 2184/2020/1703
f 2184/2020/1703 2247/2085/1765 2248/2083/1764
f 2247/2085/1765 2184/2020/1703 2183/2021/1704
f 2183/2021/1704 2249/2086/1766 2247/2085/1765
f 2249/2086/1766 2183/2021/1704 2185/2022/1705
f 2185/2022/1705 2250/2087/1767 2249/2086/1766
f 2250/2087/1767 2185/2022/1705 2186/2023/1706
f 2186/2023/1706 2251/2088/1768 2250/2087/1767
f 2251/2088/1768 2186/2023/1706 2187/2024/1707
f 2187/2024/1707 2252/2089/1769 2251/2088/1768
f 2252/2089/1769 2187/2024/1707 2188/2025/1708
f 2188/2025/1708 2253/2090/1770 2252/2089/1769
f 2253/2090/1770 2188/2025/1708 2189/2026/1709
f 2189/2026/1709 2254/2091/1771 2253/2090/1770
f 2254/2091/1771 2189/2026/1709 2190/2027/1710
f 2190/2027/1710 2255/2092/1772 2254/2091/1771
f 2255/2092/1772 2190/2027/1710 2191/2028/1711
f 2191/2028/1711 2256/2093/1773 2255/2092/1772
f 2256/2093/1773 2191/2028/1711 2192/2029/1712
f 2192/2029/1712 2257/2094/1774 2256/2093/1773
f 2257/2094/1774 2192/2029/1712 2193/2030/1713
f 2193/2030/1713 2258/2095/1775 2257/2094/1774
f 2258/2095/1775 2193/2030/1713 2259/2096/1715
f 2259/2096/1715 2260/2097/1776 2258/2095/1775
f 2262/2098/1776 2194/2032/1715 2196/2033/1716
f 2196/2033/1716 2261/2099/1777 2262/2098/1776
f 2261/2099/1777 2196/2033/1716 2197/2034/1717
f 2197/2034/1717 2263/2100/1778 2261/2099/1777
f 2263/2100/1778 2197/2034/1717 2198/2035/1718
f 2198/2035/1718 2264/2101/1779 2263/2100/1778
f 2264/2101/1779 2198/2035/1718 2199/2036/1719
f 2199/2036/1719 2265/2102/1780 2264/2101/1779
f 2265/2102/1780 2199/2036/1719 2200/2037/1720
f 2200/2037/1720 2266/2103/1781 2265/2102/1780
f 2266/2103/1781 2200/2037/1720 2201/2038/1721
f 2201/2038/1721 2267/2104/1782 2266/2103/1781
f 2267/2104/1782 2201/2038/1721 2202/2039/1722
f 2202/2039/1722 2268/2105/1783 2267/2104/1782
f 2268/2105/1783 2202/2039/1722 2203/2040/1723
f 2203/2040/1723 2269/2106/1784 2268/2105/1783
f 2269/2106/1784 2203/2040/1723 2204/2041/1724
f 2204/2041/1724 2270/2107/1785 2269/2106/1784
f 2270/2107/1785 2204/2041/1724 2205/2042/1725
f 2205/2042/1725 2271/2108/1786 2270/2107/1785
f 2271/2108/1786 2205/2042/1725 2206/2043/1726
f 2206/2043/1726 2272/2109/1787 2271/2108/1786
f 2272/2109/1787 2206/2043/1726 2207/2044/1727
f 2207/2044/1727 2273/2110/1788 2272/2109/1787
f 2273/2110/1788 2207/2044/1727 2208/2045/1728
f 2208/2045/1728 2274/2111/1789 2273/2110/1788
f 2274/2111/1789 2208/2045/1728 2209/2046/1729
f 2209/2046/1729 2275/2112/1790 2274/2111/1789
f 2275/2112/1790 2209/2046/1729 2210/2047/1730
f 2210/2047/1730 2276/2113/1791 2275/2112/1790
f 2276/2113/1791 2210/2047/1730 2211/2048/1731
f 2211/2048/1731 2277/2114/1792 2276/2113/1791
f 2277/2114/1792 2211/2048/1731 2212/2049/1732
f 2212/2049/1732 2278/2115/1793 2277/2114/1792
f 2278/2115/1793 2212/2049/1732 2213/2050/1733
f 2213/2050/1733 2279/2116/1794 2278/2115/1793
f 2282/2117/1794 2280/2118/1733 2216/2052/1734
f 2216/2052/1734 2281/2119/1795 2282/2117/1794
f 2281/2119/1795 2216/2052/1734 2215/2053/1735
f 2215/2053/1735 2283/2120/1796 2281/2119/1795
f 2283/2120/1796 2215/2053/1735 2217/2054/1736
f 2217/2054/1736 2284/2121/1797 2283/2120/1796
f 2284/2121/1797 2217/2054/1736 2218/2055/1737
f 2218/2055/1737 2285/2122/1798 2284/2121/1797
f 2285/2122/1798 2218/2055/1737 2219/2056/1738
f 2219/2056/1738 2286/2123/1799 2285/2122/1798
f 2286/2123/1799 2219/2056/1738 2220/2057/1739
f 2220/2057/1739 2287/2124/1800 2286/2123/1799
f 2287/2124/1800 2220/2057/1739 2221/2058/1740
f 2221/2058/1740 2288/2125/1801 2287/2124/1800
f 2288/2125/1801 2221/2058/1740 2222/2059/1741
f 2222/2059/1741 2289/2126/1802 2288/2125/1801
f 2289/2126/1802 2222/2059/1741 2223/2060/1742
f 2223/2060/1742 2290/2127/1803 2289/2126/1802
f 2290/2127/1803 2223/2060/1742 2224/2061/1743
f 2224/2061/1743 2291/2128/1804 2290/2127/1803
f 2291/2128/1804 2224/2061/1743 2225/2062/1744
f 2225/2062/1744 2292/2129/1805 2291/2128/1804
f 2292/2129/1805 2225/2062/1744 2293/2130/1746
f 2293/2130/1746 2294/2131/1806 2292/2129/1805
f 2296/2132/1807 2226/2064/1746 2228/2065/1747
f 2228/2065/1747 2295/2133/1808 2296/2132/1807
f 2295/2133/1808 2228/2065/1747 2229/2066/1748
f 2229/2066/1748 2297/2134/1809 2295/2133/1808
f 2297/2134/1809 2229/2066/1748 2230/2067/1749
f 2230/2067/1749 2298/2135/1810 2297/2134/1809
f 2298/2135/1810 2230/2067/1749 2231/2068/1750
f 2231/2068/1750 2299/2136/1811 2298/2135/1810
f 2299/2136/1811 2231/2068/1750 2232/2069/1751
f 2232/2069/1751 2300/2137/1812 2299/2136/1811
f 2300/2137/1812 2232/2069/1751 2233/2070/1752
f 2233/2070/1752 2301/2138/1813 2300/2137/1812
f 2301/2138/1813 2233/2070/1752 2234/2071/1753
f 2234/2071/1753 2302/2139/1814 2301/2138/1813
f 2302/2139/1814 2234/2071/1753 2235/2072/1754
f 2235/2072/1754 2303/2140/1815 2302/2139/1814
f 2303/2140/1815 2235/2072/1754 2236/2073/1755
f 2236/2073/1755 2304/2141/1816 2303/2140/1815
f 2304/2141/1816 2236/2073/1755 2174/2010/1693
f 2174/2010/1693 2238/2074/1756 2304/2141/1816
f 2308/2142/1817 2305/2143/1818 2306/2144/1757
f 2306/2144/1757 2307/2145/1819 2308/2142/1817
f 2307/2145/1819 2306/2144/1757 2309/2146/1758
f 2309/2146/1758 2310/2147/1820 2307/2145/1819
f 2310/2147/1820 2309/2146/1758 2311/2148/1759
f 2311/2148/1759 2312/2149/1821 2310/2147/1820
f 2312/2149/1821 2311/2148/1759 2313/2150/1760
f 2313/2150/1760 2314/2151/1822 2312/2149/1821
f 2314/2151/1822 2313/2150/1760 2315/2152/1761
f 2315/2152/1761 2316/2153/1823 2314/2151/1822
f 2316/2153/1823 2315/2152/1761 2317/2154/1824
f 2317/2154/1824 2318/2155/1825 2316/2153/1823
f 2318/2155/1825 2317/2154/1824 2319/2156/1826
f 2319/2156/1826 2320/2157/1827 2318/2155/1825
f 2320/2157/1827 2319/2156/1826 2321/2158/1828
f 2321/2158/1828 2322/2159/1829 2320/2157/1827
f 2322/2159/1829 2321/2158/1828 2323/2160/1830
f 2323/2160/1830 2324/2161/1831 2322/2159/1829
f 2324/2161/1831 2323/2160/1830 2325/2162/1832
f 2325/2162/1832 2326/2163/1833 2324/2161/1831
f 2326/2163/1833 2325/2162/1832 2327/2164/1767
f 2327/2164/1767 2328/2165/1834 2326/2163/1833
f 2328/2165/1834 2327/2164/1767 2329/2166/1768
f 2329/2166/1768 2330/2167/1835 2328/2165/1834
f 2330/2167/1835 2329/2166/1768 2331/2168/1769
f 2331/2168/1769 2332/2169/1836 2330/2167/1835
f 2332/2169/1836 2331/2168/1769 2333/2170/1837
f 2333/2170/1837 2334/2171/1838 2332/2169/1836
f 2334/2171/1838 2333/2170/1837 2335/2172/1771
f 2335/2172/1771 2336/2173/1839 2334/2171/1838
f 2336/2173/1839 2335/2172/1771 2337/2174/1772
f 2337/2174/1772 2338/2175/1840 2336/2173/1839
f 2338/2175/1840 2337/2174/1772 2339/2176/1773
f 2339/2176/1773 2340/2177/1841 2338/2175/1840
f 2340/2177/1841 2339/2176/1773 2341/2178/1842
f 2341/2178/1842 2342/2179/1843 2340/2177/1841
f 2342/2179/1843 2341/2178/1842 2343/2180/1775
f 2343/2180/1775 2344/2181/1844 2342/2179/1843
f 2344/2181/1844 2343/2180/1775 2345/2182/1776
f 2345/2182/1776 2346/2183/1845 2344/2181/1844
f 2346/2183/1845 2345/2182/1776 2347/2184/1777
f 2347/2184/1777 2348/2185/1846 2346/2183/1845
f 2348/2185/1846 2347/2184/1777 2349/2186/1778
f 2349/2186/1778 2350/2187/1847 2348/2185/1846
f 2350/2187/1847 2349/2186/1778 2351/2188/1848
f 2351/2188/1848 2352/2189/1849 2350/2187/1847
f 2352/2189/1849 2351/2188/1848 2353/2190/1850
f 2353/2190/1850 2354/2191/1851 2352/2189/1849
f 2354/2191/1851 2353/2190/1850 2355/2192/1781
f 2355/2192/1781 2356/2193/1852 2354/2191/1851
f 2356/2193/1852 2355/2192/1781 2357/2194/1782
f 2357/2194/1782 2358/2195/1853 2356/2193/1852
f 2358/2195/1853 2357/2194/1782 2359/2196/1783
f 2359/2196/1783 2360/2197/1854 2358/2195/1853
f 2360/2197/1854 2359/2196/1783 2361/2198/1784
f 2361/2198/1784 2362/2199/1855 2360/2197/1854
f 2362/2199/1855 2361/2198/1784 2363/2200/1785
f 2363/2200/1785 2364/2201/1856 2362/2199/1855
f 2364/2201/1856 2363/2200/1785 2365/2202/1786
f 2365/2202/1786 2366/2203/1857 2364/2201/1856
f 2366/2203/1857 2365/2202/1786 2367/2204/1858
f 2367/2204/1858 2368/2205/1859 2366/2203/1857
f 2368/2205/1859 2367/2204/1858 2369/2206/1788
f 2369/2206/1788 2370/2207/1860 2368/2205/1859
f 2370/2207/1860 2369/2206/1788 2371/2208/1789
f 2371/2208/1789 2372/2209/1861 2370/2207/1860
f 2372/2209/1861 2371/2208/1789 2373/2210/1862
f 2373/2210/1862 2374/2211/1863 2372/2209/1861
f 2374/2211/1863 2373/2210/1862 2375/2212/1864
f 2375/2212/1864 2376/2213/1865 2374/2211/1863
f 2376/2213/1865 2375/2212/1864 2377/2214/1792
f 2377/2214/1792 2378/2215/1866 2376/2213/1865
f 2378/2215/1866 2377/2214/1792 2379/2216/1793
f 2379/2216/1793 2380/2217/1867 2378/2215/1866
f 2380/2217/1867 2379/2216/1793 2381/2218/1794
f 2381/2218/1794 2382/2219/1868 2380/2217/1867
f 2382/2219/1868 2381/2218/1794 2383/2220/1869
f 2383/2220/1869 2384/2221/1870 2382/2219/1868
f 2384/2221/1870 2383/2220/1869 2385/2222/1796
f 2385/2222/1796 2386/2223/1871 2384/2221/1870
f 2386/2223/1871 2385/2222/1796 2387/2224/1797
f 2387/2224/1797 2388/2225/1872 2386/2223/1871
f 2388/2225/1872 2387/2224/1797 2389/2226/1798
f 2389/2226/1798 2390/2227/1873 2388/2225/1872
f 2390/2227/1873 2389/2226/1798 2391/2228/1799
f 2391/2228/1799 2392/2229/1874 2390/2227/1873
f 2392/2229/1874 2391/2228/1799 2393/2230/1800
f 2393/2230/1800 2394/2231/1875 2392/2229/1874
f 2394/2231/1875 2393/2230/1800 2395/2232/1801
f 2395/2232/1801 2396/2233/1876 2394/2231/1875
f 2396/2233/1876 2395/2232/1801 2397/2234/1877
f 2397/2234/1877 2398/2235/1878 2396/2233/1876
f 2398/2235/1878 2397/2234/1877 2399/2236/1879
f 2399/2236/1879 2400/2237/1880 2398/2235/1878
f 2400/2237/1880 2399/2236/1879 2401/2238/1881
f 2401/2238/1881 2402/2239/1882 2400/2237/1880
f 2402/2239/1882 2401/2238/1881 2403/2240/1883
f 2403/2240/1883 2404/2241/1884 2402/2239/1882
f 2404/2241/1884 2403/2240/1883 2405/2242/1806
f 2405/2242/1806 2406/2243/1885 2404/2241/1884
f 2406/2243/1885 2405/2242/1806 2407/2244/1808
f 2407/2244/1808 2408/2245/1886 2406/2243/1885
f 2408/2245/1886 2407/2244/1808 2409/2246/1809
f 2409/2246/1809 2410/2247/1887 2408/2245/1886
f 2410/2247/1887 2409/2246/1809 2411/2248/1810
f 2411/2248/1810 2412/2249/1888 2410/2247/1887
f 2412/2249/1888 2411/2248/1810 2413/2250/1889
f 2413/2250/1889 2414/2251/1890 2412/2249/1888
f 2414/2251/1890 2413/2250/1889 2415/2252/1812
f 2415/2252/1812 2416/2253/1891 2414/2251/1890
f 2416/2253/1891 2415/2252/1812 2417/2254/1892
f 2417/2254/1892 2418/2255/1893 2416/2253/1891
f 2418/2255/1893 2417/2254/1892 2419/2256/1814
f 2419/2256/1814 2420/2257/1894 2418/2255/1893
f 2420/2257/1894 2419/2256/1814 2421/2258/1895
f 2421/2258/1895 2422/2259/1896 2420/2257/1894
f 2422/2259/1896 2421/2258/1895 2423/2260/1897
f 2423/2260/1897 2424/2261/1898 2422/2259/1896
f 2424/2261/1898 2423/2260/1897 2305/2143/1818
f 2305/2143/1818 2308/2142/1817 2424/2261/1898
f 2426/2262/1899 2308/2142/1817 2307/2145/1819
f 2307/2145/1819 2425/2263/1900 2426/2262/1899
f 2425/2263/1900 2307/2145/1819 2310/2147/1820
f 2310/2147/1820 2427/2264/1901 2425/2263/1900
f 2427/2264/1901 2310/2147/1820 2312/2149/1821
f 2312/2149/1821 2428/2265/1902 2427/2264/1901
f 2428/2265/1902 2312/2149/1821 2314/2151/1822
f 2314/2151/1822 2429/2266/1903 2428/2265/1902
f 2429/2266/1903 2314/2151/1822 2316/2153/1823
f 2316/2153/1823 2430/2267/1904 2429/2266/1903
f 2430/2267/1904 2316/2153/1823 2318/2155/1825
f 2318/2155/1825 2431/2268/1905 2430/2267/1904
f 2431/2268/1905 2318/2155/1825 2320/2157/1827
f 2320/2157/1827 2432/2269/1906 2431/2268/1905
f 2432/2269/1906 2320/2157/1827 2322/2159/1829
f 2322/2159/1829 2433/2270/1907 2432/2269/1906
f 2433/2270/1907 2322/2159/1829 2324/2161/1831
f 2324/2161/1831 2434/2271/1908 2433/2270/1907
f 2434/2271/1908 2324/2161/1831 2326/2163/1833
f 2326/2163/1833 2435/2272/1909 2434/2271/1908
f 2435/2272/1909 2326/2163/1833 2328/2165/1834
f 2328/2165/1834 2436/2273/1910 2435/2272/1909
f 2436/2273/1910 2328/2165/1834 2330/2167/1835
f 2330/2167/1835 2437/2274/1911 2436/2273/1910
f 2437/2274/1911 2330/2167/1835 2332/2169/1836
f 2332/2169/1836 2438/2275/1912 2437/2274/1911
f 2438/2275/1912 2332/2169/1836 2334/2171/1838
f 2334/2171/1838 2439/2276/1913 2438/2275/1912
f 2439/2276/1913 2334/2171/1838 2336/2173/1839
f 2336/2173/1839 2440/2277/1914 2439/2276/1913
f 2440/2277/1914 2336/2173/1839 2338/2175/1840
f 2338/2175/1840 2441/2278/1915 2440/2277/1914
f 2441/2278/1915 2338/2175/1840 2340/2177/1841
f 2340/2177/1841 2442/2279/1916 2441/2278/1915
f 2442/2279/1916 2340/2177/1841 2342/2179/1843
f 2342/2179/1843 2443/2280/1917 2442/2279/1916
f 2443/2280/1917 2342/2179/1843 2344/2181/1844
f 2344/2181/1844 2444/2281/1918 2443/2280/1917
f 2444/2281/1918 2344/2181/1844 2346/2183/1845
f 2346/2183/1845 2445/2282/1919 2444/2281/1918
f 2445/2282/1919 2346/2183/1845 2348/2185/1846
f 2348/2185/1846 2446/2283/1920 2445/2282/1919
f 2446/2283/1920 2348/2185/1846 2350/2187/1847
f 2350/2187/1847 2447/2284/1921 2446/2283/1920
f 2447/2284/1921 2350/2187/1847 2352/2189/1849
f 2352/2189/1849 2448/2285/1922 2447/2284/1921
f 2448/2285/1922 2352/2189/1849 2354/2191/1851
f 2354/2191/1851 2449/2286/1923 2448/2285/1922
f 2449/2286/1923 2354/2191/1851 2356/2193/1852
f 2356/2193/1852 2450/2287/1924 2449/2286/1923
f 2450/2287/1924 2356/2193/1852 2358/2195/1853
f 2358/2195/1853 2451/2288/1925 2450/2287/1924
f 2451/2288/1925 2358/2195/1853 2360/2197/1854
f 2360/2197/1854 2452/2289/1926 2451/2288/1925
f 2452/2289/1926 2360/2197/1854 2362/2199/1855
f 2362/2199/1855 2453/2290/1927 2452/2289/1926
f 2453/2290/1927 2362/2199/1855 2364/2201/1856
f 2364/2201/1856 2454/2291/1928 2453/2290/1927
f 2454/2291/1928 2364/2201/1856 2366/2203/1857
f 2366/2203/1857 2455/2292/1929 2454/2291/1928
f 2455/2292/1929 2366/2203/1857 2368/2205/1859
f 2368/2205/1859 2456/2293/1930 2455/2292/1929
f 2456/2293/1930 2368/2205/1859 2370/2207/1860
f 2370/2207/1860 2457/2294/1931 2456/2293/1930
f 2457/2294/1931 2370/2207/1860 2372/2209/1861
f 2372/2209/1861 2458/2295/1932 2457/2294/1931
f 2458/2295/1932 2372/2209/1861 2374/2211/1863
f 2374/2211/1863 2459/2296/1933 2458/2295/1932
f 2459/2296/1933 2374/2211/1863 2376/2213/1865
f 2376/2213/1865 2460/2297/1934 2459/2296/1933
f 2460/2297/1934 2376/2213/1865 2378/2215/1866
f 2378/2215/1866 2461/2298/1935 2460/2297/1934
f 2461/2298/1935 2378/2215/1866 2380/2217/1867
f 2380/2217/1867 2462/2299/1936 2461/2298/1935
f 2462/2299/1936 2380/2217/1867 2382/2219/1868
f 2382/2219/1868 2463/2300/1937 2462/2299/1936
f 2463/2300/1937 2382/2219/1868 2384/2221/1870
f 2384/2221/1870 2464/2301/1938 2463/2300/1937
f 2464/2301/1938 2384/2221/1870 2386/2223/1871
f 2386/2223/1871 2465/2302/1939 2464/2301/1938
f 2465/2302/1939 2386/2223/1871 2388/2225/1872
f 2388/2225/1872 2466/2303/1940 2465/2302/1939
f 2466/2303/1940 2388/2225/1872 2390/2227/1873
f 2390/2227/1873 2467/2304/1941 2466/2303/1940
f 2467/2304/1941 2390/2227/1873 2392/2229/1874
f 2392/2229/1874 2468/2305/1942 2467/2304/1941
f 2468/2305/1942 2392/2229/1874 2394/2231/1875
f 2394/2231/1875 2469/2306/1943 2468/2305/1942
f 2469/2306/1943 2394/2231/1875 2396/2233/1876
f 2396/2233/1876 2470/2307/1944 2469/2306/1943
f 2470/2307/1944 2396/2233/1876 2398/2235/1878
f 2398/2235/1878 2471/2308/1945 2470/2307/1944
f 2471/2308/1945 2398/2235/1878 2400/2237/1880
f 2400/2237/1880 2472/2309/1946 2471/2308/1945
f 2472/2309/1946 2400/2237/1880 2402/2239/1882
f 2402/2239/1882 2473/2310/1947 2472/2309/1946
f 2473/2310/1947 2402/2239/1882 2404/2241/1884
f 2404/2241/1884 2474/2311/1948 2473/2310/1947
f 2474/2311/1948 2404/2241/1884 2406/2243/1885
f 2406/2243/1885 2475/2312/1949 2474/2311/1948
f 2475/2312/1949 2406/2243/1885 2408/2245/1886
f 2408/2245/1886 2476/2313/1950 2475/2312/1949
f 2476/2313/1950 2408/2245/1886 2410/2247/1887
f 2410/2247/1887 2477/2314/1951 2476/2313/1950
f 2477/2314/1951 2410/2247/1887 2412/2249/1888
f 2412/2249/1888 2478/2315/1952 2477/2314/1951
f 2478/2315/1952 2412/2249/1888 2414/2251/1890
f 2414/2251/1890 2479/2316/1953 2478/2315/1952
f 2479/2316/1953 2414/2251/1890 2416/2253/1891
f 2416/2253/1891 2480/2317/1954 2479/2316/1953
f 2480/2317/1954 2416/2253/1891 2418/2255/1893
f 2418/2255/1893 2481/2318/1955 2480/2317/1954
f 2481/2318/1955 2418/2255/1893 2420/2257/1894
f 2420/2257/1894 2482/2319/1956 2481/2318/1955
f 2482/2319/1956 2420/2257/1894 2422/2259/1896
f 2422/2259/1896 2483/2320/1957 2482/2319/1956
f 2483/2320/1957 2422/2259/1896 2424/2261/1898
f 2424/2261/1898 2484/2321/1958 2483/2320/1957
f 2484/2321/1958 2424/2261/1898 2308/2142/1817
f 2308/2142/1817 2426/2262/1899 2484/2321/1958
f 2486/2322/1959 2426/2262/1899 2425/2263/1900
f 2425/2263/1900 2485/2323/1960 2486/2322/1959
f 2485/2323/1960 2425/2263/1900 2427/2264/1901
f 2427/2264/1901 2487/2324/1961 2485/2323/1960
f 2487/2324/1961 2427/2264/1901 2428/2265/1902
f 2428/2265/1902 2488/2325/1962 2487/2324/1961
f 2488/2325/1962 2428/2265/1902 2429/2266/1903
f 2429/2266/1903 2489/2326/1963 2488/2325/1962
f 2489/2326/1963 2429/2266/1903 2430/2267/1904
f 2430/2267/1904 2490/2327/1964 2489/2326/1963
f 2490/2327/1964 2430/2267/1904 2431/2268/1905
f 2431/2268/1905 2491/2328/1965 2490/2327/1964
f 2491/2328/1965 2431/2268/1905 2432/2269/1906
f 2432/2269/1906 2492/2329/1966 2491/2328/1965
f 2492/2329/1966 2432/2269/1906 2433/2270/1907
f 2433/2270/1907 2493/2330/1967 2492/2329/1966
f 2493/2330/1967 2433/2270/1907 2434/2271/1908
f 2434/2271/1908 2494/2331/1968 2493/2330/1967
f 2494/2331/1968 2434/2271/1908 2435/2272/1909
f 2435/2272/1909 2495/2332/1969 2494/2331/1968
f 2495/2332/1969 2435/2272/1909 2436/2273/1910
f 2436/2273/1910 2496/2333/1970 2495/2332/1969
f 2496/2333/1970 2436/2273/1910 2437/2274/1911
f 2437/2274/1911 2497/2334/1971 2496/2333/1970
f 2497/2334/1971 2437/2274/1911 2438/2275/1912
f 2438/2275/1912 2498/2335/1972 2497/2334/1971
f 2498/2335/1972 2438/2275/1912 2439/2276/1913
f 2439/2276/1913 2499/2336/1973 2498/2335/1972
f 2499/2336/1973 2439/2276/1913 2440/2277/1914
f 2440/2277/1914 2500/2337/1974 2499/2336/1973
f 2500/2337/1974 2440/2277/1914 2441/2278/1915
f 2441/2278/1915 2501/2338/1975 2500/2337/1974
f 2501/2338/1975 2441/2278/1915 2442/2279/1916
f 2442/2279/1916 2502/2339/1976 2501/2338/1975
f 2502/2339/1976 2442/2279/1916 2443/2280/1917
f 2443/2280/1917 2503/2340/1977 2502/2339/1976
f 2503/2340/1977 2443/2280/1917 2444/2281/1918
f 2444/2281/1918 2504/2341/1978 2503/2340/1977
f 2504/2341/1978 2444/2281/1918 2445/2282/1919
f 2445/2282/1919 2505/2342/1979 2504/2341/1978
f 2505/2342/1979 2445/2282/1919 2446/2283/1920
f 2446/2283/1920 2506/2343/1980 2505/2342/1979
f 2506/2343/1980 2446/2283/1920 2447/2284/1921
f 2447/2284/1921 2507/2344/1981 2506/2343/1980
f 2507/2344/1981 2447/2284/1921 2448/2285/1922
f 2448/2285/1922 2508/2345/1982 2507/2344/1981
f 2508/2345/1982 2448/2285/1922 2449/2286/1923
f 2449/2286/1923 2509/2346/1983 2508/2345/1982
f 2509/2346/1983 2449/2286/1923 2450/2287/1924
f 2450/2287/1924 2510/2347/1984 2509/2346/1983
f 2510/2347/1984 2450/2287/1924 2451/2288/1925
f 2451/2288/1925 2511/2348/1985 2510/2347/1984
f 2511/2348/1985 2451/2288/1925 2452/2289/1926
f 2452/2289/1926 2512/2349/1986 2511/2348/1985
f 2512/2349/1986 2452/2289/1926 2453/2290/1927
f 2453/2290/1927 2513/2350/1987 2512/2349/1986
f 2513/2350/1987 2453/2290/1927 2454/2291/1928
f 2454/2291/1928 2514/2351/1988 2513/2350/1987
f 2514/2351/1988 2454/2291/1928 2455/2292/1929
f 2455/2292/1929 2515/2352/1989 2514/2351/1988
f 2515/2352/1989 2455/2292/1929 2456/2293/1930
f 2456/2293/1930 2516/2353/1990 2515/2352/1989
f 2516/2353/1990 2456/2293/1930 2457/2294/1931
f 2457/2294/1931 2517/2354/1991 2516/2353/1990
f 2517/2354/1991 2457/2294/1931 2458/2295/1932
f 2458/2295/1932 2518/2355/1992 2517/2354/1991
f 2518/2355/1992 2458/2295/1932 2459/2296/1933
f 2459/2296/1933 2519/2356/1993 2518/2355/1992
f 2519/2356/1993 2459/2296/1933 2460/2297/1934
f 2460/2297/1934 2520/2357/1994 2519/2356/1993
f 2520/2357/1994 2460/2297/1934 2461/2298/1935
f 2461/2298/1935 2521/2358/1995 2520/2357/1994
f 2521/2358/1995 2461/2298/1935 2462/2299/1936
f 2462/2299/1936 2522/2359/1996 2521/2358/1995
f 2522/2359/1996 2462/2299/1936 2463/2300/1937
f 2463/2300/1937 2523/2360/1997 2522/2359/1996
f 2523/2360/1997 2463/2300/1937 2464/2301/1938
f 2464/2301/1938 2524/2361/1998 2523/2360/1997
f 2524/2361/1998 2464/2301/1938 2465/2302/1939
f 2465/2302/1939 2525/2362/1999 2524/2361/1998
f 2525/2362/1999 2465/2302/1939 2466/2303/1940
f 2466/2303/1940 2526/2363/2000 2525/2362/1999
f 2526/2363/2000 2466/2303/1940 2467/2304/1941
f 2467/2304/1941 2527/2364/2001 2526/2363/2000
f 2527/2364/2001 2467/2304/1941 2468/2305/1942
f 2468/2305/1942 2528/2365/2002 2527/2364/2001
f 2528/2365/2002 2468/2305/1942 2469/2306/1943
f 2469/2306/1943 2529/2366/2003 2528/2365/2002
f 2529/2366/2003 2469/2306/1943 2470/2307/1944
f 2470/2307/1944 2530/2367/2004 2529/2366/2003
f 2530/2367/2004 2470/2307/1944 2471/2308/1945
f 2471/2308/1945 2531/2368/2005 2530/2367/2004
f 2531/2368/2005 2471/2308/1945 2472/2309/1946
f 2472/2309/1946 2532/2369/2006 2531/2368/2005
f 2532/2369/2006 2472/2309/1946 2473/2310/1947
f 2473/2310/1947 2533/2370/2007 2532/2369/2006
f 2533/2370/2007 2473/2310/1947 2474/2311/1948
f 2474/2311/1948 2534/2371/2008 2533/2370/2007
f 2534/2371/2008 2474/2311/1948 2475/2312/1949
f 2475/2312/1949 2535/2372/2009 2534/2371/2008
f 2535/2372/2009 2475/2312/1949 2476/2313/1950
f 2476/2313/1950 2536/2373/2010 2535/2372/2009
f 2536/2373/2010 2476/2313/1950 2477/2314/1951
f 2477/2314/1951 2537/2374/2011 2536/2373/2010
f 2537/2374/2011 2477/2314/1951 2478/2315/1952
f 2478/2315/1952 2538/2375/2012 2537/2374/2011
f 2538/2375/2012 2478/2315/1952 2479/2316/1953
f 2479/2316/1953 2539/2376/2013 2538/2375/2012
f 2539/2376/2013 2479/2316/1953 2480/2317/1954
f 2480/2317/1954 2540/2377/2014 2539/2376/2013
f 2540/2377/2014 2480/2317/1954 2481/2318/1955
f 2481/2318/1955 2541/2378/2015 2540/2377/2014
f 2541/2378/2015 2481/2318/1955 2482/2319/1956
f 2482/2319/1956 2542/2379/2016 2541/2378/2015
f 2542/2379/2016 2482/2319/1956 2483/2320/1957
f 2483/2320/1957 2543/2380/2017 2542/2379/2016
f 2543/2380/2017 2483/2320/1957 2484/2321/1958
f 2484/2321/1958 2544/2381/2018 2543/2380/2017
f 2544/2381/2018 2484/2321/1958 2426/2262/1899
f 2426/2262/1899 2486/2322/1959 2544/2381/2018
f 2546/2382/2019 2486/2322/1959 2485/2323/1960
f 2485/2323/1960 2545/2383/2020 2546/2382/2019
f 2545/2383/2020 2485/2323/1960 2487/2324/1961
f 2487/2324/1961 2547/2384/2021 2545/2383/2020
f 2547/2384/2021 2487/2324/1961 2488/2325/1962
f 2488/2325/1962 2548/2385/2022 2547/2384/2021
f 2548/2385/2022 2488/2325/1962 2489/2326/1963
f 2489/2326/1963 2549/2386/2023 2548/2385/2022
f 2549/2386/2023 2489/2326/1963 2490/2327/1964
f 2490/2327/1964 2550/2387/2024 2549/2386/2023
f 2550/2387/2024 2490/2327/1964 2491/2328/1965
f 2491/2328/1965 2551/2388/2025 2550/2387/2024
f 2551/2388/2025 2491/2328/1965 2492/2329/1966
f 2492/2329/1966 2552/2389/2026 2551/2388/2025
f 2552/2389/2026 2492/2329/1966 2493/2330/1967
f 2493/2330/1967 2553/2390/2027 2552/2389/2026
f 2553/2390/2027 2493/2330/1967 2494/2331/1968
f 2494/2331/1968 2554/2391/2028 2553/2390/2027
f 2554/2391/2028 2494/2331/1968 2495/2332/1969
f 2495/2332/1969 2555/2392/2029 2554/2391/2028
f 2555/2392/2029 2495/2332/1969 2496/2333/1970
f 2496/2333/1970 2556/2393/2030 2555/2392/2029
f 2556/2393/2030 2496/2333/1970 2497/2334/1971
f 2497/2334/1971 2557/2394/2031 2556/2393/2030
f 2557/2394/2031 2497/2334/1971 2498/2335/1972
f 2498/2335/1972 2558/2395/2032 2557/2394/2031
f 2558/2395/2032 2498/2335/1972 2499/2336/1973
f 2499/2336/1973 2559/2396/2033 2558/2395/2032
f 2559/2396/2033 2499/2336/1973 2500/2337/1974
f 2500/2337/1974 2560/2397/2034 2559/2396/2033
f 2560/2397/2034 2500/2337/1974 2501/2338/1975
f 2501/2338/1975 2561/2398/2035 2560/2397/2034
f 2561/2398/2035 2501/2338/1975 2502/2339/1976
f 2502/2339/1976 2562/2399/2036 2561/2398/2035
f 2562/2399/2036 2502/2339/1976 2503/2340/1977
f 2503/2340/1977 2563/2400/2037 2562/2399/2036
f 2563/2400/2037 2503/2340/1977 2504/2341/1978
f 2504/2341/1978 2564/2401/2038 2563/2400/2037
f 2564/2401/2038 2504/2341/1978 2505/2342/1979
f 2505/2342/1979 2565/2402/2039 2564/2401/2038
f 2565/2402/2039 2505/2342/1979 2506/2343/1980
f 2506/2343/1980 2566/2403/2040 2565/2402/2039
f 2566/2403/2040 2506/2343/1980 2507/2344/1981
f 2507/2344/1981 2567/2404/2041 2566/2403/2040
f 2567/2404/2041 2507/2344/1981 2508/2345/1982
f 2508/2345/1982 2568/2405/2042 2567/2404/2041
f 2568/2405/2042 2508/2345/1982 2509/2346/1983
f 2509/2346/1983 2569/2406/2043 2568/2405/2042
f 2569/2406/2043 2509/2346/1983 2510/2347/1984
f 2510/2347/1984 2570/2407/2044 2569/2406/2043
f 2570/2407/2044 2510/2347/1984 2511/2348/1985
f 2511/2348/1985 2571/2408/2045 2570/2407/2044
f 2571/2408/2045 2511/2348/1985 2512/2349/1986
f 2512/2349/1986 2572/2409/2046 2571/2408/2045
f 2572/2409/2046 2512/2349/1986 2513/2350/1987
f 2513/2350/1987 2573/2410/2047 2572/2409/2046
f 2573/2410/2047 2513/2350/1987 2514/2351/1988
f 2514/2351/1988 2574/2411/2048 2573/2410/2047
f 2574/2411/2048 2514/2351/1988 2515/2352/1989
f 2515/2352/1989 2575/2412/2049 2574/2411/2048
f 2575/2412/2049 2515/2352/1989 2516/2353/1990
f 2516/2353/1990 2576/2413/2050 2575/2412/2049
f 2576/2413/2050 2516/2353/1990 2517/2354/1991
f 2517/2354/1991 2577/2414/2051 2576/2413/2050
f 2577/2414/2051 2517/2354/1991 2518/2355/1992
f 2518/2355/1992 2578/2415/2052 2577/2414/2051
f 2578/2415/2052 2518/2355/1992 2519/2356/1993
f 2519/2356/1993 2579/2416/2053 2578/2415/2052
f 2579/2416/2053 2519/2356/1993 2520/2357/1994
f 2520/2357/1994 2580/2417/2054 2579/2416/2053
f 2580/2417/2054 2520/2357/1994 2521/2358/1995
f 2521/2358/1995 2581/2418/2055 2580/2417/2054
f 2581/2418/2055 2521/2358/1995 2522/2359/1996
f 2522/2359/1996 2582/2419/2056 2581/2418/2055
f 2582/2419/2056 2522/2359/1996 2523/2360/1997
f 2523/2360/1997 2583/2420/2057 2582/2419/2056
f 2583/2420/2057 2523/2360/1997 2524/2361/1998
f 2524/2361/1998 2584/2421/2058 2583/2420/2057
f 2584/2421/2058 2524/2361/1998 2525/2362/1999
f 2525/2362/1999 2585/2422/2059 2584/2421/2058
f 2585/2422/2059 2525/2362/1999 2526/2363/2000
f 2526/2363/2000 2586/2423/2060 2585/2422/2059
f 2586/2423/2060 2526/2363/2000 2527/2364/2001
f 2527/2364/2001 2587/2424/2061 2586/2423/2060
f 2587/2424/2061 2527/2364/2001 2528/2365/2002
f 2528/2365/2002 2588/2425/2062 2587/2424/2061
f 2588/2425/2062 2528/2365/2002 2529/2366/2003
f 2529/2366/2003 2589/2426/2063 2588/2425/2062
f 2589/2426/2063 2529/2366/2003 2530/2367/2004
f 2530/2367/2004 2590/2427/2064 2589/2426/2063
f 2590/2427/2064 2530/2367/2004 2531/2368/2005
f 2531/2368/2005 2591/2428/2065 2590/2427/2064
f 2591/2428/2065 2531/2368/2005 2532/2369/2006
f 2532/2369/2006 2592/2429/2066 2591/2428/2065
f 2592/2429/2066 2532/2369/2006 2533/2370/2007
f 2533/2370/2007 2593/2430/2067 2592/2429/2066
f 2593/2430/2067 2533/2370/2007 2534/2371/2008
f 2534/2371/2008 2594/2431/2068 2593/2430/2067
f 2594/2431/2068 2534/2371/2008 2535/2372/2009
f 2535/2372/2009 2595/2432/2069 2594/2431/2068
f 2595/2432/2069 2535/2372/2009 2536/2373/2010
f 2536/2373/2010 2596/2433/2070 2595/2432/2069
f 2596/2433/2070 2536/2373/2010 2537/2374/2011
f 2537/2374/2011 2597/2434/2071 2596/2433/2070
f 2597/2434/2071 2537/2374/2011 2538/2375/2012
f 2538/2375/2012 2598/2435/2072 2597/2434/2071
f 2598/2435/2072 2538/2375/2012 2539/2376/2013
f 2539/2376/2013 2599/2436/2073 2598/2435/2072
f 2599/2436/2073 2539/2376/2013 2540/2377/2014
f 2540/2377/2014 2600/2437/2074 2599/2436/2073
f 2600/2437/2074 2540/2377/2014 2541/2378/2015
f 2541/2378/2015 2601/2438/2075 2600/2437/2074
f 2601/2438/2075 2541/2378/2015 2542/2379/2016
f 2542/2379/2016 2602/2439/2076 2601/2438/2075
f 2602/2439/2076 2542/2379/2016 2543/2380/2017
f 2543/2380/2017 2603/2440/2077 2602/2439/2076
f 2603/2440/2077 2543/2380/2017 2544/2381/2018
f 2544/2381/2018 2604/2441/2078 2603/2440/2077
f 2604/2441/2078 2544/2381/2018 2486/2322/1959
f 2486/2322/1959 2546/2382/2019 2604/2441/2078
f 2606/2442/2079 2546/2382/2019 2545/2383/2020
f 2545/2383/2020 2605/2443/2080 2606/2442/2079
f 2605/2443/2080 2545/2383/2020 2547/2384/2021
f 2547/2384/2021 2607/2444/2081 2605/2443/2080
f 2607/2444/2081 2547/2384/2021 2548/2385/2022
f 2548/2385/2022 2608/2445/2082 2607/2444/2081
f 2608/2445/2082 2548/2385/2022 2549/2386/2023
f 2549/2386/2023 2609/2446/2083 2608/2445/2082
f 2609/2446/2083 2549/2386/2023 2550/2387/2024
f 2550/2387/2024 2610/2447/2084 2609/2446/2083
f 2610/2447/2084 2550/2387/2024 2551/2388/2025
f 2551/2388/2025 2611/2448/2085 2610/2447/2084
f 2611/2448/2085 2551/2388/2025 2552/2389/2026
f 2552/2389/2026 2612/2449/2086 2611/2448/2085
f 2612/2449/2086 2552/2389/2026 2553/2390/2027
f 2553/2390/2027 2613/2450/2087 2612/2449/2086
f 2613/2450/2087 2553/2390/2027 2554/2391/2028
f 2554/2391/2028 2614/2451/2088 2613/2450/2087
f 2614/2451/2088 2554/2391/2028 2555/2392/2029
f 2555/2392/2029 2615/2452/2089 2614/2451/2088
f 2615/2452/2089 2555/2392/2029 2556/2393/2030
f 2556/2393/2030 2616/2453/2090 2615/2452/2089
f 2616/2453/2090 2556/2393/2030 2557/2394/2031
f 2557/2394/2031 2617/2454/2091 2616/2453/2090
f 2617/2454/2091 2557/2394/2031 2558/2395/2032
f 2558/2395/2032 2618/2455/2092 2617/2454/2091
f 2618/2455/2092 2558/2395/2032 2559/2396/2033
f 2559/2396/2033 2619/2456/2093 2618/2455/2092
f 2619/2456/2093 2559/2396/2033 2560/2397/2034
f 2560/2397/2034 2620/2457/2094 2619/2456/2093
f 2620/2457/2094 2560/2397/2034 2561/2398/2035
f 2561/2398/2035 2621/2458/2095 2620/2457/2094
f 2621/2458/2095 2561/2398/2035 2562/2399/2036
f 2562/2399/2036 2622/2459/2096 2621/2458/2095
f 2622/2459/2096 2562/2399/2036 2563/2400/2037
f 2563/2400/2037 2623/2460/2097 2622/2459/2096
f 2623/2460/2097 2563/2400/2037 2564/2401/2038
f 2564/2401/2038 2624/2461/2098 2623/2460/2097
f 2624/2461/2098 2564/2401/2038 2565/2402/2039
f 2565/2402/2039 2625/2462/2099 2624/2461/2098
f 2625/2462/2099 2565/2402/2039 2566/2403/2040
f 2566/2403/2040 2626/2463/2100 2625/2462/2099
f 2626/2463/2100 2566/2403/2040 2567/2404/2041
f 2567/2404/2041 2627/2464/2101 2626/2463/2100
f 2627/2464/2101 2567/2404/2041 2568/2405/2042
f 2568/2405/2042 2628/2465/2102 2627/2464/2101
f 2628/2465/2102 2568/2405/2042 2569/2406/2043
f 2569/2406/2043 2629/2466/2103 2628/2465/2102
f 2629/2466/2103 2569/2406/2043 2570/2407/2044
f 2570/2407/2044 2630/2467/2104 2629/2466/2103
f 2630/2467/2104 2570/2407/2044 2571/2408/2045
f 2571/2408/2045 2631/2468/2105 2630/2467/2104
f 2631/2468/2105 2571/2408/2045 2572/2409/2046
f 2572/2409/2046 2632/2469/2106 2631/2468/2105
f 2632/2469/2106 2572/2409/2046 2573/2410/2047
f 2573/2410/2047 2633/2470/2107 2632/2469/2106
f 2633/2470/2107 2573/2410/2047 2574/2411/2048
f 2574/2411/2048 2634/2471/2108 2633/2470/2107
f 2634/2471/2108 2574/2411/2048 2575/2412/2049
f 2575/2412/2049 2635/2472/2109 2634/2471/2108
f 2635/2472/2109 2575/2412/2049 2576/2413/2050
f 2576/2413/2050 2636/2473/2110 2635/2472/2109
f 2636/2473/2110 2576/2413/2050 2577/2414/2051
f 2577/2414/2051 2637/2474/2111 2636/2473/2110
f 2637/2474/2111 2577/2414/2051 2578/2415/2052
f 2578/2415/2052 2638/2475/2112 2637/2474/2111
f 2638/2475/2112 2578/2415/2052 2579/2416/2053
f 2579/2416/2053 2639/2476/2113 2638/2475/2112
f 2639/2476/2113 2579/2416/2053 2580/2417/2054
f 2580/2417/2054 2640/2477/2114 2639/2476/2113
f 2640/2477/2114 2580/2417/2054 2581/2418/2055
f 2581/2418/2055 2641/2478/2115 2640/2477/2114
f 2641/2478/2115 2581/2418/2055 2582/2419/2056
f 2582/2419/2056 2642/2479/2116 2641/2478/2115
f 2642/2479/2116 2582/2419/2056 2583/2420/2057
f 2583/2420/2057 2643/2480/2117 2642/2479/2116
f 2643/2480/2117 2583/2420/2057 2584/2421/2058
f 2584/2421/2058 2644/2481/2118 2643/2480/2117
f 2644/2481/2118 2584/2421/2058 2585/2422/2059
f 2585/2422/2059 2645/2482/2119 2644/2481/2118
f 2645/2482/2119 2585/2422/2059 2586/2423/2060
f 2586/2423/2060 2646/2483/2120 2645/2482/2119
f 2646/2483/2120 2586/2423/2060 2587/2424/2061
f 2587/2424/2061 2647/2484/2121 2646/2483/2120
f 2647/2484/2121 2587/2424/2061 2588/2425/2062
f 2588/2425/2062 2648/2485/2122 2647/2484/2121
f 2648/2485/2122 2588/2425/2062 2589/2426/2063
f 2589/2426/2063 2649/2486/2123 2648/2485/2122
f 2649/2486/2123 2589/2426/2063 2590/2427/2064
f 2590/2427/2064 2650/2487/2124 2649/2486/2123
f 2650/2487/2124 2590/2427/2064 2591/2428/2065
f 2591/2428/2065 2651/2488/2125 2650/2487/2124
f 2651/2488/2125 2591/2428/2065 2592/2429/2066
f 2592/2429/2066 2652/2489/2126 2651/2488/2125
f 2652/2489/2126 2592/2429/2066 2593/2430/2067
f 2593/2430/2067 2653/2490/2127 2652/2489/2126
f 2653/2490/2127 2593/2430/2067 2594/2431/2068
f 2594/2431/2068 2654/2491/2128 2653/2490/2127
f 2654/2491/2128 2594/2431/2068 2595/2432/2069
f 2595/2432/2069 2655/2492/2129 2654/2491/2128
f 2655/2492/2129 2595/2432/2069 2596/2433/2070
f 2596/2433/2070 2656/2493/2130 2655/2492/2129
f 2656/2493/2130 2596/2433/2070 2597/2434/2071
f 2597/2434/2071 2657/2494/2131 2656/2493/2130
f 2657/2494/2131 2597/2434/2071 2598/2435/2072
f 2598/2435/2072 2658/2495/2132 2657/2494/2131
f 2658/2495/2132 2598/2435/2072 2599/2436/2073
f 2599/2436/2073 2659/2496/2133 2658/2495/2132
f 2659/2496/2133 2599/2436/2073 2600/2437/2074
f 2600/2437/2074 2660/2497/2134 2659/2496/2133
f 2660/2497/2134 2600/2437/2074 2601/2438/2075
f 2601/2438/2075 2661/2498/2135 2660/2497/2134
f 2661/2498/2135 2601/2438/2075 2602/2439/2076
f 2602/2439/2076 2662/2499/2136 2661/2498/2135
f 2662/2499/2136 2602/2439/2076 2603/2440/2077
f 2603/2440/2077 2663/2500/2137 2662/2499/2136
f 2663/2500/2137 2603/2440/2077 2604/2441/2078
f 2604/2441/2078 2664/2501/2138 2663/2500/2137
f 2664/2501/2138 2604/2441/2078 2546/2382/2019
f 2546/2382/2019 2606/2442/2079 2664/2501/2138
f 2666/2502/2139 2606/2442/2079 2605/2443/2080
f 2605/2443/2080 2665/2503/2140 2666/2502/2139
f 2665/2503/2140 2605/2443/2080 2607/2444/2081
f 2607/2444/2081 2667/2504/2141 2665/2503/2140
f 2667/2504/2141 2607/2444/2081 2608/2445/2082
f 2608/2445/2082 2668/2505/2142 2667/2504/2141
f 2668/2505/2142 2608/2445/2082 2609/2446/2083
f 2609/2446/2083 2669/2506/2143 2668/2505/2142
f 2669/2506/2143 2609/2446/2083 2610/2447/2084
f 2610/2447/2084 2670/2507/2144 2669/2506/2143
f 2670/2507/2144 2610/2447/2084 2611/2448/2085
f 2611/2448/2085 2671/2508/2145 2670/2507/2144
f 2671/2508/2145 2611/2448/2085 2612/2449/2086
f 2612/2449/2086 2672/2509/2146 2671/2508/2145
f 2672/2509/2146 2612/2449/2086 2613/2450/2087
f 2613/2450/2087 2673/2510/2147 2672/2509/2146
f 2673/2510/2147 2613/2450/2087 2614/2451/2088
f 2614/2451/2088 2674/2511/2148 2673/2510/2147
f 2674/2511/2148 2614/2451/2088 2615/2452/2089
f 2615/2452/2089 2675/2512/2149 2674/2511/2148
f 2675/2512/2149 2615/2452/2089 2616/2453/2090
f 2616/2453/2090 2676/2513/2150 2675/2512/2149
f 2676/2513/2150 2616/2453/2090 2617/2454/2091
f 2617/2454/2091 2677/2514/2151 2676/2513/2150
f 2677/2514/2151 2617/2454/2091 2618/2455/2092
f 2618/2455/2092 2678/2515/2152 2677/2514/2151
f 2678/2515/2152 2618/2455/2092 2619/2456/2093
f 2619/2456/2093 2679/2516/2153 2678/2515/2152
f 2679/2516/2153 2619/2456/2093 2620/2457/2094
f 2620/2457/2094 2680/2517/2154 2679/2516/2153
f 2680/2517/2154 2620/2457/2094 2621/2458/2095
f 2621/2458/2095 2681/2518/2155 2680/2517/2154
f 2681/2518/2155 2621/2458/2095 2622/2459/2096
f 2622/2459/2096 2682/2519/2156 2681/2518/2155
f 2682/2519/2156 2622/2459/2096 2623/2460/2097
f 2623/2460/2097 2683/2520/2157 2682/2519/2156
f 2683/2520/2157 2623/2460/2097 2624/2461/2098
f 2624/2461/2098 2684/2521/2158 2683/2520/2157
f 2684/2521/2158 2624/2461/2098 2625/2462/2099
f 2625/2462/2099 2685/2522/2159 2684/2521/2158
f 2685/2522/2159 2625/2462/2099 2626/2463/2100
f 2626/2463/2100 2686/2523/2160 2685/2522/2159
f 2686/2523/2160 2626/2463/2100 2627/2464/2101
f 2627/2464/2101 2687/2524/2161 2686/2523/2160
f 2687/2524/2161 2627/2464/2101 2628/2465/2102
f 2628/2465/2102 2688/2525/2162 2687/2524/2161
f 2688/2525/2162 2628/2465/2102 2629/2466/2103
f 2629/2466/2103 2689/2526/2163 2688/2525/2162
f 2689/2526/2163 2629/2466/2103 2630/2467/2104
f 2630/2467/2104 2690/2527/2164 2689/2526/2163
f 2690/2527/2164 2630/2467/2104 2631/2468/2105
f 2631/2468/2105 2691/2528/2165 2690/2527/2164
f 2691/2528/2165 2631/2468/2105 2632/2469/2106
f 2632/2469/2106 2692/2529/2166 2691/2528/2165
f 2692/2529/2166 2632/2469/2106 2633/2470/2107
f 2633/2470/2107 2693/2530/2167 2692/2529/2166
f 2693/2530/2167 2633/2470/2107 2634/2471/2108
f 2634/2471/2108 2694/2531/2168 2693/2530/2167
f 2694/2531/2168 2634/2471/2108 2635/2472/2109
f 2635/2472/2109 2695/2532/2169 2694/2531/2168
f 2695/2532/2169 2635/2472/2109 2636/2473/2110
f 2636/2473/2110 2696/2533/2170 2695/2532/2169
f 2696/2533/2170 2636/2473/2110 2637/2474/2111
f 2637/2474/2111 2697/2534/2171 2696/2533/2170
f 2697/2534/2171 2637/2474/2111 2638/2475/2112
f 2638/2475/2112 2698/2535/2172 2697/2534/2171
f 2698/2535/2172 2638/2475/2112 2639/2476/2113
f 2639/2476/2113 2699/2536/2173 2698/2535/2172
f 2699/2536/2173 2639/2476/2113 2640/2477/2114
f 2640/2477/2114 2700/2537/2174 2699/2536/2173
f 2700/2537/2174 2640/2477/2114 2641/2478/2115
f 2641/2478/2115 2701/2538/2175 2700/2537/2174
f 2701/2538/2175 2641/2478/2115 2642/2479/2116
f 2642/2479/2116 2702/2539/2176 2701/2538/2175
f 2702/2539/2176 2642/2479/2116 2643/2480/2117
f 2643/2480/2117 2703/2540/2177 2702/2539/2176
f 2703/2540/2177 2643/2480/2117 2644/2481/2118
f 2644/2481/2118 2704/2541/2178 2703/2540/2177
f 2704/2541/2178 2644/2481/2118 2645/2482/2119
f 2645/2482/2119 2705/2542/2179 2704/2541/2178
f 2705/2542/2179 2645/2482/2119 2646/2483/2120
f 2646/2483/2120 2706/2543/2180 2705/2542/2179
f 2706/2543/2180 2646/2483/2120 2647/2484/2121
f 2647/2484/2121 2707/2544/2181 2706/2543/2180
f 2707/2544/2181 2647/2484/2121 2648/2485/2122
f 2648/2485/2122 2708/2545/2182 2707/2544/2181
f 2708/2545/2182 2648/2485/2122 2649/2486/2123
f 2649/2486/2123 2709/2546/2183 2708/2545/2182
f 2709/2546/2183 2649/2486/2123 2650/2487/2124
f 2650/2487/2124 2710/2547/2184 2709/2546/2183
f 2710/2547/2184 2650/2487/2124 2651/2488/2125
f 2651/2488/2125 2711/2548/2185 2710/2547/2184
f 2711/2548/2185 2651/2488/2125 2652/2489/2126
f 2652/2489/2126 2712/2549/2186 2711/2548/2185
f 2712/2549/2186 2652/2489/2126 2653/2490/2127
f 2653/2490/2127 2713/2550/2187 2712/2549/2186
f 2713/2550/2187 2653/2490/2127 2654/2491/2128
f 2654/2491/2128 2714/2551/2188 2713/2550/2187
f 2714/2551/2188 2654/2491/2128 2655/2492/2129
f 2655/2492/2129 2715/2552/2189 2714/2551/2188
f 2715/2552/2189 2655/2492/2129 2656/2493/2130
f 2656/2493/2130 2716/2553/2190 2715/2552/2189
f 2716/2553/2190 2656/2493/2130 2657/2494/2131
f 2657/2494/2131 2717/2554/2191 2716/2553/2190
f 2717/2554/2191 2657/2494/2131 2658/2495/2132
f 2658/2495/2132 2718/2555/2192 2717/2554/2191
f 2718/2555/2192 2658/2495/2132 2659/2496/2133
f 2659/2496/2133 2719/2556/2193 2718/2555/2192
f 2719/2556/2193 2659/2496/2133 2660/2497/2134
f 2660/2497/2134 2720/2557/2194 2719/2556/2193
f 2720/2557/2194 2660/2497/2134 2661/2498/2135
f 2661/2498/2135 2721/2558/2195 2720/2557/2194
f 2721/2558/2195 2661/2498/2135 2662/2499/2136
f 2662/2499/2136 2722/2559/2196 2721/2558/2195
f 2722/2559/2196 2662/2499/2136 2663/2500/2137
f 2663/2500/2137 2723/2560/2197 2722/2559/2196
f 2723/2560/2197 2663/2500/2137 2664/2501/2138
f 2664/2501/2138 2724/2561/2198 2723/2560/2197
f 2724/2561/2198 2664/2501/2138 2606/2442/2079
f 2606/2442/2079 2666/2502/2139 2724/2561/2198
f 2726/2562/2199 2666/2502/2139 2665/2503/2140
f 2665/2503/2140 2725/2563/2200 2726/2562/2199
f 2725/2563/2200 2665/2503/2140 2667/2504/2141
f 2667/2504/2141 2727/2564/2201 2725/2563/2200
f 2727/2564/2201 2667/2504/2141 2668/2505/2142
f 2668/2505/2142 2728/2565/2202 2727/2564/2201
f 2728/2565/2202 2668/2505/2142 2669/2506/2143
f 2669/2506/2143 2729/2566/2203 2728/2565/2202
f 2729/2566/2203 2669/2506/2143 2670/2507/2144
f 2670/2507/2144 2730/2567/2204 2729/2566/2203
f 2730/2567/2204 2670/2507/2144 2671/2508/2145
f 2671/2508/2145 2731/2568/2205 2730/2567/2204
f 2731/2568/2205 2671/2508/2145 2672/2509/2146
f 2672/2509/2146 2732/2569/2206 2731/2568/2205
f 2732/2569/2206 2672/2509/2146 2673/2510/2147
f 2673/2510/2147 2733/2570/2207 2732/2569/2206
f 2733/2570/2207 2673/2510/2147 2674/2511/2148
f 2674/2511/2148 2734/2571/2208 2733/2570/2207
f 2734/2571/2208 2674/2511/2148 2675/2512/2149
f 2675/2512/2149 2735/2572/2209 2734/2571/2208
f 2735/2572/2209 2675/2512/2149 2676/2513/2150
f 2676/2513/2150 2736/2573/2210 2735/2572/2209
f 2736/2573/2210 2676/2513/2150 2677/2514/2151
f 2677/2514/2151 2737/2574/2211 2736/2573/2210
f 2737/2574/2211 2677/2514/2151 2678/2515/2152
f 2678/2515/2152 2738/2575/2212 2737/2574/2211
f 2738/2575/2212 2678/2515/2152 2679/2516/2153
f 2679/2516/2153 2739/2576/2213 2738/2575/2212
f 2739/2576/2213 2679/2516/2153 2680/2517/2154
f 2680/2517/2154 2740/2577/2214 2739/2576/2213
f 2740/2577/2214 2680/2517/2154 2681/2518/2155
f 2681/2518/2155 2741/2578/2215 2740/2577/2214
f 2741/2578/2215 2681/2518/2155 2682/2519/2156
f 2682/2519/2156 2742/2579/2216 2741/2578/2215
f 2742/2579/2216 2682/2519/2156 2683/2520/2157
f 2683/2520/2157 2743/2580/2217 2742/2579/2216
f 2743/2580/2217 2683/2520/2157 2684/2521/2158
f 2684/2521/2158 2744/2581/2218 2743/2580/2217
f 2744/2581/2218 2684/2521/2158 2685/2522/2159
f 2685/2522/2159 2745/2582/2219 2744/2581/2218
f 2745/2582/2219 2685/2522/2159 2686/2523/2160
f 2686/2523/2160 2746/2583/2220 2745/2582/2219
f 2746/2583/2220 2686/2523/2160 2687/2524/2161
f 2687/2524/2161 2747/2584/2221 2746/2583/2220
f 2747/2584/2221 2687/2524/2161 2688/2525/2162
f 2688/2525/2162 2748/2585/2222 2747/2584/2221
f 2748/2585/2222 2688/2525/2162 2689/2526/2163
f 2689/2526/2163 2749/2586/2223 2748/2585/2222
f 2749/2586/2223 2689/2526/2163 2690/2527/2164
f 2690/2527/2164 2750/2587/2224 2749/2586/2223
f 2750/2587/2224 2690/2527/2164 2691/2528/2165
f 2691/2528/2165 2751/2588/2225 2750/2587/2224
f 2751/2588/2225 2691/2528/2165 2692/2529/2166
f 2692/2529/2166 2752/2589/2226 2751/2588/2225
f 2752/2589/2226 2692/2529/2166 2693/2530/2167
f 2693/2530/2167 2753/2590/2227 2752/2589/2226
f 2753/2590/2227 2693/2530/2167 2694/2531/2168
f 2694/2531/2168 2754/2591/2228 2753/2590/2227
f 2754/2591/2228 2694/2531/2168 2695/2532/2169
f 2695/2532/2169 2755/2592/2229 2754/2591/2228
f 2755/2592/2229 2695/2532/2169 2696/2533/2170
f 2696/2533/2170 2756/2593/2230 2755/2592/2229
f 2756/2593/2230 2696/2533/2170 2697/2534/2171
f 2697/2534/2171 2757/2594/2231 2756/2593/2230
f 2757/2594/2231 2697/2534/2171 2698/2535/2172
f 2698/2535/2172 2758/2595/2232 2757/2594/2231
f 2758/2595/2232 2698/2535/2172 2699/2536/2173
f 2699/2536/2173 2759/2596/2233 2758/2595/2232
f 2759/2596/2233 2699/2536/2173 2700/2537/2174
f 2700/2537/2174 2760/2597/2234 2759/2596/2233
f 2760/2597/2234 2700/2537/2174 2701/2538/2175
f 2701/2538/2175 2761/2598/2235 2760/2597/2234
f 2761/2598/2235 2701/2538/2175 2702/2539/2176
f 2702/2539/2176 2762/2599/2236 2761/2598/2235
f 2762/2599/2236 2702/2539/2176 2703/2540/2177
f 2703/2540/2177 2763/2600/2237 2762/2599/2236
f 2763/2600/2237 2703/2540/2177 2704/2541/2178
f 2704/2541/2178 2764/2601/2238 2763/2600/2237
f 2764/2601/2238 2704/2541/2178 2705/2542/2179
f 2705/2542/2179 2765/2602/2239 2764/2601/2238
f 2765/2602/2239 2705/2542/2179 2706/2543/2180
f 2706/2543/2180 2766/2603/2240 2765/2602/2239
f 2766/2603/2240 2706/2543/2180 2707/2544/2181
f 2707/2544/2181 2767/2604/2241 2766/2603/2240
f 2767/2604/2241 2707/2544/2181 2708/2545/2182
f 2708/2545/2182 2768/2605/2242 2767/2604/2241
f 2768/2605/2242 2708/2545/2182 2709/2546/2183
f 2709/2546/2183 2769/2606/2243 2768/2605/2242
f 2769/2606/2243 2709/2546/2183 2710/2547/2184
f 2710/2547/2184 2770/2607/2244 2769/2606/2243
f 2770/2607/2244 2710/2547/2184 2711/2548/2185
f 2711/2548/2185 2771/2608/2245 2770/2607/2244
f 2771/2608/2245 2711/2548/2185 2712/2549/2186
f 2712/2549/2186 2772/2609/2246 2771/2608/2245
f 2772/2609/2246 2712/2549/2186 2713/2550/2187
f 2713/2550/2187 2773/2610/2247 2772/2609/2246
f 2773/2610/2247 2713/2550/2187 2714/2551/2188
f 2714/2551/2188 2774/2611/2248 2773/2610/2247
f 2774/2611/2248 2714/2551/2188 2715/2552/2189
f 2715/2552/2189 2775/2612/2249 2774/2611/2248
f 2775/2612/2249 2715/2552/2189 2716/2553/2190
f 2716/2553/2190 2776/2613/2250 2775/2612/2249
f 2776/2613/2250 2716/2553/2190 2717/2554/2191
f 2717/2554/2191 2777/2614/2251 2776/2613/2250
f 2777/2614/2251 2717/2554/2191 2718/2555/2192
f 2718/2555/2192 2778/2615/2252 2777/2614/2251
f 2778/2615/2252 2718/2555/2192 2719/2556/2193
f 2719/2556/2193 2779/2616/2253 2778/2615/2252
f 2779/2616/2253 2719/2556/2193 2720/2557/2194
f 2720/2557/2194 2780/2617/2254 2779/2616/2253
f 2780/2617/2254 2720/2557/2194 2721/2558/2195
f 2721/2558/2195 2781/2618/2255 2780/2617/2254
f 2781/2618/2255 2721/2558/2195 2722/2559/2196
f 2722/2559/2196 2782/2619/2256 2781/2618/2255
f 2782/2619/2256 2722/2559/2196 2723/2560/2197
f 2723/2560/2197 2783/2620/2257 2782/2619/2256
f 2783/2620/2257 2723/2560/2197 2724/2561/2198
f 2724/2561/2198 2784/2621/2258 2783/2620/2257
f 2784/2621/2258 2724/2561/2198 2666/2502/2139
f 2666/2502/2139 2726/2562/2199 2784/2621/2258
f 2786/2622/2259 2726/2562/2199 2725/2563/2200
f 2725/2563/2200 2785/2623/2260 2786/2622/2259
f 2785/2623/2260 2725/2563/2200 2727/2564/2201
f 2727/2564/2201 2787/2624/2261 2785/2623/2260
f 2787/2624/2261 2727/2564/2201 2728/2565/2202
f 2728/2565/2202 2788/2625/2262 2787/2624/2261
f 2788/2625/2262 2728/2565/2202 2729/2566/2203
f 2729/2566/2203 2789/2626/2263 2788/2625/2262
f 2789/2626/2263 2729/2566/2203 2730/2567/2204
f 2730/2567/2204 2790/2627/2264 2789/2626/2263
f 2790/2627/2264 2730/2567/2204 2731/2568/2205
f 2731/2568/2205 2791/2628/2265 2790/2627/2264
f 2791/2628/2265 2731/2568/2205 2732/2569/2206
f 2732/2569/2206 2792/2629/2266 2791/2628/2265
f 2792/2629/2266 2732/2569/2206 2733/2570/2207
f 2733/2570/2207 2793/2630/2267 2792/2629/2266
f 2793/2630/2267 2733/2570/2207 2734/2571/2208
f 2734/2571/2208 2794/2631/2268 2793/2630/2267
f 2794/2631/2268 2734/2571/2208 2735/2572/2209
f 2735/2572/2209 2795/2632/2269 2794/2631/2268
f 2795/2632/2269 2735/2572/2209 2736/2573/2210
f 2736/2573/2210 2796/2633/2270 2795/2632/2269
f 2796/2633/2270 2736/2573/2210 2737/2574/2211
f 2737/2574/2211 2797/2634/2271 2796/2633/2270
f 2797/2634/2271 2737/2574/2211 2738/2575/2212
f 2738/2575/2212 2798/2635/2272 2797/2634/2271
f 2798/2635/2272 2738/2575/2212 2739/2576/2213
f 2739/2576/2213 2799/2636/2273 2798/2635/2272
f 2799/2636/2273 2739/2576/2213 2740/2577/2214
f 2740/2577/2214 2800/2637/2274 2799/2636/2273
f 2800/2637/2274 2740/2577/2214 2741/2578/2215
f 2741/2578/2215 2801/2638/2275 2800/2637/2274
f 2801/2638/2275 2741/2578/2215 2742/2579/2216
f 2742/2579/2216 2802/2639/2276 2801/2638/2275
f 2802/2639/2276 2742/2579/2216 2743/2580/2217
f 2743/2580/2217 2803/2640/2277 2802/2639/2276
f 2803/2640/2277 2743/2580/2217 2744/2581/2218
f 2744/2581/2218 2804/2641/2278 2803/2640/2277
f 2804/2641/2278 2744/2581/2218 2745/2582/2219
f 2745/2582/2219 2805/2642/2279 2804/2641/2278
f 2805/2642/2279 2745/2582/2219 2746/2583/2220
f 2746/2583/2220 2806/2643/2280 2805/2642/2279
f 2806/2643/2280 2746/2583/2220 2747/2584/2221
f 2747/2584/2221 2807/2644/2281 2806/2643/2280
f 2807/2644/2281 2747/2584/2221 2748/2585/2222
f 2748/2585/2222 2808/2645/2282 2807/2644/2281
f 2808/2645/2282 2748/2585/2222 2749/2586/2223
f 2749/2586/2223 2809/2646/2283 2808/2645/2282
f 2809/2646/2283 2749/2586/2223 2750/2587/2224
f 2750/2587/2224 2810/2647/2284 2809/2646/2283
f 2810/2647/2284 2750/2587/2224 2751/2588/2225
f 2751/2588/2225 2811/2648/2285 2810/2647/2284
f 2811/2648/2285 2751/2588/2225 2752/2589/2226
f 2752/2589/2226 2812/2649/2286 2811/2648/2285
f 2812/2649/2286 2752/2589/2226 2753/2590/2227
f 2753/2590/2227 2813/2650/2287 2812/2649/2286
f 2813/2650/2287 2753/2590/2227 2754/2591/2228
f 2754/2591/2228 2814/2651/2288 2813/2650/2287
f 2814/2651/2288 2754/2591/2228 2755/2592/2229
f 2755/2592/2229 2815/2652/2289 2814/2651/2288
f 2815/2652/2289 2755/2592/2229 2756/2593/2230
f 2756/2593/2230 2816/2653/2290 2815/2652/2289
f 2816/2653/2290 2756/2593/2230 2757/2594/2231
f 2757/2594/2231 2817/2654/2291 2816/2653/2290
f 2817/2654/2291 2757/2594/2231 2758/2595/2232
f 2758/2595/2232 2818/2655/2292 2817/2654/2291
f 2818/2655/2292 2758/2595/2232 2759/2596/2233
f 2759/2596/2233 2819/2656/2293 2818/2655/2292
f 2819/2656/2293 2759/2596/2233 2760/2597/2234
f 2760/2597/2234 2820/2657/2294 2819/2656/2293
f 2820/2657/2294 2760/2597/2234 2761/2598/2235
f 2761/2598/2235 2821/2658/2295 2820/2657/2294
f 2821/2658/2295 2761/2598/2235 2762/2599/2236
f 2762/2599/2236 2822/2659/2296 2821/2658/2295
f 2822/2659/2296 2762/2599/2236 2763/2600/2237
f 2763/2600/2237 2823/2660/2297 2822/2659/2296
f 2823/2660/2297 2763/2600/2237 2764/2601/2238
f 2764/2601/2238 2824/2661/2298 2823/2660/2297
f 2824/2661/2298 2764/2601/2238 2765/2602/2239
f 2765/2602/2239 2825/2662/2299 2824/2661/2298
f 2825/2662/2299 2765/2602/2239 2766/2603/2240
f 2766/2603/2240 2826/2663/2300 2825/2662/2299
f 2826/2663/2300 2766/2603/2240 2767/2604/2241
f 2767/2604/2241 2827/2664/2301 2826/2663/2300
f 2827/2664/2301 2767/2604/2241 2768/2605/2242
f 2768/2605/2242 2828/2665/2302 2827/2664/2301
f 2828/2665/2302 2768/2605/2242 2769/2606/2243
f 2769/2606/2243 2829/2666/2303 2828/2665/2302
f 2829/2666/2303 2769/2606/2243 2770/2607/2244
f 2770/2607/2244 2830/2667/2304 2829/2666/2303
f 2830/2667/2304 2770/2607/2244 2771/2608/2245
f 2771/2608/2245 2831/2668/2305 2830/2667/2304
f 2831/2668/2305 2771/2608/2245 2772/2609/2246
f 2772/2609/2246 2832/2669/2306 2831/2668/2305
f 2832/2669/2306 2772/2609/2246 2773/2610/2247
f 2773/2610/2247 2833/2670/2307 2832/2669/2306
f 2833/2670/2307 2773/2610/2247 2774/2611/2248
f 2774/2611/2248 2834/2671/2308 2833/2670/2307
f 2834/2671/2308 2774/2611/2248 2775/2612/2249
f 2775/2612/2249 2835/2672/2309 2834/2671/2308
f 2835/2672/2309 2775/2612/2249 2776/2613/2250
f 2776/2613/2250 2836/2673/2310 2835/2672/2309
f 2836/2673/2310 2776/2613/2250 2777/2614/2251
f 2777/2614/2251 2837/2674/2311 2836/2673/2310
f 2837/2674/2311 2777/2614/2251 2778/2615/2252
f 2778/2615/2252 2838/2675/2312 2837/2674/2311
f 2838/2675/2312 2778/2615/2252 2779/2616/2253
f 2779/2616/2253 2839/2676/2313 2838/2675/2312
f 2839/2676/2313 2779/2616/2253 2780/2617/2254
f 2780/2617/2254 2840/2677/2314 2839/2676/2313
f 2840/2677/2314 2780/2617/2254 2781/2618/2255
f 2781/2618/2255 2841/2678/2315 2840/2677/2314
f 2841/2678/2315 2781/2618/2255 2782/2619/2256
f 2782/2619/2256 2842/2679/2316 2841/2678/2315
f 2842/2679/2316 2782/2619/2256 2783/2620/2257
f 2783/2620/2257 2843/2680/2317 2842/2679/2316
f 2843/2680/2317 2783/2620/2257 2784/2621/2258
f 2784/2621/2258 2844/2681/2318 2843/2680/2317
f 2844/2681/2318 2784/2621/2258 2726/2562/2199
f 2726/2562/2199 2786/2622/2259 2844/2681/2318
f 2786/2622/2259 2785/2623/2260 2845/2682/446
f 2785/2623/2260 2787/2624/2261 2845/2682/446
f 2787/2624/2261 2788/2625/2262 2845/2682/446
f 2788/2625/2262 2789/2626/2263 2845/2682/446
f 2789/2626/2263 2790/2627/2264 2845/2682/446
f 2790/2627/2264 2791/2628/2265 2845/2682/446
f 2791/2628/2265 2792/2629/2266 2845/2682/446
f 2792/2629/2266 2793/2630/2267 2845/2682/446
f 2793/2630/2267 2794/2631/2268 2845/2682/446
f 2794/2631/2268 2795/2632/2269 2845/2682/446
f 2795/2632/2269 2796/2633/2270 2845/2682/446
f 2796/2633/2270 2797/2634/2271 2845/2682/446
f 2797/2634/2271 2798/2635/2272 2845/2682/446
f 2798/2635/2272 2799/2636/2273 2845/2682/446
f 2799/2636/2273 2800/2637/2274 2845/2682/446
f 2800/2637/2274 2801/2638/2275 2845/2682/446
f 2801/2638/2275 2802/2639/2276 2845/2682/446
f 2802/2639/2276 2803/2640/2277 2845/2682/446
f 2803/2640/2277 2804/2641/2278 2845/2682/446
f 2804/2641/2278 2805/2642/2279 2845/2682/446
f 2805/2642/2279 2806/2643/2280 2845/2682/446
f 2806/2643/2280 2807/2644/2281 2845/2682/446
f 2807/2644/2281 2808/2645/2282 2845/2682/446
f 2808/2645/2282 2809/2646/2283 2845/2682/446
f 2809/2646/2283 2810/2647/2284 2845/2682/446
f 2810/2647/2284 2811/2648/2285 2845/2682/446
f 2811/2648/2285 2812/2649/2286 2845/2682/446
f 2812/2649/2286 2813/2650/2287 2845/2682/446
f 2813/2650/2287 2814/2651/2288 2845/2682/446
f 2814/2651/2288 2815/2652/2289 2845/2682/446
f 2815/2652/2289 2816/2653/2290 2845/2682/446
f 2816/2653/2290 2817/2654/2291 2845/2682/446
f 2817/2654/2291 2818/2655/2292 2845/2682/446
f 2818/2655/2292 2819/2656/2293 2845/2682/446
f 2819/2656/2293 2820/2657/2294 2845/2682/446
f 2820/2657/2294 2821/2658/2295 2845/2682/446
f 2821/2658/2295 2822/2659/2296 2845/2682/446
f 2822/2659/2296 2823/2660/2297 2845/2682/446
f 2823/2660/2297 2824/2661/2298 2845/2682/446
f 2824/2661/2298 2825/2662/2299 2845/2682/446
f 2825/2662/2299 2826/2663/2300 2845/2682/446
f 2826/2663/2300 2827/2664/2301 2845/2682/446
f 2827/2664/2301 2828/2665/2302 2845/2682/446
f 2828/2665/2302 2829/2666/2303 2845/2682/446
f 2829/2666/2303 2830/2667/2304 2845/2682/446
f 2830/2667/2304 2831/2668/2305 2845/2682/446
f 2831/2668/2305 2832/2669/2306 2845/2682/446
f 2832/2669/2306 2833/2670/2307 2845/2682/446
f 2833/2670/2307 2834/2671/2308 2845/2682/446
f 2834/2671/2308 2835/2672/2309 2845/2682/446
f 2835/2672/2309 2836/2673/2310 2845/2682/446
f 2836/2673/2310 2837/2674/2311 2845/2682/446
f 2837/2674/2311 2838/2675/2312 2845/2682/446
f 2838/2675/2312 2839/2676/2313 2845/2682/446
f 2839/2676/2313 2840/2677/2314 2845/2682/446
f 2840/2677/2314 2841/2678/2315 2845/2682/446
f 2841/2678/2315 2842/2679/2316 2845/2682/446
f 2842/2679/2316 2843/2680/2317 2845/2682/446
f 2843/2680/2317 2844/2681/2318 2845/2682/446
f 2844/2681/2318 2786/2622/2259 2845/2682/446
s 0
f 2849/2683/446 2846/2684/446 2847/2685/446
f 2847/2685/446 2848/2686/446 2849/2683/446
f 2848/2686/446 2847/2685/446 2850/2687/446
f 2850/2687/446 2851/2688/446 2848/2686/446
f 2851/2688/446 2850/2687/446 2852/2689/446
f 2852/2689/446 2853/2690/446 2851/2688/446
f 2853/2690/446 2852/2689/446 2854/2691/446
f 2854/2691/446 2855/2692/446 2853/2690/446
f 2855/2692/446 2854/2691/446 2856/2693/446
f 2856/2693/446 2857/2694/446 2855/2692/446
f 2857/2694/446 2856/2693/446 2858/2695/446
f 2858/2695/446 2859/2696/446 2857/2694/446
f 2859/2696/446 2858/2695/446 2860/2697/446
f 2860/2697/446 2861/2698/446 2859/2696/446
f 2861/2698/446 2860/2697/446 2862/2699/446
f 2862/2699/446 2863/2700/446 2861/2698/446
f 2863/2700/446 2862/2699/446 2864/2701/446
f 2864/2701/446 2865/2702/446 2863/2700/446
f 2865/2702/446 2864/2701/446 2866/2703/446
f 2866/2703/446 2867/2704/446 2865/2702/446
f 2867/2704/446 2866/2703/446 2868/2705/446
f 2868/2705/446 2869/2706/446 2867/2704/446
f 2869/2706/446 2868/2705/446 2870/2707/446
f 2870/2707/446 2871/2708/446 2869/2706/446
f 2871/2708/446 2870/2707/446 2872/2709/446
f 2872/2709/446 2873/2710/446 2871/2708/446
f 2873/2710/446 2872/2709/446 2874/2711/446
f 2874/2711/446 2875/2712/446 2873/2710/446
f 2875/2712/446 2874/2711/446 2876/2713/446
f 2876/2713/446 2877/2714/446 2875/2712/446
f 2877/2714/446 2876/2713/446 2878/2715/446
f 2878/2715/446 2879/2716/446 2877/2714/446
f 2879/2716/446 2878/2715/446 2880/2717/446
f 2880/2717/446 2881/2718/446 2879/2716/446
f 2881/2718/446 2880/2717/446 2882/2719/446
f 2882/2719/446 2883/2720/446 2881/2718/446
f 2883/2720/446 2882/2719/446 2884/2721/446
f 2884/2721/446 2885/2722/446 2883/2720/446
f 2885/2722/446 2884/2721/446 2886/2723/446
f 2886/2723/446 2887/2724/446 2885/2722/446
f 2887/2724/446 2886/2723/446 2888/2725/446
f 2888/2725/446 2889/2726/446 2887/2724/446
f 2889/2726/446 2888/2725/446 2890/2727/446
f 2890/2727/446 2891/2728/446 2889/2726/446
f 2891/2728/446 2890/2727/446 2892/2729/446
f 2892/2729/446 2893/2730/446 2891/2728/446
f 2893/2730/446 2892/2729/446 2894/2731/446
f 2894/2731/446 2895/2732/446 2893/2730/446
f 2895/2732/446 2894/2731/446 2896/2733/446
f 2896/2733/446 2897/2734/446 2895/2732/446
f 2897/2734/446 2896/2733/446 2898/2735/446
f 2898/2735/446 2899/2736/446 2897/2734/446
f 2899/2736/446 2898/2735/446 2900/2737/446
f 2900/2737/446 2901/2738/446 2899/2736/446
f 2901/2738/446 2900/2737/446 2902/2739/446
f 2902/2739/446 2903/2740/446 2901/2738/446
f 2903/2740/446 2902/2739/446 2904/2741/446
f 2904/2741/446 2905/2742/446 2903/2740/446
f 2905/2742/446 2904/2741/446 2906/2743/446
f 2906/2743/446 2907/2744/446 2905/2742/446
f 2907/2744/446 2906/2743/446 2908/2745/446
f 2908/2745/446 2909/2746/446 2907/2744/446
f 2909/2746/446 2908/2745/446 2910/2747/446
f 2910/2747/446 2911/2748/446 2909/2746/446
f 2911/2748/446 2910/2747/446 2912/2749/446
f 2912/2749/446 2913/2750/446 2911/2748/446
f 2913/2750/446 2912/2749/446 2914/2751/446
f 2914/2751/446 2915/2752/446 2913/2750/446
f 2915/2752/446 2914/2751/446 2916/2753/446
f 2916/2753/446 2917/2754/446 2915/2752/446
f 2917/2754/446 2916/2753/446 2918/2755/446
f 2918/2755/446 2919/2756/446 2917/2754/446
f 2919/2756/446 2918/2755/446 2920/2757/446
f 2920/2757/446 2921/2758/446 2919/2756/446
f 2921/2758/446 2920/2757/446 2922/2759/446
f 2922/2759/446 2923/2760/446 2921/2758/446
f 2923/2760/446 2922/2759/446 2924/2761/446
f 2924/2761/446 2925/2762/446 2923/2760/446
f 2925/2762/446 2924/2761/446 2926/2763/446
f 2926/2763/446 2927/2764/446 2925/2762/446
f 2927/2764/446 2926/2763/446 2928/2765/446
f 2928/2765/446 2929/2766/446 2927/2764/446
f 2929/2766/446 2928/2765/446 2930/2767/446
f 2930/2767/446 2931/2768/446 2929/2766/446
f 2931/2768/446 2930/2767/446 2932/2769/446
f 2932/2769/446 2933/2770/446 2931/2768/446
f 2933/2770/446 2932/2769/446 2934/2771/446
f 2934/2771/446 2935/2772/446 2933/2770/446
f 2935/2772/446 2934/2771/446 2936/2773/446
f 2936/2773/446 2937/2774/446 2935/2772/446
f 2937/2774/446 2936/2773/446 2938/2775/446
f 2938/2775/446 2939/2776/446 2937/2774/446
f 2939/2776/446 2938/2775/446 2940/2777/446
f 2940/2777/446 2941/2778/446 2939/2776/446
f 2941/2778/446 2940/2777/446 2942/2779/446
f 2942/2779/446 2943/2780/446 2941/2778/446
f 2943/2780/446 2942/2779/446 2944/2781/446
f 2944/2781/446 2945/2782/446 2943/2780/446
f 2945/2782/446 2944/2781/446 2946/2783/446
f 2946/2783/446 2947/2784/446 2945/2782/446
f 2947/2784/446 2946/2783/446 2948/2785/446
f 2948/2785/446 2949/2786/446 2947/2784/446
f 2949/2786/446 2948/2785/446 2950/2787/446
f 2950/2787/446 2951/2788/446 2949/2786/446
f 2951/2788/446 2950/2787/446 2952/2789/446
f 2952/2789/446 2953/2790/446 2951/2788/446
f 2953/2790/446 2952/2789/446 2954/2791/446
f 2954/2791/446 2955/2792/446 2953/2790/446
f 2955/2792/446 2954/2791/446 2956/2793/446
f 2956/2793/446 2957/2794/446 2955/2792/446
f 2957/2794/446 2956/2793/446 2958/2795/446
f 2958/2795/446 2959/2796/446 2957/2794/446
f 2959/2796/446 2958/2795/446 2960/2797/446
f 2960/2797/446 2961/2798/446 2959/2796/446
f 2961/2798/446 2960/2797/446 2962/2799/446
f 2962/2799/446 2963/2800/446 2961/2798/446
f 2963/2800/446 2962/2799/446 2964/2801/446
f 2964/2801/446 2965/2802/446 2963/2800/446
f 2965/2802/446 2964/2801/446 2846/2684/446
f 2846/2684/446 2849/2683/446 2965/2802/446
s 1
f 1270/1200/1036 1268/1198/1035 1857/1694/1389
f 1857/1694/1389 1855/1692/1387 1270/1200/1036
f 1272/1202/1037 1270/1200/1036 1855/1692/1387
f 1855/1692/1387 1853/1690/1385 1272/1202/1037
f 1274/1204/1038 1272/1202/1037 1853/1690/1385
f 1853/1690/1385 1851/1688/1383 1274/1204/1038
f 1276/1206/1039 1274/1204/1038 1851/1688/1383
f 1851/1688/1383 1849/1686/1381 1276/1206/1039
f 1278/1208/1040 1276/1206/1039 1849/1686/1381
f 1849/1686/1381 1847/1684/1379 1278/1208/1040
f 1280/1210/1042 1278/1208/1040 1847/1684/1379
f 1847/1684/1379 1845/1682/1377 1280/1210/1042
f 1287/1217/1045 1280/1210/1042 1845/1682/1377
f 1845/1682/1377 1843/1680/1375 1287/1217/1045
f 1288/1218/1046 1287/1217/1045 1843/1680/1375
f 1843/1680/1375 1841/1678/1373 1288/1218/1046
f 1290/1220/1047 1288/1218/1046 1841/1678/1373
f 1841/1678/1373 1839/1676/1371 1290/1220/1047
f 1292/1222/1048 1290/1220/1047 1839/1676/1371
f 1839/1676/1371 1837/1674/1369 1292/1222/1048
f 1294/1224/1049 1292/1222/1048 1837/1674/1369
f 1837/1674/1369 1835/1672/1367 1294/1224/1049
f 1296/1226/1050 1294/1224/1049 1835/1672/1367
f 1835/1672/1367 1833/1670/1365 1296/1226/1050
f 1298/1228/1051 1296/1226/1050 1833/1670/1365
f 1833/1670/1365 1829/1667/1362 1298/1228/1051
f 1300/1230/1052 1298/1228/1051 1829/1667/1362
f 1829/1667/1362 1832/1666/1361 1300/1230/1052
f 1498/1386/1164 1300/1230/1052 1832/1666/1361
f 1832/1666/1361 1887/1724/1419 1498/1386/1164
f 1500/1388/1165 1498/1386/1164 1887/1724/1419
f 1887/1724/1419 1885/1722/1417 1500/1388/1165
f 1502/1390/1166 1500/1388/1165 1885/1722/1417
f 1885/1722/1417 1883/1720/1415 1502/1390/1166
f 1504/1392/1168 1502/1390/1166 1883/1720/1415
f 1883/1720/1415 1881/1718/1413 1504/1392/1168
f 1506/1394/1170 1504/1392/1168 1881/1718/1413
f 1881/1718/1413 1879/1716/1411 1506/1394/1170
f 1508/1396/1171 1506/1394/1170 1879/1716/1411
f 1879/1716/1411 1877/1714/1409 1508/1396/1171
f 1510/1398/1173 1508/1396/1171 1877/1714/1409
f 1877/1714/1409 1875/1712/1407 1510/1398/1173
f 1517/1405/1176 1510/1398/1173 1875/1712/1407
f 1875/1712/1407 1873/1710/1405 1517/1405/1176
f 1518/1406/1177 1517/1405/1176 1873/1710/1405
f 1873/1710/1405 1871/1708/1403 1518/1406/1177
f 1520/1408/1178 1518/1406/1177 1871/1708/1403
f 1871/1708/1403 1869/1706/1401 1520/1408/1178
f 1522/1410/1179 1520/1408/1178 1869/1706/1401
f 1869/1706/1401 1867/1704/1399 1522/1410/1179
f 1524/1412/1180 1522/1410/1179 1867/1704/1399
f 1867/1704/1399 1865/1702/1397 1524/1412/1180
f 1526/1414/1181 1524/1412/1180 1865/1702/1397
f 1865/1702/1397 1863/1700/1395 1526/1414/1181
f 1528/1416/1182 1526/1414/1181 1863/1700/1395
f 1863/1700/1395 1859/1697/1392 1528/1416/1182
f 1530/1418/1183 1528/1416/1182 1859/1697/1392
f 1859/1697/1392 1862/1696/1391 1530/1418/1183
f 1721/1571/1295 1530/1418/1183 1862/1696/1391
f 1862/1696/1391 1915/1752/1447 1721/1571/1295
f 1723/1573/1296 1721/1571/1295 1915/1752/1447
f 1915/1752/1447 1913/1750/1445 1723/1573/1296
f 1725/1575/1297 1723/1573/1296 1913/1750/1445
f 1913/1750/1445 1911/1748/1443 1725/1575/1297
f 1727/1577/1298 1725/1575/1297 1911/1748/1443
f 1911/1748/1443 1909/1746/1441 1727/1577/1298
f 1729/1579/1299 1727/1577/1298 1909/1746/1441
f 1909/1746/1441 1907/1744/1439 1729/1579/1299
f 1731/1581/1300 1729/1579/1299 1907/1744/1439
f 1907/1744/1439 1905/1742/1437 1731/1581/1300
f 1733/1583/1302 1731/1581/1300 1905/1742/1437
f 1905/1742/1437 1903/1740/1435 1733/1583/1302
f 1740/1590/1306 1733/1583/1302 1903/1740/1435
f 1903/1740/1435 1901/1738/1433 1740/1590/1306
f 1741/1591/1307 1740/1590/1306 1901/1738/1433
f 1901/1738/1433 1899/1736/1431 1741/1591/1307
f 1743/1593/1308 1741/1591/1307 1899/1736/1431
f 1899/1736/1431 1897/1734/1429 1743/1593/1308
f 1745/1595/1309 1743/1593/1308 1897/1734/1429
f 1897/1734/1429 1895/1732/1427 1745/1595/1309
f 1747/1597/1310 1745/1595/1309 1895/1732/1427
f 1895/1732/1427 1893/1730/1425 1747/1597/1310
f 1749/1599/1311 1747/1597/1310 1893/1730/1425
f 1893/1730/1425 1891/1728/1423 1749/1599/1311
f 1751/1601/1312 1749/1599/1311 1891/1728/1423
f 1891/1728/1423 1889/1726/1421 1751/1601/1312
f 1037/1006/895 1751/1601/1312 1889/1726/1421
f 1889/1726/1421 1827/1664/1359 1037/1006/895
f 1038/1007/896 1037/1006/895 1827/1664/1359
f 1827/1664/1359 1825/1662/1357 1038/1007/896
f 1040/1009/897 1038/1007/896 1825/1662/1357
f 1825/1662/1357 1823/1660/1355 1040/1009/897
f 1042/1011/898 1040/1009/897 1823/1660/1355
f 1823/1660/1355 1821/1658/1353 1042/1011/898
f 1044/1013/900 1042/1011/898 1821/1658/1353
f 1821/1658/1353 1819/1656/1351 1044/1013/900
f 1046/1015/901 1044/1013/900 1819/1656/1351
f 1819/1656/1351 1817/1654/1349 1046/1015/901
f 1048/1017/902 1046/1015/901 1817/1654/1349
f 1817/1654/1349 1815/1652/1347 1048/1017/902
f 1050/1019/904 1048/1017/902 1815/1652/1347
f 1815/1652/1347 1813/1650/1345 1050/1019/904
f 1057/1026/908 1050/1019/904 1813/1650/1345
f 1813/1650/1345 1811/1648/1343 1057/1026/908
f 1058/1027/909 1057/1026/908 1811/1648/1343
f 1811/1648/1343 1809/1646/1341 1058/1027/909
f 1060/1029/910 1058/1027/909 1809/1646/1341
f 1809/1646/1341 1807/1644/1339 1060/1029/910
f 1062/1031/911 1060/1029/910 1807/1644/1339
f 1807/1644/1339 1805/1642/1337 1062/1031/911
f 1064/1033/912 1062/1031/911 1805/1642/1337
f 1805/1642/1337 1803/1640/1335 1064/1033/912
f 1066/1035/913 1064/1033/912 1803/1640/1335
f 1803/1640/1335 1799/1637/1332 1066/1035/913
f 1068/1037/914 1066/1035/913 1799/1637/1332
f 1799/1637/1332 1802/1636/1329 1068/1037/914
f 1072/1041/915 1071/1040/914 1795/1633/1329
f 1795/1633/1329 1798/1632/1328 1072/1041/915
f 1268/1198/1035 1072/1041/915 1798/1632/1328
f 1798/1632/1328 1857/1694/1389 1268/1198/1035
