# Blender 5.1.2
# www.blender.org
mtllib missile_right.mtl
o defaultMaterial.008
v 0.162715 0.000288 0.003340
v 0.162715 -0.000050 0.003322
v 0.160871 -0.000457 0.007190
v 0.160871 0.000288 0.007229
v 0.155322 -0.000838 0.010809
v 0.155322 0.000288 0.010868
v 0.155322 0.000288 0.010868
v 0.155322 -0.000838 0.010809
v 0.146444 -0.001148 0.013759
v 0.146444 0.000288 0.013835
v 0.135138 -0.001349 0.015674
v 0.135138 0.000288 0.015760
v 0.162715 -0.000387 0.003269
v 0.160871 -0.001194 0.007073
v 0.155322 -0.001952 0.010633
v 0.155322 -0.001952 0.010633
v 0.146444 -0.002568 0.013534
v 0.135138 -0.002968 0.015417
v 0.162715 -0.000714 0.003181
v 0.160871 -0.001917 0.006880
v 0.155322 -0.003040 0.010341
v 0.155322 -0.003040 0.010341
v 0.146445 -0.003958 0.013162
v 0.135138 -0.004552 0.014992
v 0.162715 -0.001032 0.003059
v 0.160871 -0.002613 0.006612
v 0.155322 -0.004093 0.009937
v 0.155322 -0.004093 0.009937
v 0.146444 -0.005300 0.012646
v 0.135138 -0.006083 0.014405
v 0.162715 -0.001334 0.002906
v 0.160871 -0.003279 0.006273
v 0.155322 -0.005099 0.009424
v 0.155322 -0.005099 0.009424
v 0.146444 -0.006582 0.011993
v 0.135138 -0.007544 0.013661
v 0.162715 -0.001619 0.002720
v 0.160871 -0.003905 0.005866
v 0.155322 -0.006044 0.008810
v 0.155322 -0.006044 0.008810
v 0.146444 -0.007788 0.011210
v 0.135138 -0.008919 0.012767
v 0.162715 -0.001884 0.002506
v 0.160871 -0.004487 0.005396
v 0.155322 -0.006920 0.008101
v 0.155322 -0.006920 0.008101
v 0.146444 -0.008906 0.010305
v 0.135138 -0.010193 0.011736
v 0.162715 -0.002124 0.002266
v 0.160871 -0.005014 0.004868
v 0.155322 -0.007718 0.007303
v 0.155322 -0.007718 0.007303
v 0.146444 -0.009923 0.009288
v 0.135138 -0.011353 0.010576
v 0.162715 -0.002338 0.002002
v 0.160871 -0.005484 0.004288
v 0.155322 -0.008428 0.006426
v 0.155322 -0.008428 0.006426
v 0.146444 -0.010828 0.008171
v 0.135138 -0.012384 0.009302
v 0.162715 -0.002523 0.001716
v 0.160871 -0.005890 0.003661
v 0.155322 -0.009042 0.005481
v 0.155322 -0.009042 0.005481
v 0.146445 -0.011612 0.006964
v 0.135138 -0.013278 0.007926
v 0.162715 -0.002677 0.001414
v 0.160871 -0.006230 0.002996
v 0.155322 -0.009554 0.004475
v 0.155322 -0.009042 0.005481
v 0.155322 -0.009554 0.004475
v 0.146445 -0.012264 0.005682
v 0.146445 -0.011612 0.006964
v 0.135138 -0.014022 0.006466
v 0.135138 -0.013278 0.007926
v 0.162715 -0.002799 0.001096
v 0.160871 -0.006498 0.002298
v 0.155322 -0.009958 0.003423
v 0.155322 -0.009958 0.003423
v 0.146445 -0.012779 0.004339
v 0.135138 -0.014611 0.004934
v 0.162715 -0.002887 0.000769
v 0.160871 -0.006692 0.001578
v 0.155322 -0.010251 0.002334
v 0.155322 -0.010251 0.002334
v 0.146444 -0.013152 0.002951
v 0.135138 -0.015034 0.003351
v 0.162715 -0.002940 0.000432
v 0.160871 -0.006808 0.000840
v 0.155322 -0.010427 0.001220
v 0.155322 -0.010427 0.001220
v 0.146444 -0.013377 0.001529
v 0.135138 -0.015291 0.001730
v 0.162715 -0.002958 0.000095
v 0.160871 -0.006847 0.000094
v 0.155322 -0.010486 0.000094
v 0.155322 -0.010486 0.000094
v 0.146444 -0.013452 0.000094
v 0.135138 -0.015377 0.000093
v 0.162715 0.000288 0.000093
v 0.162715 0.003536 0.000092
v 0.162715 0.003517 0.000433
v 0.160871 0.007385 0.000839
v 0.160871 0.007425 0.000093
v 0.155322 0.011005 0.001220
v 0.155322 0.011064 0.000093
v 0.155322 0.011064 0.000093
v 0.155322 0.011005 0.001220
v 0.146444 0.013954 0.001531
v 0.146444 0.014030 0.000093
v 0.135138 0.015869 0.001731
v 0.135138 0.015954 0.000094
v 0.162715 0.003465 0.000768
v 0.160871 0.007269 0.001577
v 0.155322 0.010828 0.002334
v 0.155322 0.010828 0.002334
v 0.146444 0.013729 0.002951
v 0.135138 0.015613 0.003351
v 0.162715 0.003376 0.001097
v 0.160871 0.007075 0.002299
v 0.155322 0.010536 0.003423
v 0.155322 0.010536 0.003423
v 0.146444 0.013358 0.004340
v 0.135138 0.015188 0.004934
v 0.162715 0.003255 0.001413
v 0.160871 0.006807 0.002996
v 0.155322 0.010132 0.004476
v 0.155322 0.010132 0.004476
v 0.146445 0.012841 0.005683
v 0.135138 0.014600 0.006466
v 0.162715 0.003100 0.001717
v 0.160871 0.006469 0.003661
v 0.155322 0.009620 0.005480
v 0.155322 0.009620 0.005480
v 0.146444 0.012189 0.006964
v 0.135138 0.013856 0.007926
v 0.162715 0.002915 0.002002
v 0.160871 0.006062 0.004287
v 0.155322 0.009006 0.006426
v 0.155322 0.009620 0.005480
v 0.155322 0.009006 0.006426
v 0.146444 0.011405 0.008171
v 0.146444 0.012189 0.006964
v 0.135138 0.012963 0.009302
v 0.135138 0.013856 0.007926
v 0.162715 0.002702 0.002266
v 0.160871 0.005591 0.004869
v 0.155322 0.008296 0.007303
v 0.155322 0.008296 0.007303
v 0.146444 0.010501 0.009288
v 0.135138 0.011931 0.010576
v 0.162715 0.002461 0.002506
v 0.160871 0.005064 0.005396
v 0.155322 0.007499 0.008101
v 0.155322 0.007499 0.008101
v 0.146444 0.009484 0.010305
v 0.135138 0.010771 0.011736
v 0.162715 0.002197 0.002720
v 0.160871 0.004484 0.005866
v 0.155322 0.006622 0.008810
v 0.155322 0.006622 0.008810
v 0.146444 0.008366 0.011210
v 0.135138 0.009497 0.012767
v 0.162715 0.001912 0.002905
v 0.160871 0.003857 0.006273
v 0.155322 0.005676 0.009424
v 0.155322 0.005676 0.009424
v 0.146444 0.007160 0.011993
v 0.135138 0.008122 0.013661
v 0.162715 0.001610 0.003059
v 0.160871 0.003191 0.006612
v 0.155322 0.004671 0.009937
v 0.155322 0.005676 0.009424
v 0.155322 0.004671 0.009937
v 0.146444 0.005877 0.012646
v 0.146444 0.007160 0.011993
v 0.146444 0.005877 0.012646
v 0.135138 0.006661 0.014405
v 0.162715 0.001292 0.003181
v 0.160871 0.002494 0.006880
v 0.155322 0.003619 0.010341
v 0.155322 0.004671 0.009937
v 0.155322 0.003619 0.010341
v 0.146444 0.004535 0.013162
v 0.135138 0.005130 0.014992
v 0.162715 0.000965 0.003269
v 0.160871 0.001772 0.007073
v 0.155322 0.002529 0.010633
v 0.155322 0.002529 0.010633
v 0.146444 0.003146 0.013534
v 0.135138 0.003546 0.015417
v 0.162715 0.000628 0.003322
v 0.160871 0.001035 0.007190
v 0.155322 0.001415 0.010809
v 0.155322 0.001415 0.010809
v 0.146444 0.001725 0.013759
v 0.135138 0.001926 0.015674
v 0.162715 0.000290 -0.003153
v 0.162715 0.000628 -0.003135
v 0.160871 0.001035 -0.007003
v 0.160871 0.000288 -0.007042
v 0.155322 0.001415 -0.010622
v 0.155322 0.000288 -0.010681
v 0.155322 0.000288 -0.010681
v 0.155322 0.001415 -0.010622
v 0.146444 0.001726 -0.013572
v 0.146444 0.000288 -0.013648
v 0.135138 0.001926 -0.015487
v 0.135138 0.000288 -0.015572
v 0.162715 0.000965 -0.003082
v 0.160871 0.001772 -0.006886
v 0.155322 0.002529 -0.010445
v 0.155322 0.002529 -0.010445
v 0.146444 0.003146 -0.013347
v 0.135138 0.003546 -0.015230
v 0.162715 0.001292 -0.002994
v 0.160871 0.002494 -0.006693
v 0.155322 0.003619 -0.010153
v 0.155322 0.003619 -0.010153
v 0.146444 0.004535 -0.012975
v 0.135138 0.005130 -0.014805
v 0.162715 0.001610 -0.002873
v 0.160871 0.003191 -0.006425
v 0.155322 0.004671 -0.009750
v 0.155322 0.004671 -0.009750
v 0.146445 0.005877 -0.012459
v 0.135138 0.006661 -0.014218
v 0.162715 0.001912 -0.002718
v 0.160871 0.003857 -0.006086
v 0.155322 0.005676 -0.009237
v 0.155322 0.005676 -0.009237
v 0.146444 0.007160 -0.011807
v 0.135138 0.008122 -0.013474
v 0.162715 0.002197 -0.002533
v 0.160871 0.004484 -0.005680
v 0.155322 0.006622 -0.008623
v 0.155322 0.006622 -0.008623
v 0.146444 0.008365 -0.011024
v 0.135138 0.009497 -0.012580
v 0.162715 0.002461 -0.002319
v 0.160871 0.005064 -0.005210
v 0.155322 0.007499 -0.007913
v 0.155322 0.007499 -0.007913
v 0.146445 0.009484 -0.010118
v 0.135138 0.010771 -0.011549
v 0.162715 0.002701 -0.002079
v 0.160871 0.005592 -0.004681
v 0.155322 0.008296 -0.007116
v 0.155322 0.008296 -0.007116
v 0.146444 0.010500 -0.009102
v 0.135138 0.011931 -0.010389
v 0.162715 0.002916 -0.001814
v 0.160871 0.006061 -0.004101
v 0.155322 0.009006 -0.006239
v 0.155322 0.009006 -0.006239
v 0.146444 0.011405 -0.007983
v 0.135138 0.012963 -0.009115
v 0.162715 0.003101 -0.001530
v 0.160871 0.006469 -0.003474
v 0.155322 0.009620 -0.005293
v 0.155322 0.009620 -0.005293
v 0.146445 0.012189 -0.006777
v 0.135138 0.013856 -0.007739
v 0.162715 0.003255 -0.001228
v 0.160871 0.006807 -0.002809
v 0.155322 0.010132 -0.004288
v 0.155322 0.009620 -0.005293
v 0.155322 0.010132 -0.004288
v 0.146444 0.012841 -0.005496
v 0.146445 0.012189 -0.006777
v 0.135138 0.014600 -0.006278
v 0.135138 0.013856 -0.007739
v 0.162715 0.003377 -0.000910
v 0.160871 0.007076 -0.002111
v 0.155322 0.010536 -0.003236
v 0.155322 0.010536 -0.003236
v 0.146445 0.013358 -0.004152
v 0.135138 0.015188 -0.004747
v 0.162715 0.003465 -0.000583
v 0.160871 0.007269 -0.001390
v 0.155322 0.010829 -0.002146
v 0.155322 0.010829 -0.002146
v 0.146444 0.013730 -0.002764
v 0.135138 0.015613 -0.003164
v 0.162715 0.003517 -0.000245
v 0.160871 0.007385 -0.000653
v 0.155322 0.011004 -0.001033
v 0.155322 0.011004 -0.001033
v 0.146444 0.013955 -0.001343
v 0.135138 0.015869 -0.001543
v 0.162715 -0.002940 -0.000246
v 0.160871 -0.006808 -0.000652
v 0.155322 -0.010427 -0.001033
v 0.155322 -0.010427 -0.001033
v 0.146444 -0.013377 -0.001343
v 0.135138 -0.015291 -0.001544
v 0.162715 -0.002887 -0.000581
v 0.160871 -0.006691 -0.001390
v 0.155322 -0.010251 -0.002146
v 0.155322 -0.010251 -0.002146
v 0.146445 -0.013152 -0.002764
v 0.135138 -0.015034 -0.003164
v 0.162715 -0.002799 -0.000910
v 0.160871 -0.006498 -0.002112
v 0.155321 -0.009959 -0.003235
v 0.155321 -0.009959 -0.003235
v 0.146444 -0.012779 -0.004153
v 0.135138 -0.014609 -0.004747
v 0.162715 -0.002678 -0.001227
v 0.160871 -0.006230 -0.002809
v 0.155322 -0.009554 -0.004288
v 0.155322 -0.009554 -0.004288
v 0.146444 -0.012264 -0.005496
v 0.135138 -0.014023 -0.006278
v 0.162715 -0.002523 -0.001530
v 0.160871 -0.005890 -0.003474
v 0.155322 -0.009042 -0.005293
v 0.155322 -0.009042 -0.005293
v 0.146444 -0.011612 -0.006777
v 0.135138 -0.013278 -0.007740
v 0.162715 -0.002338 -0.001815
v 0.160871 -0.005484 -0.004100
v 0.155322 -0.008428 -0.006239
v 0.155322 -0.009042 -0.005293
v 0.155322 -0.008428 -0.006239
v 0.146444 -0.010828 -0.007984
v 0.146444 -0.011612 -0.006777
v 0.135138 -0.012384 -0.009115
v 0.135138 -0.013278 -0.007740
v 0.162715 -0.002124 -0.002079
v 0.160871 -0.005014 -0.004682
v 0.155322 -0.007718 -0.007116
v 0.155322 -0.007718 -0.007116
v 0.146443 -0.009923 -0.009100
v 0.135138 -0.011353 -0.010389
v 0.162715 -0.001883 -0.002319
v 0.160871 -0.004485 -0.005209
v 0.155322 -0.006920 -0.007914
v 0.155322 -0.006920 -0.007914
v 0.146445 -0.008906 -0.010118
v 0.135138 -0.010193 -0.011549
v 0.162715 -0.001619 -0.002533
v 0.160871 -0.003905 -0.005680
v 0.155322 -0.006044 -0.008623
v 0.155322 -0.006044 -0.008623
v 0.146445 -0.007788 -0.011024
v 0.135138 -0.008919 -0.012581
v 0.162715 -0.001334 -0.002718
v 0.160871 -0.003279 -0.006086
v 0.155322 -0.005098 -0.009237
v 0.155322 -0.005098 -0.009237
v 0.146444 -0.006582 -0.011807
v 0.135138 -0.007544 -0.013473
v 0.162715 -0.001032 -0.002872
v 0.160871 -0.002613 -0.006425
v 0.155322 -0.004093 -0.009750
v 0.155322 -0.004093 -0.009750
v 0.146444 -0.005300 -0.012459
v 0.135138 -0.006083 -0.014218
v 0.162715 -0.000714 -0.002995
v 0.160871 -0.001917 -0.006693
v 0.155322 -0.003040 -0.010154
v 0.155322 -0.003040 -0.010154
v 0.146444 -0.003957 -0.012975
v 0.135138 -0.004552 -0.014805
v 0.162715 -0.000387 -0.003082
v 0.160871 -0.001195 -0.006886
v 0.155322 -0.001952 -0.010445
v 0.155322 -0.001952 -0.010445
v 0.146444 -0.002568 -0.013347
v 0.135138 -0.002968 -0.015230
v 0.162715 -0.000050 -0.003135
v 0.160871 -0.000457 -0.007003
v 0.155322 -0.000838 -0.010622
v 0.155322 -0.000838 -0.010622
v 0.146444 -0.001148 -0.013572
v 0.135138 -0.001349 -0.015487
v 0.163409 0.000288 0.003497
v 0.161414 0.000288 0.007704
v 0.161414 -0.000507 0.007662
v 0.163409 -0.000067 0.003478
v 0.155627 0.000288 0.011499
v 0.155627 -0.000903 0.011436
v 0.155627 0.000288 0.011499
v 0.146613 0.000288 0.014511
v 0.146613 -0.001218 0.014432
v 0.155627 -0.000903 0.011436
v 0.135255 0.000288 0.016444
v 0.135255 -0.001420 0.016355
v 0.161414 -0.001293 0.007537
v 0.163409 -0.000419 0.003423
v 0.155627 -0.002083 0.011250
v 0.146613 -0.002709 0.014195
v 0.155627 -0.002083 0.011250
v 0.135255 -0.003110 0.016087
v 0.161414 -0.002063 0.007331
v 0.163409 -0.000763 0.003330
v 0.155627 -0.003235 0.010941
v 0.146613 -0.004167 0.013805
v 0.155627 -0.003235 0.010941
v 0.135255 -0.004764 0.015644
v 0.161414 -0.002807 0.007046
v 0.163409 -0.001095 0.003202
v 0.155627 -0.004350 0.010513
v 0.146613 -0.005575 0.013264
v 0.155627 -0.004350 0.010513
v 0.135255 -0.006362 0.015031
v 0.161414 -0.003517 0.006684
v 0.163409 -0.001413 0.003041
v 0.155627 -0.005414 0.009971
v 0.146613 -0.006919 0.012579
v 0.155627 -0.005414 0.009971
v 0.135255 -0.007887 0.014254
v 0.161414 -0.004184 0.006251
v 0.163409 -0.001712 0.002847
v 0.155627 -0.006415 0.009320
v 0.146613 -0.008186 0.011757
v 0.155627 -0.006415 0.009320
v 0.135255 -0.009322 0.013322
v 0.161414 -0.004803 0.005749
v 0.163409 -0.001988 0.002623
v 0.155627 -0.007343 0.008569
v 0.146613 -0.009358 0.010807
v 0.155627 -0.007343 0.008569
v 0.135255 -0.010652 0.012244
v 0.161414 -0.005367 0.005185
v 0.163409 -0.002240 0.002371
v 0.155627 -0.008187 0.007725
v 0.146613 -0.010426 0.009740
v 0.155627 -0.008187 0.007725
v 0.135255 -0.011862 0.011034
v 0.161414 -0.005868 0.004567
v 0.163409 -0.002464 0.002094
v 0.155627 -0.008938 0.006797
v 0.146613 -0.011374 0.008568
v 0.155627 -0.008938 0.006797
v 0.135255 -0.012939 0.009705
v 0.161414 -0.006302 0.003899
v 0.163409 -0.002659 0.001795
v 0.155627 -0.009588 0.005796
v 0.146613 -0.012197 0.007302
v 0.155627 -0.009588 0.005796
v 0.135255 -0.013872 0.008269
v 0.161414 -0.006663 0.003189
v 0.163409 -0.002820 0.001478
v 0.155627 -0.010131 0.004732
v 0.155627 -0.009588 0.005796
v 0.146613 -0.012197 0.007302
v 0.146613 -0.012882 0.005958
v 0.155627 -0.010131 0.004732
v 0.135255 -0.013872 0.008269
v 0.135255 -0.014648 0.006744
v 0.161414 -0.006949 0.002445
v 0.163409 -0.002948 0.001145
v 0.155627 -0.010558 0.003618
v 0.146613 -0.013423 0.004549
v 0.155627 -0.010558 0.003618
v 0.135255 -0.015262 0.005146
v 0.161414 -0.007156 0.001676
v 0.163409 -0.003040 0.000801
v 0.155627 -0.010867 0.002465
v 0.146613 -0.013813 0.003091
v 0.155627 -0.010867 0.002465
v 0.135255 -0.015705 0.003493
v 0.161414 -0.007279 0.000889
v 0.163409 -0.003095 0.000449
v 0.155627 -0.011054 0.001286
v 0.146613 -0.014049 0.001601
v 0.155627 -0.011054 0.001286
v 0.135255 -0.015972 0.001803
v 0.161414 -0.007322 0.000093
v 0.163409 -0.003114 0.000093
v 0.155627 -0.011117 0.000093
v 0.146613 -0.014128 0.000093
v 0.155627 -0.011117 0.000093
v 0.135255 -0.016062 0.000093
v 0.163409 0.000288 0.000093
v 0.163409 0.003692 0.000093
v 0.161414 0.007899 0.000093
v 0.161414 0.007857 0.000889
v 0.163409 0.003674 0.000449
v 0.155627 0.011694 0.000093
v 0.155627 0.011631 0.001286
v 0.155627 0.011694 0.000093
v 0.146613 0.014706 0.000093
v 0.146613 0.014628 0.001601
v 0.155627 0.011631 0.001286
v 0.135255 0.016640 0.000093
v 0.135255 0.016550 0.001803
v 0.161414 0.007732 0.001676
v 0.163409 0.003617 0.000801
v 0.155627 0.011445 0.002465
v 0.146613 0.014391 0.003091
v 0.155627 0.011445 0.002465
v 0.135255 0.016283 0.003493
v 0.161414 0.007526 0.002445
v 0.163409 0.003526 0.001145
v 0.155627 0.011136 0.003618
v 0.146613 0.014000 0.004549
v 0.155627 0.011136 0.003618
v 0.135255 0.015839 0.005146
v 0.161414 0.007241 0.003189
v 0.163409 0.003397 0.001478
v 0.155627 0.010709 0.004732
v 0.146613 0.013460 0.005958
v 0.155627 0.010709 0.004732
v 0.135255 0.015226 0.006744
v 0.161414 0.006880 0.003899
v 0.163409 0.003236 0.001795
v 0.155627 0.010166 0.005796
v 0.146613 0.012775 0.007302
v 0.155627 0.010166 0.005796
v 0.135255 0.014449 0.008269
v 0.161414 0.006446 0.004567
v 0.163409 0.003042 0.002094
v 0.155627 0.009516 0.006797
v 0.155627 0.010166 0.005796
v 0.146613 0.012775 0.007302
v 0.146613 0.011953 0.008568
v 0.155627 0.009516 0.006797
v 0.135255 0.014449 0.008269
v 0.135255 0.013518 0.009705
v 0.161414 0.005945 0.005186
v 0.163409 0.002819 0.002371
v 0.155627 0.008765 0.007725
v 0.146613 0.011003 0.009741
v 0.155627 0.008765 0.007725
v 0.135255 0.012440 0.011034
v 0.161414 0.005381 0.005749
v 0.163409 0.002566 0.002623
v 0.155627 0.007920 0.008569
v 0.146613 0.009936 0.010807
v 0.155627 0.007920 0.008569
v 0.135255 0.011230 0.012244
v 0.161414 0.004762 0.006251
v 0.163409 0.002290 0.002847
v 0.155627 0.006992 0.009321
v 0.146613 0.008762 0.011757
v 0.155627 0.006992 0.009321
v 0.135255 0.009900 0.013322
v 0.161414 0.004094 0.006684
v 0.163409 0.001991 0.003041
v 0.155627 0.005991 0.009971
v 0.146613 0.007497 0.012579
v 0.155627 0.005991 0.009971
v 0.135255 0.008464 0.014254
v 0.161414 0.003384 0.007046
v 0.163409 0.001674 0.003202
v 0.155627 0.004927 0.010513
v 0.146613 0.006152 0.013265
v 0.155627 0.004927 0.010513
v 0.135255 0.006940 0.015031
v 0.161414 0.002641 0.007331
v 0.163409 0.001341 0.003330
v 0.155627 0.003814 0.010941
v 0.146613 0.004744 0.013805
v 0.155627 0.003814 0.010941
v 0.135255 0.005341 0.015644
v 0.161414 0.001871 0.007537
v 0.163409 0.000996 0.003423
v 0.155627 0.002660 0.011250
v 0.146613 0.003286 0.014195
v 0.155627 0.002660 0.011250
v 0.135255 0.003689 0.016087
v 0.161414 0.001085 0.007662
v 0.163409 0.000645 0.003478
v 0.155627 0.001481 0.011436
v 0.146613 0.001796 0.014432
v 0.155627 0.001481 0.011436
v 0.135255 0.001999 0.016355
v 0.163409 0.000288 -0.003310
v 0.161414 0.000288 -0.007517
v 0.161414 0.001085 -0.007475
v 0.163409 0.000645 -0.003291
v 0.155627 0.000288 -0.011312
v 0.155627 0.001481 -0.011249
v 0.155627 0.000288 -0.011312
v 0.146613 0.000288 -0.014323
v 0.146613 0.001796 -0.014245
v 0.155627 0.001481 -0.011249
v 0.135255 0.000288 -0.016258
v 0.135255 0.001999 -0.016168
v 0.161414 0.001871 -0.007350
v 0.163409 0.000996 -0.003236
v 0.155627 0.002660 -0.011063
v 0.146613 0.003286 -0.014008
v 0.155627 0.002660 -0.011063
v 0.135255 0.003689 -0.015900
v 0.161414 0.002641 -0.007144
v 0.163409 0.001341 -0.003143
v 0.155627 0.003814 -0.010754
v 0.146613 0.004744 -0.013618
v 0.155627 0.003814 -0.010754
v 0.135255 0.005341 -0.015457
v 0.161414 0.003385 -0.006859
v 0.163409 0.001674 -0.003015
v 0.155627 0.004927 -0.010326
v 0.146613 0.006152 -0.013077
v 0.155627 0.004927 -0.010326
v 0.135255 0.006940 -0.014843
v 0.161414 0.004094 -0.006497
v 0.163409 0.001991 -0.002854
v 0.155627 0.005991 -0.009784
v 0.146613 0.007497 -0.012392
v 0.155627 0.005991 -0.009784
v 0.135255 0.008464 -0.014067
v 0.161414 0.004762 -0.006063
v 0.163409 0.002290 -0.002660
v 0.155627 0.006992 -0.009134
v 0.146613 0.008762 -0.011570
v 0.155627 0.006992 -0.009134
v 0.135255 0.009900 -0.013135
v 0.161414 0.005381 -0.005562
v 0.163409 0.002566 -0.002436
v 0.155627 0.007920 -0.008382
v 0.146613 0.009936 -0.010620
v 0.155627 0.007920 -0.008382
v 0.135255 0.011230 -0.012058
v 0.161414 0.005945 -0.004999
v 0.163409 0.002819 -0.002184
v 0.155627 0.008765 -0.007538
v 0.146613 0.011003 -0.009553
v 0.155627 0.008765 -0.007538
v 0.135255 0.012440 -0.010847
v 0.161414 0.006446 -0.004380
v 0.163409 0.003042 -0.001907
v 0.155627 0.009516 -0.006610
v 0.146613 0.011953 -0.008381
v 0.155627 0.009516 -0.006610
v 0.135255 0.013518 -0.009517
v 0.161414 0.006880 -0.003712
v 0.163409 0.003236 -0.001608
v 0.155627 0.010166 -0.005609
v 0.146613 0.012775 -0.007115
v 0.155627 0.010166 -0.005609
v 0.135255 0.014449 -0.008082
v 0.161414 0.007241 -0.003002
v 0.163409 0.003397 -0.001290
v 0.155627 0.010709 -0.004545
v 0.155627 0.010166 -0.005609
v 0.146613 0.012775 -0.007115
v 0.146613 0.013460 -0.005770
v 0.155627 0.010709 -0.004545
v 0.135255 0.014449 -0.008082
v 0.135255 0.015226 -0.006557
v 0.161414 0.007526 -0.002258
v 0.163409 0.003526 -0.000958
v 0.155627 0.011136 -0.003431
v 0.146613 0.014000 -0.004362
v 0.155627 0.011136 -0.003431
v 0.135255 0.015839 -0.004959
v 0.161414 0.007732 -0.001489
v 0.163409 0.003617 -0.000614
v 0.155627 0.011445 -0.002278
v 0.146613 0.014391 -0.002904
v 0.155627 0.011445 -0.002278
v 0.135255 0.016283 -0.003306
v 0.161414 0.007857 -0.000702
v 0.163409 0.003674 -0.000262
v 0.155627 0.011631 -0.001099
v 0.146613 0.014628 -0.001414
v 0.155627 0.011631 -0.001099
v 0.135255 0.016550 -0.001616
v 0.161414 -0.007279 -0.000702
v 0.163409 -0.003095 -0.000262
v 0.155627 -0.011054 -0.001099
v 0.146613 -0.014049 -0.001414
v 0.155627 -0.011054 -0.001099
v 0.135255 -0.015972 -0.001616
v 0.161414 -0.007156 -0.001489
v 0.163409 -0.003040 -0.000614
v 0.155627 -0.010867 -0.002277
v 0.146613 -0.013813 -0.002904
v 0.155627 -0.010867 -0.002277
v 0.135255 -0.015705 -0.003306
v 0.161414 -0.006949 -0.002258
v 0.163409 -0.002948 -0.000958
v 0.155627 -0.010558 -0.003431
v 0.146613 -0.013423 -0.004362
v 0.155627 -0.010558 -0.003431
v 0.135255 -0.015262 -0.004959
v 0.161414 -0.006663 -0.003002
v 0.163409 -0.002820 -0.001290
v 0.155627 -0.010131 -0.004545
v 0.146613 -0.012882 -0.005771
v 0.155627 -0.010131 -0.004545
v 0.135255 -0.014648 -0.006557
v 0.161414 -0.006302 -0.003712
v 0.163409 -0.002659 -0.001608
v 0.155627 -0.009588 -0.005609
v 0.146613 -0.012197 -0.007115
v 0.155627 -0.009588 -0.005609
v 0.135255 -0.013872 -0.008082
v 0.161414 -0.005868 -0.004380
v 0.163409 -0.002464 -0.001907
v 0.155627 -0.008938 -0.006610
v 0.155627 -0.009588 -0.005609
v 0.146613 -0.012197 -0.007115
v 0.146613 -0.011374 -0.008381
v 0.155627 -0.008938 -0.006610
v 0.135255 -0.013872 -0.008082
v 0.135255 -0.012939 -0.009517
v 0.161414 -0.005367 -0.004999
v 0.163409 -0.002240 -0.002184
v 0.155627 -0.008187 -0.007538
v 0.146613 -0.010426 -0.009554
v 0.155627 -0.008187 -0.007538
v 0.135255 -0.011862 -0.010847
v 0.161414 -0.004803 -0.005562
v 0.163409 -0.001988 -0.002436
v 0.155627 -0.007343 -0.008382
v 0.146613 -0.009358 -0.010620
v 0.155627 -0.007343 -0.008382
v 0.135255 -0.010652 -0.012058
v 0.161414 -0.004184 -0.006063
v 0.163409 -0.001712 -0.002660
v 0.155627 -0.006415 -0.009134
v 0.146613 -0.008186 -0.011570
v 0.155627 -0.006415 -0.009134
v 0.135255 -0.009322 -0.013135
v 0.161414 -0.003517 -0.006497
v 0.163409 -0.001413 -0.002854
v 0.155627 -0.005414 -0.009784
v 0.146613 -0.006919 -0.012392
v 0.155627 -0.005414 -0.009784
v 0.135255 -0.007887 -0.014067
v 0.161414 -0.002807 -0.006859
v 0.163409 -0.001095 -0.003016
v 0.155627 -0.004350 -0.010326
v 0.146613 -0.005575 -0.013077
v 0.155627 -0.004350 -0.010326
v 0.135255 -0.006362 -0.014843
v 0.161414 -0.002063 -0.007144
v 0.163409 -0.000763 -0.003143
v 0.155627 -0.003235 -0.010754
v 0.146613 -0.004167 -0.013618
v 0.155627 -0.003235 -0.010754
v 0.135255 -0.004764 -0.015457
v 0.161414 -0.001293 -0.007350
v 0.163409 -0.000419 -0.003236
v 0.155627 -0.002083 -0.011063
v 0.146613 -0.002709 -0.014008
v 0.155627 -0.002083 -0.011063
v 0.135255 -0.003110 -0.015900
v 0.161414 -0.000507 -0.007475
v 0.163409 -0.000067 -0.003291
v 0.155627 -0.000903 -0.011249
v 0.146613 -0.001218 -0.014245
v 0.155627 -0.000903 -0.011249
v 0.135255 -0.001420 -0.016168
v 0.135255 -0.001420 0.016355
v 0.135255 0.000288 0.016444
v 0.135138 0.000288 0.015760
v 0.135138 -0.001349 0.015674
v 0.135255 -0.003110 0.016087
v 0.135138 -0.002968 0.015417
v 0.135255 -0.004764 0.015644
v 0.135138 -0.004552 0.014992
v 0.135255 -0.006362 0.015031
v 0.135138 -0.006083 0.014405
v 0.135255 -0.007887 0.014254
v 0.135138 -0.007544 0.013661
v 0.135255 -0.009322 0.013322
v 0.135138 -0.008919 0.012767
v 0.135255 -0.010652 0.012244
v 0.135138 -0.010193 0.011736
v 0.135255 -0.011862 0.011034
v 0.135138 -0.011353 0.010576
v 0.135255 -0.012939 0.009705
v 0.135138 -0.012384 0.009302
v 0.135255 -0.013872 0.008269
v 0.135138 -0.013278 0.007926
v 0.135255 -0.014648 0.006744
v 0.135138 -0.014022 0.006466
v 0.135255 -0.015262 0.005146
v 0.135138 -0.014611 0.004934
v 0.135255 -0.015705 0.003493
v 0.135138 -0.015034 0.003351
v 0.135255 -0.015972 0.001803
v 0.135138 -0.015291 0.001730
v 0.135255 -0.016062 0.000093
v 0.135138 -0.015377 0.000093
v 0.135255 0.016550 0.001803
v 0.135255 0.016640 0.000093
v 0.135138 0.015954 0.000094
v 0.135138 0.015869 0.001731
v 0.135255 0.016283 0.003493
v 0.135138 0.015613 0.003351
v 0.135255 0.015839 0.005146
v 0.135138 0.015188 0.004934
v 0.135255 0.015226 0.006744
v 0.135138 0.014600 0.006466
v 0.135255 0.014449 0.008269
v 0.135138 0.013856 0.007926
v 0.135255 0.013518 0.009705
v 0.135138 0.012963 0.009302
v 0.135255 0.012440 0.011034
v 0.135138 0.011931 0.010576
v 0.135255 0.011230 0.012244
v 0.135138 0.010771 0.011736
v 0.135255 0.009900 0.013322
v 0.135138 0.009497 0.012767
v 0.135255 0.008464 0.014254
v 0.135138 0.008122 0.013661
v 0.135255 0.006940 0.015031
v 0.135138 0.006661 0.014405
v 0.135255 0.005341 0.015644
v 0.135138 0.005130 0.014992
v 0.135255 0.003689 0.016087
v 0.135138 0.003546 0.015417
v 0.135255 0.001999 0.016355
v 0.135138 0.001926 0.015674
v 0.135255 0.001999 -0.016168
v 0.135255 0.000288 -0.016258
v 0.135138 0.000288 -0.015572
v 0.135138 0.001926 -0.015487
v 0.135255 0.003689 -0.015900
v 0.135138 0.003546 -0.015230
v 0.135255 0.005341 -0.015457
v 0.135138 0.005130 -0.014805
v 0.135255 0.006940 -0.014843
v 0.135138 0.006661 -0.014218
v 0.135255 0.008464 -0.014067
v 0.135138 0.008122 -0.013474
v 0.135255 0.009900 -0.013135
v 0.135138 0.009497 -0.012580
v 0.135255 0.011230 -0.012058
v 0.135138 0.010771 -0.011549
v 0.135255 0.012440 -0.010847
v 0.135138 0.011931 -0.010389
v 0.135255 0.013518 -0.009517
v 0.135138 0.012963 -0.009115
v 0.135255 0.014449 -0.008082
v 0.135138 0.013856 -0.007739
v 0.135255 0.015226 -0.006557
v 0.135138 0.014600 -0.006278
v 0.135255 0.015839 -0.004959
v 0.135138 0.015188 -0.004747
v 0.135255 0.016283 -0.003306
v 0.135138 0.015613 -0.003164
v 0.135255 0.016550 -0.001616
v 0.135138 0.015869 -0.001543
v 0.135255 -0.015972 -0.001616
v 0.135138 -0.015291 -0.001544
v 0.135255 -0.015705 -0.003306
v 0.135138 -0.015034 -0.003164
v 0.135255 -0.015262 -0.004959
v 0.135138 -0.014609 -0.004747
v 0.135255 -0.014648 -0.006557
v 0.135138 -0.014023 -0.006278
v 0.135255 -0.013872 -0.008082
v 0.135138 -0.013278 -0.007740
v 0.135255 -0.012939 -0.009517
v 0.135138 -0.012384 -0.009115
v 0.135255 -0.011862 -0.010847
v 0.135138 -0.011353 -0.010389
v 0.135255 -0.010652 -0.012058
v 0.135138 -0.010193 -0.011549
v 0.135255 -0.009322 -0.013135
v 0.135138 -0.008919 -0.012581
v 0.135255 -0.007887 -0.014067
v 0.135138 -0.007544 -0.013473
v 0.135255 -0.006362 -0.014843
v 0.135138 -0.006083 -0.014218
v 0.135255 -0.004764 -0.015457
v 0.135138 -0.004552 -0.014805
v 0.135255 -0.003110 -0.015900
v 0.135138 -0.002968 -0.015230
v 0.135255 -0.001420 -0.016168
v 0.135138 -0.001349 -0.015487
v -0.164312 -0.001013 0.012476
v -0.164312 0.000288 0.012544
v -0.164312 0.000288 0.009812
v -0.164312 -0.000727 0.009758
v -0.164312 -0.002300 0.012272
v -0.164312 -0.001732 0.009599
v -0.164312 -0.003559 0.011935
v -0.164312 -0.002714 0.009336
v -0.164312 -0.004775 0.011468
v -0.164312 -0.003664 0.008972
v -0.164312 -0.005937 0.010876
v -0.164312 -0.004570 0.008510
v -0.164312 -0.007029 0.010167
v -0.164312 -0.005423 0.007955
v -0.164312 -0.008042 0.009346
v -0.164312 -0.006214 0.007316
v -0.164312 -0.008964 0.008425
v -0.164312 -0.006933 0.006596
v -0.164312 -0.009784 0.007412
v -0.164312 -0.007573 0.005806
v -0.164312 -0.010494 0.006319
v -0.164312 -0.008127 0.004952
v -0.164312 -0.011086 0.005158
v -0.164312 -0.008589 0.004046
v -0.164312 -0.011552 0.003941
v -0.164312 -0.008953 0.003096
v -0.164312 -0.011889 0.002682
v -0.164312 -0.009217 0.002114
v -0.164312 -0.012093 0.001395
v -0.164312 -0.009376 0.001109
v -0.164312 -0.012162 0.000093
v -0.164312 -0.009429 0.000093
v -0.148448 0.000288 0.017110
v -0.148448 -0.001490 0.017018
v -0.081112 -0.001490 0.017018
v -0.081112 0.000288 0.017110
v -0.148448 -0.003249 0.016739
v -0.081112 -0.003249 0.016739
v -0.148448 -0.004969 0.016278
v -0.081112 -0.004969 0.016278
v -0.148448 -0.006633 0.015639
v -0.081112 -0.006633 0.015639
v -0.148448 -0.008219 0.014831
v -0.081112 -0.008219 0.014831
v -0.148448 -0.009713 0.013861
v -0.081112 -0.009713 0.013861
v -0.148448 -0.011098 0.012740
v -0.081112 -0.011098 0.012740
v -0.148448 -0.012357 0.011480
v -0.148448 -0.013478 0.010096
v -0.081112 -0.013478 0.010096
v -0.081112 -0.012357 0.011480
v -0.148448 -0.014448 0.008602
v -0.081112 -0.014448 0.008602
v -0.148448 -0.015257 0.007015
v -0.081112 -0.015257 0.007015
v -0.148448 -0.015896 0.005352
v -0.081112 -0.015896 0.005352
v -0.148448 -0.016357 0.003632
v -0.081112 -0.016357 0.003632
v -0.148448 -0.016635 0.001873
v -0.081112 -0.016635 0.001873
v -0.148448 -0.016728 0.000093
v -0.081112 -0.016728 0.000093
v -0.160316 -0.000628 0.008820
v -0.160316 0.000288 0.008869
v -0.160316 0.000288 0.000093
v -0.160316 -0.001535 0.008677
v -0.160316 -0.002423 0.008439
v -0.160316 -0.003280 0.008110
v -0.160316 -0.004099 0.007693
v -0.160316 -0.004869 0.007193
v -0.160316 -0.005583 0.006614
v -0.160316 -0.006232 0.005965
v -0.160316 -0.006810 0.005251
v -0.160316 -0.007311 0.004481
v -0.160316 -0.007727 0.003662
v -0.160316 -0.008057 0.002805
v -0.160316 -0.008294 0.001918
v -0.160316 -0.008438 0.001011
v -0.160316 -0.008486 0.000093
v -0.160316 -0.001112 0.013414
v -0.160316 0.000288 0.013487
v -0.164312 0.000288 0.012544
v -0.164312 -0.001013 0.012476
v -0.160316 0.000288 0.008869
v -0.160316 -0.000628 0.008820
v -0.164312 -0.000727 0.009758
v -0.164312 0.000288 0.009812
v -0.160316 -0.002495 0.013195
v -0.164312 -0.002300 0.012272
v -0.160316 -0.001535 0.008677
v -0.164312 -0.001732 0.009599
v -0.160316 -0.003850 0.012832
v -0.164312 -0.003559 0.011935
v -0.160316 -0.002423 0.008439
v -0.164312 -0.002714 0.009336
v -0.160316 -0.005159 0.012329
v -0.164312 -0.004775 0.011468
v -0.160316 -0.003280 0.008110
v -0.164312 -0.003664 0.008972
v -0.160316 -0.006408 0.011693
v -0.164312 -0.005937 0.010876
v -0.160316 -0.004099 0.007693
v -0.164312 -0.004570 0.008510
v -0.160316 -0.007584 0.010929
v -0.164312 -0.007029 0.010167
v -0.160316 -0.004869 0.007193
v -0.164312 -0.005423 0.007955
v -0.160316 -0.008673 0.010047
v -0.164312 -0.008042 0.009346
v -0.160316 -0.005583 0.006614
v -0.164312 -0.006214 0.007316
v -0.160316 -0.009664 0.009056
v -0.164312 -0.008964 0.008425
v -0.160316 -0.006232 0.005965
v -0.164312 -0.006933 0.006596
v -0.160316 -0.010547 0.007967
v -0.164312 -0.009784 0.007412
v -0.160316 -0.006810 0.005251
v -0.164312 -0.007573 0.005806
v -0.160316 -0.011311 0.006791
v -0.164312 -0.010494 0.006319
v -0.160316 -0.007311 0.004481
v -0.164312 -0.008127 0.004952
v -0.160316 -0.011947 0.005541
v -0.164312 -0.011086 0.005158
v -0.160316 -0.007727 0.003662
v -0.164312 -0.008589 0.004046
v -0.160316 -0.012449 0.004232
v -0.164312 -0.011552 0.003941
v -0.160316 -0.008057 0.002805
v -0.164312 -0.008953 0.003096
v -0.160316 -0.012812 0.002879
v -0.164312 -0.011889 0.002682
v -0.160316 -0.008294 0.001918
v -0.164312 -0.009217 0.002114
v -0.160316 -0.013032 0.001494
v -0.164312 -0.012093 0.001395
v -0.160316 -0.008438 0.001011
v -0.164312 -0.009376 0.001109
v -0.160316 -0.013104 0.000093
v -0.164312 -0.012162 0.000093
v -0.160316 -0.008486 0.000093
v -0.164312 -0.009429 0.000093
v -0.148448 -0.001490 0.017018
v -0.148448 0.000288 0.017110
v -0.148448 -0.003249 0.016739
v -0.148448 -0.004969 0.016278
v -0.148448 -0.006633 0.015639
v -0.148448 -0.008219 0.014831
v -0.148448 -0.009713 0.013861
v -0.148448 -0.011098 0.012740
v -0.160957 -0.019511 0.020884
v -0.160957 -0.020502 0.019892
v -0.146340 -0.023644 0.022766
v -0.146340 -0.022385 0.024026
v -0.148448 -0.013478 0.010096
v -0.148448 -0.012357 0.011480
v -0.148448 -0.014448 0.008602
v -0.148448 -0.015257 0.007015
v -0.148448 -0.015896 0.005352
v -0.148448 -0.016357 0.003632
v -0.148448 -0.016635 0.001873
v -0.148448 -0.016728 0.000093
v 0.084571 -0.016728 0.000093
v 0.111920 -0.016728 0.000093
v 0.111920 -0.016635 0.001873
v 0.084571 -0.016635 0.001873
v 0.111920 -0.016357 0.003632
v 0.084571 -0.016357 0.003632
v 0.111920 -0.015896 0.005352
v 0.084571 -0.015896 0.005352
v 0.111920 -0.015257 0.007015
v 0.084571 -0.015257 0.007015
v 0.111920 -0.014448 0.008602
v 0.084571 -0.014448 0.008602
v 0.111920 -0.013478 0.010096
v 0.084571 -0.013478 0.010096
v 0.111920 -0.012357 0.011480
v 0.084571 -0.012357 0.011480
v 0.084571 -0.017266 0.016388
v 0.102722 -0.017266 0.016388
v 0.102722 -0.016006 0.017648
v 0.084571 -0.016006 0.017648
v 0.084571 -0.011098 0.012740
v 0.111920 -0.011098 0.012740
v 0.111920 -0.009713 0.013861
v 0.084571 -0.009713 0.013861
v 0.111920 -0.008219 0.014831
v 0.084571 -0.008219 0.014831
v 0.111920 -0.006633 0.015639
v 0.084571 -0.006633 0.015639
v 0.111920 -0.004969 0.016278
v 0.084571 -0.004969 0.016278
v 0.111920 -0.003249 0.016739
v 0.084571 -0.003249 0.016739
v 0.111920 -0.001490 0.017018
v 0.084571 -0.001490 0.017018
v 0.084571 -0.001490 0.017018
v 0.111920 -0.001490 0.017018
v 0.111920 0.000288 0.017110
v 0.084571 0.000288 0.017110
v 0.084571 -0.012357 0.011480
v 0.111920 -0.012357 0.011480
v 0.102722 -0.017266 0.016388
v 0.084571 -0.017266 0.016388
v 0.111920 -0.012357 0.011480
v 0.111920 -0.011098 0.012740
v 0.102722 -0.016006 0.017648
v 0.102722 -0.017266 0.016388
v 0.111920 -0.011098 0.012740
v 0.084571 -0.011098 0.012740
v 0.084571 -0.016006 0.017648
v 0.102722 -0.016006 0.017648
v 0.084571 -0.011098 0.012740
v 0.084571 -0.012357 0.011480
v 0.084571 -0.017266 0.016388
v 0.084571 -0.016006 0.017648
v -0.094758 -0.022385 0.024026
v -0.146340 -0.022385 0.024026
v -0.146340 -0.023644 0.022766
v -0.094758 -0.023645 0.022766
v -0.160316 -0.008673 0.010047
v -0.160316 -0.009664 0.009056
v -0.160957 -0.020502 0.019892
v -0.160957 -0.019511 0.020884
v -0.160316 -0.009664 0.009056
v -0.148448 -0.012357 0.011480
v -0.146340 -0.023644 0.022766
v -0.160957 -0.020502 0.019892
v -0.148448 -0.011098 0.012740
v -0.160316 -0.008673 0.010047
v -0.160957 -0.019511 0.020884
v -0.146340 -0.022385 0.024026
v -0.081112 -0.011098 0.012740
v -0.094758 -0.022385 0.024026
v -0.081112 -0.012357 0.011480
v -0.094758 -0.023645 0.022766
v -0.081112 -0.012357 0.011480
v -0.081112 -0.011098 0.012740
v -0.094758 -0.022385 0.024026
v -0.094758 -0.023645 0.022766
v -0.164312 0.012671 0.001395
v -0.164312 0.012740 0.000093
v -0.164312 0.010008 0.000093
v -0.164312 0.009954 0.001109
v -0.164312 0.012468 0.002682
v -0.164312 0.009795 0.002114
v -0.164312 0.012130 0.003941
v -0.164312 0.009531 0.003096
v -0.164312 0.011663 0.005158
v -0.164312 0.009167 0.004046
v -0.164312 0.011071 0.006319
v -0.164312 0.008705 0.004952
v -0.164312 0.010361 0.007412
v -0.164312 0.008151 0.005806
v -0.164312 0.009541 0.008425
v -0.164312 0.007511 0.006596
v -0.164312 0.008620 0.009346
v -0.164312 0.006791 0.007316
v -0.164312 0.007607 0.010167
v -0.164312 0.006001 0.007955
v -0.164312 0.006514 0.010876
v -0.164312 0.005147 0.008510
v -0.164312 0.005354 0.011468
v -0.164312 0.004241 0.008972
v -0.164312 0.004136 0.011935
v -0.164312 0.003292 0.009336
v -0.164312 0.002877 0.012272
v -0.164312 0.002310 0.009600
v -0.164312 0.001590 0.012476
v -0.164312 0.001305 0.009758
v -0.148448 0.017306 0.000093
v -0.148448 0.017213 0.001873
v -0.081112 0.017213 0.001873
v -0.081112 0.017306 0.000093
v -0.148448 0.016934 0.003632
v -0.081112 0.016934 0.003632
v -0.148448 0.016473 0.005352
v -0.081112 0.016473 0.005352
v -0.148448 0.015835 0.007015
v -0.081112 0.015835 0.007015
v -0.148448 0.015026 0.008602
v -0.081112 0.015026 0.008602
v -0.148448 0.014056 0.010096
v -0.081112 0.014056 0.010096
v -0.148448 0.012935 0.011480
v -0.081112 0.012935 0.011480
v -0.148448 0.011675 0.012740
v -0.148448 0.010291 0.013861
v -0.081112 0.010291 0.013861
v -0.081112 0.011675 0.012740
v -0.148448 0.008797 0.014831
v -0.081112 0.008797 0.014831
v -0.148448 0.007210 0.015639
v -0.081112 0.007210 0.015639
v -0.148448 0.005547 0.016278
v -0.081112 0.005547 0.016278
v -0.148448 0.003827 0.016739
v -0.081112 0.003827 0.016739
v -0.148448 0.002067 0.017018
v -0.081112 0.002067 0.017018
v -0.160316 0.009016 0.001011
v -0.160316 0.009064 0.000093
v -0.160316 0.008872 0.001918
v -0.160316 0.008634 0.002805
v -0.160316 0.008305 0.003662
v -0.160316 0.007889 0.004481
v -0.160316 0.007387 0.005251
v -0.160316 0.006810 0.005965
v -0.160316 0.006160 0.006615
v -0.160316 0.005447 0.007193
v -0.160316 0.004676 0.007693
v -0.160316 0.003857 0.008110
v -0.160316 0.003001 0.008439
v -0.160316 0.002114 0.008677
v -0.160316 0.001206 0.008820
v -0.160316 0.013609 0.001494
v -0.160316 0.013683 0.000093
v -0.164312 0.012740 0.000093
v -0.164312 0.012671 0.001395
v -0.160316 0.009064 0.000093
v -0.160316 0.009016 0.001011
v -0.164312 0.009954 0.001109
v -0.164312 0.010008 0.000093
v -0.160316 0.013390 0.002879
v -0.164312 0.012468 0.002682
v -0.160316 0.008872 0.001918
v -0.164312 0.009795 0.002114
v -0.160316 0.013028 0.004233
v -0.164312 0.012130 0.003941
v -0.160316 0.008634 0.002805
v -0.164312 0.009531 0.003096
v -0.160316 0.012525 0.005541
v -0.164312 0.011663 0.005158
v -0.160316 0.008305 0.003662
v -0.164312 0.009167 0.004046
v -0.160316 0.011889 0.006791
v -0.164312 0.011071 0.006319
v -0.160316 0.007889 0.004481
v -0.164312 0.008705 0.004952
v -0.160316 0.011125 0.007967
v -0.164312 0.010361 0.007412
v -0.160316 0.007387 0.005251
v -0.164312 0.008151 0.005806
v -0.160316 0.010242 0.009056
v -0.164312 0.009541 0.008425
v -0.160316 0.006810 0.005965
v -0.164312 0.007511 0.006596
v -0.160316 0.009251 0.010047
v -0.164312 0.008620 0.009346
v -0.160316 0.006160 0.006615
v -0.164312 0.006791 0.007316
v -0.160316 0.008161 0.010929
v -0.164312 0.007607 0.010167
v -0.160316 0.005447 0.007193
v -0.164312 0.006001 0.007955
v -0.160316 0.006986 0.011693
v -0.164312 0.006514 0.010876
v -0.160316 0.004676 0.007693
v -0.164312 0.005147 0.008510
v -0.160316 0.005736 0.012329
v -0.164312 0.005354 0.011468
v -0.160316 0.003857 0.008110
v -0.164312 0.004241 0.008972
v -0.160316 0.004427 0.012832
v -0.164312 0.004136 0.011935
v -0.160316 0.003001 0.008439
v -0.164312 0.003292 0.009336
v -0.160316 0.003074 0.013195
v -0.164312 0.002877 0.012272
v -0.160316 0.002114 0.008677
v -0.164312 0.002310 0.009600
v -0.160316 0.001689 0.013414
v -0.164312 0.001590 0.012476
v -0.160316 0.001206 0.008820
v -0.164312 0.001305 0.009758
v -0.148448 0.017213 0.001873
v -0.148448 0.017306 0.000093
v -0.148448 0.016934 0.003632
v -0.148448 0.016473 0.005352
v -0.148448 0.015835 0.007015
v -0.148448 0.015026 0.008602
v -0.148448 0.014056 0.010096
v -0.148448 0.012935 0.011480
v -0.160957 0.021079 0.019893
v -0.160957 0.020088 0.020884
v -0.146340 0.022962 0.024026
v -0.146340 0.024222 0.022767
v -0.148448 0.010291 0.013861
v -0.148448 0.011675 0.012740
v -0.148448 0.008797 0.014831
v -0.148448 0.007210 0.015639
v -0.148448 0.005547 0.016278
v -0.148448 0.003827 0.016739
v -0.148448 0.002067 0.017018
v 0.111920 0.002067 0.017018
v 0.084571 0.002067 0.017018
v 0.111920 0.003827 0.016739
v 0.084571 0.003827 0.016739
v 0.111920 0.005547 0.016278
v 0.084571 0.005547 0.016278
v 0.111920 0.007210 0.015639
v 0.084571 0.007210 0.015639
v 0.111920 0.008797 0.014831
v 0.084571 0.008797 0.014831
v 0.111920 0.010291 0.013861
v 0.084571 0.010291 0.013861
v 0.111920 0.011675 0.012740
v 0.084571 0.011675 0.012740
v 0.084571 0.016584 0.017648
v 0.102722 0.016584 0.017648
v 0.102722 0.017843 0.016389
v 0.084571 0.017843 0.016389
v 0.084571 0.012935 0.011480
v 0.111920 0.012935 0.011480
v 0.111920 0.014056 0.010096
v 0.084571 0.014056 0.010096
v 0.111920 0.015026 0.008602
v 0.084571 0.015026 0.008602
v 0.111920 0.015835 0.007015
v 0.084571 0.015835 0.007015
v 0.111920 0.016473 0.005352
v 0.084571 0.016473 0.005352
v 0.111920 0.016934 0.003632
v 0.084571 0.016934 0.003632
v 0.111920 0.017213 0.001873
v 0.084571 0.017213 0.001873
v 0.111920 0.017306 0.000093
v 0.084571 0.017306 0.000093
v 0.084571 0.011675 0.012740
v 0.111920 0.011675 0.012740
v 0.102722 0.016584 0.017648
v 0.084571 0.016584 0.017648
v 0.111920 0.011675 0.012740
v 0.111920 0.012935 0.011480
v 0.102722 0.017843 0.016389
v 0.102722 0.016584 0.017648
v 0.111920 0.012935 0.011480
v 0.084571 0.012935 0.011480
v 0.084571 0.017843 0.016389
v 0.102722 0.017843 0.016389
v 0.084571 0.012935 0.011480
v 0.084571 0.011675 0.012740
v 0.084571 0.016584 0.017648
v 0.084571 0.017843 0.016389
v -0.094758 0.024222 0.022767
v -0.146340 0.024222 0.022767
v -0.146340 0.022962 0.024026
v -0.094758 0.022962 0.024027
v -0.160316 0.010242 0.009056
v -0.160316 0.009251 0.010047
v -0.160957 0.020088 0.020884
v -0.160957 0.021079 0.019893
v -0.160316 0.009251 0.010047
v -0.148448 0.011675 0.012740
v -0.146340 0.022962 0.024026
v -0.160957 0.020088 0.020884
v -0.148448 0.012935 0.011480
v -0.160316 0.010242 0.009056
v -0.160957 0.021079 0.019893
v -0.146340 0.024222 0.022767
v -0.081112 0.012935 0.011480
v -0.148448 0.012935 0.011480
v -0.146340 0.024222 0.022767
v -0.094758 0.024222 0.022767
v -0.081112 0.011675 0.012740
v -0.094758 0.022962 0.024027
v -0.081112 0.011675 0.012740
v -0.081112 0.012935 0.011480
v -0.094758 0.024222 0.022767
v -0.094758 0.022962 0.024027
v -0.164312 0.001590 -0.012289
v -0.164312 0.000288 -0.012357
v -0.164312 0.000288 -0.009625
v -0.164312 0.001305 -0.009571
v -0.164312 0.002877 -0.012085
v -0.164312 0.002310 -0.009412
v -0.164312 0.004136 -0.011748
v -0.164312 0.003292 -0.009149
v -0.164312 0.005354 -0.011281
v -0.164312 0.004241 -0.008785
v -0.164312 0.006514 -0.010689
v -0.164312 0.005147 -0.008323
v -0.164312 0.007607 -0.009979
v -0.164312 0.006001 -0.007768
v -0.164312 0.008620 -0.009159
v -0.164312 0.006791 -0.007129
v -0.164312 0.009541 -0.008238
v -0.164312 0.007511 -0.006409
v -0.164312 0.010361 -0.007225
v -0.164312 0.008151 -0.005619
v -0.164312 0.011071 -0.006132
v -0.164312 0.008705 -0.004766
v -0.164312 0.011663 -0.004971
v -0.164312 0.009167 -0.003859
v -0.164312 0.012130 -0.003754
v -0.164312 0.009531 -0.002909
v -0.164312 0.012468 -0.002495
v -0.164312 0.009795 -0.001927
v -0.164312 0.012671 -0.001208
v -0.164312 0.009954 -0.000922
v -0.148448 0.000288 -0.016924
v -0.148448 0.002067 -0.016830
v -0.081112 0.002067 -0.016830
v -0.081112 0.000288 -0.016924
v -0.148448 0.003827 -0.016551
v -0.081112 0.003827 -0.016551
v -0.148448 0.005547 -0.016091
v -0.081112 0.005547 -0.016091
v -0.148448 0.007210 -0.015453
v -0.081112 0.007210 -0.015453
v -0.148448 0.008797 -0.014644
v -0.081112 0.008797 -0.014644
v -0.148448 0.010291 -0.013673
v -0.081112 0.010291 -0.013673
v -0.148448 0.011675 -0.012553
v -0.081112 0.011675 -0.012553
v -0.148448 0.012935 -0.011293
v -0.148448 0.014056 -0.009909
v -0.081112 0.014056 -0.009909
v -0.081112 0.012935 -0.011293
v -0.148448 0.015026 -0.008415
v -0.081112 0.015026 -0.008415
v -0.148448 0.015835 -0.006828
v -0.081112 0.015835 -0.006828
v -0.148448 0.016473 -0.005165
v -0.081112 0.016473 -0.005165
v -0.148448 0.016934 -0.003445
v -0.081112 0.016934 -0.003445
v -0.148448 0.017213 -0.001685
v -0.081112 0.017213 -0.001685
v -0.160316 0.001206 -0.008633
v -0.160316 0.000288 -0.008681
v -0.160316 0.002114 -0.008490
v -0.160316 0.003001 -0.008252
v -0.160316 0.003857 -0.007923
v -0.160316 0.004676 -0.007506
v -0.160316 0.005446 -0.007005
v -0.160316 0.006160 -0.006427
v -0.160316 0.006810 -0.005778
v -0.160316 0.007387 -0.005064
v -0.160316 0.007889 -0.004294
v -0.160316 0.008305 -0.003475
v -0.160316 0.008634 -0.002618
v -0.160316 0.008872 -0.001730
v -0.160316 0.009016 -0.000824
v -0.160316 0.001689 -0.013227
v -0.160316 0.000288 -0.013300
v -0.164312 0.000288 -0.012357
v -0.164312 0.001590 -0.012289
v -0.160316 0.000288 -0.008681
v -0.160316 0.001206 -0.008633
v -0.164312 0.001305 -0.009571
v -0.164312 0.000288 -0.009625
v -0.160316 0.003074 -0.013008
v -0.164312 0.002877 -0.012085
v -0.160316 0.002114 -0.008490
v -0.164312 0.002310 -0.009412
v -0.160316 0.004427 -0.012645
v -0.164312 0.004136 -0.011748
v -0.160316 0.003001 -0.008252
v -0.164312 0.003292 -0.009149
v -0.160316 0.005736 -0.012142
v -0.164312 0.005354 -0.011281
v -0.160316 0.003857 -0.007923
v -0.164312 0.004241 -0.008785
v -0.160316 0.006986 -0.011506
v -0.164312 0.006514 -0.010689
v -0.160316 0.004676 -0.007506
v -0.164312 0.005147 -0.008323
v -0.160316 0.008161 -0.010742
v -0.164312 0.007607 -0.009979
v -0.160316 0.005446 -0.007005
v -0.164312 0.006001 -0.007768
v -0.160316 0.009251 -0.009860
v -0.164312 0.008620 -0.009159
v -0.160316 0.006160 -0.006427
v -0.164312 0.006791 -0.007129
v -0.160316 0.010242 -0.008869
v -0.164312 0.009541 -0.008238
v -0.160316 0.006810 -0.005778
v -0.164312 0.007511 -0.006409
v -0.160316 0.011125 -0.007780
v -0.164312 0.010361 -0.007225
v -0.160316 0.007387 -0.005064
v -0.164312 0.008151 -0.005619
v -0.160316 0.011889 -0.006603
v -0.164312 0.011071 -0.006132
v -0.160316 0.007889 -0.004294
v -0.164312 0.008705 -0.004766
v -0.160316 0.012525 -0.005354
v -0.164312 0.011663 -0.004971
v -0.160316 0.008305 -0.003475
v -0.164312 0.009167 -0.003859
v -0.160316 0.013028 -0.004045
v -0.164312 0.012130 -0.003754
v -0.160316 0.008634 -0.002618
v -0.164312 0.009531 -0.002909
v -0.160316 0.013390 -0.002691
v -0.164312 0.012468 -0.002495
v -0.160316 0.008872 -0.001730
v -0.164312 0.009795 -0.001927
v -0.160316 0.013609 -0.001307
v -0.164312 0.012671 -0.001208
v -0.160316 0.009016 -0.000824
v -0.164312 0.009954 -0.000922
v -0.148448 0.002067 -0.016830
v -0.148448 0.000288 -0.016924
v -0.148448 0.003827 -0.016551
v -0.148448 0.005547 -0.016091
v -0.148448 0.007210 -0.015453
v -0.148448 0.008797 -0.014644
v -0.148448 0.010291 -0.013673
v -0.148448 0.011675 -0.012553
v -0.160957 0.020088 -0.020696
v -0.160957 0.021079 -0.019705
v -0.146340 0.024222 -0.022579
v -0.146340 0.022963 -0.023839
v -0.148448 0.014056 -0.009909
v -0.148448 0.012935 -0.011293
v -0.148448 0.015026 -0.008415
v -0.148448 0.015835 -0.006828
v -0.148448 0.016473 -0.005165
v -0.148448 0.016934 -0.003445
v -0.148448 0.017213 -0.001685
v 0.111920 0.017213 -0.001685
v 0.084571 0.017213 -0.001685
v 0.111920 0.016934 -0.003445
v 0.084571 0.016934 -0.003445
v 0.111920 0.016473 -0.005165
v 0.084571 0.016473 -0.005165
v 0.111920 0.015835 -0.006828
v 0.084571 0.015835 -0.006828
v 0.111920 0.015026 -0.008415
v 0.084571 0.015026 -0.008415
v 0.111920 0.014056 -0.009909
v 0.084571 0.014056 -0.009909
v 0.111920 0.012935 -0.011293
v 0.084571 0.012935 -0.011293
v 0.084571 0.017843 -0.016201
v 0.102722 0.017843 -0.016201
v 0.102722 0.016584 -0.017460
v 0.084571 0.016584 -0.017460
v 0.084571 0.011675 -0.012553
v 0.111920 0.011675 -0.012553
v 0.111920 0.010291 -0.013673
v 0.084571 0.010291 -0.013673
v 0.111920 0.008797 -0.014644
v 0.084571 0.008797 -0.014644
v 0.111920 0.007210 -0.015453
v 0.084571 0.007210 -0.015453
v 0.111920 0.005547 -0.016091
v 0.084571 0.005547 -0.016091
v 0.111920 0.003827 -0.016551
v 0.084571 0.003827 -0.016551
v 0.111920 0.002067 -0.016830
v 0.084571 0.002067 -0.016830
v 0.111920 0.000288 -0.016924
v 0.084571 0.000288 -0.016924
v 0.084571 0.012935 -0.011293
v 0.111920 0.012935 -0.011293
v 0.102722 0.017843 -0.016201
v 0.084571 0.017843 -0.016201
v 0.111920 0.012935 -0.011293
v 0.111920 0.011675 -0.012553
v 0.102722 0.016584 -0.017460
v 0.102722 0.017843 -0.016201
v 0.111920 0.011675 -0.012553
v 0.084571 0.011675 -0.012553
v 0.084571 0.016584 -0.017460
v 0.102722 0.016584 -0.017460
v 0.084571 0.011675 -0.012553
v 0.084571 0.012935 -0.011293
v 0.084571 0.017843 -0.016201
v 0.084571 0.016584 -0.017460
v -0.094758 0.022963 -0.023839
v -0.146340 0.022963 -0.023839
v -0.146340 0.024222 -0.022579
v -0.094758 0.024222 -0.022579
v -0.160316 0.009251 -0.009860
v -0.160316 0.010242 -0.008869
v -0.160957 0.021079 -0.019705
v -0.160957 0.020088 -0.020696
v -0.160316 0.010242 -0.008869
v -0.148448 0.012935 -0.011293
v -0.146340 0.024222 -0.022579
v -0.160957 0.021079 -0.019705
v -0.148448 0.011675 -0.012553
v -0.160316 0.009251 -0.009860
v -0.160957 0.020088 -0.020696
v -0.146340 0.022963 -0.023839
v -0.081112 0.011675 -0.012553
v -0.094758 0.022963 -0.023839
v -0.081112 0.012935 -0.011293
v -0.094758 0.024222 -0.022579
v -0.081112 0.012935 -0.011293
v -0.081112 0.011675 -0.012553
v -0.094758 0.022963 -0.023839
v -0.094758 0.024222 -0.022579
v -0.164312 -0.012093 -0.001207
v -0.164312 -0.009376 -0.000922
v -0.164312 -0.011889 -0.002495
v -0.164312 -0.009217 -0.001927
v -0.164312 -0.011552 -0.003754
v -0.164312 -0.008953 -0.002909
v -0.164312 -0.011086 -0.004971
v -0.164312 -0.008589 -0.003859
v -0.164312 -0.010493 -0.006132
v -0.164312 -0.008127 -0.004766
v -0.164312 -0.009784 -0.007225
v -0.164312 -0.007573 -0.005619
v -0.164312 -0.008964 -0.008238
v -0.164312 -0.006933 -0.006409
v -0.164312 -0.008042 -0.009159
v -0.164312 -0.006214 -0.007129
v -0.164312 -0.007029 -0.009979
v -0.164312 -0.005423 -0.007769
v -0.164312 -0.005937 -0.010689
v -0.164312 -0.004570 -0.008323
v -0.164312 -0.004775 -0.011281
v -0.164312 -0.003664 -0.008785
v -0.164312 -0.003559 -0.011748
v -0.164312 -0.002714 -0.009149
v -0.164312 -0.002299 -0.012085
v -0.164312 -0.001732 -0.009412
v -0.164312 -0.001013 -0.012289
v -0.164312 -0.000727 -0.009571
v -0.148448 -0.016635 -0.001685
v -0.081112 -0.016635 -0.001685
v -0.148448 -0.016356 -0.003445
v -0.081112 -0.016356 -0.003445
v -0.148448 -0.015896 -0.005165
v -0.081112 -0.015896 -0.005165
v -0.148448 -0.015257 -0.006828
v -0.081112 -0.015257 -0.006828
v -0.148448 -0.014448 -0.008415
v -0.081112 -0.014448 -0.008415
v -0.148448 -0.013478 -0.009909
v -0.081112 -0.013478 -0.009909
v -0.148448 -0.012357 -0.011293
v -0.081112 -0.012357 -0.011293
v -0.148448 -0.011098 -0.012553
v -0.148448 -0.009713 -0.013673
v -0.081112 -0.009713 -0.013673
v -0.081112 -0.011098 -0.012553
v -0.148448 -0.008219 -0.014644
v -0.081112 -0.008219 -0.014644
v -0.148448 -0.006633 -0.015453
v -0.081112 -0.006633 -0.015453
v -0.148448 -0.004969 -0.016091
v -0.081112 -0.004969 -0.016091
v -0.148448 -0.003249 -0.016553
v -0.081112 -0.003249 -0.016553
v -0.148448 -0.001490 -0.016830
v -0.081112 -0.001490 -0.016830
v -0.148448 0.000288 -0.016924
v -0.081112 0.000288 -0.016924
v -0.160316 -0.008438 -0.000824
v -0.160316 -0.008294 -0.001730
v -0.160316 -0.008057 -0.002618
v -0.160316 -0.007728 -0.003475
v -0.160316 -0.007311 -0.004294
v -0.160316 -0.006810 -0.005064
v -0.160316 -0.006232 -0.005778
v -0.160316 -0.005583 -0.006427
v -0.160316 -0.004869 -0.007006
v -0.160316 -0.004099 -0.007506
v -0.160316 -0.003280 -0.007923
v -0.160316 -0.002423 -0.008252
v -0.160316 -0.001535 -0.008490
v -0.160316 -0.000628 -0.008633
v -0.160316 -0.013032 -0.001307
v -0.164312 -0.012093 -0.001207
v -0.160316 -0.008438 -0.000824
v -0.164312 -0.009376 -0.000922
v -0.160316 -0.012812 -0.002691
v -0.164312 -0.011889 -0.002495
v -0.160316 -0.008294 -0.001730
v -0.164312 -0.009217 -0.001927
v -0.160316 -0.012449 -0.004046
v -0.164312 -0.011552 -0.003754
v -0.160316 -0.008057 -0.002618
v -0.164312 -0.008953 -0.002909
v -0.160316 -0.011947 -0.005354
v -0.164312 -0.011086 -0.004971
v -0.160316 -0.007728 -0.003475
v -0.164312 -0.008589 -0.003859
v -0.160316 -0.011311 -0.006604
v -0.164312 -0.010493 -0.006132
v -0.160316 -0.007311 -0.004294
v -0.164312 -0.008127 -0.004766
v -0.160316 -0.010547 -0.007780
v -0.164312 -0.009784 -0.007225
v -0.160316 -0.006810 -0.005064
v -0.164312 -0.007573 -0.005619
v -0.160316 -0.009664 -0.008869
v -0.164312 -0.008964 -0.008238
v -0.160316 -0.006232 -0.005778
v -0.164312 -0.006933 -0.006409
v -0.160316 -0.008673 -0.009860
v -0.164312 -0.008042 -0.009159
v -0.160316 -0.005583 -0.006427
v -0.164312 -0.006214 -0.007129
v -0.160316 -0.007584 -0.010742
v -0.164312 -0.007029 -0.009979
v -0.160316 -0.004869 -0.007006
v -0.164312 -0.005423 -0.007769
v -0.160316 -0.006408 -0.011506
v -0.164312 -0.005937 -0.010689
v -0.160316 -0.004099 -0.007506
v -0.164312 -0.004570 -0.008323
v -0.160316 -0.005159 -0.012142
v -0.164312 -0.004775 -0.011281
v -0.160316 -0.003280 -0.007923
v -0.164312 -0.003664 -0.008785
v -0.160316 -0.003850 -0.012645
v -0.164312 -0.003559 -0.011748
v -0.160316 -0.002423 -0.008252
v -0.164312 -0.002714 -0.009149
v -0.160316 -0.002495 -0.013008
v -0.164312 -0.002299 -0.012085
v -0.160316 -0.001535 -0.008490
v -0.164312 -0.001732 -0.009412
v -0.160316 -0.001112 -0.013227
v -0.164312 -0.001013 -0.012289
v -0.160316 -0.000628 -0.008633
v -0.164312 -0.000727 -0.009571
v -0.160316 0.000288 -0.013300
v -0.164312 0.000288 -0.012357
v -0.148448 -0.016635 -0.001685
v -0.148448 -0.016356 -0.003445
v -0.148448 -0.015896 -0.005165
v -0.148448 -0.015257 -0.006828
v -0.148448 -0.014448 -0.008415
v -0.148448 -0.013478 -0.009909
v -0.148448 -0.012357 -0.011293
v -0.160957 -0.020501 -0.019705
v -0.160957 -0.019510 -0.020698
v -0.146340 -0.022385 -0.023840
v -0.146340 -0.023644 -0.022580
v -0.148448 -0.009713 -0.013673
v -0.148448 -0.011098 -0.012553
v -0.148448 -0.008219 -0.014644
v -0.148448 -0.006633 -0.015453
v -0.148448 -0.004969 -0.016091
v -0.148448 -0.003249 -0.016553
v -0.148448 -0.001490 -0.016830
v -0.148448 0.000288 -0.016924
v 0.111920 -0.001490 -0.016830
v 0.084571 -0.001490 -0.016830
v 0.111920 -0.003249 -0.016553
v 0.084571 -0.003249 -0.016553
v 0.111920 -0.004969 -0.016091
v 0.084571 -0.004969 -0.016091
v 0.111920 -0.006633 -0.015453
v 0.084571 -0.006633 -0.015453
v 0.111920 -0.008219 -0.014644
v 0.084571 -0.008219 -0.014644
v 0.111920 -0.009713 -0.013673
v 0.084571 -0.009713 -0.013673
v 0.111920 -0.011098 -0.012553
v 0.084571 -0.011098 -0.012553
v 0.084571 -0.016006 -0.017460
v 0.102722 -0.016006 -0.017460
v 0.102722 -0.017266 -0.016201
v 0.084571 -0.017266 -0.016201
v 0.084571 -0.012357 -0.011293
v 0.111920 -0.012357 -0.011293
v 0.111920 -0.013478 -0.009909
v 0.084571 -0.013478 -0.009909
v 0.111920 -0.014448 -0.008415
v 0.084571 -0.014448 -0.008415
v 0.111920 -0.015257 -0.006828
v 0.084571 -0.015257 -0.006828
v 0.111920 -0.015896 -0.005165
v 0.084571 -0.015896 -0.005165
v 0.111920 -0.016356 -0.003445
v 0.084571 -0.016356 -0.003445
v 0.111920 -0.016635 -0.001685
v 0.084571 -0.016635 -0.001685
v 0.084571 -0.011098 -0.012553
v 0.111920 -0.011098 -0.012553
v 0.102722 -0.016006 -0.017460
v 0.084571 -0.016006 -0.017460
v 0.111920 -0.011098 -0.012553
v 0.111920 -0.012357 -0.011293
v 0.102722 -0.017266 -0.016201
v 0.102722 -0.016006 -0.017460
v 0.111920 -0.012357 -0.011293
v 0.084571 -0.012357 -0.011293
v 0.084571 -0.017266 -0.016201
v 0.102722 -0.017266 -0.016201
v 0.084571 -0.012357 -0.011293
v 0.084571 -0.011098 -0.012553
v 0.084571 -0.016006 -0.017460
v 0.084571 -0.017266 -0.016201
v -0.094758 -0.023644 -0.022580
v -0.146340 -0.023644 -0.022580
v -0.146340 -0.022385 -0.023840
v -0.094758 -0.022383 -0.023840
v -0.160316 -0.009664 -0.008869
v -0.160316 -0.008673 -0.009860
v -0.160957 -0.019510 -0.020698
v -0.160957 -0.020501 -0.019705
v -0.160316 -0.008673 -0.009860
v -0.148448 -0.011098 -0.012553
v -0.146340 -0.022385 -0.023840
v -0.160957 -0.019510 -0.020698
v -0.148448 -0.012357 -0.011293
v -0.160316 -0.009664 -0.008869
v -0.160957 -0.020501 -0.019705
v -0.146340 -0.023644 -0.022580
v -0.081112 -0.012357 -0.011293
v -0.148448 -0.012357 -0.011293
v -0.146340 -0.023644 -0.022580
v -0.094758 -0.023644 -0.022580
v -0.081112 -0.011098 -0.012553
v -0.094758 -0.022383 -0.023840
v -0.081112 -0.011098 -0.012553
v -0.081112 -0.012357 -0.011293
v -0.094758 -0.023644 -0.022580
v -0.094758 -0.022383 -0.023840
v 0.123132 -0.001487 0.016993
v 0.135255 -0.001420 0.016355
v 0.135255 0.000288 0.016444
v 0.123132 0.000288 0.017086
v 0.123132 -0.003244 0.016714
v 0.135255 -0.003110 0.016087
v 0.135255 -0.001420 0.016355
v 0.123132 -0.001487 0.016993
v 0.123132 -0.004962 0.016254
v 0.135255 -0.004764 0.015644
v 0.123132 -0.006623 0.015617
v 0.135255 -0.006362 0.015031
v 0.123132 -0.008207 0.014809
v 0.135255 -0.007887 0.014254
v 0.123132 -0.009699 0.013841
v 0.135255 -0.009322 0.013322
v 0.123132 -0.011081 0.012722
v 0.135255 -0.010652 0.012244
v 0.123132 -0.012339 0.011464
v 0.135255 -0.011862 0.011034
v 0.123132 -0.013458 0.010082
v 0.135255 -0.012939 0.009705
v 0.123132 -0.014427 0.008590
v 0.135255 -0.013872 0.008269
v 0.123132 -0.015235 0.007005
v 0.135255 -0.014648 0.006744
v 0.123132 -0.015872 0.005345
v 0.135255 -0.015262 0.005146
v 0.123132 -0.016332 0.003627
v 0.135255 -0.015705 0.003493
v 0.123132 -0.016611 0.001870
v 0.135255 -0.015972 0.001803
v 0.123132 -0.016703 0.000093
v 0.135255 -0.016062 0.000093
v 0.123132 0.017188 0.001870
v 0.135255 0.016550 0.001803
v 0.135255 0.016640 0.000093
v 0.123132 0.017281 0.000093
v 0.123132 0.016910 0.003627
v 0.135255 0.016283 0.003493
v 0.123132 0.016450 0.005345
v 0.135255 0.015839 0.005146
v 0.123132 0.015813 0.007005
v 0.135255 0.015226 0.006744
v 0.123132 0.015005 0.008590
v 0.135255 0.014449 0.008269
v 0.123132 0.014036 0.010082
v 0.135255 0.013518 0.009705
v 0.123132 0.012916 0.011464
v 0.135255 0.012440 0.011034
v 0.123132 0.011659 0.012722
v 0.135255 0.011230 0.012244
v 0.123132 0.010278 0.013841
v 0.135255 0.009900 0.013322
v 0.123132 0.008785 0.014809
v 0.135255 0.008464 0.014254
v 0.123132 0.007200 0.015617
v 0.135255 0.006940 0.015031
v 0.123132 0.005540 0.016254
v 0.135255 0.005341 0.015644
v 0.123132 0.003821 0.016715
v 0.135255 0.003689 0.016087
v 0.123132 0.002065 0.016993
v 0.135255 0.001999 0.016355
v 0.123132 0.002065 -0.016806
v 0.135255 0.001999 -0.016168
v 0.135255 0.000288 -0.016258
v 0.123132 0.000288 -0.016899
v 0.123132 0.003822 -0.016528
v 0.135255 0.003689 -0.015900
v 0.123132 0.005540 -0.016068
v 0.135255 0.005341 -0.015457
v 0.123132 0.007200 -0.015430
v 0.135255 0.006940 -0.014843
v 0.123132 0.008785 -0.014622
v 0.135255 0.008464 -0.014067
v 0.123132 0.010276 -0.013653
v 0.135255 0.009900 -0.013135
v 0.123132 0.011659 -0.012534
v 0.135255 0.011230 -0.012058
v 0.123132 0.012916 -0.011277
v 0.135255 0.012440 -0.010847
v 0.123132 0.014036 -0.009895
v 0.135255 0.013518 -0.009517
v 0.123132 0.015005 -0.008403
v 0.135255 0.014449 -0.008082
v 0.123132 0.015813 -0.006818
v 0.135255 0.015226 -0.006557
v 0.123132 0.016450 -0.005157
v 0.135255 0.015839 -0.004959
v 0.123132 0.016910 -0.003440
v 0.135255 0.016283 -0.003306
v 0.123132 0.017188 -0.001683
v 0.135255 0.016550 -0.001616
v 0.123132 -0.016611 -0.001683
v 0.135255 -0.015972 -0.001616
v 0.123132 -0.016332 -0.003440
v 0.135255 -0.015705 -0.003306
v 0.123132 -0.015872 -0.005158
v 0.135255 -0.015262 -0.004959
v 0.123132 -0.015235 -0.006818
v 0.135255 -0.014648 -0.006557
v 0.123132 -0.014427 -0.008403
v 0.135255 -0.013872 -0.008082
v 0.123132 -0.013458 -0.009894
v 0.135255 -0.012939 -0.009517
v 0.123132 -0.012339 -0.011277
v 0.135255 -0.011862 -0.010847
v 0.123132 -0.011081 -0.012534
v 0.135255 -0.010652 -0.012058
v 0.123132 -0.009699 -0.013653
v 0.135255 -0.009322 -0.013135
v 0.123132 -0.008207 -0.014622
v 0.135255 -0.007887 -0.014067
v 0.123132 -0.006623 -0.015430
v 0.135255 -0.006362 -0.014843
v 0.123132 -0.004962 -0.016068
v 0.135255 -0.004764 -0.015457
v 0.123132 -0.003244 -0.016528
v 0.135255 -0.003110 -0.015900
v 0.123132 -0.001487 -0.016806
v 0.135255 -0.001420 -0.016168
v 0.135255 0.001856 -0.014811
v 0.135255 0.003405 -0.014566
v 0.136821 0.003387 -0.014486
v 0.136821 0.001847 -0.014730
v 0.135255 0.004920 -0.014160
v 0.136821 0.004895 -0.014082
v 0.135255 0.006385 -0.013598
v 0.136821 0.006351 -0.013523
v 0.135255 0.007782 -0.012886
v 0.136821 0.007741 -0.012814
v 0.135255 0.009097 -0.012031
v 0.136821 0.009050 -0.011965
v 0.135255 0.010318 -0.011044
v 0.136821 0.010263 -0.010983
v 0.135255 0.011426 -0.009935
v 0.136821 0.011365 -0.009879
v 0.135255 0.012414 -0.008716
v 0.136821 0.012348 -0.008667
v 0.135255 0.013268 -0.007400
v 0.136821 0.013196 -0.007359
v 0.135255 0.013268 -0.007400
v 0.135255 0.013980 -0.006002
v 0.136821 0.013905 -0.005969
v 0.136821 0.013196 -0.007359
v 0.135255 0.014543 -0.004538
v 0.136821 0.014464 -0.004512
v 0.135255 0.014949 -0.003023
v 0.136821 0.014868 -0.003006
v 0.135255 0.015194 -0.001473
v 0.136821 0.015113 -0.001464
v 0.135255 0.015276 0.000093
v 0.136821 0.015194 0.000093
v 0.135255 0.015194 0.001660
v 0.136821 0.015113 0.001651
v 0.135255 0.014949 0.003210
v 0.136821 0.014868 0.003193
v 0.135255 0.014543 0.004725
v 0.136821 0.014464 0.004699
v 0.135255 0.013980 0.006190
v 0.136821 0.013905 0.006156
v 0.135255 0.013268 0.007587
v 0.136821 0.013196 0.007546
v 0.135255 0.013268 0.007587
v 0.135255 0.012414 0.008903
v 0.136821 0.012348 0.008854
v 0.136821 0.013196 0.007546
v 0.135255 0.011426 0.010122
v 0.136821 0.011365 0.010067
v 0.135255 0.010318 0.011231
v 0.136821 0.010263 0.011170
v 0.135255 0.009097 0.012219
v 0.136821 0.009050 0.012152
v 0.135255 0.007782 0.013073
v 0.136821 0.007741 0.013001
v 0.135255 0.006385 0.013785
v 0.136821 0.006351 0.013710
v 0.135255 0.004920 0.014347
v 0.136821 0.004895 0.014269
v 0.135255 0.003405 0.014753
v 0.136821 0.003387 0.014673
v 0.135255 0.001856 0.014998
v 0.136821 0.001847 0.014917
v 0.135255 0.000288 0.015080
v 0.136821 0.000288 0.014998
v 0.135255 -0.001278 0.014998
v 0.136821 -0.001269 0.014917
v 0.135255 -0.002827 0.014753
v 0.136821 -0.002810 0.014673
v 0.135255 -0.004343 0.014347
v 0.136821 -0.004317 0.014269
v 0.135255 -0.005807 0.013785
v 0.136821 -0.005773 0.013710
v 0.135255 -0.007204 0.013073
v 0.136821 -0.007164 0.013001
v 0.135255 -0.008521 0.012219
v 0.136821 -0.008472 0.012152
v 0.135255 -0.009739 0.011231
v 0.136821 -0.009684 0.011170
v 0.135255 -0.010848 0.010122
v 0.136821 -0.010788 0.010067
v 0.135255 -0.011836 0.008903
v 0.136821 -0.011769 0.008854
v 0.135255 -0.012691 0.007587
v 0.136821 -0.012619 0.007546
v 0.135255 -0.012691 0.007587
v 0.135255 -0.013402 0.006190
v 0.136821 -0.013327 0.006156
v 0.136821 -0.012619 0.007546
v 0.135255 -0.013964 0.004725
v 0.136821 -0.013887 0.004699
v 0.135255 -0.014371 0.003210
v 0.136821 -0.014291 0.003193
v 0.135255 -0.014616 0.001660
v 0.136821 -0.014534 0.001651
v 0.135255 -0.014698 0.000093
v 0.136821 -0.014616 0.000093
v 0.135255 -0.014616 -0.001473
v 0.136821 -0.014534 -0.001464
v 0.135255 -0.014371 -0.003023
v 0.136821 -0.014291 -0.003006
v 0.135255 -0.013964 -0.004538
v 0.136821 -0.013887 -0.004512
v 0.135255 -0.013402 -0.006002
v 0.136821 -0.013327 -0.005969
v 0.135255 -0.012691 -0.007400
v 0.136821 -0.012619 -0.007359
v 0.135255 -0.012691 -0.007400
v 0.135255 -0.011836 -0.008716
v 0.136821 -0.011769 -0.008667
v 0.136821 -0.012619 -0.007359
v 0.135255 -0.010848 -0.009935
v 0.136821 -0.010788 -0.009879
v 0.135255 -0.009739 -0.011044
v 0.136821 -0.009684 -0.010983
v 0.135255 -0.008521 -0.012031
v 0.136821 -0.008472 -0.011965
v 0.135255 -0.007204 -0.012886
v 0.136821 -0.007164 -0.012814
v 0.135255 -0.005807 -0.013598
v 0.136821 -0.005773 -0.013523
v 0.135255 -0.004343 -0.014160
v 0.136821 -0.004317 -0.014082
v 0.135255 -0.002827 -0.014566
v 0.136821 -0.002810 -0.014486
v 0.135255 -0.001278 -0.014811
v 0.136821 -0.001269 -0.014730
v 0.135255 0.000288 -0.014893
v 0.136821 0.000288 -0.014811
v 0.138371 0.003337 -0.014246
v 0.138371 0.001821 -0.014486
v 0.138371 0.004819 -0.013849
v 0.138371 0.006251 -0.013298
v 0.138371 0.007619 -0.012602
v 0.138371 0.008905 -0.011766
v 0.138371 0.010098 -0.010801
v 0.138371 0.011183 -0.009715
v 0.138371 0.012149 -0.008523
v 0.138371 0.012984 -0.007236
v 0.138371 0.013681 -0.005869
v 0.138371 0.012984 -0.007236
v 0.138371 0.014231 -0.004436
v 0.138371 0.014628 -0.002954
v 0.138371 0.014868 -0.001439
v 0.138371 0.014949 0.000093
v 0.138371 0.014868 0.001626
v 0.138371 0.014628 0.003141
v 0.138371 0.014231 0.004623
v 0.138371 0.013681 0.006056
v 0.138371 0.012984 0.007423
v 0.138371 0.012149 0.008710
v 0.138371 0.012984 0.007423
v 0.138371 0.011183 0.009903
v 0.138371 0.010098 0.010988
v 0.138371 0.008905 0.011953
v 0.138371 0.007619 0.012789
v 0.138371 0.006251 0.013485
v 0.138371 0.004819 0.014035
v 0.138371 0.003337 0.014433
v 0.138371 0.001821 0.014673
v 0.138371 0.000288 0.014753
v 0.138371 -0.001244 0.014673
v 0.138371 -0.002759 0.014433
v 0.138371 -0.004242 0.014035
v 0.138371 -0.005674 0.013485
v 0.138371 -0.007041 0.012789
v 0.138371 -0.008328 0.011953
v 0.138371 -0.009521 0.010988
v 0.138371 -0.010606 0.009903
v 0.138371 -0.011571 0.008710
v 0.138371 -0.012407 0.007423
v 0.138371 -0.013103 0.006056
v 0.138371 -0.012407 0.007423
v 0.138371 -0.013653 0.004623
v 0.138371 -0.014051 0.003141
v 0.138371 -0.014291 0.001626
v 0.138371 -0.014371 0.000093
v 0.138371 -0.014291 -0.001439
v 0.138371 -0.014051 -0.002954
v 0.138371 -0.013653 -0.004436
v 0.138371 -0.013103 -0.005869
v 0.138371 -0.012407 -0.007236
v 0.138371 -0.011571 -0.008523
v 0.138371 -0.012407 -0.007236
v 0.138371 -0.010606 -0.009715
v 0.138371 -0.009521 -0.010801
v 0.138371 -0.008328 -0.011766
v 0.138371 -0.007041 -0.012602
v 0.138371 -0.005674 -0.013298
v 0.138371 -0.004242 -0.013849
v 0.138371 -0.002759 -0.014246
v 0.138371 -0.001244 -0.014486
v 0.138371 0.000288 -0.014566
v 0.139886 0.003252 -0.013849
v 0.139886 0.001779 -0.014082
v 0.139886 0.004694 -0.013462
v 0.139886 0.006086 -0.012928
v 0.139886 0.007416 -0.012250
v 0.139886 0.008667 -0.011438
v 0.139886 0.009826 -0.010499
v 0.139886 0.010881 -0.009444
v 0.139886 0.011820 -0.008285
v 0.139886 0.012633 -0.007033
v 0.139886 0.013310 -0.005704
v 0.139886 0.012633 -0.007033
v 0.139886 0.013845 -0.004311
v 0.139886 0.014231 -0.002870
v 0.139886 0.014464 -0.001396
v 0.139886 0.014543 0.000093
v 0.139886 0.014464 0.001583
v 0.139886 0.014231 0.003057
v 0.139886 0.013845 0.004498
v 0.139886 0.013310 0.005891
v 0.139886 0.012633 0.007220
v 0.139886 0.011820 0.008471
v 0.139886 0.012633 0.007220
v 0.139886 0.010881 0.009631
v 0.139886 0.009826 0.010686
v 0.139886 0.008667 0.011625
v 0.139886 0.007416 0.012437
v 0.139886 0.006086 0.013115
v 0.139886 0.004694 0.013649
v 0.139886 0.003252 0.014035
v 0.139886 0.001779 0.014269
v 0.139886 0.000288 0.014347
v 0.139886 -0.001202 0.014269
v 0.139886 -0.002674 0.014035
v 0.139886 -0.004115 0.013649
v 0.139886 -0.005508 0.013115
v 0.139886 -0.006838 0.012437
v 0.139886 -0.008089 0.011625
v 0.139886 -0.009248 0.010686
v 0.139886 -0.010303 0.009631
v 0.139886 -0.011242 0.008471
v 0.139886 -0.012054 0.007220
v 0.139886 -0.012732 0.005891
v 0.139886 -0.012054 0.007220
v 0.139886 -0.013267 0.004498
v 0.139886 -0.013653 0.003057
v 0.139886 -0.013887 0.001583
v 0.139886 -0.013964 0.000093
v 0.139886 -0.013887 -0.001396
v 0.139886 -0.013653 -0.002870
v 0.139886 -0.013267 -0.004311
v 0.139886 -0.012732 -0.005704
v 0.139886 -0.012054 -0.007033
v 0.139886 -0.011242 -0.008285
v 0.139886 -0.012054 -0.007033
v 0.139886 -0.010303 -0.009444
v 0.139886 -0.009248 -0.010499
v 0.139886 -0.008089 -0.011438
v 0.139886 -0.006838 -0.012250
v 0.139886 -0.005508 -0.012928
v 0.139886 -0.004115 -0.013462
v 0.139886 -0.002674 -0.013849
v 0.139886 -0.001202 -0.014082
v 0.139886 0.000288 -0.014160
v 0.141351 0.003136 -0.013298
v 0.141351 0.001720 -0.013523
v 0.141351 0.004520 -0.012928
v 0.141351 0.005857 -0.012414
v 0.141351 0.007135 -0.011764
v 0.141351 0.008336 -0.010983
v 0.141351 0.009450 -0.010081
v 0.141351 0.010464 -0.009068
v 0.141351 0.011365 -0.007954
v 0.141351 0.012146 -0.006752
v 0.141351 0.012796 -0.005475
v 0.141351 0.012146 -0.006752
v 0.141351 0.013310 -0.004137
v 0.141351 0.013681 -0.002753
v 0.141351 0.013905 -0.001337
v 0.141351 0.013980 0.000093
v 0.141351 0.013905 0.001525
v 0.141351 0.013681 0.002940
v 0.141351 0.013310 0.004324
v 0.141351 0.012796 0.005663
v 0.141351 0.012146 0.006939
v 0.141351 0.011365 0.008141
v 0.141351 0.012146 0.006939
v 0.141351 0.010464 0.009255
v 0.141351 0.009450 0.010268
v 0.141351 0.008336 0.011170
v 0.141351 0.007135 0.011950
v 0.141351 0.005857 0.012601
v 0.141351 0.004520 0.013115
v 0.141351 0.003136 0.013485
v 0.141351 0.001720 0.013710
v 0.141351 0.000288 0.013785
v 0.141351 -0.001142 0.013710
v 0.141351 -0.002558 0.013485
v 0.141351 -0.003942 0.013115
v 0.141351 -0.005280 0.012601
v 0.141351 -0.006557 0.011950
v 0.141351 -0.007758 0.011170
v 0.141351 -0.008873 0.010268
v 0.141351 -0.009886 0.009255
v 0.141351 -0.010788 0.008141
v 0.141351 -0.011568 0.006939
v 0.141351 -0.012218 0.005663
v 0.141351 -0.011568 0.006939
v 0.141351 -0.012732 0.004324
v 0.141351 -0.013103 0.002940
v 0.141351 -0.013327 0.001525
v 0.141351 -0.013402 0.000093
v 0.141351 -0.013327 -0.001337
v 0.141351 -0.013103 -0.002753
v 0.141351 -0.012732 -0.004137
v 0.141351 -0.012218 -0.005475
v 0.141351 -0.011568 -0.006752
v 0.141351 -0.010788 -0.007954
v 0.141351 -0.011568 -0.006752
v 0.141351 -0.009886 -0.009068
v 0.141351 -0.008873 -0.010081
v 0.141351 -0.007758 -0.010983
v 0.141351 -0.006557 -0.011764
v 0.141351 -0.005280 -0.012414
v 0.141351 -0.003942 -0.012928
v 0.141351 -0.002558 -0.013298
v 0.141351 -0.001142 -0.013523
v 0.141351 0.000288 -0.013598
v 0.142748 0.002987 -0.012602
v 0.142748 0.001646 -0.012814
v 0.142748 0.004300 -0.012250
v 0.142748 0.005569 -0.011764
v 0.142748 0.006779 -0.011147
v 0.142748 0.007917 -0.010407
v 0.142748 0.008974 -0.009552
v 0.142748 0.009934 -0.008591
v 0.142748 0.010789 -0.007535
v 0.141351 0.011365 -0.007954
v 0.142748 0.011529 -0.006396
v 0.142748 0.010789 -0.007535
v 0.142748 0.012146 -0.005186
v 0.142748 0.012633 -0.003917
v 0.142748 0.012984 -0.002605
v 0.142748 0.013196 -0.001263
v 0.142748 0.013268 0.000093
v 0.142748 0.013196 0.001450
v 0.142748 0.012984 0.002792
v 0.142748 0.012633 0.004104
v 0.142748 0.012146 0.005372
v 0.142748 0.011529 0.006583
v 0.141351 0.011365 0.008141
v 0.142748 0.010789 0.007722
v 0.142748 0.009934 0.008778
v 0.142748 0.010789 0.007722
v 0.142748 0.008974 0.009739
v 0.142748 0.007917 0.010594
v 0.142748 0.006779 0.011334
v 0.142748 0.005569 0.011950
v 0.142748 0.004300 0.012437
v 0.142748 0.002987 0.012789
v 0.142748 0.001646 0.013001
v 0.142748 0.000288 0.013073
v 0.142748 -0.001068 0.013001
v 0.142748 -0.002409 0.012789
v 0.142748 -0.003722 0.012437
v 0.142748 -0.004990 0.011950
v 0.142748 -0.006200 0.011334
v 0.142748 -0.007340 0.010594
v 0.142748 -0.008396 0.009739
v 0.142748 -0.009357 0.008778
v 0.142748 -0.010212 0.007722
v 0.141351 -0.010788 0.008141
v 0.142748 -0.010952 0.006583
v 0.142748 -0.010212 0.007722
v 0.142748 -0.011568 0.005372
v 0.142748 -0.012054 0.004104
v 0.142748 -0.012407 0.002792
v 0.142748 -0.012619 0.001450
v 0.142748 -0.012691 0.000093
v 0.142748 -0.012619 -0.001263
v 0.142748 -0.012407 -0.002605
v 0.142748 -0.012054 -0.003917
v 0.142748 -0.011568 -0.005186
v 0.142748 -0.010952 -0.006396
v 0.141351 -0.010788 -0.007954
v 0.142748 -0.010212 -0.007535
v 0.142748 -0.009357 -0.008591
v 0.142748 -0.010212 -0.007535
v 0.142748 -0.008396 -0.009552
v 0.142748 -0.007340 -0.010407
v 0.142748 -0.006200 -0.011147
v 0.142748 -0.004990 -0.011764
v 0.142748 -0.003722 -0.012250
v 0.142748 -0.002409 -0.012602
v 0.142748 -0.001068 -0.012814
v 0.142748 0.000288 -0.012886
v 0.142748 0.001646 -0.012814
v 0.142748 0.002987 -0.012602
v 0.144064 0.002810 -0.011766
v 0.144064 0.001556 -0.011965
v 0.142748 0.004300 -0.012250
v 0.144064 0.004036 -0.011438
v 0.142748 0.005569 -0.011764
v 0.144064 0.005220 -0.010983
v 0.142748 0.006779 -0.011147
v 0.144064 0.006351 -0.010407
v 0.142748 0.007917 -0.010407
v 0.144064 0.007416 -0.009715
v 0.142748 0.008974 -0.009552
v 0.144064 0.008402 -0.008917
v 0.142748 0.009934 -0.008591
v 0.144064 0.009300 -0.008019
v 0.142748 0.010789 -0.007535
v 0.144064 0.010098 -0.007033
v 0.142748 0.011529 -0.006396
v 0.144064 0.010789 -0.005969
v 0.142748 0.012146 -0.005186
v 0.144064 0.011365 -0.004838
v 0.142748 0.012633 -0.003917
v 0.144064 0.011820 -0.003653
v 0.142748 0.012984 -0.002605
v 0.144064 0.012149 -0.002427
v 0.142748 0.013196 -0.001263
v 0.144064 0.012348 -0.001174
v 0.142748 0.013268 0.000093
v 0.144064 0.012414 0.000093
v 0.142748 0.013196 0.001450
v 0.144064 0.012348 0.001361
v 0.142748 0.012984 0.002792
v 0.144064 0.012149 0.002614
v 0.142748 0.012633 0.004104
v 0.144064 0.011820 0.003841
v 0.142748 0.012146 0.005372
v 0.144064 0.011365 0.005025
v 0.142748 0.011529 0.006583
v 0.144064 0.010789 0.006156
v 0.142748 0.010789 0.007722
v 0.144064 0.010098 0.007220
v 0.142748 0.009934 0.008778
v 0.144064 0.009300 0.008206
v 0.142748 0.008974 0.009739
v 0.144064 0.008402 0.009104
v 0.142748 0.007917 0.010594
v 0.144064 0.007416 0.009903
v 0.142748 0.006779 0.011334
v 0.144064 0.006351 0.010594
v 0.142748 0.005569 0.011950
v 0.144064 0.005220 0.011170
v 0.142748 0.004300 0.012437
v 0.144064 0.004036 0.011625
v 0.142748 0.002987 0.012789
v 0.144064 0.002810 0.011953
v 0.142748 0.001646 0.013001
v 0.144064 0.001556 0.012152
v 0.142748 0.000288 0.013073
v 0.144064 0.000288 0.012219
v 0.142748 -0.001068 0.013001
v 0.144064 -0.000979 0.012152
v 0.142748 -0.002409 0.012789
v 0.144064 -0.002232 0.011953
v 0.142748 -0.003722 0.012437
v 0.144064 -0.003458 0.011625
v 0.142748 -0.004990 0.011950
v 0.144064 -0.004643 0.011170
v 0.142748 -0.006200 0.011334
v 0.144064 -0.005773 0.010594
v 0.142748 -0.007340 0.010594
v 0.144064 -0.006838 0.009903
v 0.142748 -0.008396 0.009739
v 0.144064 -0.007824 0.009104
v 0.142748 -0.009357 0.008778
v 0.144064 -0.008722 0.008206
v 0.142748 -0.010212 0.007722
v 0.144064 -0.009521 0.007220
v 0.142748 -0.010952 0.006583
v 0.144064 -0.010212 0.006156
v 0.142748 -0.011568 0.005372
v 0.144064 -0.010788 0.005025
v 0.142748 -0.012054 0.004104
v 0.144064 -0.011242 0.003841
v 0.142748 -0.012407 0.002792
v 0.144064 -0.011571 0.002614
v 0.142748 -0.012619 0.001450
v 0.144064 -0.011769 0.001361
v 0.142748 -0.012691 0.000093
v 0.144064 -0.011836 0.000093
v 0.142748 -0.012619 -0.001263
v 0.144064 -0.011769 -0.001174
v 0.142748 -0.012407 -0.002605
v 0.144064 -0.011571 -0.002427
v 0.142748 -0.012054 -0.003917
v 0.144064 -0.011242 -0.003653
v 0.142748 -0.011568 -0.005186
v 0.144064 -0.010788 -0.004838
v 0.142748 -0.010952 -0.006396
v 0.144064 -0.010212 -0.005969
v 0.142748 -0.010212 -0.007535
v 0.144064 -0.009521 -0.007033
v 0.142748 -0.009357 -0.008591
v 0.144064 -0.008722 -0.008019
v 0.142748 -0.008396 -0.009552
v 0.144064 -0.007824 -0.008916
v 0.142748 -0.007340 -0.010407
v 0.144064 -0.006838 -0.009715
v 0.142748 -0.006200 -0.011147
v 0.144064 -0.005773 -0.010407
v 0.142748 -0.004990 -0.011764
v 0.144064 -0.004643 -0.010983
v 0.142748 -0.003722 -0.012250
v 0.144064 -0.003458 -0.011438
v 0.142748 -0.002409 -0.012602
v 0.144064 -0.002232 -0.011766
v 0.142748 -0.001068 -0.012814
v 0.144064 -0.000979 -0.011965
v 0.142748 0.000288 -0.012886
v 0.144064 0.000288 -0.012031
v 0.145283 0.002605 -0.010801
v 0.145283 0.001453 -0.010983
v 0.145283 0.003731 -0.010499
v 0.145283 0.004819 -0.010081
v 0.145283 0.005857 -0.009552
v 0.145283 0.006835 -0.008917
v 0.145283 0.007741 -0.008183
v 0.145283 0.008566 -0.007359
v 0.145283 0.009300 -0.006453
v 0.145283 0.009934 -0.005475
v 0.145283 0.010464 -0.004436
v 0.145283 0.010881 -0.003348
v 0.145283 0.011183 -0.002222
v 0.145283 0.011365 -0.001071
v 0.145283 0.011426 0.000093
v 0.145283 0.011365 0.001258
v 0.145283 0.011183 0.002409
v 0.145283 0.010881 0.003535
v 0.145283 0.010464 0.004623
v 0.145283 0.009934 0.005663
v 0.145283 0.009300 0.006640
v 0.145283 0.008566 0.007546
v 0.145283 0.007741 0.008370
v 0.145283 0.006835 0.009104
v 0.145283 0.005857 0.009739
v 0.145283 0.004819 0.010268
v 0.145283 0.003731 0.010686
v 0.145283 0.002605 0.010988
v 0.145283 0.001453 0.011170
v 0.145283 0.000288 0.011231
v 0.145283 -0.000875 0.011170
v 0.145283 -0.002027 0.010988
v 0.145283 -0.003153 0.010686
v 0.145283 -0.004242 0.010268
v 0.145283 -0.005280 0.009739
v 0.145283 -0.006258 0.009104
v 0.145283 -0.007164 0.008370
v 0.145283 -0.007988 0.007546
v 0.145283 -0.008722 0.006640
v 0.145283 -0.009357 0.005663
v 0.145283 -0.009886 0.004623
v 0.145283 -0.010303 0.003535
v 0.145283 -0.010606 0.002409
v 0.145283 -0.010788 0.001258
v 0.145283 -0.010848 0.000093
v 0.145283 -0.010788 -0.001071
v 0.145283 -0.010606 -0.002222
v 0.145283 -0.010303 -0.003348
v 0.145283 -0.009886 -0.004436
v 0.145283 -0.009357 -0.005475
v 0.145283 -0.008722 -0.006453
v 0.145283 -0.007988 -0.007359
v 0.145283 -0.007164 -0.008183
v 0.145283 -0.006258 -0.008916
v 0.145283 -0.005280 -0.009552
v 0.145283 -0.004242 -0.010081
v 0.145283 -0.003153 -0.010499
v 0.145283 -0.002027 -0.010801
v 0.145283 -0.000875 -0.010983
v 0.145283 0.000288 -0.011044
v 0.146392 0.002374 -0.009715
v 0.146392 0.001337 -0.009879
v 0.146392 0.003387 -0.009444
v 0.146392 0.004367 -0.009068
v 0.146392 0.005302 -0.008591
v 0.146392 0.006184 -0.008019
v 0.146392 0.006999 -0.007359
v 0.146392 0.007741 -0.006617
v 0.146392 0.008402 -0.005801
v 0.146392 0.008974 -0.004920
v 0.146392 0.009450 -0.003985
v 0.146392 0.009826 -0.003006
v 0.146392 0.010098 -0.001992
v 0.146392 0.010263 -0.000955
v 0.146392 0.010318 0.000093
v 0.146392 0.010263 0.001142
v 0.146392 0.010098 0.002179
v 0.146392 0.009826 0.003193
v 0.146392 0.009450 0.004173
v 0.146392 0.008974 0.005107
v 0.146392 0.008402 0.005988
v 0.146392 0.007741 0.006804
v 0.146392 0.006999 0.007546
v 0.146392 0.006184 0.008206
v 0.146392 0.005302 0.008778
v 0.146392 0.004367 0.009255
v 0.146392 0.003387 0.009631
v 0.146392 0.002374 0.009903
v 0.146392 0.001337 0.010067
v 0.146392 0.000288 0.010122
v 0.146392 -0.000759 0.010067
v 0.146392 -0.001797 0.009903
v 0.146392 -0.002810 0.009631
v 0.146392 -0.003790 0.009255
v 0.146392 -0.004725 0.008778
v 0.146392 -0.005605 0.008206
v 0.146392 -0.006422 0.007546
v 0.146392 -0.007164 0.006804
v 0.146392 -0.007824 0.005988
v 0.146392 -0.008396 0.005107
v 0.146392 -0.008873 0.004173
v 0.146392 -0.009248 0.003193
v 0.146392 -0.009521 0.002179
v 0.146392 -0.009684 0.001142
v 0.146392 -0.009739 0.000093
v 0.146392 -0.009684 -0.000955
v 0.146392 -0.009521 -0.001992
v 0.146392 -0.009248 -0.003006
v 0.146392 -0.008873 -0.003985
v 0.146392 -0.008396 -0.004920
v 0.146392 -0.007824 -0.005801
v 0.146392 -0.007164 -0.006617
v 0.146392 -0.006422 -0.007359
v 0.146392 -0.005605 -0.008019
v 0.146392 -0.004725 -0.008591
v 0.146392 -0.003790 -0.009068
v 0.146392 -0.002810 -0.009444
v 0.146392 -0.001797 -0.009715
v 0.146392 -0.000759 -0.009879
v 0.146392 0.000288 -0.009935
v 0.147380 0.002120 -0.008523
v 0.147380 0.001210 -0.008667
v 0.147380 0.003011 -0.008285
v 0.147380 0.003872 -0.007954
v 0.147380 0.004694 -0.007535
v 0.147380 0.005466 -0.007033
v 0.147380 0.006184 -0.006453
v 0.147380 0.006835 -0.005801
v 0.147380 0.007416 -0.005084
v 0.147380 0.007917 -0.004311
v 0.147380 0.008336 -0.003490
v 0.147380 0.008667 -0.002629
v 0.147380 0.008905 -0.001738
v 0.147380 0.009050 -0.000827
v 0.147380 0.009097 0.000093
v 0.147380 0.009050 0.001014
v 0.147380 0.008905 0.001925
v 0.147380 0.008667 0.002816
v 0.147380 0.008336 0.003676
v 0.147380 0.007917 0.004498
v 0.147380 0.007416 0.005271
v 0.147380 0.006835 0.005988
v 0.147380 0.006184 0.006640
v 0.147380 0.005466 0.007220
v 0.147380 0.004694 0.007722
v 0.147380 0.003872 0.008141
v 0.147380 0.003011 0.008471
v 0.147380 0.002120 0.008710
v 0.147380 0.001210 0.008854
v 0.147380 0.000288 0.008903
v 0.147380 -0.000632 0.008854
v 0.147380 -0.001543 0.008710
v 0.147380 -0.002433 0.008471
v 0.147380 -0.003294 0.008141
v 0.147380 -0.004115 0.007722
v 0.147380 -0.004889 0.007220
v 0.147380 -0.005605 0.006640
v 0.147380 -0.006258 0.005988
v 0.147380 -0.006838 0.005271
v 0.147380 -0.007340 0.004498
v 0.147380 -0.007758 0.003676
v 0.147380 -0.008089 0.002816
v 0.147380 -0.008328 0.001925
v 0.147380 -0.008472 0.001014
v 0.147380 -0.008521 0.000093
v 0.147380 -0.008472 -0.000827
v 0.147380 -0.008328 -0.001738
v 0.147380 -0.008089 -0.002629
v 0.147380 -0.007758 -0.003490
v 0.147380 -0.007340 -0.004311
v 0.147380 -0.006838 -0.005084
v 0.147380 -0.006258 -0.005801
v 0.147380 -0.005605 -0.006453
v 0.147380 -0.004889 -0.007033
v 0.147380 -0.004115 -0.007535
v 0.147380 -0.003294 -0.007954
v 0.147380 -0.002433 -0.008285
v 0.147380 -0.001543 -0.008523
v 0.147380 -0.000632 -0.008667
v 0.147380 0.000288 -0.008716
v 0.148234 0.001847 -0.007236
v 0.148234 0.001072 -0.007359
v 0.148234 0.002605 -0.007033
v 0.148234 0.003337 -0.006752
v 0.148234 0.004036 -0.006396
v 0.148234 0.004694 -0.005969
v 0.148234 0.005302 -0.005475
v 0.148234 0.005857 -0.004920
v 0.148234 0.006351 -0.004311
v 0.148234 0.006779 -0.003653
v 0.148234 0.007135 -0.002954
v 0.148234 0.007416 -0.002222
v 0.148234 0.007619 -0.001464
v 0.148234 0.007741 -0.000690
v 0.148234 0.007782 0.000093
v 0.148234 0.007741 0.000877
v 0.148234 0.007619 0.001651
v 0.148234 0.007416 0.002409
v 0.148234 0.007135 0.003141
v 0.148234 0.006779 0.003841
v 0.148234 0.006351 0.004498
v 0.148234 0.005857 0.005107
v 0.148234 0.005302 0.005663
v 0.148234 0.004694 0.006156
v 0.148234 0.004036 0.006583
v 0.148234 0.003337 0.006939
v 0.148234 0.002605 0.007220
v 0.148234 0.001847 0.007423
v 0.148234 0.001072 0.007546
v 0.148234 0.000288 0.007587
v 0.148234 -0.000494 0.007546
v 0.148234 -0.001269 0.007423
v 0.148234 -0.002027 0.007220
v 0.148234 -0.002759 0.006939
v 0.148234 -0.003458 0.006583
v 0.148234 -0.004115 0.006156
v 0.148234 -0.004725 0.005663
v 0.148234 -0.005280 0.005107
v 0.148234 -0.005773 0.004498
v 0.148234 -0.006200 0.003841
v 0.148234 -0.006557 0.003141
v 0.148234 -0.006838 0.002409
v 0.148234 -0.007041 0.001651
v 0.148234 -0.007164 0.000877
v 0.148234 -0.007204 0.000093
v 0.148234 -0.007164 -0.000690
v 0.148234 -0.007041 -0.001464
v 0.148234 -0.006838 -0.002222
v 0.148234 -0.006557 -0.002954
v 0.148234 -0.006200 -0.003653
v 0.148234 -0.005773 -0.004311
v 0.148234 -0.005280 -0.004920
v 0.148234 -0.004725 -0.005475
v 0.148234 -0.004115 -0.005969
v 0.148234 -0.003458 -0.006396
v 0.148234 -0.002759 -0.006752
v 0.148234 -0.002027 -0.007033
v 0.148234 -0.001269 -0.007236
v 0.148234 -0.000494 -0.007359
v 0.148234 0.000288 -0.007400
v 0.148946 0.001556 -0.005869
v 0.148946 0.000926 -0.005969
v 0.148946 0.002172 -0.005704
v 0.148946 0.002769 -0.005475
v 0.148946 0.003337 -0.005186
v 0.148946 0.003872 -0.004838
v 0.148946 0.004367 -0.004436
v 0.148946 0.004819 -0.003985
v 0.148946 0.005220 -0.003490
v 0.148946 0.005569 -0.002954
v 0.148946 0.005857 -0.002386
v 0.148946 0.006086 -0.001790
v 0.148946 0.006251 -0.001174
v 0.148946 0.006351 -0.000544
v 0.148946 0.006385 0.000093
v 0.148946 0.006351 0.000731
v 0.148946 0.006251 0.001361
v 0.148946 0.006086 0.001978
v 0.148946 0.005857 0.002573
v 0.148946 0.005569 0.003141
v 0.148946 0.005220 0.003676
v 0.148946 0.004819 0.004173
v 0.148946 0.004367 0.004623
v 0.148946 0.003872 0.005025
v 0.148946 0.003337 0.005372
v 0.148946 0.002769 0.005663
v 0.148946 0.002172 0.005891
v 0.148946 0.001556 0.006056
v 0.148946 0.000926 0.006156
v 0.148946 0.000288 0.006190
v 0.148946 -0.000348 0.006156
v 0.148946 -0.000979 0.006056
v 0.148946 -0.001595 0.005891
v 0.148946 -0.002190 0.005663
v 0.148946 -0.002759 0.005372
v 0.148946 -0.003294 0.005025
v 0.148946 -0.003790 0.004623
v 0.148946 -0.004242 0.004173
v 0.148946 -0.004643 0.003676
v 0.148946 -0.004990 0.003141
v 0.148946 -0.005280 0.002573
v 0.148946 -0.005508 0.001978
v 0.148946 -0.005674 0.001361
v 0.148946 -0.005773 0.000731
v 0.148946 -0.005807 0.000093
v 0.148946 -0.005773 -0.000544
v 0.148946 -0.005674 -0.001174
v 0.148946 -0.005508 -0.001790
v 0.148946 -0.005280 -0.002386
v 0.148946 -0.004990 -0.002954
v 0.148946 -0.004643 -0.003490
v 0.148946 -0.004242 -0.003985
v 0.148946 -0.003790 -0.004436
v 0.148946 -0.003294 -0.004838
v 0.148946 -0.002759 -0.005186
v 0.148946 -0.002190 -0.005475
v 0.148946 -0.001595 -0.005704
v 0.148946 -0.000979 -0.005869
v 0.148946 -0.000348 -0.005969
v 0.148946 0.000288 -0.006002
v 0.149508 0.001252 -0.004436
v 0.149508 0.000773 -0.004512
v 0.149508 0.001720 -0.004311
v 0.149508 0.002172 -0.004137
v 0.149508 0.002605 -0.003917
v 0.149508 0.003011 -0.003653
v 0.149508 0.003387 -0.003348
v 0.149508 0.003731 -0.003006
v 0.149508 0.004036 -0.002629
v 0.149508 0.004300 -0.002222
v 0.149508 0.004520 -0.001790
v 0.149508 0.004694 -0.001337
v 0.149508 0.004819 -0.000869
v 0.149508 0.004895 -0.000391
v 0.149508 0.004920 0.000093
v 0.149508 0.004895 0.000577
v 0.149508 0.004819 0.001056
v 0.149508 0.004694 0.001525
v 0.149508 0.004520 0.001978
v 0.149508 0.004300 0.002409
v 0.149508 0.004036 0.002816
v 0.149508 0.003731 0.003193
v 0.149508 0.003387 0.003535
v 0.149508 0.003011 0.003841
v 0.149508 0.002605 0.004104
v 0.149508 0.002172 0.004324
v 0.149508 0.001720 0.004498
v 0.149508 0.001252 0.004623
v 0.149508 0.000773 0.004699
v 0.149508 0.000288 0.004725
v 0.149508 -0.000195 0.004699
v 0.149508 -0.000674 0.004623
v 0.149508 -0.001142 0.004498
v 0.149508 -0.001595 0.004324
v 0.149508 -0.002027 0.004104
v 0.149508 -0.002433 0.003841
v 0.149508 -0.002810 0.003535
v 0.149508 -0.003153 0.003193
v 0.149508 -0.003458 0.002816
v 0.149508 -0.003722 0.002409
v 0.149508 -0.003942 0.001978
v 0.149508 -0.004115 0.001525
v 0.149508 -0.004242 0.001056
v 0.149508 -0.004317 0.000577
v 0.149508 -0.004343 0.000093
v 0.149508 -0.004317 -0.000391
v 0.149508 -0.004242 -0.000869
v 0.149508 -0.004115 -0.001337
v 0.149508 -0.003942 -0.001790
v 0.149508 -0.003722 -0.002222
v 0.149508 -0.003458 -0.002629
v 0.149508 -0.003153 -0.003006
v 0.149508 -0.002810 -0.003348
v 0.149508 -0.002433 -0.003653
v 0.149508 -0.002027 -0.003917
v 0.149508 -0.001595 -0.004137
v 0.149508 -0.001142 -0.004311
v 0.149508 -0.000674 -0.004436
v 0.149508 -0.000195 -0.004512
v 0.149508 0.000288 -0.004538
v 0.149914 0.000937 -0.002954
v 0.149914 0.000615 -0.003006
v 0.149914 0.001252 -0.002870
v 0.149914 0.001556 -0.002753
v 0.149914 0.001847 -0.002605
v 0.149914 0.002120 -0.002427
v 0.149914 0.002374 -0.002222
v 0.149914 0.002605 -0.001992
v 0.149914 0.002810 -0.001738
v 0.149914 0.002987 -0.001464
v 0.149914 0.003136 -0.001174
v 0.149914 0.003252 -0.000869
v 0.149914 0.003337 -0.000554
v 0.149914 0.003387 -0.000232
v 0.149914 0.003405 0.000093
v 0.149914 0.003387 0.000419
v 0.149914 0.003337 0.000741
v 0.149914 0.003252 0.001056
v 0.149914 0.003136 0.001361
v 0.149914 0.002987 0.001651
v 0.149914 0.002810 0.001925
v 0.149914 0.002605 0.002179
v 0.149914 0.002374 0.002409
v 0.149914 0.002120 0.002614
v 0.149914 0.001847 0.002792
v 0.149914 0.001556 0.002940
v 0.149914 0.001252 0.003057
v 0.149914 0.000937 0.003141
v 0.149914 0.000615 0.003193
v 0.149914 0.000288 0.003210
v 0.149914 -0.000037 0.003193
v 0.149914 -0.000359 0.003141
v 0.149914 -0.000674 0.003057
v 0.149914 -0.000979 0.002940
v 0.149914 -0.001269 0.002792
v 0.149914 -0.001543 0.002614
v 0.149914 -0.001797 0.002409
v 0.149914 -0.002027 0.002179
v 0.149914 -0.002232 0.001925
v 0.149914 -0.002409 0.001651
v 0.149914 -0.002558 0.001361
v 0.149914 -0.002674 0.001056
v 0.149914 -0.002759 0.000741
v 0.149914 -0.002810 0.000419
v 0.149914 -0.002827 0.000093
v 0.149914 -0.002810 -0.000232
v 0.149914 -0.002759 -0.000554
v 0.149914 -0.002674 -0.000869
v 0.149914 -0.002558 -0.001174
v 0.149914 -0.002409 -0.001464
v 0.149914 -0.002232 -0.001738
v 0.149914 -0.002027 -0.001992
v 0.149914 -0.001797 -0.002222
v 0.149914 -0.001543 -0.002427
v 0.149914 -0.001269 -0.002605
v 0.149914 -0.000979 -0.002753
v 0.149914 -0.000674 -0.002870
v 0.149914 -0.000359 -0.002954
v 0.149914 -0.000037 -0.003006
v 0.149914 0.000288 -0.003023
v 0.150160 0.000288 0.000093
v 0.135255 -0.001420 0.016355
v 0.135255 -0.003110 0.016087
v 0.135255 -0.002827 0.014753
v 0.135255 -0.001278 0.014998
v 0.135255 -0.004764 0.015644
v 0.135255 -0.004343 0.014347
v 0.135255 -0.006362 0.015031
v 0.135255 -0.005807 0.013785
v 0.135255 -0.007887 0.014254
v 0.135255 -0.007204 0.013073
v 0.135255 -0.009322 0.013322
v 0.135255 -0.008521 0.012219
v 0.135255 -0.010652 0.012244
v 0.135255 -0.009739 0.011231
v 0.135255 -0.011862 0.011034
v 0.135255 -0.010848 0.010122
v 0.135255 -0.012939 0.009705
v 0.135255 -0.011836 0.008903
v 0.135255 -0.013872 0.008269
v 0.135255 -0.012691 0.007587
v 0.135255 -0.014648 0.006744
v 0.135255 -0.013402 0.006190
v 0.135255 -0.015262 0.005146
v 0.135255 -0.013964 0.004725
v 0.135255 -0.015705 0.003493
v 0.135255 -0.014371 0.003210
v 0.135255 -0.015972 0.001803
v 0.135255 -0.014616 0.001660
v 0.135255 -0.016062 0.000093
v 0.135255 -0.014698 0.000093
v 0.135255 -0.015972 -0.001616
v 0.135255 -0.014616 -0.001473
v 0.135255 -0.015705 -0.003306
v 0.135255 -0.014371 -0.003023
v 0.135255 -0.015262 -0.004959
v 0.135255 -0.013964 -0.004538
v 0.135255 -0.014648 -0.006557
v 0.135255 -0.013402 -0.006002
v 0.135255 -0.013872 -0.008082
v 0.135255 -0.012691 -0.007400
v 0.135255 -0.012939 -0.009517
v 0.135255 -0.011836 -0.008716
v 0.135255 -0.011862 -0.010847
v 0.135255 -0.010848 -0.009935
v 0.135255 -0.010652 -0.012058
v 0.135255 -0.009739 -0.011044
v 0.135255 -0.009322 -0.013135
v 0.135255 -0.008521 -0.012031
v 0.135255 -0.007887 -0.014067
v 0.135255 -0.007204 -0.012886
v 0.135255 -0.006362 -0.014843
v 0.135255 -0.005807 -0.013598
v 0.135255 -0.004764 -0.015457
v 0.135255 -0.004343 -0.014160
v 0.135255 -0.003110 -0.015900
v 0.135255 -0.002827 -0.014566
v 0.135255 -0.001420 -0.016168
v 0.135255 -0.001278 -0.014811
v 0.135255 0.000288 -0.016258
v 0.135255 0.000288 -0.014893
v 0.135255 0.001999 -0.016168
v 0.135255 0.001856 -0.014811
v 0.135255 0.003689 -0.015900
v 0.135255 0.003405 -0.014566
v 0.135255 0.005341 -0.015457
v 0.135255 0.004920 -0.014160
v 0.135255 0.006940 -0.014843
v 0.135255 0.006385 -0.013598
v 0.135255 0.008464 -0.014067
v 0.135255 0.007782 -0.012886
v 0.135255 0.009900 -0.013135
v 0.135255 0.009097 -0.012031
v 0.135255 0.011230 -0.012058
v 0.135255 0.010318 -0.011044
v 0.135255 0.012440 -0.010847
v 0.135255 0.011426 -0.009935
v 0.135255 0.013518 -0.009517
v 0.135255 0.012414 -0.008716
v 0.135255 0.014449 -0.008082
v 0.135255 0.013268 -0.007400
v 0.135255 0.015226 -0.006557
v 0.135255 0.013980 -0.006002
v 0.135255 0.015839 -0.004959
v 0.135255 0.014543 -0.004538
v 0.135255 0.016283 -0.003306
v 0.135255 0.014949 -0.003023
v 0.135255 0.016550 -0.001616
v 0.135255 0.015194 -0.001473
v 0.135255 0.016640 0.000093
v 0.135255 0.015276 0.000093
v 0.135255 0.016550 0.001803
v 0.135255 0.015194 0.001660
v 0.135255 0.016283 0.003493
v 0.135255 0.014949 0.003210
v 0.135255 0.015839 0.005146
v 0.135255 0.014543 0.004725
v 0.135255 0.015226 0.006744
v 0.135255 0.013980 0.006190
v 0.135255 0.014449 0.008269
v 0.135255 0.013268 0.007587
v 0.135255 0.013518 0.009705
v 0.135255 0.012414 0.008903
v 0.135255 0.012440 0.011034
v 0.135255 0.011426 0.010122
v 0.135255 0.011230 0.012244
v 0.135255 0.010318 0.011231
v 0.135255 0.009900 0.013322
v 0.135255 0.009097 0.012219
v 0.135255 0.008464 0.014254
v 0.135255 0.007782 0.013073
v 0.135255 0.006940 0.015031
v 0.135255 0.006385 0.013785
v 0.135255 0.005341 0.015644
v 0.135255 0.004920 0.014347
v 0.135255 0.003689 0.016087
v 0.135255 0.003405 0.014753
v 0.135255 0.001999 0.016355
v 0.135255 0.001856 0.014998
v 0.135255 0.000288 0.016444
v 0.135255 0.000288 0.015080
v -0.066797 0.007210 0.015639
v -0.053145 0.007210 0.015639
v -0.053145 0.008797 0.014831
v -0.066797 0.008797 0.014831
v -0.053145 0.010291 0.013861
v -0.066797 0.010291 0.013861
v -0.053145 0.011675 0.012740
v -0.066797 0.011675 0.012740
v -0.053145 0.012935 0.011480
v -0.066797 0.012935 0.011480
v -0.053145 0.014056 0.010096
v -0.066797 0.014056 0.010096
v -0.053145 0.015026 0.008602
v -0.066797 0.015026 0.008602
v -0.053145 0.015835 0.007015
v -0.066797 0.015835 0.007015
v -0.053145 0.016473 0.005352
v -0.066797 0.016473 0.005352
v -0.053145 0.016934 0.003632
v -0.066797 0.016934 0.003632
v -0.053145 0.017213 0.001873
v -0.066797 0.017213 0.001873
v -0.053145 0.017306 0.000093
v -0.066797 0.017306 0.000093
v -0.053145 0.017213 -0.001685
v -0.066797 0.017213 -0.001685
v -0.053145 0.016934 -0.003445
v -0.066797 0.016934 -0.003445
v -0.053145 0.016473 -0.005165
v -0.066797 0.016473 -0.005165
v -0.053145 0.015835 -0.006828
v -0.066797 0.015835 -0.006828
v -0.053145 0.015026 -0.008415
v -0.066797 0.015026 -0.008415
v -0.053145 0.014056 -0.009909
v -0.066797 0.014056 -0.009909
v -0.053145 0.012935 -0.011293
v -0.066797 0.012935 -0.011293
v -0.053145 0.011675 -0.012553
v -0.066797 0.011675 -0.012553
v -0.053145 0.010291 -0.013673
v -0.066797 0.010291 -0.013673
v -0.053145 0.008797 -0.014644
v -0.066797 0.008797 -0.014644
v -0.053145 0.007210 -0.015453
v -0.066797 0.007210 -0.015453
v -0.053145 0.005547 -0.016091
v -0.066797 0.005547 -0.016091
v -0.053145 0.003827 -0.016551
v -0.066797 0.003827 -0.016551
v -0.053145 0.002067 -0.016830
v -0.066797 0.002067 -0.016830
v -0.053145 0.000288 -0.016924
v -0.066797 0.000288 -0.016924
v -0.066797 0.000288 -0.016924
v -0.053145 0.000288 -0.016924
v -0.053145 -0.001490 -0.016830
v -0.066797 -0.001490 -0.016830
v -0.053145 -0.003249 -0.016553
v -0.066797 -0.003249 -0.016553
v -0.053145 -0.004969 -0.016091
v -0.066797 -0.004969 -0.016091
v -0.053145 -0.006633 -0.015453
v -0.066797 -0.006633 -0.015453
v -0.053145 -0.008219 -0.014644
v -0.066797 -0.008219 -0.014644
v -0.053145 -0.009713 -0.013673
v -0.066797 -0.009713 -0.013673
v -0.053145 -0.011098 -0.012553
v -0.066797 -0.011098 -0.012553
v -0.053145 -0.012357 -0.011293
v -0.066797 -0.012357 -0.011293
v -0.053145 -0.013478 -0.009909
v -0.066797 -0.013478 -0.009909
v -0.053145 -0.014448 -0.008415
v -0.066797 -0.014448 -0.008415
v -0.053145 -0.015257 -0.006828
v -0.066797 -0.015257 -0.006828
v -0.053145 -0.015896 -0.005165
v -0.066797 -0.015896 -0.005165
v -0.053145 -0.016356 -0.003445
v -0.066797 -0.016356 -0.003445
v -0.053145 -0.016635 -0.001685
v -0.066797 -0.016635 -0.001685
v -0.053145 -0.016728 0.000093
v -0.066797 -0.016728 0.000093
v -0.053145 -0.016635 0.001873
v -0.066797 -0.016635 0.001873
v -0.053145 -0.016357 0.003632
v -0.066797 -0.016357 0.003632
v -0.053145 -0.015896 0.005352
v -0.066797 -0.015896 0.005352
v -0.053145 -0.015257 0.007015
v -0.066797 -0.015257 0.007015
v -0.053145 -0.014448 0.008602
v -0.066797 -0.014448 0.008602
v -0.053145 -0.013478 0.010096
v -0.066797 -0.013478 0.010096
v -0.053145 -0.012357 0.011480
v -0.066797 -0.012357 0.011480
v -0.053145 -0.011098 0.012740
v -0.066797 -0.011098 0.012740
v -0.053145 -0.009713 0.013861
v -0.066797 -0.009713 0.013861
v -0.053145 -0.008219 0.014831
v -0.066797 -0.008219 0.014831
v -0.053145 -0.006633 0.015639
v -0.066797 -0.006633 0.015639
v -0.066797 -0.004969 0.016278
v -0.066797 -0.003249 0.016739
v -0.066797 -0.001490 0.017018
v -0.066797 0.000288 0.017110
v -0.066797 0.002067 0.017018
v -0.066797 0.003827 0.016739
v -0.066797 0.005547 0.016278
v 0.077577 0.000288 0.019490
v 0.066378 0.000288 0.019490
v 0.066378 -0.002028 0.019490
v 0.077577 -0.002028 0.019490
v 0.077577 0.002606 0.019490
v 0.066378 0.002606 0.019490
v 0.077577 0.004027 0.019490
v 0.066378 0.004027 0.019490
v 0.066378 0.003816 0.017494
v 0.077577 0.003817 0.017494
v 0.077577 0.005532 0.016859
v 0.066378 0.005532 0.016859
v 0.077577 0.007137 0.016117
v 0.066378 0.007137 0.016117
v 0.066378 0.007210 0.015639
v 0.077577 0.007210 0.015639
v 0.077577 0.008797 0.014831
v 0.066378 0.008797 0.014831
v 0.077577 0.010291 0.013861
v 0.066378 0.010291 0.013861
v 0.077577 0.011675 0.012740
v 0.066378 0.011675 0.012740
v 0.077577 0.012935 0.011480
v 0.066378 0.012935 0.011480
v 0.077577 0.014056 0.010096
v 0.066378 0.014056 0.010096
v 0.077577 0.015026 0.008602
v 0.066378 0.015026 0.008602
v 0.077577 0.015835 0.007015
v 0.066378 0.015835 0.007015
v 0.077577 0.016473 0.005352
v 0.066378 0.016473 0.005352
v 0.077577 0.016934 0.003632
v 0.066378 0.016934 0.003632
v 0.077577 0.017213 0.001873
v 0.066378 0.017213 0.001873
v 0.077577 0.017306 0.000093
v 0.066378 0.017306 0.000093
v 0.077577 0.017213 -0.001685
v 0.066378 0.017213 -0.001685
v 0.077577 0.016934 -0.003445
v 0.066378 0.016934 -0.003445
v 0.077577 0.016473 -0.005165
v 0.066378 0.016473 -0.005165
v 0.077577 0.015835 -0.006828
v 0.066378 0.015835 -0.006828
v 0.077577 0.015026 -0.008415
v 0.066378 0.015026 -0.008415
v 0.077577 0.014056 -0.009909
v 0.066378 0.014056 -0.009909
v 0.077577 0.012935 -0.011293
v 0.066378 0.012935 -0.011293
v 0.077577 0.011675 -0.012553
v 0.066378 0.011675 -0.012553
v 0.077577 0.010291 -0.013673
v 0.066378 0.010291 -0.013673
v 0.077577 0.008797 -0.014644
v 0.066378 0.008797 -0.014644
v 0.077577 0.007210 -0.015453
v 0.066378 0.007210 -0.015453
v 0.077577 0.005547 -0.016091
v 0.066378 0.005547 -0.016091
v 0.077577 0.003827 -0.016551
v 0.066378 0.003827 -0.016551
v 0.077577 0.002067 -0.016830
v 0.066378 0.002067 -0.016830
v 0.077577 0.000288 -0.016924
v 0.066378 0.000288 -0.016924
v 0.077577 -0.001490 -0.016830
v 0.066378 -0.001490 -0.016830
v 0.077577 -0.003249 -0.016553
v 0.066378 -0.003249 -0.016553
v 0.077577 -0.004969 -0.016091
v 0.066378 -0.004969 -0.016091
v 0.077577 -0.006633 -0.015453
v 0.066378 -0.006633 -0.015453
v 0.077577 -0.008219 -0.014644
v 0.066378 -0.008219 -0.014644
v 0.077577 -0.009713 -0.013673
v 0.066378 -0.009713 -0.013673
v 0.077577 -0.011098 -0.012553
v 0.066378 -0.011098 -0.012553
v 0.077577 -0.012357 -0.011293
v 0.066378 -0.012357 -0.011293
v 0.077577 -0.013478 -0.009909
v 0.066378 -0.013478 -0.009909
v 0.077577 -0.014448 -0.008415
v 0.066378 -0.014448 -0.008415
v 0.077577 -0.015257 -0.006828
v 0.066378 -0.015257 -0.006828
v 0.077577 -0.015896 -0.005165
v 0.066378 -0.015896 -0.005165
v 0.077577 -0.016356 -0.003445
v 0.066378 -0.016356 -0.003445
v 0.077577 -0.016635 -0.001685
v 0.066378 -0.016635 -0.001685
v 0.077577 -0.016728 0.000093
v 0.066378 -0.016728 0.000093
v 0.077577 -0.016635 0.001873
v 0.066378 -0.016635 0.001873
v 0.077577 -0.016357 0.003632
v 0.066378 -0.016357 0.003632
v 0.077577 -0.015896 0.005352
v 0.066378 -0.015896 0.005352
v 0.077577 -0.015257 0.007015
v 0.066378 -0.015257 0.007015
v 0.077577 -0.014448 0.008602
v 0.066378 -0.014448 0.008602
v 0.077577 -0.013478 0.010096
v 0.066378 -0.013478 0.010096
v 0.077577 -0.012357 0.011480
v 0.066378 -0.012357 0.011480
v 0.077577 -0.011098 0.012740
v 0.066378 -0.011098 0.012740
v 0.077577 -0.009713 0.013861
v 0.066378 -0.009713 0.013861
v 0.077577 -0.008219 0.014831
v 0.066378 -0.008219 0.014831
v 0.077577 -0.006633 0.015639
v 0.066378 -0.006633 0.015639
v 0.066378 -0.006560 0.016117
v 0.077577 -0.006560 0.016117
v 0.077577 -0.004955 0.016859
v 0.066378 -0.004955 0.016859
v 0.077577 -0.003239 0.017494
v 0.066378 -0.003239 0.017494
v 0.066378 -0.003449 0.019490
v 0.077577 -0.003449 0.019490
v -0.053709 0.002067 0.017018
v -0.053709 0.000288 0.017110
v 0.066378 0.000288 0.017110
v 0.066378 0.002067 0.017018
v -0.053709 0.003827 0.016739
v 0.066378 0.003827 0.016739
v -0.053709 0.005547 0.016278
v 0.066378 0.005547 0.016278
v -0.053145 0.007210 0.015639
v 0.066378 0.007210 0.015639
v -0.053145 0.008797 0.014831
v 0.066378 0.008797 0.014831
v -0.053145 0.010291 0.013861
v 0.066378 0.010291 0.013861
v -0.053145 0.011675 0.012740
v 0.066378 0.011675 0.012740
v -0.053145 0.012935 0.011480
v 0.066378 0.012935 0.011480
v -0.053145 0.014056 0.010096
v 0.066378 0.014056 0.010096
v -0.053145 0.015026 0.008602
v 0.066378 0.015026 0.008602
v -0.053145 0.015835 0.007015
v 0.066378 0.015835 0.007015
v -0.053145 0.016473 0.005352
v 0.066378 0.016473 0.005352
v -0.053145 0.016934 0.003632
v 0.066378 0.016934 0.003632
v -0.053145 0.017213 0.001873
v 0.066378 0.017213 0.001873
v -0.053145 0.017306 0.000093
v 0.066378 0.017306 0.000093
v -0.053145 0.017213 -0.001685
v 0.066378 0.017213 -0.001685
v -0.053145 0.016934 -0.003445
v 0.066378 0.016934 -0.003445
v -0.053145 0.016473 -0.005165
v 0.066378 0.016473 -0.005165
v -0.053145 0.015835 -0.006828
v 0.066378 0.015835 -0.006828
v -0.053145 0.015026 -0.008415
v 0.066378 0.015026 -0.008415
v -0.053145 0.014056 -0.009909
v 0.066378 0.014056 -0.009909
v -0.053145 0.012935 -0.011293
v 0.066378 0.012935 -0.011293
v -0.053145 0.011675 -0.012553
v 0.066378 0.011675 -0.012553
v -0.053145 0.010291 -0.013673
v 0.066378 0.010291 -0.013673
v -0.053145 0.008797 -0.014644
v 0.066378 0.008797 -0.014644
v -0.053145 0.007210 -0.015453
v 0.066378 0.007210 -0.015453
v -0.053145 0.005547 -0.016091
v 0.066378 0.005547 -0.016091
v -0.053145 0.003827 -0.016551
v 0.066378 0.003827 -0.016551
v -0.053145 0.002067 -0.016830
v 0.066378 0.002067 -0.016830
v -0.053145 0.000288 -0.016924
v 0.066378 0.000288 -0.016924
v -0.053145 -0.001490 -0.016830
v -0.053145 0.000288 -0.016924
v 0.066378 0.000288 -0.016924
v 0.066378 -0.001490 -0.016830
v -0.053145 -0.003249 -0.016553
v 0.066378 -0.003249 -0.016553
v -0.053145 -0.004969 -0.016091
v 0.066378 -0.004969 -0.016091
v -0.053145 -0.006633 -0.015453
v 0.066378 -0.006633 -0.015453
v -0.053145 -0.008219 -0.014644
v 0.066378 -0.008219 -0.014644
v -0.053145 -0.009713 -0.013673
v 0.066378 -0.009713 -0.013673
v -0.053145 -0.011098 -0.012553
v 0.066378 -0.011098 -0.012553
v -0.053145 -0.012357 -0.011293
v 0.066378 -0.012357 -0.011293
v -0.053145 -0.013478 -0.009909
v 0.066378 -0.013478 -0.009909
v -0.053145 -0.014448 -0.008415
v 0.066378 -0.014448 -0.008415
v -0.053145 -0.015257 -0.006828
v 0.066378 -0.015257 -0.006828
v -0.053145 -0.015896 -0.005165
v 0.066378 -0.015896 -0.005165
v -0.053145 -0.016356 -0.003445
v 0.066378 -0.016356 -0.003445
v -0.053145 -0.016635 -0.001685
v 0.066378 -0.016635 -0.001685
v -0.053145 -0.016728 0.000093
v 0.066378 -0.016728 0.000093
v -0.053145 -0.016635 0.001873
v 0.066378 -0.016635 0.001873
v -0.053145 -0.016357 0.003632
v 0.066378 -0.016357 0.003632
v -0.053145 -0.015896 0.005352
v 0.066378 -0.015896 0.005352
v -0.053145 -0.015257 0.007015
v 0.066378 -0.015257 0.007015
v -0.053145 -0.014448 0.008602
v 0.066378 -0.014448 0.008602
v -0.053145 -0.013478 0.010096
v 0.066378 -0.013478 0.010096
v -0.053145 -0.012357 0.011480
v 0.066378 -0.012357 0.011480
v -0.053145 -0.011098 0.012740
v 0.066378 -0.011098 0.012740
v -0.053145 -0.009713 0.013861
v 0.066378 -0.009713 0.013861
v -0.053145 -0.008219 0.014831
v 0.066378 -0.008219 0.014831
v -0.053145 -0.006633 0.015639
v 0.066378 -0.006633 0.015639
v -0.053709 -0.004969 0.016278
v 0.066378 -0.004969 0.016278
v -0.053709 -0.003249 0.016739
v 0.066378 -0.003249 0.016739
v -0.053709 -0.001490 0.017018
v 0.066378 -0.001490 0.017018
v 0.077577 0.002067 0.017018
v 0.077577 0.000288 0.017110
v 0.077577 0.003827 0.016739
v 0.077577 0.005547 0.016278
v 0.077577 -0.004969 0.016278
v 0.077577 -0.003249 0.016739
v 0.077577 -0.001490 0.017018
v 0.077577 0.000288 0.017110
v 0.084571 0.000288 0.017110
v 0.066378 0.000288 0.017110
v 0.066378 -0.001490 0.017018
v 0.066378 -0.001485 0.017494
v 0.066378 0.000288 0.017494
v 0.077577 -0.001490 0.017018
v 0.077577 0.000288 0.017110
v 0.077577 0.000288 0.017494
v 0.077577 -0.001485 0.017494
v 0.077577 0.002067 0.017018
v 0.077577 0.002062 0.017494
v 0.066378 0.002067 0.017018
v 0.066378 0.002062 0.017494
v 0.077577 0.003827 0.016739
v 0.077577 0.003817 0.017494
v 0.066378 0.003827 0.016739
v 0.066378 0.003816 0.017494
v 0.077577 0.005547 0.016278
v 0.077577 0.005532 0.016859
v 0.066378 0.005547 0.016278
v 0.066378 0.005532 0.016859
v 0.077577 0.007210 0.015639
v 0.077577 0.007137 0.016117
v 0.077577 0.007210 0.015639
v 0.066378 0.007210 0.015639
v 0.066378 0.007137 0.016117
v 0.077577 0.007137 0.016117
v 0.066378 0.007210 0.015639
v 0.066378 0.007137 0.016117
v 0.066378 -0.006633 0.015639
v 0.077577 -0.006633 0.015639
v 0.077577 -0.006560 0.016117
v 0.066378 -0.006560 0.016117
v 0.077577 -0.006633 0.015639
v 0.077577 -0.004969 0.016278
v 0.077577 -0.004955 0.016859
v 0.077577 -0.006560 0.016117
v 0.066378 -0.004969 0.016278
v 0.066378 -0.006633 0.015639
v 0.066378 -0.006560 0.016117
v 0.066378 -0.004955 0.016859
v 0.077577 -0.003249 0.016739
v 0.077577 -0.003239 0.017494
v 0.066378 -0.003249 0.016739
v 0.066378 -0.003239 0.017494
v 0.066378 0.000288 0.017494
v 0.066378 -0.001485 0.017494
v 0.066378 -0.001485 0.018127
v 0.066378 0.000288 0.018127
v 0.077577 -0.001485 0.017494
v 0.077577 0.000288 0.018127
v 0.077577 -0.001485 0.018127
v 0.077577 0.002062 0.017494
v 0.077577 0.002062 0.018127
v 0.066378 0.002062 0.017494
v 0.066378 0.002062 0.018127
v 0.077577 0.003817 0.018127
v 0.077577 0.002062 0.018127
v 0.077577 0.003817 0.017494
v 0.066378 0.003816 0.017494
v 0.066378 0.003816 0.018127
v 0.077577 0.003817 0.018127
v 0.066378 0.003816 0.017494
v 0.066378 0.002062 0.018127
v 0.066378 0.003816 0.018127
v 0.066378 -0.003239 0.017494
v 0.077577 -0.003239 0.017494
v 0.077577 -0.003239 0.018127
v 0.066378 -0.003239 0.018127
v 0.077577 -0.003239 0.017494
v 0.077577 -0.001485 0.018127
v 0.077577 -0.003239 0.018127
v 0.066378 -0.003239 0.017494
v 0.066378 -0.003239 0.018127
v 0.066378 0.000288 0.018808
v 0.066378 -0.001757 0.018808
v 0.066378 -0.001873 0.019102
v 0.066378 0.000288 0.019102
v 0.077577 -0.001873 0.019102
v 0.077577 0.000288 0.019102
v 0.077577 0.000288 0.019378
v 0.077577 -0.001983 0.019378
v 0.077577 0.002451 0.019102
v 0.077577 0.002561 0.019378
v 0.066378 0.002334 0.018808
v 0.066378 0.002451 0.019102
v 0.077577 0.003817 0.018127
v 0.066378 0.003816 0.018127
v 0.066378 0.004356 0.018808
v 0.077577 0.004356 0.018808
v 0.066378 -0.003239 0.018127
v 0.077577 -0.003239 0.018127
v 0.077577 -0.003779 0.018808
v 0.066378 -0.003779 0.018808
v 0.077577 0.004312 0.019378
v 0.066378 0.004312 0.019378
v 0.077577 0.004312 0.019378
v 0.077577 0.004446 0.019102
v 0.066378 0.004446 0.019102
v 0.066378 0.004312 0.019378
v 0.077577 0.004446 0.019102
v 0.066378 0.004446 0.019102
v 0.077577 -0.003869 0.019102
v 0.066378 -0.003869 0.019102
v 0.077577 -0.003869 0.019102
v 0.077577 -0.003735 0.019378
v 0.066378 -0.003735 0.019378
v 0.066378 -0.003869 0.019102
v 0.077577 -0.003735 0.019378
v 0.066378 -0.003735 0.019378
v 0.077577 0.004446 0.019102
v 0.077577 0.004312 0.019378
v 0.066378 0.004356 0.018808
v 0.066378 0.004446 0.019102
v 0.077577 -0.003869 0.019102
v 0.077577 -0.003735 0.019378
v 0.066378 -0.003869 0.019102
v 0.066378 -0.003779 0.018808
v 0.077577 -0.001757 0.018808
v 0.077577 -0.003779 0.018808
v 0.077577 0.000288 0.018127
v 0.077577 0.000288 0.018808
v 0.077577 0.000288 0.018127
v 0.077577 0.002334 0.018808
v 0.077577 0.004356 0.018808
v 0.077577 0.004027 0.019490
v 0.077577 0.002606 0.019490
v 0.077577 0.000288 0.019490
v 0.077577 0.000288 0.019490
v 0.077577 -0.002028 0.019490
v 0.077577 -0.003449 0.019490
v 0.066378 0.000288 0.018127
v 0.066378 -0.003449 0.019490
v 0.066378 -0.002028 0.019490
v 0.066378 -0.001983 0.019378
v 0.066378 -0.003735 0.019378
v 0.066378 0.000288 0.019378
v 0.066378 0.000288 0.019490
v 0.066378 0.002561 0.019378
v 0.066378 0.000288 0.019490
v 0.066378 0.002606 0.019490
v 0.066378 0.004312 0.019378
v 0.066378 0.004027 0.019490
v -0.053709 0.000288 0.019490
v -0.067199 0.000288 0.019490
v -0.067199 -0.002028 0.019490
v -0.053709 -0.002028 0.019490
v -0.053709 0.002606 0.019490
v -0.067199 0.002606 0.019490
v -0.053709 0.004027 0.019490
v -0.067199 0.004027 0.019490
v -0.067199 0.003816 0.017494
v -0.053709 0.003817 0.017494
v -0.053709 0.005532 0.016859
v -0.067199 0.005532 0.016859
v -0.053709 0.007137 0.016117
v -0.067199 0.007137 0.016117
v -0.067199 -0.006560 0.016117
v -0.053709 -0.006560 0.016117
v -0.053709 -0.004955 0.016859
v -0.067199 -0.004955 0.016859
v -0.053709 -0.003239 0.017494
v -0.067199 -0.003239 0.017494
v -0.067199 -0.003449 0.019490
v -0.053709 -0.003449 0.019490
v -0.066797 0.000288 0.017110
v -0.066797 -0.001490 0.017018
v -0.067199 -0.001485 0.017494
v -0.067199 0.000288 0.017494
v -0.053709 -0.001490 0.017018
v -0.053709 0.000288 0.017110
v -0.053709 0.000288 0.017494
v -0.053709 -0.001485 0.017494
v -0.053709 0.002067 0.017018
v -0.053709 0.002062 0.017494
v -0.066797 0.002067 0.017018
v -0.067199 0.002062 0.017494
v -0.053709 0.003827 0.016739
v -0.053709 0.003817 0.017494
v -0.066797 0.003827 0.016739
v -0.067199 0.003816 0.017494
v -0.053709 0.005547 0.016278
v -0.053709 0.005532 0.016859
v -0.066797 0.005547 0.016278
v -0.067199 0.005532 0.016859
v -0.053145 0.007210 0.015639
v -0.053709 0.007137 0.016117
v -0.053145 0.007210 0.015639
v -0.066797 0.007210 0.015639
v -0.067199 0.007137 0.016117
v -0.053709 0.007137 0.016117
v -0.066797 0.007210 0.015639
v -0.067199 0.007137 0.016117
v -0.066797 -0.006633 0.015639
v -0.053145 -0.006633 0.015639
v -0.053709 -0.006560 0.016117
v -0.067199 -0.006560 0.016117
v -0.053145 -0.006633 0.015639
v -0.053709 -0.004969 0.016278
v -0.053709 -0.004955 0.016859
v -0.053709 -0.006560 0.016117
v -0.066797 -0.004969 0.016278
v -0.066797 -0.006633 0.015639
v -0.067199 -0.006560 0.016117
v -0.067199 -0.004955 0.016859
v -0.053709 -0.003249 0.016739
v -0.053709 -0.003239 0.017494
v -0.066797 -0.003249 0.016739
v -0.067199 -0.003239 0.017494
v -0.067199 0.000288 0.017494
v -0.067199 -0.001485 0.017494
v -0.067199 -0.001485 0.018127
v -0.067199 0.000288 0.018127
v -0.053709 -0.001485 0.017494
v -0.053709 0.000288 0.018127
v -0.053709 -0.001485 0.018127
v -0.053709 0.002062 0.017494
v -0.053709 0.002062 0.018127
v -0.067199 0.002062 0.017494
v -0.067199 0.002062 0.018127
v -0.053709 0.003817 0.017494
v -0.053709 0.003817 0.018127
v -0.053709 0.002062 0.018127
v -0.053709 0.003817 0.017494
v -0.067199 0.003816 0.017494
v -0.067199 0.003816 0.018127
v -0.053709 0.003817 0.018127
v -0.067199 0.003816 0.017494
v -0.067199 0.002062 0.018127
v -0.067199 0.003816 0.018127
v -0.067199 -0.003239 0.017494
v -0.053709 -0.003239 0.017494
v -0.053709 -0.003239 0.018127
v -0.067199 -0.003239 0.018127
v -0.053709 -0.001485 0.018127
v -0.053709 -0.003239 0.018127
v -0.067199 -0.003239 0.017494
v -0.067199 -0.003239 0.018127
v -0.067199 0.000288 0.018808
v -0.067199 -0.001757 0.018808
v -0.067199 -0.001873 0.019102
v -0.067199 0.000288 0.019102
v -0.053709 -0.001873 0.019102
v -0.053709 0.000288 0.019102
v -0.053709 0.000288 0.019378
v -0.053709 -0.001983 0.019378
v -0.053709 0.002451 0.019102
v -0.053709 0.002561 0.019378
v -0.053709 0.000288 0.019378
v -0.067199 0.002334 0.018808
v -0.067199 0.002451 0.019102
v -0.053709 0.003817 0.018127
v -0.067199 0.003816 0.018127
v -0.067199 0.004356 0.018808
v -0.053709 0.004356 0.018808
v -0.067199 -0.003239 0.018127
v -0.053709 -0.003239 0.018127
v -0.053709 -0.003779 0.018808
v -0.067199 -0.003779 0.018808
v -0.053709 0.004312 0.019378
v -0.067199 0.004312 0.019378
v -0.053709 0.004312 0.019378
v -0.053709 0.004446 0.019102
v -0.067199 0.004446 0.019102
v -0.067199 0.004312 0.019378
v -0.053709 0.004446 0.019102
v -0.067199 0.004446 0.019102
v -0.053709 -0.003869 0.019102
v -0.067199 -0.003869 0.019102
v -0.053709 -0.003869 0.019102
v -0.053709 -0.003735 0.019378
v -0.067199 -0.003735 0.019378
v -0.067199 -0.003869 0.019102
v -0.053709 -0.003735 0.019378
v -0.067199 -0.003735 0.019378
v -0.053709 0.004446 0.019102
v -0.053709 0.004312 0.019378
v -0.067199 0.004356 0.018808
v -0.067199 0.004446 0.019102
v -0.053709 -0.003869 0.019102
v -0.053709 -0.003735 0.019378
v -0.067199 -0.003869 0.019102
v -0.067199 -0.003779 0.018808
v -0.053709 -0.001757 0.018808
v -0.053709 -0.003779 0.018808
v -0.053709 0.000288 0.018127
v -0.053709 0.000288 0.018808
v -0.053709 0.000288 0.018127
v -0.053709 0.002334 0.018808
v -0.053709 0.004356 0.018808
v -0.053709 0.004027 0.019490
v -0.053709 0.002606 0.019490
v -0.053709 0.000288 0.019490
v -0.053709 0.000288 0.019490
v -0.053709 -0.002028 0.019490
v -0.053709 -0.003449 0.019490
v -0.067199 0.000288 0.018127
v -0.067199 -0.003449 0.019490
v -0.067199 -0.002028 0.019490
v -0.067199 -0.001983 0.019378
v -0.067199 -0.003735 0.019378
v -0.067199 0.000288 0.019378
v -0.067199 0.000288 0.019490
v -0.067199 0.002561 0.019378
v -0.067199 0.000288 0.019490
v -0.067199 0.002606 0.019490
v -0.067199 0.004312 0.019378
v -0.067199 0.004027 0.019490
vn -0.6611 -0.0000 -0.7503
vn -0.9345 -0.0000 -0.3559
vn -0.9346 0.0373 -0.3538
vn -0.6611 0.0785 -0.7462
vn -0.3974 -0.0000 -0.9177
vn -0.3973 0.0960 -0.9126
vn -0.2283 -0.0000 -0.9736
vn -0.3973 -0.0000 -0.9177
vn -0.3973 0.0960 -0.9127
vn -0.2283 0.1018 -0.9683
vn -0.1679 -0.0000 -0.9858
vn -0.1679 0.1032 -0.9804
vn -0.9346 0.0739 -0.3480
vn -0.6611 0.1559 -0.7339
vn -0.3973 0.1908 -0.8976
vn -0.3973 0.1908 -0.8977
vn -0.2282 0.2025 -0.9523
vn -0.1678 0.2051 -0.9642
vn -0.9346 0.1099 -0.3383
vn -0.6611 0.2319 -0.7136
vn -0.3973 0.2836 -0.8728
vn -0.2283 0.3008 -0.9260
vn -0.1678 0.3045 -0.9376
vn -0.9345 0.1447 -0.3251
vn -0.6611 0.3052 -0.6854
vn -0.3973 0.3733 -0.8383
vn -0.2283 0.3960 -0.8894
vn -0.1679 0.4008 -0.9007
vn -0.9345 0.1779 -0.3082
vn -0.6611 0.3752 -0.6498
vn -0.3974 0.4588 -0.7947
vn -0.3973 0.4589 -0.7947
vn -0.2283 0.4868 -0.8431
vn -0.1679 0.4930 -0.8537
vn -0.9346 0.2090 -0.2878
vn -0.6612 0.4409 -0.6070
vn -0.3974 0.5393 -0.7425
vn -0.3973 0.5393 -0.7425
vn -0.2283 0.5722 -0.7877
vn -0.1678 0.5796 -0.7974
vn -0.9345 0.2381 -0.2644
vn -0.6611 0.5020 -0.5576
vn -0.3973 0.6140 -0.6820
vn -0.3973 0.6141 -0.6820
vn -0.2283 0.6514 -0.7235
vn -0.1678 0.6596 -0.7326
vn -0.9346 0.2644 -0.2380
vn -0.6611 0.5576 -0.5020
vn -0.3974 0.6820 -0.6140
vn -0.3973 0.6820 -0.6140
vn -0.2283 0.7235 -0.6515
vn -0.1678 0.7326 -0.6597
vn -0.9346 0.2878 -0.2091
vn -0.6611 0.6070 -0.4410
vn -0.3974 0.7424 -0.5394
vn -0.3973 0.7425 -0.5394
vn -0.2283 0.7877 -0.5722
vn -0.1678 0.7976 -0.5794
vn -0.9345 0.3082 -0.1779
vn -0.6611 0.6498 -0.3752
vn -0.3974 0.7947 -0.4588
vn -0.3973 0.7947 -0.4589
vn -0.2283 0.8432 -0.4868
vn -0.1673 0.8538 -0.4929
vn -0.9346 0.3250 -0.1446
vn -0.6612 0.6854 -0.3051
vn -0.3974 0.8383 -0.3732
vn -0.3973 0.7947 -0.4588
vn -0.3973 0.8383 -0.3732
vn -0.2283 0.8894 -0.3960
vn -0.1678 0.8538 -0.4929
vn -0.1678 0.9005 -0.4011
vn -0.9345 0.3384 -0.1100
vn -0.6611 0.7135 -0.2319
vn -0.3974 0.8727 -0.2836
vn -0.3973 0.8728 -0.2836
vn -0.2283 0.9259 -0.3009
vn -0.1679 0.9375 -0.3048
vn -0.9346 0.3480 -0.0739
vn -0.6611 0.7339 -0.1560
vn -0.3974 0.8976 -0.1908
vn -0.3973 0.8976 -0.1908
vn -0.2282 0.9523 -0.2024
vn -0.1678 0.9643 -0.2047
vn -0.9346 0.3539 -0.0372
vn -0.6612 0.7461 -0.0784
vn -0.3974 0.9126 -0.0959
vn -0.3973 0.9127 -0.0959
vn -0.2283 0.9683 -0.1018
vn -0.1678 0.9804 -0.1030
vn -0.9346 0.3558 -0.0000
vn -0.6611 0.7503 -0.0000
vn -0.3973 0.9177 -0.0000
vn -0.2283 0.9736 -0.0000
vn -0.1678 0.9858 -0.0000
vn -1.0000 -0.0000 -0.0000
vn -0.6611 -0.7503 -0.0001
vn -0.9346 -0.3558 -0.0001
vn -0.9346 -0.3538 -0.0372
vn -0.6611 -0.7462 -0.0784
vn -0.3974 -0.9177 -0.0000
vn -0.3973 -0.9126 -0.0959
vn -0.2283 -0.9736 -0.0000
vn -0.3973 -0.9177 -0.0000
vn -0.3973 -0.9127 -0.0960
vn -0.2283 -0.9683 -0.1018
vn -0.1678 -0.9858 -0.0000
vn -0.1679 -0.9804 -0.1027
vn -0.9346 -0.3480 -0.0740
vn -0.6611 -0.7339 -0.1560
vn -0.3974 -0.8976 -0.1908
vn -0.3973 -0.8976 -0.1908
vn -0.2283 -0.9523 -0.2024
vn -0.1679 -0.9643 -0.2050
vn -0.9346 -0.3384 -0.1099
vn -0.6611 -0.7136 -0.2318
vn -0.3974 -0.8728 -0.2835
vn -0.3973 -0.8728 -0.2835
vn -0.2283 -0.9259 -0.3009
vn -0.1678 -0.9375 -0.3048
vn -0.9346 -0.3250 -0.1447
vn -0.6611 -0.6854 -0.3051
vn -0.3974 -0.8383 -0.3732
vn -0.3973 -0.8383 -0.3732
vn -0.2283 -0.8894 -0.3960
vn -0.1679 -0.9007 -0.4007
vn -0.9346 -0.3080 -0.1778
vn -0.6612 -0.6497 -0.3752
vn -0.3973 -0.7947 -0.4589
vn -0.3972 -0.7948 -0.4589
vn -0.2282 -0.8432 -0.4868
vn -0.1674 -0.8538 -0.4929
vn -0.9345 -0.2879 -0.2092
vn -0.6611 -0.6071 -0.4410
vn -0.3974 -0.7424 -0.5393
vn -0.3972 -0.7947 -0.4589
vn -0.3973 -0.7425 -0.5393
vn -0.2283 -0.7876 -0.5723
vn -0.1678 -0.8538 -0.4929
vn -0.1678 -0.7975 -0.5795
vn -0.9345 -0.2645 -0.2381
vn -0.6612 -0.5576 -0.5019
vn -0.3974 -0.6820 -0.6140
vn -0.3973 -0.6820 -0.6140
vn -0.2283 -0.7235 -0.6515
vn -0.1678 -0.7323 -0.6599
vn -0.9346 -0.2380 -0.2644
vn -0.6611 -0.5020 -0.5576
vn -0.3973 -0.6140 -0.6820
vn -0.2283 -0.6515 -0.7235
vn -0.1678 -0.6597 -0.7325
vn -0.9346 -0.2092 -0.2878
vn -0.6611 -0.4410 -0.6070
vn -0.3973 -0.5394 -0.7424
vn -0.2283 -0.5723 -0.7876
vn -0.1679 -0.5796 -0.7975
vn -0.9345 -0.1780 -0.3082
vn -0.6611 -0.3752 -0.6498
vn -0.3974 -0.4588 -0.7947
vn -0.3973 -0.4588 -0.7947
vn -0.2283 -0.4868 -0.8431
vn -0.1679 -0.4930 -0.8537
vn -0.9346 -0.1447 -0.3250
vn -0.6611 -0.3051 -0.6854
vn -0.3973 -0.3732 -0.8383
vn -0.3973 -0.3733 -0.8384
vn -0.2283 -0.3959 -0.8894
vn -0.2283 -0.3959 -0.8895
vn -0.1679 -0.4008 -0.9007
vn -0.9346 -0.1100 -0.3383
vn -0.6611 -0.2319 -0.7136
vn -0.3973 -0.2836 -0.8728
vn -0.3973 -0.3732 -0.8384
vn -0.2283 -0.3008 -0.9260
vn -0.1678 -0.3045 -0.9376
vn -0.9346 -0.0739 -0.3480
vn -0.6611 -0.1559 -0.7339
vn -0.3973 -0.1908 -0.8976
vn -0.2282 -0.2025 -0.9523
vn -0.1678 -0.2050 -0.9643
vn -0.9346 -0.0372 -0.3538
vn -0.6612 -0.0784 -0.7461
vn -0.3974 -0.0960 -0.9126
vn -0.3973 -0.0960 -0.9127
vn -0.2283 -0.1018 -0.9683
vn -0.1679 -0.1031 -0.9804
vn -0.6611 0.0001 0.7503
vn -0.9345 -0.0000 0.3559
vn -0.9346 -0.0372 0.3539
vn -0.6611 -0.0784 0.7462
vn -0.3974 -0.0000 0.9177
vn -0.3974 -0.0960 0.9126
vn -0.2282 -0.0000 0.9736
vn -0.3973 -0.0000 0.9177
vn -0.3973 -0.0960 0.9127
vn -0.2283 -0.1018 0.9683
vn -0.1678 -0.0000 0.9858
vn -0.1678 -0.1030 0.9804
vn -0.9346 -0.0740 0.3480
vn -0.6611 -0.1561 0.7339
vn -0.3974 -0.1909 0.8976
vn -0.3973 -0.1909 0.8976
vn -0.2283 -0.2025 0.9523
vn -0.1679 -0.2050 0.9643
vn -0.9346 -0.1099 0.3384
vn -0.6611 -0.2318 0.7136
vn -0.3973 -0.2835 0.8728
vn -0.2282 -0.3008 0.9260
vn -0.1678 -0.3046 0.9376
vn -0.9345 -0.1447 0.3251
vn -0.6611 -0.3051 0.6854
vn -0.3974 -0.3732 0.8383
vn -0.3973 -0.3732 0.8384
vn -0.2283 -0.3959 0.8895
vn -0.1679 -0.4008 0.9007
vn -0.9346 -0.1779 0.3081
vn -0.6611 -0.3751 0.6498
vn -0.3974 -0.4588 0.7947
vn -0.3973 -0.4588 0.7947
vn -0.2283 -0.4868 0.8432
vn -0.1679 -0.4929 0.8537
vn -0.9346 -0.2090 0.2879
vn -0.6611 -0.4410 0.6070
vn -0.3974 -0.5394 0.7424
vn -0.3973 -0.5394 0.7424
vn -0.2283 -0.5723 0.7877
vn -0.1678 -0.5795 0.7975
vn -0.9346 -0.2381 0.2644
vn -0.6611 -0.5020 0.5576
vn -0.3974 -0.6140 0.6820
vn -0.3973 -0.6140 0.6820
vn -0.2283 -0.6514 0.7235
vn -0.1678 -0.6596 0.7326
vn -0.9346 -0.2644 0.2380
vn -0.6611 -0.5576 0.5020
vn -0.3974 -0.6820 0.6140
vn -0.3973 -0.6820 0.6140
vn -0.2283 -0.7236 0.6514
vn -0.1679 -0.7326 0.6596
vn -0.9346 -0.2878 0.2091
vn -0.6611 -0.6070 0.4409
vn -0.3973 -0.7425 0.5393
vn -0.2283 -0.7877 0.5722
vn -0.1679 -0.7976 0.5794
vn -0.9345 -0.3082 0.1780
vn -0.6611 -0.6498 0.3752
vn -0.3974 -0.7947 0.4589
vn -0.3973 -0.7947 0.4589
vn -0.2283 -0.8431 0.4869
vn -0.1674 -0.8538 0.4930
vn -0.9346 -0.3251 0.1447
vn -0.6611 -0.6854 0.3052
vn -0.3974 -0.8383 0.3733
vn -0.2283 -0.8431 0.4868
vn -0.3973 -0.8383 0.3733
vn -0.2283 -0.8894 0.3960
vn -0.1678 -0.8537 0.4929
vn -0.1678 -0.9006 0.4009
vn -0.9345 -0.3384 0.1101
vn -0.6611 -0.7135 0.2319
vn -0.3973 -0.8727 0.2836
vn -0.3973 -0.8728 0.2836
vn -0.2283 -0.9259 0.3009
vn -0.1678 -0.9375 0.3048
vn -0.9346 -0.3480 0.0740
vn -0.6611 -0.7339 0.1559
vn -0.3974 -0.8976 0.1907
vn -0.3973 -0.8976 0.1908
vn -0.2282 -0.9523 0.2024
vn -0.1678 -0.9643 0.2051
vn -0.9346 -0.3538 0.0371
vn -0.6612 -0.7461 0.0784
vn -0.3974 -0.9126 0.0959
vn -0.3973 -0.9127 0.0959
vn -0.2283 -0.9683 0.1018
vn -0.1678 -0.9805 0.1027
vn -0.9346 0.3538 0.0372
vn -0.6611 0.7462 0.0784
vn -0.3974 0.9126 0.0959
vn -0.3973 0.9127 0.0959
vn -0.2283 0.9683 0.1018
vn -0.1678 0.9804 0.1031
vn -0.9345 0.3481 0.0740
vn -0.6611 0.7339 0.1560
vn -0.3974 0.8976 0.1908
vn -0.3973 0.8976 0.1908
vn -0.2283 0.9523 0.2024
vn -0.1678 0.9643 0.2051
vn -0.9346 0.3384 0.1099
vn -0.6611 0.7136 0.2318
vn -0.3973 0.8728 0.2835
vn -0.3973 0.8728 0.2836
vn -0.2283 0.9260 0.3009
vn -0.1678 0.9376 0.3045
vn -0.9346 0.3250 0.1446
vn -0.6611 0.6854 0.3052
vn -0.3973 0.8383 0.3733
vn -0.2283 0.8894 0.3960
vn -0.1678 0.9007 0.4007
vn -0.9346 0.3081 0.1778
vn -0.6611 0.6497 0.3751
vn -0.3974 0.7947 0.4588
vn -0.3973 0.7947 0.4588
vn -0.2283 0.8432 0.4868
vn -0.1674 0.8538 0.4929
vn -0.9346 0.2878 0.2092
vn -0.6611 0.6070 0.4410
vn -0.3974 0.7425 0.5393
vn -0.3973 0.7947 0.4589
vn -0.3973 0.7425 0.5393
vn -0.2283 0.7877 0.5722
vn -0.1678 0.8537 0.4929
vn -0.1678 0.7975 0.5795
vn -0.9346 0.2644 0.2381
vn -0.6611 0.5576 0.5020
vn -0.3973 0.6820 0.6140
vn -0.3973 0.6820 0.6141
vn -0.2282 0.7235 0.6515
vn -0.1678 0.7326 0.6596
vn -0.9346 0.2381 0.2644
vn -0.6611 0.5020 0.5575
vn -0.3973 0.6141 0.6819
vn -0.3973 0.6141 0.6820
vn -0.2283 0.6515 0.7235
vn -0.1678 0.6597 0.7326
vn -0.9346 0.2092 0.2878
vn -0.6611 0.4410 0.6070
vn -0.3974 0.5393 0.7424
vn -0.3973 0.5394 0.7425
vn -0.2283 0.5723 0.7877
vn -0.1678 0.5794 0.7976
vn -0.9345 0.1779 0.3082
vn -0.6611 0.3751 0.6499
vn -0.3974 0.4587 0.7948
vn -0.3973 0.4588 0.7948
vn -0.2283 0.4867 0.8432
vn -0.1678 0.4929 0.8537
vn -0.9346 0.1446 0.3250
vn -0.6612 0.3051 0.6854
vn -0.3974 0.3733 0.8383
vn -0.3973 0.3733 0.8383
vn -0.2283 0.3960 0.8894
vn -0.1678 0.4010 0.9006
vn -0.9345 0.1100 0.3384
vn -0.6612 0.2319 0.7135
vn -0.3973 0.2836 0.8728
vn -0.2283 0.3008 0.9259
vn -0.1678 0.3046 0.9376
vn -0.9346 0.0740 0.3480
vn -0.6611 0.1561 0.7339
vn -0.3973 0.1908 0.8976
vn -0.2283 0.2025 0.9523
vn -0.1678 0.2051 0.9642
vn -0.9346 0.0372 0.3538
vn -0.6611 0.0784 0.7462
vn -0.3974 0.0960 0.9126
vn -0.3973 0.0960 0.9127
vn -0.2283 0.1018 0.9682
vn -0.1678 0.1031 0.9804
vn 0.9336 -0.0375 0.3564
vn 0.9335 -0.0001 0.3585
vn 0.6641 -0.0000 0.7477
vn 0.6640 -0.0782 0.7436
vn 0.3992 -0.0000 0.9169
vn 0.3992 -0.0958 0.9118
vn 0.3991 -0.0958 0.9119
vn 0.2289 -0.0000 0.9734
vn 0.2289 -0.1018 0.9681
vn 0.1678 -0.0000 0.9858
vn 0.1678 -0.1031 0.9804
vn 0.9335 -0.0746 0.3506
vn 0.6641 -0.1555 0.7313
vn 0.3992 -0.1907 0.8968
vn 0.2289 -0.2024 0.9522
vn 0.1678 -0.2049 0.9643
vn 0.9336 -0.1108 0.3408
vn 0.6640 -0.2311 0.7111
vn 0.3992 -0.2833 0.8720
vn 0.2289 -0.3008 0.9258
vn 0.1678 -0.3046 0.9376
vn 0.9336 -0.1458 0.3274
vn 0.6640 -0.3040 0.6831
vn 0.3992 -0.3728 0.8376
vn 0.2289 -0.3959 0.8893
vn 0.1678 -0.4010 0.9006
vn 0.9336 -0.1791 0.3105
vn 0.6640 -0.3738 0.6475
vn 0.3992 -0.4585 0.7940
vn 0.3991 -0.4585 0.7940
vn 0.2289 -0.4867 0.8430
vn 0.1678 -0.4928 0.8538
vn 0.9336 -0.2106 0.2900
vn 0.6640 -0.4395 0.6050
vn 0.3992 -0.5390 0.7417
vn 0.3991 -0.5390 0.7417
vn 0.2289 -0.5722 0.7875
vn 0.1678 -0.5795 0.7975
vn 0.9336 -0.2399 0.2663
vn 0.6640 -0.5004 0.5556
vn 0.3992 -0.6135 0.6814
vn 0.2289 -0.6514 0.7234
vn 0.1678 -0.6597 0.7325
vn 0.9336 -0.2664 0.2398
vn 0.6640 -0.5557 0.5003
vn 0.3992 -0.6813 0.6135
vn 0.3991 -0.6814 0.6135
vn 0.2289 -0.7234 0.6514
vn 0.1678 -0.7325 0.6597
vn 0.9336 -0.2899 0.2107
vn 0.6640 -0.6049 0.4396
vn 0.3992 -0.7417 0.5389
vn 0.3991 -0.7418 0.5390
vn 0.2289 -0.7875 0.5722
vn 0.1678 -0.7976 0.5794
vn 0.9336 -0.3104 0.1792
vn 0.6640 -0.6476 0.3738
vn 0.3992 -0.7940 0.4584
vn 0.3991 -0.7940 0.4585
vn 0.2289 -0.8430 0.4867
vn 0.1678 -0.8538 0.4929
vn 0.9336 -0.3274 0.1458
vn 0.6640 -0.6831 0.3041
vn 0.3992 -0.8376 0.3729
vn 0.2289 -0.8431 0.4867
vn 0.2289 -0.8893 0.3959
vn 0.1678 -0.9006 0.4009
vn 0.9336 -0.3409 0.1108
vn 0.6640 -0.7111 0.2311
vn 0.3992 -0.8720 0.2834
vn 0.2289 -0.9258 0.3008
vn 0.1678 -0.9376 0.3046
vn 0.9336 -0.3506 0.0745
vn 0.6640 -0.7314 0.1554
vn 0.3992 -0.8968 0.1906
vn 0.3992 -0.8969 0.1906
vn 0.2289 -0.9522 0.2024
vn 0.1678 -0.9643 0.2048
vn 0.9336 -0.3564 0.0375
vn 0.6640 -0.7436 0.0781
vn 0.3992 -0.9118 0.0958
vn 0.3991 -0.9119 0.0958
vn 0.2289 -0.9681 0.1017
vn 0.1678 -0.9804 0.1031
vn 0.9336 -0.3584 -0.0000
vn 0.6640 -0.7477 -0.0000
vn 0.3992 -0.9169 -0.0000
vn 0.3991 -0.9169 -0.0000
vn 0.2289 -0.9735 -0.0000
vn 0.1678 -0.9858 -0.0000
vn 1.0000 -0.0000 -0.0000
vn 0.9336 0.3565 0.0375
vn 0.9336 0.3584 -0.0000
vn 0.6640 0.7477 -0.0000
vn 0.6640 0.7436 0.0782
vn 0.3992 0.9169 -0.0000
vn 0.3992 0.9118 0.0959
vn 0.3992 0.9119 0.0959
vn 0.2289 0.9735 -0.0000
vn 0.2289 0.9681 0.1018
vn 0.1678 0.9858 -0.0000
vn 0.1678 0.9804 0.1031
vn 0.9336 0.3506 0.0745
vn 0.6640 0.7314 0.1555
vn 0.3992 0.8968 0.1906
vn 0.3992 0.8968 0.1907
vn 0.2289 0.9522 0.2024
vn 0.1678 0.9642 0.2051
vn 0.9336 0.3409 0.1108
vn 0.6640 0.7111 0.2310
vn 0.3992 0.8720 0.2833
vn 0.2289 0.9258 0.3008
vn 0.1678 0.9376 0.3046
vn 0.9336 0.3274 0.1458
vn 0.6640 0.6831 0.3041
vn 0.3992 0.8376 0.3729
vn 0.2289 0.8893 0.3959
vn 0.1678 0.9006 0.4008
vn 0.9336 0.3104 0.1792
vn 0.6640 0.6475 0.3738
vn 0.3992 0.7940 0.4584
vn 0.2289 0.8431 0.4867
vn 0.1678 0.8538 0.4929
vn 0.9336 0.2899 0.2107
vn 0.6640 0.6049 0.4395
vn 0.3992 0.7418 0.5389
vn 0.2289 0.8430 0.4867
vn 0.2289 0.7875 0.5722
vn 0.1679 0.7976 0.5794
vn 0.9336 0.2663 0.2399
vn 0.6640 0.5556 0.5004
vn 0.3992 0.6813 0.6135
vn 0.2289 0.7234 0.6514
vn 0.1678 0.7325 0.6598
vn 0.9336 0.2399 0.2663
vn 0.6640 0.5004 0.5556
vn 0.3992 0.6135 0.6814
vn 0.2289 0.6514 0.7234
vn 0.1679 0.6597 0.7325
vn 0.9336 0.2107 0.2900
vn 0.6640 0.4396 0.6049
vn 0.3992 0.5390 0.7417
vn 0.3991 0.5390 0.7417
vn 0.2289 0.5723 0.7875
vn 0.1679 0.5794 0.7976
vn 0.9336 0.1791 0.3104
vn 0.6640 0.3738 0.6476
vn 0.3992 0.4584 0.7940
vn 0.3992 0.4585 0.7940
vn 0.2289 0.4868 0.8430
vn 0.1678 0.4928 0.8538
vn 0.9336 0.1458 0.3274
vn 0.6640 0.3041 0.6831
vn 0.3992 0.3728 0.8376
vn 0.3992 0.3728 0.8377
vn 0.2289 0.3959 0.8893
vn 0.1678 0.4010 0.9006
vn 0.9336 0.1108 0.3409
vn 0.6640 0.2311 0.7111
vn 0.3992 0.2833 0.8720
vn 0.2289 0.3007 0.9258
vn 0.1678 0.3046 0.9376
vn 0.9336 0.0746 0.3506
vn 0.6640 0.1555 0.7314
vn 0.3992 0.1907 0.8968
vn 0.3991 0.1907 0.8968
vn 0.2289 0.2024 0.9522
vn 0.1678 0.2050 0.9643
vn 0.9336 0.0374 0.3564
vn 0.6640 0.0781 0.7436
vn 0.3992 0.0958 0.9118
vn 0.3992 0.0958 0.9119
vn 0.2289 0.1017 0.9681
vn 0.1678 0.1030 0.9804
vn 0.9336 0.0375 -0.3564
vn 0.9335 -0.0000 -0.3585
vn 0.6640 -0.0000 -0.7477
vn 0.6640 0.0782 -0.7436
vn 0.3992 -0.0000 -0.9169
vn 0.3992 0.0959 -0.9118
vn 0.3992 0.0959 -0.9119
vn 0.3991 -0.0000 -0.9169
vn 0.2289 -0.0000 -0.9734
vn 0.2289 0.1017 -0.9681
vn 0.1678 -0.0000 -0.9858
vn 0.1678 0.1028 -0.9804
vn 0.9335 0.0746 -0.3506
vn 0.6640 0.1555 -0.7314
vn 0.3992 0.1906 -0.8968
vn 0.3991 0.1906 -0.8969
vn 0.2289 0.2024 -0.9522
vn 0.1678 0.2049 -0.9643
vn 0.9336 0.1108 -0.3409
vn 0.6640 0.2311 -0.7111
vn 0.3992 0.2833 -0.8720
vn 0.2289 0.3009 -0.9258
vn 0.1678 0.3047 -0.9375
vn 0.9336 0.1457 -0.3274
vn 0.6640 0.3041 -0.6831
vn 0.3992 0.3729 -0.8376
vn 0.3991 0.3729 -0.8376
vn 0.2289 0.3960 -0.8893
vn 0.1678 0.4010 -0.9006
vn 0.9335 0.1791 -0.3105
vn 0.6640 0.3738 -0.6476
vn 0.3992 0.4584 -0.7940
vn 0.3992 0.4585 -0.7940
vn 0.2289 0.4867 -0.8430
vn 0.1678 0.4928 -0.8538
vn 0.9336 0.2106 -0.2900
vn 0.6640 0.4395 -0.6050
vn 0.3992 0.5390 -0.7417
vn 0.3991 0.5390 -0.7418
vn 0.2289 0.5722 -0.7875
vn 0.1679 0.5793 -0.7977
vn 0.9336 0.2398 -0.2663
vn 0.6640 0.5004 -0.5557
vn 0.3992 0.6135 -0.6814
vn 0.3991 0.6135 -0.6814
vn 0.2289 0.6514 -0.7234
vn 0.1679 0.6597 -0.7326
vn 0.9336 0.2664 -0.2398
vn 0.6640 0.5557 -0.5003
vn 0.3992 0.6813 -0.6135
vn 0.3991 0.6814 -0.6136
vn 0.2289 0.7234 -0.6514
vn 0.1679 0.7325 -0.6597
vn 0.9336 0.2899 -0.2107
vn 0.6640 0.6049 -0.4396
vn 0.3992 0.7417 -0.5389
vn 0.3992 0.7417 -0.5390
vn 0.2289 0.7875 -0.5722
vn 0.1678 0.7976 -0.5794
vn 0.9336 0.3104 -0.1792
vn 0.6640 0.6476 -0.3738
vn 0.3992 0.7940 -0.4584
vn 0.3991 0.7940 -0.4585
vn 0.2289 0.8430 -0.4867
vn 0.1678 0.8537 -0.4929
vn 0.9336 0.3274 -0.1458
vn 0.6640 0.6831 -0.3041
vn 0.3992 0.8376 -0.3729
vn 0.3991 0.7941 -0.4584
vn 0.2289 0.8893 -0.3959
vn 0.1678 0.8538 -0.4929
vn 0.1678 0.9006 -0.4009
vn 0.9336 0.3409 -0.1108
vn 0.6640 0.7111 -0.2311
vn 0.3992 0.8720 -0.2833
vn 0.3991 0.8720 -0.2834
vn 0.2289 0.9258 -0.3008
vn 0.1678 0.9376 -0.3046
vn 0.9336 0.3506 -0.0745
vn 0.6640 0.7314 -0.1554
vn 0.3992 0.8968 -0.1906
vn 0.2289 0.9522 -0.2024
vn 0.1678 0.9642 -0.2051
vn 0.9336 0.3565 -0.0375
vn 0.6640 0.7436 -0.0782
vn 0.3992 0.9118 -0.0958
vn 0.3991 0.9119 -0.0958
vn 0.2289 0.9681 -0.1018
vn 0.1678 0.9804 -0.1031
vn 0.9335 -0.3565 -0.0375
vn 0.6640 -0.7436 -0.0782
vn 0.3992 -0.9118 -0.0959
vn 0.3992 -0.9119 -0.0959
vn 0.2289 -0.9681 -0.1018
vn 0.1678 -0.9804 -0.1031
vn 0.9336 -0.3506 -0.0745
vn 0.6640 -0.7314 -0.1555
vn 0.3992 -0.8968 -0.1906
vn 0.2289 -0.9522 -0.2024
vn 0.1678 -0.9643 -0.2047
vn 0.9336 -0.3409 -0.1107
vn 0.6640 -0.7111 -0.2311
vn 0.3992 -0.8720 -0.2833
vn 0.3991 -0.8720 -0.2833
vn 0.2289 -0.9258 -0.3008
vn 0.1678 -0.9376 -0.3046
vn 0.9336 -0.3274 -0.1458
vn 0.6640 -0.6831 -0.3042
vn 0.3992 -0.8376 -0.3729
vn 0.2289 -0.8893 -0.3959
vn 0.1678 -0.9006 -0.4009
vn 0.9336 -0.3104 -0.1792
vn 0.6640 -0.6476 -0.3738
vn 0.3992 -0.7940 -0.4584
vn 0.3991 -0.7941 -0.4584
vn 0.2289 -0.8431 -0.4867
vn 0.1678 -0.8538 -0.4929
vn 0.9336 -0.2899 -0.2106
vn 0.6640 -0.6049 -0.4395
vn 0.3992 -0.7418 -0.5389
vn 0.3991 -0.7418 -0.5389
vn 0.2289 -0.8430 -0.4867
vn 0.2289 -0.7875 -0.5722
vn 0.1678 -0.8537 -0.4929
vn 0.1678 -0.7974 -0.5796
vn 0.9335 -0.2664 -0.2399
vn 0.6640 -0.5556 -0.5004
vn 0.3992 -0.6813 -0.6136
vn 0.3991 -0.6813 -0.6136
vn 0.2289 -0.7234 -0.6514
vn 0.1678 -0.7325 -0.6597
vn 0.9336 -0.2398 -0.2663
vn 0.6640 -0.5003 -0.5557
vn 0.3992 -0.6135 -0.6814
vn 0.3991 -0.6135 -0.6814
vn 0.2289 -0.6514 -0.7234
vn 0.1678 -0.6597 -0.7325
vn 0.9336 -0.2107 -0.2900
vn 0.6640 -0.4395 -0.6049
vn 0.3992 -0.5390 -0.7417
vn 0.3991 -0.5390 -0.7417
vn 0.2289 -0.5723 -0.7875
vn 0.1678 -0.5795 -0.7975
vn 0.9336 -0.1792 -0.3104
vn 0.6640 -0.3739 -0.6475
vn 0.3992 -0.4584 -0.7940
vn 0.3992 -0.4585 -0.7940
vn 0.2289 -0.4867 -0.8430
vn 0.1678 -0.4929 -0.8538
vn 0.9335 -0.1458 -0.3275
vn 0.6640 -0.3041 -0.6831
vn 0.3992 -0.3729 -0.8376
vn 0.2289 -0.3959 -0.8893
vn 0.1678 -0.4010 -0.9006
vn 0.9336 -0.1107 -0.3408
vn 0.6640 -0.2310 -0.7111
vn 0.3992 -0.2833 -0.8720
vn 0.2289 -0.3008 -0.9258
vn 0.1678 -0.3047 -0.9375
vn 0.9336 -0.0746 -0.3506
vn 0.6640 -0.1555 -0.7314
vn 0.3992 -0.1906 -0.8968
vn 0.3992 -0.1906 -0.8969
vn 0.2289 -0.2024 -0.9522
vn 0.1678 -0.2048 -0.9643
vn 0.9336 -0.0375 -0.3564
vn 0.6640 -0.0782 -0.7436
vn 0.3992 -0.0958 -0.9118
vn 0.3991 -0.0958 -0.9119
vn 0.2289 -0.1017 -0.9681
vn 0.1678 -0.1031 -0.9804
vn -0.9858 -0.0176 0.1670
vn -0.9858 -0.0000 0.1679
vn -0.9858 -0.0349 0.1642
vn -0.9858 -0.0518 0.1595
vn -0.9858 -0.0518 0.1596
vn -0.9858 -0.0683 0.1534
vn -0.9858 -0.0840 0.1454
vn -0.9858 -0.0987 0.1358
vn -0.9858 -0.0986 0.1358
vn -0.9858 -0.1123 0.1247
vn -0.9858 -0.1248 0.1123
vn -0.9858 -0.1357 0.0986
vn -0.9858 -0.1356 0.0986
vn -0.9859 -0.1452 0.0838
vn -0.9858 -0.1536 0.0683
vn -0.9858 -0.1533 0.0682
vn -0.9858 -0.1596 0.0519
vn -0.9858 -0.1642 0.0349
vn -0.9858 -0.1669 0.0175
vn -0.9858 -0.1669 0.0176
vn -0.9858 -0.1678 -0.0000
vn -0.9858 0.1669 0.0175
vn -0.9859 0.1676 -0.0000
vn -0.9858 0.1642 0.0349
vn -0.9858 0.1596 0.0519
vn -0.9858 0.1533 0.0682
vn -0.9858 0.1454 0.0840
vn -0.9858 0.1357 0.0986
vn -0.9858 0.1357 0.0985
vn -0.9858 0.1247 0.1123
vn -0.9858 0.1123 0.1247
vn -0.9858 0.0987 0.1357
vn -0.9858 0.0987 0.1358
vn -0.9858 0.0840 0.1455
vn -0.9858 0.0683 0.1534
vn -0.9858 0.0519 0.1596
vn -0.9858 0.0518 0.1596
vn -0.9858 0.0349 0.1642
vn -0.9858 0.0175 0.1670
vn -0.9858 0.0176 0.1670
vn -0.9858 0.0176 -0.1669
vn -0.9858 -0.0000 -0.1678
vn -0.9858 0.0349 -0.1642
vn -0.9858 0.0519 -0.1596
vn -0.9858 0.0518 -0.1596
vn -0.9858 0.0683 -0.1534
vn -0.9858 0.0840 -0.1455
vn -0.9858 0.0986 -0.1358
vn -0.9858 0.1123 -0.1247
vn -0.9858 0.1248 -0.1123
vn -0.9858 0.1356 -0.0986
vn -0.9858 0.1454 -0.0839
vn -0.9858 0.1532 -0.0682
vn -0.9858 0.1596 -0.0519
vn -0.9858 0.1597 -0.0519
vn -0.9858 0.1642 -0.0349
vn -0.9858 0.1669 -0.0175
vn -0.9858 -0.1669 -0.0176
vn -0.9858 -0.1642 -0.0349
vn -0.9858 -0.1641 -0.0349
vn -0.9859 -0.1594 -0.0517
vn -0.9858 -0.1597 -0.0519
vn -0.9858 -0.1534 -0.0683
vn -0.9858 -0.1453 -0.0839
vn -0.9858 -0.1357 -0.0986
vn -0.9858 -0.1247 -0.1123
vn -0.9858 -0.1123 -0.1247
vn -0.9858 -0.0986 -0.1358
vn -0.9858 -0.0839 -0.1453
vn -0.9858 -0.0683 -0.1534
vn -0.9858 -0.0519 -0.1595
vn -0.9858 -0.0349 -0.1642
vn -0.9858 -0.0175 -0.1670
vn -0.0000 -0.0000 1.0000
vn -0.0411 -0.0000 0.9992
vn -0.0411 -0.1044 0.9937
vn -0.0000 -0.1045 0.9945
vn -0.0411 -0.2077 0.9773
vn -0.0000 -0.2080 0.9781
vn -0.0411 -0.3088 0.9502
vn -0.0000 -0.3090 0.9511
vn -0.0411 -0.4064 0.9128
vn -0.0000 -0.4067 0.9135
vn -0.0411 -0.4996 0.8653
vn -0.0000 -0.5001 0.8660
vn -0.0411 -0.5873 0.8083
vn -0.0000 -0.5877 0.8091
vn -0.0411 -0.6287 0.7765
vn -0.0000 -0.6413 0.7673
vn -0.0000 -0.7672 0.6415
vn -0.0411 -0.7764 0.6289
vn -0.0411 -0.8083 0.5874
vn -0.0000 -0.8090 0.5879
vn -0.0411 -0.8653 0.4996
vn -0.0000 -0.8660 0.5000
vn -0.0411 -0.9128 0.4064
vn -0.0000 -0.9135 0.4069
vn -0.0411 -0.9503 0.3088
vn -0.0000 -0.9510 0.3092
vn -0.0411 -0.9773 0.2077
vn -0.0000 -0.9782 0.2077
vn -0.0411 -0.9937 0.1044
vn -0.0000 -0.9945 0.1047
vn -0.0411 -0.9992 -0.0000
vn -0.0000 -1.0000 -0.0000
vn -0.2297 -0.1017 0.9679
vn -0.2786 -0.1003 0.9552
vn -0.2786 -0.0000 0.9604
vn -0.2297 -0.0000 0.9733
vn -0.2297 0.0001 -0.9733
vn -0.2296 0.1018 -0.9679
vn -0.2297 0.1018 -0.9679
vn -0.2297 -0.2023 0.9520
vn -0.2786 -0.1997 0.9394
vn -0.2297 0.2021 -0.9520
vn -0.2296 -0.3009 0.9256
vn -0.2786 -0.2969 0.9134
vn -0.2297 0.3007 -0.9256
vn -0.2297 0.3005 -0.9257
vn -0.2297 -0.3960 0.8891
vn -0.2786 -0.3907 0.8774
vn -0.2297 0.3958 -0.8891
vn -0.2297 0.3959 -0.8891
vn -0.2297 -0.4866 0.8429
vn -0.2786 -0.4802 0.8317
vn -0.2297 0.4866 -0.8429
vn -0.2297 0.4869 -0.8427
vn -0.2297 -0.5722 0.7873
vn -0.2786 -0.5645 0.7770
vn -0.2296 0.5722 -0.7873
vn -0.2297 0.5720 -0.7874
vn -0.2297 -0.6511 0.7234
vn -0.2698 -0.6199 0.7368
vn -0.2297 0.6514 -0.7231
vn -0.2298 0.6511 -0.7234
vn -0.2296 -0.7231 0.6514
vn -0.2698 -0.7367 0.6201
vn -0.2298 0.7232 -0.6513
vn -0.2297 0.7232 -0.6513
vn -0.2296 -0.7874 0.5721
vn -0.2786 -0.7769 0.5646
vn -0.2297 0.7873 -0.5722
vn -0.2296 0.7875 -0.5720
vn -0.2296 -0.8429 0.4865
vn -0.2786 -0.8317 0.4802
vn -0.2296 0.8431 -0.4862
vn -0.2297 0.8429 -0.4866
vn -0.2296 -0.8893 0.3955
vn -0.2786 -0.8774 0.3906
vn -0.2297 0.8892 -0.3957
vn -0.2297 0.8891 -0.3959
vn -0.2297 -0.9257 0.3006
vn -0.2786 -0.9134 0.2968
vn -0.2297 0.9256 -0.3009
vn -0.2296 0.9257 -0.3006
vn -0.2298 -0.9520 0.2024
vn -0.2786 -0.9394 0.1997
vn -0.2296 0.9520 -0.2024
vn -0.2297 0.9520 -0.2024
vn -0.2298 -0.9679 0.1020
vn -0.2786 -0.9551 0.1003
vn -0.2296 0.9680 -0.1015
vn -0.2297 0.9679 -0.1017
vn -0.2297 -0.9733 -0.0001
vn -0.2786 -0.9604 -0.0000
vn -0.2297 0.9733 -0.0001
vn -0.2297 0.9733 -0.0000
vn -0.0412 -0.0000 0.9992
vn -0.0412 -0.1043 0.9937
vn -0.0412 -0.2077 0.9773
vn -0.0412 -0.3088 0.9502
vn -0.0412 -0.4064 0.9128
vn -0.0412 -0.4996 0.8653
vn -0.0412 -0.5873 0.8083
vn -0.2794 -0.6790 0.6789
vn -0.2794 -0.6791 0.6787
vn -0.0412 -0.7764 0.6289
vn -0.0412 -0.8083 0.5874
vn -0.0412 -0.8653 0.4996
vn -0.0412 -0.9128 0.4064
vn -0.0412 -0.9502 0.3088
vn -0.0412 -0.9773 0.2077
vn -0.0412 -0.9937 0.1044
vn -0.0412 -0.9992 -0.0000
vn 0.0011 -1.0000 -0.0000
vn 0.0006 -0.9945 0.1045
vn -0.0000 -0.9781 0.2080
vn 0.0011 -0.9782 0.2077
vn 0.0008 -0.9510 0.3091
vn -0.0000 -0.9136 0.4066
vn 0.0006 -0.9135 0.4067
vn 0.0008 -0.8660 0.5000
vn 0.0011 -0.8090 0.5879
vn -0.0000 -0.7658 0.6430
vn 0.0010 -0.7621 0.6475
vn -0.0000 -0.7070 0.7072
vn -0.0000 -0.6429 0.7659
vn 0.0010 -0.6474 0.7621
vn 0.0011 -0.5877 0.8091
vn 0.0005 -0.5000 0.8660
vn 0.0011 -0.4067 0.9135
vn 0.0004 -0.3091 0.9510
vn 0.0005 -0.2079 0.9782
vn -0.0000 -0.1044 0.9945
vn 0.0006 -0.1045 0.9945
vn 0.0011 -0.0000 1.0000
vn -0.0000 -0.7070 -0.7072
vn 0.6024 -0.5646 0.5642
vn 0.6023 -0.5643 0.5645
vn -0.0000 0.7071 0.7071
vn -0.0000 -0.7073 0.7069
vn -0.9991 0.0296 -0.0296
vn -0.0144 -0.7075 -0.7065
vn -0.0146 -0.7075 -0.7066
vn -0.0034 -0.7072 -0.7070
vn -0.0018 -0.7071 -0.7071
vn -0.0018 0.7070 0.7072
vn -0.0033 0.7070 0.7072
vn -0.0147 0.7064 0.7076
vn -0.0145 0.7066 0.7075
vn -0.0000 -0.7071 -0.7072
vn 0.7601 -0.4594 0.4596
vn -0.0000 1.0000 -0.0000
vn -0.0411 0.9992 -0.0000
vn -0.0411 0.9937 0.1044
vn -0.0000 0.9945 0.1047
vn -0.0411 0.9773 0.2078
vn -0.0000 0.9781 0.2080
vn -0.0411 0.9502 0.3088
vn -0.0000 0.9511 0.3089
vn -0.0411 0.9128 0.4064
vn -0.0000 0.9136 0.4066
vn -0.0411 0.8653 0.4996
vn -0.0000 0.8660 0.5000
vn -0.0411 0.8083 0.5873
vn -0.0000 0.8090 0.5879
vn -0.0411 0.7765 0.6288
vn -0.0000 0.7672 0.6414
vn -0.0000 0.6414 0.7672
vn -0.0411 0.6288 0.7765
vn -0.0411 0.5873 0.8083
vn -0.0000 0.5879 0.8089
vn -0.0411 0.4996 0.8653
vn -0.0000 0.5000 0.8661
vn -0.0411 0.4064 0.9128
vn -0.0000 0.4067 0.9136
vn -0.0411 0.3088 0.9502
vn -0.0000 0.3091 0.9510
vn -0.0411 0.2077 0.9773
vn -0.0000 0.2079 0.9781
vn -0.0411 0.1044 0.9937
vn -0.0000 0.1044 0.9945
vn -0.2296 0.9679 0.1019
vn -0.2786 0.9551 0.1004
vn -0.2786 0.9604 -0.0000
vn -0.2296 0.9733 -0.0000
vn -0.2297 -0.9733 0.0001
vn -0.2297 -0.9680 -0.1015
vn -0.2296 -0.9679 -0.1019
vn -0.2297 0.9520 0.2024
vn -0.2786 0.9394 0.1997
vn -0.2297 -0.9520 -0.2025
vn -0.2298 -0.9520 -0.2024
vn -0.2298 0.9255 0.3009
vn -0.2786 0.9134 0.2968
vn -0.2298 -0.9255 -0.3010
vn -0.2298 -0.9256 -0.3007
vn -0.2299 0.8891 0.3959
vn -0.2786 0.8774 0.3907
vn -0.2298 -0.8892 -0.3956
vn -0.2298 -0.8891 -0.3958
vn -0.2299 0.8429 0.4865
vn -0.2786 0.8317 0.4802
vn -0.2297 -0.8428 -0.4868
vn -0.2299 0.7874 0.5720
vn -0.2786 0.7770 0.5645
vn -0.2297 -0.7873 -0.5721
vn -0.2297 -0.7873 -0.5722
vn -0.2298 0.7233 0.6512
vn -0.2698 0.7368 0.6200
vn -0.2298 -0.7232 -0.6512
vn -0.2297 -0.7234 -0.6511
vn -0.2298 0.6514 0.7231
vn -0.2698 0.6200 0.7368
vn -0.2297 -0.6514 -0.7231
vn -0.2297 -0.6512 -0.7233
vn -0.2296 0.5719 0.7875
vn -0.2786 0.5645 0.7770
vn -0.2297 -0.5721 -0.7874
vn -0.2296 -0.5720 -0.7874
vn -0.2297 0.4866 0.8429
vn -0.2786 0.4802 0.8318
vn -0.2297 -0.4867 -0.8428
vn -0.2297 -0.4866 -0.8429
vn -0.2297 0.3960 0.8890
vn -0.2786 0.3907 0.8773
vn -0.2297 -0.3961 -0.8890
vn -0.2297 0.3007 0.9257
vn -0.2786 0.2968 0.9134
vn -0.2297 -0.3009 -0.9256
vn -0.2298 -0.3010 -0.9255
vn -0.2298 0.2023 0.9520
vn -0.2786 0.1996 0.9394
vn -0.2298 -0.2022 -0.9520
vn -0.2297 0.1016 0.9679
vn -0.2786 0.1003 0.9552
vn -0.2298 -0.1018 -0.9679
vn -0.2297 -0.1015 -0.9680
vn -0.0412 0.9992 -0.0000
vn -0.0412 0.9937 0.1044
vn -0.0412 0.9773 0.2078
vn -0.0412 0.9502 0.3088
vn -0.0412 0.9128 0.4064
vn -0.0412 0.8653 0.4996
vn -0.0412 0.8083 0.5873
vn -0.2795 0.6788 0.6791
vn -0.2794 0.6787 0.6792
vn -0.0412 0.5873 0.8083
vn -0.0412 0.4996 0.8653
vn -0.0412 0.4064 0.9128
vn -0.0412 0.3088 0.9502
vn -0.0412 0.2077 0.9773
vn -0.0412 0.1044 0.9937
vn 0.0008 0.1045 0.9945
vn 0.0006 0.2079 0.9781
vn 0.0011 0.3091 0.9510
vn 0.0005 0.4067 0.9135
vn -0.0000 0.5000 0.8660
vn 0.0008 0.5000 0.8660
vn -0.0000 0.5879 0.8090
vn 0.0006 0.5878 0.8090
vn -0.0000 0.6430 0.7659
vn 0.0010 0.6475 0.7621
vn -0.0000 0.7072 0.7070
vn -0.0000 0.7659 0.6430
vn 0.0010 0.7621 0.6475
vn 0.0011 0.8089 0.5879
vn 0.0011 0.8660 0.5000
vn 0.0008 0.9136 0.4067
vn 0.0011 0.9511 0.3089
vn 0.0006 0.9781 0.2079
vn 0.0007 0.9945 0.1045
vn 0.0011 1.0000 -0.0000
vn 0.6024 0.5643 0.5645
vn 0.6024 0.5643 0.5646
vn -0.0000 0.7072 -0.7070
vn -0.0000 0.7070 0.7072
vn -0.0000 0.7069 0.7073
vn -0.9991 -0.0296 -0.0296
vn -0.0145 -0.7065 0.7075
vn -0.0145 -0.7066 0.7075
vn -0.0034 -0.7070 0.7072
vn -0.0019 -0.7071 0.7071
vn -0.0019 0.7072 -0.7070
vn -0.0033 0.7072 -0.7070
vn -0.0147 0.7076 -0.7064
vn -0.0145 0.7075 -0.7065
vn -0.0000 0.7071 -0.7071
vn -0.0034 0.7072 -0.7070
vn -0.0000 -0.7071 0.7071
vn 0.7601 0.4594 0.4595
vn -0.0000 -0.0000 -1.0000
vn -0.0411 -0.0000 -0.9992
vn -0.0411 0.1043 -0.9937
vn -0.0000 0.1047 -0.9945
vn -0.0411 0.2077 -0.9773
vn -0.0000 0.2077 -0.9782
vn -0.0411 0.3087 -0.9503
vn -0.0000 0.3089 -0.9511
vn -0.0411 0.4064 -0.9128
vn -0.0000 0.4068 -0.9135
vn -0.0411 0.4997 -0.8652
vn -0.0000 0.5000 -0.8660
vn -0.0411 0.5873 -0.8083
vn -0.0000 0.5879 -0.8090
vn -0.0411 0.6287 -0.7766
vn -0.0000 0.6413 -0.7673
vn -0.0000 0.7671 -0.6415
vn -0.0411 0.7764 -0.6289
vn -0.0411 0.8083 -0.5873
vn -0.0000 0.8090 -0.5879
vn -0.0411 0.8653 -0.4996
vn -0.0000 0.8660 -0.5000
vn -0.0411 0.9128 -0.4064
vn -0.0000 0.9136 -0.4066
vn -0.0411 0.9503 -0.3087
vn -0.0000 0.9511 -0.3089
vn -0.0411 0.9773 -0.2077
vn -0.0000 0.9781 -0.2080
vn -0.0411 0.9937 -0.1044
vn -0.0000 0.9945 -0.1047
vn -0.2296 0.1017 -0.9679
vn -0.2786 0.1003 -0.9551
vn -0.2786 -0.0000 -0.9604
vn -0.2296 -0.0000 -0.9733
vn -0.2297 -0.1019 0.9679
vn -0.2297 0.2023 -0.9520
vn -0.2786 0.1996 -0.9394
vn -0.2297 -0.2021 0.9521
vn -0.2296 -0.2022 0.9520
vn -0.2786 0.2968 -0.9134
vn -0.2297 -0.3009 0.9256
vn -0.2297 -0.3007 0.9256
vn -0.2296 0.3961 -0.8890
vn -0.2786 0.3907 -0.8773
vn -0.2297 -0.3960 0.8890
vn -0.2297 0.4865 -0.8429
vn -0.2786 0.4802 -0.8317
vn -0.2297 -0.4867 0.8428
vn -0.2786 0.5645 -0.7770
vn -0.2298 -0.5720 0.7874
vn -0.2297 0.6513 -0.7232
vn -0.2698 0.6199 -0.7368
vn -0.2298 -0.6511 0.7234
vn -0.2298 -0.6510 0.7234
vn -0.2298 0.7233 -0.6512
vn -0.2698 0.7367 -0.6201
vn -0.2298 -0.7232 0.6513
vn -0.2298 0.7873 -0.5721
vn -0.2786 0.7770 -0.5645
vn -0.2298 -0.7872 0.5722
vn -0.2297 -0.7874 0.5720
vn -0.2298 0.8429 -0.4865
vn -0.2786 0.8317 -0.4802
vn -0.2297 -0.8429 0.4866
vn -0.2299 0.8891 -0.3959
vn -0.2786 0.8774 -0.3906
vn -0.2297 -0.8891 0.3958
vn -0.2298 -0.8891 0.3958
vn -0.2298 0.9255 -0.3009
vn -0.2786 0.9134 -0.2968
vn -0.2297 -0.9256 0.3007
vn -0.2786 0.9394 -0.1997
vn -0.2297 -0.9520 0.2024
vn -0.2296 0.9679 -0.1019
vn -0.2786 0.9551 -0.1004
vn -0.2296 -0.9680 0.1015
vn -0.2297 -0.9679 0.1017
vn -0.0412 -0.0000 -0.9992
vn -0.0412 0.1043 -0.9937
vn -0.0412 0.2077 -0.9773
vn -0.0412 0.3087 -0.9503
vn -0.0412 0.4064 -0.9128
vn -0.0412 0.4997 -0.8652
vn -0.0412 0.5873 -0.8083
vn -0.2795 0.6789 -0.6789
vn -0.2795 0.6793 -0.6786
vn -0.0412 0.8083 -0.5873
vn -0.0412 0.8653 -0.4996
vn -0.0412 0.9128 -0.4064
vn -0.0412 0.9503 -0.3087
vn -0.0412 0.9773 -0.2077
vn -0.0412 0.9937 -0.1044
vn 0.0011 0.9945 -0.1047
vn 0.0011 0.9781 -0.2080
vn 0.0011 0.9511 -0.3089
vn 0.0006 0.9135 -0.4067
vn 0.0006 0.8660 -0.5000
vn 0.0011 0.8090 -0.5879
vn -0.0000 0.7658 -0.6431
vn 0.0010 0.7620 -0.6475
vn -0.0000 0.6429 -0.7659
vn 0.0010 0.6474 -0.7621
vn 0.0006 0.5878 -0.8090
vn 0.0011 0.5000 -0.8660
vn 0.0011 0.4068 -0.9135
vn 0.0008 0.3090 -0.9511
vn 0.0007 0.2079 -0.9781
vn 0.0006 0.1044 -0.9945
vn 0.0011 -0.0000 -1.0000
vn -0.0000 0.7072 0.7071
vn 0.6024 0.5644 -0.5645
vn 0.6024 0.5644 -0.5644
vn -0.0000 0.7075 -0.7067
vn -0.0000 0.7074 -0.7068
vn -0.9991 -0.0296 0.0296
vn -0.0145 0.7075 0.7065
vn -0.0145 0.7075 0.7066
vn -0.0034 0.7072 0.7070
vn -0.0019 0.7071 0.7071
vn -0.0019 -0.7070 -0.7072
vn -0.0033 -0.7070 -0.7072
vn -0.0147 -0.7064 -0.7076
vn -0.0145 -0.7065 -0.7075
vn 0.7601 0.4594 -0.4596
vn 0.7601 0.4597 -0.4592
vn -0.0411 -0.9937 -0.1044
vn -0.0000 -0.9945 -0.1047
vn -0.0411 -0.9773 -0.2077
vn -0.0000 -0.9782 -0.2077
vn -0.0411 -0.9503 -0.3087
vn -0.0000 -0.9510 -0.3092
vn -0.0411 -0.9128 -0.4064
vn -0.0000 -0.9135 -0.4069
vn -0.0411 -0.8653 -0.4996
vn -0.0000 -0.8660 -0.5000
vn -0.0411 -0.8083 -0.5873
vn -0.0000 -0.8090 -0.5879
vn -0.0411 -0.7765 -0.6288
vn -0.0000 -0.7672 -0.6414
vn -0.0000 -0.6413 -0.7673
vn -0.0411 -0.6287 -0.7765
vn -0.0411 -0.5873 -0.8083
vn -0.0000 -0.5877 -0.8091
vn -0.0411 -0.4996 -0.8653
vn -0.0000 -0.5002 -0.8659
vn -0.0411 -0.4064 -0.9128
vn -0.0000 -0.4069 -0.9135
vn -0.0411 -0.3088 -0.9502
vn -0.0000 -0.3091 -0.9510
vn -0.0411 -0.2077 -0.9773
vn -0.0000 -0.2081 -0.9781
vn -0.0411 -0.1043 -0.9937
vn -0.0000 -0.1044 -0.9945
vn -0.2297 -0.9679 -0.1018
vn -0.2786 -0.9551 -0.1004
vn -0.2297 0.9679 0.1016
vn -0.2296 0.9679 0.1018
vn -0.2786 -0.9394 -0.1997
vn -0.2297 0.9520 0.2023
vn -0.2296 0.9520 0.2023
vn -0.2298 -0.9257 -0.3005
vn -0.2786 -0.9134 -0.2967
vn -0.2296 0.9257 0.3005
vn -0.2296 0.9257 0.3007
vn -0.2297 -0.8891 -0.3959
vn -0.2786 -0.8774 -0.3906
vn -0.2296 0.8891 0.3959
vn -0.2296 0.8892 0.3957
vn -0.2298 -0.8429 -0.4865
vn -0.2786 -0.8317 -0.4802
vn -0.2296 0.8429 0.4867
vn -0.2296 0.8428 0.4867
vn -0.2297 -0.7874 -0.5721
vn -0.2786 -0.7770 -0.5645
vn -0.2296 0.7873 0.5722
vn -0.2297 0.7874 0.5720
vn -0.2296 -0.7230 -0.6515
vn -0.2698 -0.7368 -0.6200
vn -0.2297 0.7232 0.6513
vn -0.2298 0.7234 0.6511
vn -0.2297 -0.6512 -0.7234
vn -0.2698 -0.6199 -0.7368
vn -0.2297 0.6513 0.7232
vn -0.2297 -0.5719 -0.7875
vn -0.2786 -0.5645 -0.7770
vn -0.2297 0.5721 0.7873
vn -0.2297 0.5720 0.7875
vn -0.2786 -0.4802 -0.8317
vn -0.2297 0.4867 0.8429
vn -0.2297 0.4867 0.8428
vn -0.2297 -0.3960 -0.8890
vn -0.2786 -0.3907 -0.8774
vn -0.2297 0.3958 0.8891
vn -0.2297 -0.3007 -0.9256
vn -0.2786 -0.2968 -0.9134
vn -0.2297 0.3006 0.9257
vn -0.2297 0.3005 0.9257
vn -0.2297 -0.2023 -0.9520
vn -0.2786 -0.1996 -0.9394
vn -0.2297 0.2020 0.9521
vn -0.2297 0.2021 0.9520
vn -0.2297 -0.1017 -0.9679
vn -0.2786 -0.1003 -0.9552
vn -0.2297 0.1018 0.9679
vn -0.2297 0.1020 0.9679
vn -0.0412 -0.9937 -0.1044
vn -0.0412 -0.9773 -0.2078
vn -0.0412 -0.9503 -0.3087
vn -0.0412 -0.9128 -0.4064
vn -0.0412 -0.8653 -0.4996
vn -0.0412 -0.8083 -0.5873
vn -0.0412 -0.7765 -0.6288
vn -0.2795 -0.6790 -0.6788
vn -0.2795 -0.6793 -0.6786
vn -0.0411 -0.6287 -0.7766
vn -0.0412 -0.5873 -0.8083
vn -0.0412 -0.4996 -0.8653
vn -0.0412 -0.4064 -0.9128
vn -0.0412 -0.3088 -0.9502
vn -0.0412 -0.2077 -0.9773
vn -0.0412 -0.1043 -0.9937
vn 0.0008 -0.1044 -0.9945
vn -0.0000 -0.2077 -0.9782
vn 0.0011 -0.2077 -0.9782
vn 0.0006 -0.3091 -0.9510
vn 0.0006 -0.4068 -0.9135
vn 0.0011 -0.5002 -0.8659
vn 0.0006 -0.5878 -0.8090
vn -0.0000 -0.6429 -0.7659
vn 0.0010 -0.6474 -0.7621
vn -0.0000 -0.7067 -0.7075
vn -0.0000 -0.7659 -0.6430
vn 0.0010 -0.7621 -0.6475
vn 0.0006 -0.8090 -0.5878
vn 0.0006 -0.8660 -0.5000
vn -0.0000 -0.9137 -0.4064
vn 0.0008 -0.9135 -0.4068
vn -0.0000 -0.9511 -0.3089
vn 0.0006 -0.9511 -0.3090
vn 0.0011 -0.9782 -0.2077
vn 0.0006 -0.9945 -0.1045
vn 0.6023 -0.5647 -0.5642
vn 0.6024 -0.5645 -0.5644
vn -0.0000 -0.7071 0.7072
vn -0.0000 -0.7071 -0.7071
vn -0.9991 0.0296 0.0296
vn -0.9991 0.0296 0.0295
vn -0.0144 0.7065 -0.7075
vn -0.0145 0.7066 -0.7075
vn -0.0034 0.7070 -0.7072
vn -0.0019 0.7071 -0.7072
vn -0.0019 -0.7072 0.7070
vn -0.0034 -0.7072 0.7070
vn -0.0144 -0.7075 0.7066
vn -0.0145 -0.7075 0.7066
vn -0.0018 -0.7072 0.7070
vn 0.7601 -0.4594 -0.4595
vn 0.7601 -0.4595 -0.4595
vn 0.0279 -0.0000 0.9996
vn 0.0283 -0.1045 0.9941
vn 0.0529 -0.1044 0.9931
vn 0.0529 -0.0000 0.9986
vn 0.0281 -0.2078 0.9778
vn 0.0528 -0.2075 0.9768
vn 0.0281 -0.3089 0.9507
vn 0.0528 -0.3086 0.9497
vn 0.0282 -0.4066 0.9132
vn 0.0528 -0.4062 0.9123
vn 0.0282 -0.4998 0.8657
vn 0.0528 -0.4993 0.8648
vn 0.0283 -0.5875 0.8087
vn 0.0528 -0.5870 0.8079
vn 0.0282 -0.6689 0.7428
vn 0.0528 -0.6683 0.7420
vn 0.0282 -0.7428 0.6689
vn 0.0529 -0.7420 0.6683
vn 0.0282 -0.8087 0.5876
vn 0.0529 -0.8077 0.5872
vn 0.0280 -0.8657 0.4998
vn 0.0528 -0.8649 0.4992
vn 0.0282 -0.9132 0.4066
vn 0.0528 -0.9123 0.4061
vn 0.0282 -0.9507 0.3089
vn 0.0528 -0.9497 0.3086
vn 0.0282 -0.9778 0.2078
vn 0.0528 -0.9768 0.2074
vn 0.0280 -0.9941 0.1044
vn 0.0529 -0.9931 0.1044
vn 0.0281 -0.9996 -0.0000
vn 0.0529 -0.9986 -0.0000
vn 0.0281 0.9996 -0.0000
vn 0.0281 0.9941 0.1045
vn 0.0528 0.9931 0.1045
vn 0.0528 0.9986 -0.0000
vn 0.0283 0.9778 0.2078
vn 0.0528 0.9768 0.2078
vn 0.0282 0.9507 0.3089
vn 0.0529 0.9497 0.3086
vn 0.0281 0.9132 0.4066
vn 0.0529 0.9123 0.4061
vn 0.0282 0.8657 0.4998
vn 0.0529 0.8649 0.4992
vn 0.0283 0.8087 0.5876
vn 0.0529 0.8079 0.5870
vn 0.0283 0.7428 0.6689
vn 0.0528 0.7420 0.6683
vn 0.0282 0.6689 0.7428
vn 0.0528 0.6683 0.7420
vn 0.0282 0.5875 0.8087
vn 0.0528 0.5868 0.8080
vn 0.0280 0.4997 0.8657
vn 0.0529 0.4992 0.8649
vn 0.0283 0.4066 0.9132
vn 0.0528 0.4062 0.9123
vn 0.0280 0.3090 0.9507
vn 0.0528 0.3085 0.9497
vn 0.0280 0.2078 0.9778
vn 0.0529 0.2076 0.9768
vn 0.0283 0.1045 0.9941
vn 0.0529 0.1044 0.9931
vn 0.0281 -0.0000 -0.9996
vn 0.0283 0.1045 -0.9941
vn 0.0529 0.1044 -0.9931
vn 0.0529 -0.0000 -0.9986
vn 0.0282 0.2079 -0.9778
vn 0.0529 0.2076 -0.9768
vn 0.0282 0.3089 -0.9507
vn 0.0529 0.3086 -0.9497
vn 0.0282 0.4066 -0.9132
vn 0.0528 0.4063 -0.9122
vn 0.0282 0.4998 -0.8657
vn 0.0528 0.4992 -0.8649
vn 0.0282 0.5875 -0.8087
vn 0.0528 0.5868 -0.8080
vn 0.0281 0.6688 -0.7429
vn 0.0528 0.6682 -0.7421
vn 0.0281 0.7428 -0.6689
vn 0.0528 0.7420 -0.6683
vn 0.0280 0.8086 -0.5876
vn 0.0528 0.8079 -0.5869
vn 0.0283 0.8657 -0.4998
vn 0.0529 0.8649 -0.4992
vn 0.0281 0.9132 -0.4066
vn 0.0529 0.9123 -0.4061
vn 0.0283 0.9507 -0.3089
vn 0.0529 0.9497 -0.3086
vn 0.0282 0.9778 -0.2078
vn 0.0529 0.9768 -0.2077
vn 0.0281 0.9941 -0.1045
vn 0.0528 0.9931 -0.1044
vn 0.0282 -0.9941 -0.1045
vn 0.0529 -0.9931 -0.1044
vn 0.0283 -0.9778 -0.2078
vn 0.0529 -0.9768 -0.2075
vn 0.0282 -0.9507 -0.3089
vn 0.0528 -0.9497 -0.3086
vn 0.0279 -0.9132 -0.4066
vn 0.0528 -0.9123 -0.4061
vn 0.0282 -0.8657 -0.4998
vn 0.0528 -0.8649 -0.4992
vn 0.0282 -0.8087 -0.5876
vn 0.0528 -0.8078 -0.5871
vn 0.0282 -0.7428 -0.6689
vn 0.0529 -0.7420 -0.6683
vn 0.0282 -0.6688 -0.7429
vn 0.0529 -0.6682 -0.7421
vn 0.0282 -0.5875 -0.8087
vn 0.0528 -0.5870 -0.8079
vn 0.0282 -0.4998 -0.8657
vn 0.0528 -0.4992 -0.8649
vn 0.0281 -0.4066 -0.9132
vn 0.0528 -0.4063 -0.9122
vn 0.0281 -0.3090 -0.9507
vn 0.0528 -0.3086 -0.9497
vn 0.0281 -0.2079 -0.9778
vn 0.0528 -0.2075 -0.9768
vn 0.0280 -0.1044 -0.9941
vn 0.0529 -0.1044 -0.9931
vn 0.1040 0.1039 -0.9891
vn 0.0522 0.1043 -0.9932
vn 0.0522 0.2076 -0.9768
vn 0.1043 0.2068 -0.9728
vn 0.0524 0.3085 -0.9498
vn 0.1044 0.3073 -0.9459
vn 0.0526 0.4062 -0.9123
vn 0.1040 0.4045 -0.9086
vn 0.0525 0.4995 -0.8647
vn 0.1043 0.4972 -0.8614
vn 0.0520 0.5868 -0.8080
vn 0.1042 0.5845 -0.8047
vn 0.0522 0.6682 -0.7421
vn 0.1041 0.6655 -0.7391
vn 0.0521 0.7420 -0.6684
vn 0.1045 0.7390 -0.6655
vn 0.0524 0.8079 -0.5870
vn 0.1040 0.8046 -0.5846
vn 0.0524 0.8648 -0.4993
vn 0.1041 0.8613 -0.4973
vn 0.0524 0.9122 -0.4064
vn 0.1043 0.9085 -0.4047
vn 0.0526 0.9497 -0.3087
vn 0.1044 0.9459 -0.3073
vn 0.0525 0.9768 -0.2076
vn 0.1045 0.9728 -0.2069
vn 0.0523 0.9931 -0.1046
vn 0.1040 0.9891 -0.1040
vn 0.0525 0.9986 0.0001
vn 0.1044 0.9945 -0.0000
vn 0.0522 0.9932 0.1042
vn 0.1042 0.9891 0.1040
vn 0.0524 0.9768 0.2077
vn 0.1042 0.9728 0.2068
vn 0.0524 0.9497 0.3086
vn 0.1040 0.9459 0.3074
vn 0.0524 0.9122 0.4063
vn 0.1042 0.9085 0.4046
vn 0.0524 0.8648 0.4993
vn 0.1041 0.8613 0.4973
vn 0.0524 0.8080 0.5869
vn 0.1039 0.8046 0.5846
vn 0.0525 0.7421 0.6683
vn 0.1044 0.7391 0.6655
vn 0.0524 0.6683 0.7421
vn 0.1045 0.6656 0.7390
vn 0.0523 0.5870 0.8079
vn 0.1040 0.5846 0.8046
vn 0.0525 0.4993 0.8649
vn 0.1045 0.4972 0.8613
vn 0.0526 0.4061 0.9123
vn 0.1039 0.4045 0.9086
vn 0.0524 0.3086 0.9498
vn 0.1044 0.3073 0.9459
vn 0.0524 0.2076 0.9768
vn 0.1038 0.2068 0.9729
vn 0.0522 0.1045 0.9932
vn 0.1043 0.1039 0.9891
vn 0.0524 -0.0001 0.9986
vn 0.1043 -0.0000 0.9945
vn 0.0522 -0.1044 0.9932
vn 0.1040 -0.1039 0.9891
vn 0.0522 -0.2075 0.9768
vn 0.1043 -0.2068 0.9728
vn 0.0525 -0.3086 0.9497
vn 0.1044 -0.3074 0.9458
vn 0.0526 -0.4062 0.9123
vn 0.1043 -0.4044 0.9086
vn 0.0523 -0.4991 0.8650
vn 0.1044 -0.4972 0.8613
vn 0.0526 -0.5871 0.8078
vn 0.1040 -0.5846 0.8046
vn 0.0525 -0.6684 0.7420
vn 0.1042 -0.6654 0.7391
vn 0.0521 -0.7420 0.6684
vn 0.1042 -0.7391 0.6655
vn 0.0523 -0.8078 0.5871
vn 0.1044 -0.8046 0.5845
vn 0.0524 -0.8648 0.4993
vn 0.1041 -0.8613 0.4973
vn 0.0524 -0.9123 0.4061
vn 0.1042 -0.9085 0.4046
vn 0.0523 -0.9497 0.3086
vn 0.1041 -0.9459 0.3073
vn 0.0526 -0.9768 0.2077
vn 0.1043 -0.9728 0.2067
vn 0.0524 -0.9932 0.1044
vn 0.1040 -0.9891 0.1041
vn 0.0525 -0.9986 -0.0001
vn 0.1043 -0.9945 -0.0001
vn 0.0522 -0.9932 -0.1043
vn 0.1041 -0.9891 -0.1037
vn 0.0525 -0.9768 -0.2076
vn 0.1042 -0.9728 -0.2067
vn 0.0523 -0.9497 -0.3086
vn 0.1043 -0.9458 -0.3076
vn 0.0522 -0.9123 -0.4061
vn 0.1043 -0.9085 -0.4045
vn 0.0523 -0.8648 -0.4993
vn 0.1040 -0.8613 -0.4973
vn 0.0523 -0.8078 -0.5871
vn 0.1043 -0.8046 -0.5846
vn 0.0521 -0.7421 -0.6682
vn 0.1043 -0.7391 -0.6655
vn 0.0523 -0.6682 -0.7421
vn 0.1043 -0.6655 -0.7391
vn 0.0523 -0.5870 -0.8079
vn 0.1042 -0.5847 -0.8046
vn 0.0521 -0.4994 -0.8648
vn 0.1045 -0.4972 -0.8613
vn 0.0525 -0.4062 -0.9123
vn 0.1045 -0.4045 -0.9086
vn 0.0526 -0.3085 -0.9498
vn 0.1043 -0.3074 -0.9459
vn 0.0522 -0.2076 -0.9768
vn 0.1042 -0.2069 -0.9728
vn 0.0521 -0.1044 -0.9932
vn 0.1039 -0.1039 -0.9891
vn 0.0523 -0.0000 -0.9986
vn 0.1040 -0.0000 -0.9946
vn 0.2076 0.1022 -0.9729
vn 0.2069 0.2034 -0.9570
vn 0.2075 0.3024 -0.9303
vn 0.2070 0.3979 -0.8938
vn 0.2071 0.4891 -0.8473
vn 0.2072 0.5751 -0.7914
vn 0.2069 0.6547 -0.7270
vn 0.2070 0.7270 -0.6547
vn 0.2071 0.7915 -0.5751
vn 0.2070 0.8473 -0.4892
vn 0.2072 0.8937 -0.3980
vn 0.2074 0.9304 -0.3021
vn 0.2071 0.9569 -0.2034
vn 0.2071 0.9730 -0.1023
vn 0.2071 0.9783 -0.0000
vn 0.2070 0.9730 0.1023
vn 0.2070 0.9570 0.2035
vn 0.2073 0.9305 0.3021
vn 0.2072 0.8937 0.3980
vn 0.2070 0.8473 0.4892
vn 0.2071 0.7914 0.5751
vn 0.2072 0.7270 0.6546
vn 0.2069 0.6547 0.7270
vn 0.2071 0.5751 0.7915
vn 0.2068 0.4892 0.8473
vn 0.2070 0.3979 0.8938
vn 0.2071 0.3024 0.9304
vn 0.2070 0.2034 0.9570
vn 0.2072 0.1022 0.9730
vn 0.2070 -0.0000 0.9783
vn 0.2071 -0.1022 0.9730
vn 0.2070 -0.2034 0.9570
vn 0.2069 -0.3024 0.9305
vn 0.2072 -0.3979 0.8937
vn 0.2071 -0.4891 0.8473
vn 0.2069 -0.5751 0.7915
vn 0.2073 -0.6546 0.7270
vn 0.2070 -0.7271 0.6546
vn 0.2073 -0.7914 0.5750
vn 0.2070 -0.8473 0.4892
vn 0.2071 -0.8938 0.3979
vn 0.2071 -0.9304 0.3023
vn 0.2076 -0.9568 0.2034
vn 0.2070 -0.9730 0.1023
vn 0.2075 -0.9782 -0.0000
vn 0.2075 -0.9729 -0.1021
vn 0.2072 -0.9569 -0.2034
vn 0.2072 -0.9304 -0.3024
vn 0.2072 -0.8937 -0.3979
vn 0.2070 -0.8473 -0.4891
vn 0.2070 -0.8473 -0.4892
vn 0.2070 -0.7915 -0.5751
vn 0.2069 -0.7271 -0.6547
vn 0.2076 -0.6546 -0.7269
vn 0.2069 -0.5750 -0.7915
vn 0.2069 -0.4891 -0.8473
vn 0.2074 -0.3981 -0.8936
vn 0.2072 -0.3024 -0.9304
vn 0.2071 -0.2034 -0.9569
vn 0.2071 -0.1022 -0.9730
vn 0.2075 -0.0000 -0.9782
vn 0.3077 0.0995 -0.9463
vn 0.3078 0.1978 -0.9307
vn 0.3075 0.2940 -0.9050
vn 0.3076 0.3870 -0.8693
vn 0.3077 0.4757 -0.8240
vn 0.3077 0.5593 -0.7698
vn 0.3078 0.6367 -0.7070
vn 0.3076 0.7071 -0.6367
vn 0.3077 0.7698 -0.5593
vn 0.3077 0.8240 -0.4757
vn 0.3077 0.8692 -0.3870
vn 0.3077 0.9049 -0.2940
vn 0.3078 0.9307 -0.1978
vn 0.3077 0.9463 -0.0995
vn 0.3078 0.9515 -0.0000
vn 0.3079 0.9462 0.0994
vn 0.3076 0.9307 0.1979
vn 0.3078 0.9049 0.2940
vn 0.3078 0.8692 0.3870
vn 0.3077 0.8240 0.4757
vn 0.3077 0.8240 0.4758
vn 0.3077 0.7698 0.5593
vn 0.3080 0.7070 0.6366
vn 0.3077 0.6367 0.7071
vn 0.3078 0.5593 0.7697
vn 0.3075 0.4758 0.8240
vn 0.3075 0.3870 0.8693
vn 0.3076 0.2940 0.9050
vn 0.3076 0.1978 0.9307
vn 0.3077 0.0995 0.9463
vn 0.3078 -0.0000 0.9514
vn 0.3076 -0.0995 0.9463
vn 0.3077 -0.1978 0.9307
vn 0.3077 -0.2940 0.9049
vn 0.3076 -0.3870 0.8693
vn 0.3077 -0.4757 0.8240
vn 0.3078 -0.5593 0.7698
vn 0.3078 -0.6366 0.7071
vn 0.3077 -0.7071 0.6367
vn 0.3076 -0.7698 0.5593
vn 0.3077 -0.8240 0.4758
vn 0.3077 -0.8240 0.4757
vn 0.3077 -0.8692 0.3870
vn 0.3077 -0.9049 0.2940
vn 0.3076 -0.9307 0.1978
vn 0.3077 -0.9463 0.0995
vn 0.3076 -0.9515 -0.0000
vn 0.3077 -0.9463 -0.0995
vn 0.3077 -0.9307 -0.1978
vn 0.3077 -0.9049 -0.2940
vn 0.3077 -0.8692 -0.3870
vn 0.3077 -0.8240 -0.4757
vn 0.3077 -0.7698 -0.5593
vn 0.3076 -0.7071 -0.6367
vn 0.3078 -0.6367 -0.7070
vn 0.3076 -0.5593 -0.7698
vn 0.3077 -0.4757 -0.8240
vn 0.3077 -0.3871 -0.8692
vn 0.3078 -0.2940 -0.9049
vn 0.3077 -0.1978 -0.9307
vn 0.3077 -0.0995 -0.9463
vn 0.3076 -0.0000 -0.9515
vn 0.4050 0.0956 -0.9093
vn 0.4051 0.1900 -0.8943
vn 0.4050 0.2825 -0.8696
vn 0.4050 0.3719 -0.8353
vn 0.4050 0.4572 -0.7918
vn 0.4050 0.5374 -0.7397
vn 0.4050 0.6118 -0.6795
vn 0.4050 0.6794 -0.6118
vn 0.4050 0.7397 -0.5374
vn 0.4050 0.7918 -0.4572
vn 0.4050 0.8352 -0.3719
vn 0.4051 0.8695 -0.2825
vn 0.4050 0.8943 -0.1901
vn 0.4051 0.9093 -0.0956
vn 0.4051 0.9143 -0.0000
vn 0.4050 0.9093 0.0956
vn 0.4050 0.8943 0.1901
vn 0.4051 0.8695 0.2825
vn 0.4051 0.8352 0.3719
vn 0.4050 0.7918 0.4572
vn 0.4050 0.7397 0.5374
vn 0.4050 0.6794 0.6118
vn 0.4049 0.6118 0.6795
vn 0.4050 0.5374 0.7397
vn 0.4050 0.4572 0.7918
vn 0.4050 0.3719 0.8353
vn 0.4050 0.2824 0.8696
vn 0.4051 0.1900 0.8943
vn 0.4051 0.0956 0.9093
vn 0.4051 -0.0000 0.9143
vn 0.4048 -0.0957 0.9094
vn 0.4050 -0.1900 0.8943
vn 0.4050 -0.2824 0.8696
vn 0.4050 -0.3719 0.8352
vn 0.4049 -0.4572 0.7918
vn 0.4050 -0.5374 0.7397
vn 0.4050 -0.6118 0.6795
vn 0.4051 -0.6794 0.6118
vn 0.4050 -0.7397 0.5374
vn 0.4050 -0.7918 0.4572
vn 0.4050 -0.7918 0.4571
vn 0.4051 -0.8352 0.3719
vn 0.4050 -0.8696 0.2825
vn 0.4050 -0.8943 0.1901
vn 0.4049 -0.9093 0.0956
vn 0.4050 -0.9143 -0.0000
vn 0.4051 -0.9093 -0.0956
vn 0.4050 -0.8943 -0.1901
vn 0.4050 -0.8696 -0.2825
vn 0.4051 -0.8352 -0.3719
vn 0.4050 -0.7918 -0.4572
vn 0.4050 -0.7397 -0.5374
vn 0.4050 -0.6794 -0.6118
vn 0.4050 -0.6118 -0.6795
vn 0.4050 -0.5374 -0.7397
vn 0.4049 -0.4572 -0.7918
vn 0.4049 -0.3719 -0.8353
vn 0.4051 -0.2824 -0.8695
vn 0.4051 -0.1900 -0.8943
vn 0.4051 -0.0957 -0.9093
vn 0.4050 -0.0000 -0.9143
vn 0.4978 0.0906 -0.8625
vn 0.4978 0.1803 -0.8483
vn 0.4978 0.2680 -0.8248
vn 0.4979 0.3527 -0.7923
vn 0.4979 0.4336 -0.7510
vn 0.4978 0.5098 -0.7016
vn 0.4978 0.5803 -0.6445
vn 0.4979 0.6445 -0.5803
vn 0.4978 0.7017 -0.5097
vn 0.4979 0.7017 -0.5097
vn 0.4978 0.7511 -0.4336
vn 0.4979 0.7923 -0.3528
vn 0.4979 0.8248 -0.2680
vn 0.4979 0.8483 -0.1803
vn 0.4979 0.8625 -0.0906
vn 0.4979 0.8672 -0.0000
vn 0.4979 0.8625 0.0906
vn 0.4979 0.8483 0.1803
vn 0.4979 0.8248 0.2680
vn 0.4979 0.7923 0.3528
vn 0.4978 0.7511 0.4336
vn 0.4979 0.7016 0.5097
vn 0.4979 0.7016 0.5098
vn 0.4979 0.6445 0.5803
vn 0.4978 0.5803 0.6445
vn 0.4978 0.5098 0.7017
vn 0.4978 0.4336 0.7511
vn 0.4979 0.3527 0.7923
vn 0.4979 0.2680 0.8248
vn 0.4978 0.1803 0.8483
vn 0.4978 0.0908 0.8625
vn 0.4978 -0.0000 0.8673
vn 0.4978 -0.0908 0.8625
vn 0.4978 -0.1803 0.8483
vn 0.4979 -0.2680 0.8248
vn 0.4979 -0.3527 0.7923
vn 0.4978 -0.4336 0.7511
vn 0.4978 -0.5098 0.7017
vn 0.4978 -0.5803 0.6445
vn 0.4979 -0.6445 0.5803
vn 0.4979 -0.7016 0.5098
vn 0.4979 -0.7016 0.5097
vn 0.4979 -0.7511 0.4336
vn 0.4979 -0.7923 0.3528
vn 0.4979 -0.8248 0.2680
vn 0.4979 -0.8483 0.1803
vn 0.4979 -0.8625 0.0906
vn 0.4979 -0.8673 -0.0000
vn 0.4979 -0.8625 -0.0906
vn 0.4979 -0.8483 -0.1803
vn 0.4979 -0.8248 -0.2680
vn 0.4978 -0.7923 -0.3528
vn 0.4978 -0.7511 -0.4336
vn 0.4979 -0.7016 -0.5097
vn 0.4979 -0.6445 -0.5803
vn 0.4979 -0.5803 -0.6445
vn 0.4979 -0.5098 -0.7016
vn 0.4979 -0.4336 -0.7511
vn 0.4979 -0.3527 -0.7923
vn 0.4978 -0.2679 -0.8248
vn 0.4978 -0.1803 -0.8483
vn 0.4978 -0.0907 -0.8625
vn 0.4979 -0.0000 -0.8672
vn 0.5854 0.0847 -0.8063
vn 0.4979 0.0906 -0.8625
vn 0.5854 0.1685 -0.7930
vn 0.4979 0.2680 -0.8248
vn 0.5855 0.2506 -0.7710
vn 0.5854 0.3298 -0.7407
vn 0.5853 0.4054 -0.7022
vn 0.4979 0.5098 -0.7016
vn 0.5854 0.4765 -0.6559
vn 0.4979 0.5803 -0.6445
vn 0.5854 0.5425 -0.6025
vn 0.5854 0.6025 -0.5425
vn 0.5854 0.6559 -0.4766
vn 0.4979 0.7511 -0.4336
vn 0.5853 0.7022 -0.4054
vn 0.4979 0.7922 -0.3528
vn 0.5854 0.7407 -0.3298
vn 0.5854 0.7711 -0.2505
vn 0.5854 0.7931 -0.1686
vn 0.5853 0.8064 -0.0847
vn 0.5854 0.8107 -0.0000
vn 0.5853 0.8063 0.0847
vn 0.5854 0.7930 0.1686
vn 0.5854 0.7710 0.2505
vn 0.5853 0.7407 0.3298
vn 0.4979 0.7511 0.4336
vn 0.5853 0.7022 0.4054
vn 0.5853 0.6559 0.4766
vn 0.5854 0.6026 0.5424
vn 0.4979 0.5803 0.6445
vn 0.5854 0.5425 0.6025
vn 0.4978 0.5098 0.7016
vn 0.5854 0.4766 0.6559
vn 0.5854 0.4053 0.7022
vn 0.5854 0.3297 0.7407
vn 0.5854 0.2506 0.7711
vn 0.5854 0.1685 0.7930
vn 0.5855 0.0848 0.8063
vn 0.5854 -0.0000 0.8107
vn 0.5854 -0.0848 0.8063
vn 0.5854 -0.1685 0.7930
vn 0.5854 -0.2506 0.7711
vn 0.5854 -0.3297 0.7407
vn 0.4979 -0.4336 0.7511
vn 0.5854 -0.4053 0.7021
vn 0.4978 -0.5098 0.7016
vn 0.5854 -0.4765 0.6559
vn 0.4979 -0.5803 0.6445
vn 0.5854 -0.5425 0.6025
vn 0.5853 -0.6026 0.5425
vn 0.5853 -0.6560 0.4766
vn 0.5854 -0.7021 0.4054
vn 0.4979 -0.7923 0.3527
vn 0.5853 -0.7407 0.3298
vn 0.5853 -0.7711 0.2506
vn 0.5854 -0.7931 0.1686
vn 0.5854 -0.8063 0.0847
vn 0.4979 -0.8672 -0.0000
vn 0.5854 -0.8108 -0.0000
vn 0.5854 -0.8063 -0.0847
vn 0.5854 -0.7930 -0.1686
vn 0.5854 -0.7711 -0.2505
vn 0.4979 -0.7923 -0.3528
vn 0.5854 -0.7407 -0.3298
vn 0.4979 -0.7511 -0.4336
vn 0.5853 -0.7022 -0.4054
vn 0.5854 -0.6559 -0.4766
vn 0.4979 -0.6444 -0.5803
vn 0.5854 -0.6024 -0.5425
vn 0.5854 -0.5425 -0.6025
vn 0.5854 -0.4766 -0.6558
vn 0.4979 -0.4336 -0.7510
vn 0.5854 -0.4054 -0.7021
vn 0.5854 -0.3298 -0.7407
vn 0.4979 -0.2679 -0.8248
vn 0.5853 -0.2506 -0.7711
vn 0.5853 -0.1686 -0.7931
vn 0.4979 -0.0907 -0.8625
vn 0.5853 -0.0847 -0.8064
vn 0.5854 -0.0000 -0.8107
vn 0.6665 0.0779 -0.7414
vn 0.6665 0.1549 -0.7292
vn 0.6664 0.2304 -0.7091
vn 0.6665 0.3032 -0.6811
vn 0.6665 0.3728 -0.6457
vn 0.6664 0.4382 -0.6032
vn 0.6665 0.4989 -0.5541
vn 0.6664 0.5541 -0.4989
vn 0.6665 0.6031 -0.4382
vn 0.6665 0.6457 -0.3727
vn 0.6664 0.6811 -0.3032
vn 0.6665 0.7090 -0.2304
vn 0.6664 0.7293 -0.1550
vn 0.6664 0.7415 -0.0779
vn 0.6665 0.7455 -0.0000
vn 0.6664 0.7415 0.0779
vn 0.6664 0.7293 0.1550
vn 0.6664 0.7091 0.2304
vn 0.6664 0.6811 0.3032
vn 0.6664 0.6457 0.3728
vn 0.6664 0.6032 0.4383
vn 0.6664 0.5541 0.4989
vn 0.6665 0.4989 0.5540
vn 0.6665 0.4382 0.6031
vn 0.6664 0.3728 0.6457
vn 0.6664 0.3032 0.6811
vn 0.6665 0.2304 0.7091
vn 0.6665 0.1550 0.7292
vn 0.6665 0.0780 0.7415
vn 0.6665 -0.0000 0.7455
vn 0.6665 -0.0780 0.7414
vn 0.6664 -0.1550 0.7293
vn 0.6665 -0.2304 0.7091
vn 0.6664 -0.3032 0.6811
vn 0.6665 -0.3727 0.6456
vn 0.6664 -0.4382 0.6032
vn 0.6664 -0.4989 0.5541
vn 0.6664 -0.5541 0.4989
vn 0.6664 -0.6032 0.4383
vn 0.6664 -0.6457 0.3728
vn 0.6664 -0.6811 0.3032
vn 0.6664 -0.7091 0.2304
vn 0.6664 -0.7293 0.1550
vn 0.6664 -0.7415 0.0779
vn 0.6665 -0.7455 -0.0000
vn 0.6665 -0.7414 -0.0779
vn 0.6664 -0.7293 -0.1550
vn 0.6664 -0.7091 -0.2304
vn 0.6664 -0.6811 -0.3032
vn 0.6665 -0.6457 -0.3727
vn 0.6665 -0.6031 -0.4382
vn 0.6664 -0.5540 -0.4989
vn 0.6664 -0.4988 -0.5541
vn 0.6664 -0.4383 -0.6032
vn 0.6664 -0.3728 -0.6456
vn 0.6665 -0.3033 -0.6811
vn 0.6664 -0.2304 -0.7091
vn 0.6665 -0.1549 -0.7292
vn 0.6665 -0.0779 -0.7414
vn 0.6664 -0.0000 -0.7456
vn 0.7402 0.0703 -0.6687
vn 0.7402 0.1397 -0.6577
vn 0.7402 0.2077 -0.6395
vn 0.7403 0.2735 -0.6142
vn 0.7403 0.3362 -0.5822
vn 0.7402 0.3952 -0.5440
vn 0.7402 0.4499 -0.4997
vn 0.7402 0.4996 -0.4499
vn 0.7402 0.5440 -0.3952
vn 0.7403 0.5823 -0.3361
vn 0.7402 0.6142 -0.2735
vn 0.7402 0.6394 -0.2078
vn 0.7402 0.6576 -0.1398
vn 0.7403 0.6686 -0.0703
vn 0.7402 0.6724 -0.0000
vn 0.7403 0.6686 0.0703
vn 0.7402 0.6577 0.1398
vn 0.7402 0.6394 0.2078
vn 0.7402 0.6142 0.2735
vn 0.7403 0.5822 0.3362
vn 0.7403 0.5439 0.3952
vn 0.7402 0.4996 0.4499
vn 0.7402 0.4499 0.4997
vn 0.7403 0.3952 0.5439
vn 0.7402 0.3362 0.5822
vn 0.7402 0.2735 0.6142
vn 0.7402 0.2077 0.6395
vn 0.7402 0.1397 0.6577
vn 0.7402 0.0703 0.6687
vn 0.7402 -0.0000 0.6724
vn 0.7402 -0.0703 0.6687
vn 0.7402 -0.1397 0.6577
vn 0.7402 -0.2077 0.6395
vn 0.7402 -0.2735 0.6142
vn 0.7402 -0.3362 0.5822
vn 0.7403 -0.3952 0.5439
vn 0.7402 -0.4499 0.4997
vn 0.7402 -0.4996 0.4499
vn 0.7402 -0.5440 0.3952
vn 0.7402 -0.5823 0.3362
vn 0.7402 -0.6142 0.2735
vn 0.7402 -0.6394 0.2078
vn 0.7402 -0.6577 0.1398
vn 0.7402 -0.6687 0.0703
vn 0.7402 -0.6723 -0.0000
vn 0.7402 -0.6687 -0.0703
vn 0.7402 -0.6577 -0.1398
vn 0.7402 -0.6394 -0.2078
vn 0.7402 -0.6142 -0.2735
vn 0.7403 -0.5822 -0.3361
vn 0.7403 -0.5439 -0.3951
vn 0.7402 -0.4996 -0.4499
vn 0.7402 -0.4498 -0.4997
vn 0.7402 -0.3952 -0.5440
vn 0.7402 -0.3362 -0.5823
vn 0.7402 -0.2735 -0.6142
vn 0.7402 -0.2077 -0.6395
vn 0.7402 -0.1397 -0.6577
vn 0.7402 -0.0703 -0.6687
vn 0.7402 -0.0000 -0.6724
vn 0.8060 0.0619 -0.5887
vn 0.8060 0.1230 -0.5790
vn 0.8060 0.1829 -0.5630
vn 0.8060 0.2408 -0.5408
vn 0.8060 0.2960 -0.5126
vn 0.8060 0.3479 -0.4789
vn 0.8060 0.3961 -0.4399
vn 0.8060 0.4399 -0.3961
vn 0.8060 0.4789 -0.3479
vn 0.8060 0.5127 -0.2960
vn 0.8060 0.5408 -0.2408
vn 0.8060 0.5630 -0.1829
vn 0.8060 0.5790 -0.1231
vn 0.8060 0.5887 -0.0619
vn 0.8060 0.5920 -0.0000
vn 0.8060 0.5887 0.0619
vn 0.8060 0.5790 0.1231
vn 0.8060 0.5629 0.1829
vn 0.8060 0.5408 0.2407
vn 0.8060 0.5126 0.2960
vn 0.8060 0.4789 0.3479
vn 0.8060 0.4399 0.3961
vn 0.8060 0.3961 0.4400
vn 0.8060 0.3479 0.4789
vn 0.8060 0.2960 0.5126
vn 0.8060 0.2408 0.5408
vn 0.8060 0.1829 0.5630
vn 0.8060 0.1230 0.5790
vn 0.8060 0.0619 0.5887
vn 0.8060 -0.0000 0.5919
vn 0.8059 -0.0619 0.5887
vn 0.8060 -0.1230 0.5790
vn 0.8060 -0.1829 0.5630
vn 0.8060 -0.2408 0.5407
vn 0.8060 -0.2960 0.5126
vn 0.8059 -0.3479 0.4790
vn 0.8059 -0.3961 0.4400
vn 0.8060 -0.4399 0.3961
vn 0.8060 -0.4789 0.3480
vn 0.8060 -0.5126 0.2960
vn 0.8060 -0.5408 0.2407
vn 0.8060 -0.5629 0.1829
vn 0.8060 -0.5790 0.1231
vn 0.8060 -0.5887 0.0619
vn 0.8059 -0.5920 -0.0000
vn 0.8060 -0.5887 -0.0619
vn 0.8060 -0.5790 -0.1231
vn 0.8060 -0.5630 -0.1829
vn 0.8060 -0.5408 -0.2408
vn 0.8060 -0.5126 -0.2960
vn 0.8060 -0.4789 -0.3480
vn 0.8060 -0.4399 -0.3961
vn 0.8059 -0.3961 -0.4399
vn 0.8060 -0.3479 -0.4789
vn 0.8060 -0.2960 -0.5126
vn 0.8060 -0.2408 -0.5407
vn 0.8060 -0.1829 -0.5630
vn 0.8059 -0.1230 -0.5791
vn 0.8059 -0.0619 -0.5888
vn 0.8059 -0.0000 -0.5920
vn 0.8629 0.0528 -0.5026
vn 0.8629 0.1050 -0.4943
vn 0.8629 0.1562 -0.4806
vn 0.8629 0.2056 -0.4617
vn 0.8629 0.2526 -0.4377
vn 0.8629 0.2970 -0.4089
vn 0.8629 0.3382 -0.3755
vn 0.8629 0.3755 -0.3381
vn 0.8629 0.4088 -0.2971
vn 0.8629 0.4377 -0.2527
vn 0.8629 0.4617 -0.2056
vn 0.8629 0.4807 -0.1562
vn 0.8629 0.4944 -0.1051
vn 0.8629 0.5026 -0.0528
vn 0.8629 0.5054 -0.0000
vn 0.8629 0.5026 0.0528
vn 0.8629 0.4943 0.1051
vn 0.8629 0.4807 0.1562
vn 0.8629 0.4617 0.2055
vn 0.8629 0.4377 0.2527
vn 0.8629 0.4089 0.2971
vn 0.8629 0.3756 0.3381
vn 0.8629 0.3382 0.3756
vn 0.8629 0.2970 0.4089
vn 0.8629 0.2527 0.4377
vn 0.8629 0.2056 0.4617
vn 0.8629 0.1562 0.4806
vn 0.8629 0.1051 0.4944
vn 0.8629 0.0528 0.5027
vn 0.8629 -0.0000 0.5054
vn 0.8629 -0.0528 0.5027
vn 0.8629 -0.1051 0.4944
vn 0.8629 -0.1562 0.4807
vn 0.8629 -0.2056 0.4617
vn 0.8629 -0.2527 0.4377
vn 0.8629 -0.2970 0.4089
vn 0.8629 -0.3382 0.3756
vn 0.8629 -0.3756 0.3381
vn 0.8629 -0.4088 0.2971
vn 0.8629 -0.4377 0.2527
vn 0.8629 -0.4617 0.2055
vn 0.8629 -0.4807 0.1562
vn 0.8629 -0.4944 0.1051
vn 0.8629 -0.5026 0.0528
vn 0.8629 -0.5054 -0.0000
vn 0.8629 -0.5027 -0.0528
vn 0.8629 -0.4944 -0.1051
vn 0.8629 -0.4806 -0.1562
vn 0.8629 -0.4617 -0.2055
vn 0.8629 -0.4377 -0.2527
vn 0.8629 -0.4088 -0.2971
vn 0.8629 -0.3756 -0.3382
vn 0.8629 -0.3382 -0.3755
vn 0.8629 -0.2970 -0.4089
vn 0.8629 -0.2527 -0.4377
vn 0.8629 -0.2056 -0.4617
vn 0.8629 -0.1562 -0.4806
vn 0.8629 -0.1050 -0.4943
vn 0.8629 -0.0528 -0.5026
vn 0.8629 -0.0000 -0.5054
vn 0.9104 0.0433 -0.4115
vn 0.9104 0.0860 -0.4048
vn 0.9104 0.1279 -0.3935
vn 0.9104 0.1683 -0.3780
vn 0.9104 0.2069 -0.3584
vn 0.9104 0.2432 -0.3348
vn 0.9104 0.2769 -0.3075
vn 0.9104 0.3075 -0.2769
vn 0.9104 0.3348 -0.2432
vn 0.9104 0.3583 -0.2069
vn 0.9104 0.3780 -0.1683
vn 0.9104 0.3935 -0.1279
vn 0.9104 0.4047 -0.0860
vn 0.9104 0.4115 -0.0433
vn 0.9104 0.4138 -0.0000
vn 0.9104 0.4115 0.0432
vn 0.9104 0.4047 0.0860
vn 0.9104 0.3936 0.1278
vn 0.9104 0.3780 0.1683
vn 0.9104 0.3583 0.2069
vn 0.9104 0.3348 0.2432
vn 0.9104 0.3075 0.2769
vn 0.9104 0.2768 0.3075
vn 0.9104 0.2432 0.3348
vn 0.9104 0.2069 0.3583
vn 0.9104 0.1683 0.3780
vn 0.9104 0.1278 0.3935
vn 0.9104 0.0861 0.4047
vn 0.9104 0.0433 0.4115
vn 0.9104 -0.0000 0.4138
vn 0.9104 -0.0433 0.4115
vn 0.9104 -0.0861 0.4047
vn 0.9104 -0.1278 0.3935
vn 0.9104 -0.1683 0.3780
vn 0.9104 -0.2069 0.3583
vn 0.9104 -0.2432 0.3348
vn 0.9104 -0.2768 0.3075
vn 0.9104 -0.3075 0.2769
vn 0.9104 -0.3347 0.2432
vn 0.9104 -0.3583 0.2069
vn 0.9104 -0.3780 0.1683
vn 0.9104 -0.3935 0.1279
vn 0.9104 -0.4047 0.0860
vn 0.9104 -0.4115 0.0433
vn 0.9104 -0.4138 -0.0000
vn 0.9104 -0.4115 -0.0433
vn 0.9104 -0.4047 -0.0860
vn 0.9104 -0.3935 -0.1278
vn 0.9104 -0.3780 -0.1683
vn 0.9104 -0.3584 -0.2069
vn 0.9104 -0.3348 -0.2432
vn 0.9104 -0.3075 -0.2769
vn 0.9104 -0.2769 -0.3075
vn 0.9104 -0.2432 -0.3348
vn 0.9104 -0.2069 -0.3584
vn 0.9104 -0.1683 -0.3780
vn 0.9104 -0.1279 -0.3935
vn 0.9104 -0.0860 -0.4047
vn 0.9104 -0.0433 -0.4115
vn 0.9104 -0.0000 -0.4138
vn 0.9479 0.0333 -0.3168
vn 0.9479 0.0662 -0.3116
vn 0.9479 0.0983 -0.3030
vn 0.9479 0.1296 -0.2910
vn 0.9479 0.1593 -0.2758
vn 0.9479 0.1872 -0.2577
vn 0.9479 0.2132 -0.2367
vn 0.9479 0.2367 -0.2132
vn 0.9479 0.2577 -0.1872
vn 0.9479 0.2759 -0.1593
vn 0.9479 0.2910 -0.1296
vn 0.9479 0.3029 -0.0984
vn 0.9479 0.3116 -0.0662
vn 0.9479 0.3168 -0.0333
vn 0.9479 0.3186 -0.0000
vn 0.9479 0.3168 0.0333
vn 0.9479 0.3116 0.0662
vn 0.9479 0.3029 0.0984
vn 0.9479 0.2910 0.1296
vn 0.9479 0.2758 0.1593
vn 0.9479 0.2577 0.1872
vn 0.9479 0.2367 0.2132
vn 0.9479 0.2131 0.2367
vn 0.9479 0.1872 0.2577
vn 0.9479 0.1593 0.2759
vn 0.9479 0.1296 0.2910
vn 0.9479 0.0984 0.3030
vn 0.9479 0.0663 0.3116
vn 0.9479 0.0333 0.3168
vn 0.9479 -0.0000 0.3185
vn 0.9479 -0.0333 0.3168
vn 0.9479 -0.0663 0.3116
vn 0.9479 -0.0984 0.3030
vn 0.9479 -0.1296 0.2910
vn 0.9479 -0.1593 0.2759
vn 0.9479 -0.1872 0.2577
vn 0.9479 -0.2131 0.2367
vn 0.9479 -0.2367 0.2132
vn 0.9479 -0.2577 0.1872
vn 0.9479 -0.2758 0.1593
vn 0.9479 -0.2910 0.1296
vn 0.9479 -0.3030 0.0984
vn 0.9479 -0.3116 0.0662
vn 0.9479 -0.3168 0.0333
vn 0.9479 -0.3186 -0.0000
vn 0.9479 -0.3168 -0.0333
vn 0.9479 -0.3116 -0.0662
vn 0.9479 -0.3029 -0.0984
vn 0.9479 -0.2910 -0.1296
vn 0.9479 -0.2758 -0.1593
vn 0.9479 -0.2577 -0.1872
vn 0.9479 -0.2367 -0.2132
vn 0.9479 -0.2131 -0.2367
vn 0.9479 -0.1872 -0.2577
vn 0.9479 -0.1593 -0.2758
vn 0.9479 -0.1296 -0.2910
vn 0.9479 -0.0983 -0.3030
vn 0.9479 -0.0662 -0.3116
vn 0.9479 -0.0333 -0.3168
vn 0.9479 -0.0000 -0.3185
vn 0.9832 0.0191 -0.1813
vn 0.9833 0.0379 -0.1782
vn 0.9832 0.0562 -0.1734
vn 0.9832 0.0742 -0.1665
vn 0.9833 0.0912 -0.1578
vn 0.9832 0.1071 -0.1475
vn 0.9832 0.1219 -0.1355
vn 0.9832 0.1354 -0.1220
vn 0.9832 0.1475 -0.1071
vn 0.9833 0.1578 -0.0911
vn 0.9832 0.1665 -0.0742
vn 0.9832 0.1734 -0.0563
vn 0.9833 0.1783 -0.0379
vn 0.9833 0.1813 -0.0191
vn 0.9832 0.1823 -0.0000
vn 0.9833 0.1812 0.0191
vn 0.9832 0.1783 0.0379
vn 0.9833 0.1733 0.0563
vn 0.9832 0.1665 0.0742
vn 0.9833 0.1578 0.0912
vn 0.9833 0.1475 0.1071
vn 0.9832 0.1355 0.1220
vn 0.9832 0.1219 0.1355
vn 0.9832 0.1071 0.1474
vn 0.9832 0.0911 0.1579
vn 0.9832 0.0742 0.1665
vn 0.9833 0.0563 0.1733
vn 0.9833 0.0379 0.1783
vn 0.9832 0.0191 0.1813
vn 0.9832 -0.0000 0.1823
vn 0.9832 -0.0191 0.1813
vn 0.9833 -0.0379 0.1783
vn 0.9833 -0.0563 0.1733
vn 0.9832 -0.0742 0.1665
vn 0.9833 -0.0911 0.1578
vn 0.9833 -0.1071 0.1474
vn 0.9833 -0.1219 0.1355
vn 0.9832 -0.1355 0.1220
vn 0.9833 -0.1475 0.1071
vn 0.9833 -0.1578 0.0911
vn 0.9832 -0.1665 0.0742
vn 0.9832 -0.1734 0.0564
vn 0.9833 -0.1783 0.0379
vn 0.9832 -0.1813 0.0191
vn 0.9832 -0.1823 -0.0000
vn 0.9833 -0.1813 -0.0191
vn 0.9833 -0.1783 -0.0379
vn 0.9832 -0.1734 -0.0564
vn 0.9832 -0.1665 -0.0742
vn 0.9833 -0.1578 -0.0911
vn 0.9832 -0.1475 -0.1071
vn 0.9832 -0.1355 -0.1220
vn 0.9832 -0.1220 -0.1355
vn 0.9832 -0.1071 -0.1475
vn 0.9833 -0.0911 -0.1578
vn 0.9832 -0.0742 -0.1665
vn 0.9832 -0.0562 -0.1734
vn 0.9833 -0.0379 -0.1782
vn 0.9832 -0.0191 -0.1813
vn 0.9832 -0.0000 -0.1823
vn -0.0000 0.4222 0.9065
vn -0.0000 0.4050 0.9143
vn -0.0000 0.6691 0.7432
vn -0.0000 0.6691 0.7431
vn -0.0000 0.7430 0.6693
vn -0.0000 0.9945 -0.1044
vn -0.0000 0.9136 -0.4065
vn -0.0000 0.7430 -0.6693
vn -0.0000 0.6691 -0.7432
vn -0.0000 -0.4068 -0.9135
vn -0.0000 -0.6691 -0.7432
vn -0.0000 -0.7432 -0.6691
vn -0.0000 -0.9945 0.1044
vn -0.0000 -0.7432 0.6691
vn -0.0000 -0.6691 0.7431
vn -0.0000 -0.6691 0.7432
vn -0.0000 -0.4222 0.9065
vn -0.0000 -0.4050 0.9143
vn -0.0000 0.0654 0.9979
vn -0.0000 0.3829 0.9238
vn -0.0000 0.3469 0.9379
vn -0.0000 0.3468 0.9380
vn -0.0000 0.4195 0.9078
vn -0.0000 0.4088 0.9126
vn -0.0000 0.4279 0.9038
vn -0.0000 0.8090 0.5878
vn -0.0000 0.9135 0.4069
vn -0.0000 0.2082 -0.9781
vn -0.0000 -0.2082 -0.9781
vn -0.0000 -0.9945 -0.1044
vn -0.0000 -0.9945 0.1049
vn -0.0000 -0.4088 0.9126
vn -0.0000 -0.4279 0.9038
vn -0.0000 -0.3832 0.9237
vn -0.0000 -0.4194 0.9078
vn -0.0000 -0.4195 0.9078
vn -0.0000 -0.3830 0.9237
vn -0.0000 -0.3469 0.9379
vn -0.0000 -0.0654 0.9979
vn -0.0000 0.3037 0.9528
vn -0.0000 0.7432 0.6690
vn -0.0000 0.2080 -0.9781
vn -0.0000 -0.3036 0.9528
vn -0.0000 0.9887 0.1496
vn -0.0000 0.9887 0.1500
vn -0.0000 -0.9887 0.1498
vn -0.0000 -0.9888 0.1493
vn -0.0000 -0.9887 0.1497
vn -0.0000 -0.9887 0.1496
vn -0.0001 1.0000 -0.0000
vn -0.0000 0.8403 -0.5421
vn -0.0000 0.7840 -0.6207
vn -0.0000 0.7839 -0.6209
vn -0.0000 -0.8403 -0.5422
vn -0.0000 -0.7839 -0.6209
vn -0.0000 -0.8402 -0.5422
vn -0.0000 0.3649 0.9310
vn -0.0000 0.3650 0.9310
vn -0.0000 0.9001 0.4356
vn -0.0000 0.9002 0.4355
vn -0.0000 0.9565 -0.2917
vn -0.0000 0.9565 -0.2918
vn -0.0000 -0.9565 -0.2918
vn -0.0000 -0.9000 0.4359
vn -0.0000 -0.9000 0.4358
vn -0.0000 -0.3648 0.9311
vn -0.0000 -0.3647 0.9311
vn -0.0000 0.0655 0.9979
vn -0.0000 0.3830 0.9237
vn -0.0000 0.3471 0.9378
vn -0.0000 -0.3829 0.9238
vn -0.0000 -0.3828 0.9238
vn -0.7300 -0.0000 -0.6834
vn -0.7944 0.0328 -0.6066
vn -0.7913 0.0320 -0.6106
vn -0.7913 -0.0320 -0.6106
vn -0.7944 -0.0328 -0.6065
vn -0.8412 -0.0977 -0.5318
vn -0.8421 -0.1120 -0.5275
vn 0.9621 0.0273 0.2714
vn 0.9876 0.0157 0.1562
vn -0.8174 -0.1941 -0.5423
vn -0.8014 -0.2116 -0.5594
vn 0.8801 0.0477 0.4724
vn 0.8801 0.0476 0.4725
vn -0.0000 0.9887 0.1499
vn -0.7603 -0.2527 -0.5984
vn -0.0000 -0.9887 0.1499
vn 0.8801 -0.0476 0.4725
vn 0.8801 -0.0476 0.4724
vn 0.9621 -0.0274 0.2715
vn 0.9876 -0.0157 0.1561
vn -0.8174 0.1941 -0.5423
vn -0.8014 0.2116 -0.5594
vn -0.7603 0.2527 -0.5984
vn -0.8412 0.0976 -0.5318
vn -0.8421 0.1120 -0.5275
vn -0.0000 0.7840 -0.6208
vn -0.0000 0.8403 -0.5422
vn -0.0000 0.3649 0.9311
vn -0.0000 0.3648 0.9311
vn -0.0000 0.9001 0.4357
vn -0.0000 -0.9565 -0.2919
vn -0.0000 -0.8999 0.4360
vn -0.0000 -0.3644 0.9312
vt 0.763424 0.263073
vt 0.763425 0.278821
vt 0.764796 0.278894
vt 0.766444 0.263232
vt 0.763423 0.248338
vt 0.767985 0.248578
vt 0.956390 0.298055
vt 0.992340 0.298056
vt 0.992340 0.293494
vt 0.956389 0.292239
vt 0.910606 0.298057
vt 0.910606 0.291425
vt 0.766157 0.279110
vt 0.769430 0.263705
vt 0.772495 0.249292
vt 0.992340 0.288984
vt 0.956389 0.286487
vt 0.910606 0.284867
vt 0.767485 0.279466
vt 0.772352 0.264486
vt 0.776905 0.250474
vt 0.992340 0.284574
vt 0.956390 0.280860
vt 0.910606 0.278452
vt 0.768771 0.279960
vt 0.775176 0.265572
vt 0.781169 0.252110
vt 0.992339 0.280310
vt 0.956389 0.275424
vt 0.910606 0.272254
vt 0.769994 0.280582
vt 0.777870 0.266944
vt 0.785239 0.254185
vt 0.992340 0.276240
vt 0.956389 0.270234
vt 0.910606 0.266338
vt 0.771150 0.281333
vt 0.780409 0.268593
vt 0.789068 0.256671
vt 0.992340 0.272411
vt 0.956390 0.265349
vt 0.910606 0.260768
vt 0.772222 0.282199
vt 0.782759 0.270496
vt 0.792617 0.259543
vt 0.992339 0.268862
vt 0.956388 0.260823
vt 0.910606 0.255608
vt 0.773194 0.283173
vt 0.784898 0.272636
vt 0.795848 0.262776
vt 0.992341 0.265630
vt 0.956389 0.256704
vt 0.910606 0.250912
vt 0.774059 0.284242
vt 0.786800 0.274983
vt 0.798722 0.266324
vt 0.992339 0.262757
vt 0.956389 0.253040
vt 0.910606 0.246735
vt 0.774810 0.285398
vt 0.788448 0.277521
vt 0.801208 0.270154
vt 0.992340 0.260270
vt 0.956390 0.249867
vt 0.910606 0.243115
vt 0.775433 0.286620
vt 0.789820 0.280215
vt 0.803282 0.274225
vt 0.732360 0.171088
vt 0.738366 0.207038
vt 0.742436 0.207039
vt 0.737551 0.171089
vt 0.728465 0.125304
vt 0.734377 0.125304
vt 0.775929 0.287911
vt 0.790905 0.283042
vt 0.804920 0.278489
vt 0.746700 0.207038
vt 0.742989 0.171089
vt 0.740578 0.125304
vt 0.776282 0.289232
vt 0.791688 0.285960
vt 0.806102 0.282898
vt 0.751110 0.207038
vt 0.748610 0.171085
vt 0.746990 0.125303
vt 0.776499 0.290597
vt 0.792161 0.288947
vt 0.806815 0.287408
vt 0.755619 0.207037
vt 0.754367 0.171087
vt 0.753552 0.125304
vt 0.776571 0.291965
vt 0.792319 0.291969
vt 0.807055 0.291969
vt 0.760180 0.207037
vt 0.760180 0.171087
vt 0.760181 0.125304
vt 0.763423 0.291970
vt 0.734526 0.291970
vt 0.750276 0.291974
vt 0.750348 0.290593
vt 0.734685 0.288950
vt 0.719791 0.291973
vt 0.720029 0.287409
vt 0.756141 0.059477
vt 0.756137 0.095427
vt 0.760701 0.095426
vt 0.761961 0.059477
vt 0.756142 0.013694
vt 0.762773 0.013694
vt 0.750563 0.289236
vt 0.735158 0.285963
vt 0.720745 0.282897
vt 0.765214 0.095427
vt 0.767712 0.059477
vt 0.769332 0.013694
vt 0.750920 0.287904
vt 0.735941 0.283038
vt 0.721927 0.278488
vt 0.769622 0.095427
vt 0.773336 0.059477
vt 0.775744 0.013693
vt 0.751411 0.286624
vt 0.737025 0.280216
vt 0.723564 0.274222
vt 0.773889 0.095429
vt 0.778774 0.059479
vt 0.781944 0.013694
vt 0.752038 0.285394
vt 0.738398 0.277522
vt 0.725635 0.270156
vt 0.777955 0.095427
vt 0.783962 0.059475
vt 0.787861 0.013694
vt 0.752787 0.284240
vt 0.740042 0.274989
vt 0.728124 0.266325
vt 0.956388 0.346246
vt 0.992339 0.335843
vt 0.992340 0.333354
vt 0.956389 0.343072
vt 0.910606 0.352996
vt 0.910606 0.349379
vt 0.753652 0.283173
vt 0.741950 0.272633
vt 0.730997 0.262774
vt 0.992339 0.330482
vt 0.956387 0.339409
vt 0.910606 0.345201
vt 0.754626 0.282199
vt 0.744088 0.270495
vt 0.734229 0.259543
vt 0.992340 0.327250
vt 0.956388 0.335288
vt 0.910606 0.340503
vt 0.755695 0.281333
vt 0.746436 0.268593
vt 0.737778 0.256671
vt 0.992341 0.323701
vt 0.956389 0.330763
vt 0.910606 0.335344
vt 0.756849 0.280583
vt 0.748974 0.266944
vt 0.741608 0.254184
vt 0.992341 0.319871
vt 0.956389 0.325880
vt 0.910606 0.329776
vt 0.758072 0.279960
vt 0.751670 0.265572
vt 0.745676 0.252110
vt 0.619505 0.446603
vt 0.625513 0.482555
vt 0.629582 0.482553
vt 0.624695 0.446602
vt 0.956389 0.320689
vt 0.910606 0.323858
vt 0.759360 0.279466
vt 0.754495 0.264486
vt 0.749939 0.250474
vt 0.992339 0.315803
vt 0.992339 0.311540
vt 0.956389 0.315249
vt 0.910606 0.317659
vt 0.760688 0.279110
vt 0.757414 0.263704
vt 0.754351 0.249292
vt 0.992340 0.307128
vt 0.956387 0.309627
vt 0.910606 0.311246
vt 0.762047 0.278894
vt 0.760402 0.263232
vt 0.758862 0.248578
vt 0.992340 0.302617
vt 0.956389 0.303873
vt 0.910606 0.304686
vt 0.763424 0.320865
vt 0.763422 0.305117
vt 0.762049 0.305045
vt 0.760402 0.320708
vt 0.763422 0.335601
vt 0.758861 0.335362
vt 0.858728 0.308036
vt 0.894679 0.308034
vt 0.894679 0.303473
vt 0.858728 0.302217
vt 0.812945 0.308034
vt 0.812945 0.301403
vt 0.760688 0.304828
vt 0.757415 0.320234
vt 0.754351 0.334647
vt 0.894679 0.298963
vt 0.858729 0.296466
vt 0.812945 0.294846
vt 0.759360 0.304473
vt 0.754494 0.319452
vt 0.749940 0.333464
vt 0.894679 0.294552
vt 0.858728 0.290840
vt 0.812945 0.288431
vt 0.758075 0.303981
vt 0.751670 0.318367
vt 0.745676 0.331829
vt 0.894679 0.290288
vt 0.858730 0.285402
vt 0.812945 0.282232
vt 0.756851 0.303356
vt 0.748975 0.316995
vt 0.741606 0.329754
vt 0.894679 0.286218
vt 0.858728 0.280212
vt 0.812945 0.276315
vt 0.755695 0.302606
vt 0.746438 0.315347
vt 0.737777 0.327267
vt 0.894679 0.282389
vt 0.858728 0.275329
vt 0.812945 0.270746
vt 0.754625 0.301740
vt 0.744089 0.313446
vt 0.734228 0.324393
vt 0.894679 0.278840
vt 0.858729 0.270800
vt 0.812945 0.265586
vt 0.753652 0.300766
vt 0.741948 0.311305
vt 0.730997 0.321164
vt 0.894679 0.275609
vt 0.858727 0.266684
vt 0.812945 0.260891
vt 0.752785 0.299695
vt 0.740046 0.308955
vt 0.728124 0.317614
vt 0.894679 0.272736
vt 0.858728 0.263019
vt 0.812945 0.256712
vt 0.752035 0.298542
vt 0.738398 0.306417
vt 0.725637 0.313784
vt 0.894679 0.270249
vt 0.858729 0.259844
vt 0.812945 0.253093
vt 0.751413 0.297319
vt 0.737025 0.303725
vt 0.723563 0.309714
vt 0.728321 0.059478
vt 0.734327 0.095428
vt 0.738397 0.095429
vt 0.733508 0.059477
vt 0.724425 0.013694
vt 0.730338 0.013694
vt 0.750919 0.296032
vt 0.735940 0.300896
vt 0.721927 0.305453
vt 0.742657 0.095427
vt 0.738950 0.059479
vt 0.736538 0.013694
vt 0.750564 0.294710
vt 0.735157 0.297976
vt 0.720744 0.301040
vt 0.747070 0.095428
vt 0.744571 0.059475
vt 0.742950 0.013694
vt 0.750347 0.293340
vt 0.734685 0.294990
vt 0.720031 0.296530
vt 0.751580 0.095428
vt 0.750324 0.059477
vt 0.749512 0.013694
vt 0.776498 0.293345
vt 0.792161 0.294988
vt 0.806816 0.296529
vt 0.764740 0.207037
vt 0.765997 0.171085
vt 0.766813 0.125304
vt 0.776284 0.294701
vt 0.791688 0.297976
vt 0.806102 0.301040
vt 0.769251 0.207037
vt 0.771753 0.171089
vt 0.773371 0.125304
vt 0.775926 0.296032
vt 0.790903 0.300902
vt 0.804921 0.305449
vt 0.773660 0.207035
vt 0.777375 0.171087
vt 0.779784 0.125304
vt 0.775434 0.297315
vt 0.789821 0.303723
vt 0.803284 0.309714
vt 0.777925 0.207037
vt 0.782814 0.171087
vt 0.785982 0.125303
vt 0.774809 0.298544
vt 0.788448 0.306417
vt 0.801208 0.313784
vt 0.781995 0.207038
vt 0.788001 0.171086
vt 0.791901 0.125304
vt 0.774059 0.299698
vt 0.786802 0.308952
vt 0.798721 0.317614
vt 0.858728 0.356224
vt 0.894679 0.345820
vt 0.894679 0.343333
vt 0.858728 0.353050
vt 0.812945 0.362973
vt 0.812945 0.359356
vt 0.773193 0.300766
vt 0.784896 0.311306
vt 0.795848 0.321164
vt 0.894678 0.340460
vt 0.858725 0.349389
vt 0.812945 0.355179
vt 0.772219 0.301740
vt 0.782759 0.313443
vt 0.792616 0.324396
vt 0.894679 0.337227
vt 0.858729 0.345265
vt 0.812945 0.350482
vt 0.771151 0.302606
vt 0.780406 0.315348
vt 0.789069 0.327267
vt 0.894679 0.333681
vt 0.858729 0.340739
vt 0.812945 0.345323
vt 0.769996 0.303356
vt 0.777872 0.316995
vt 0.785238 0.329754
vt 0.894679 0.329850
vt 0.858728 0.335857
vt 0.812945 0.339756
vt 0.768772 0.303978
vt 0.775175 0.318367
vt 0.781168 0.331829
vt 0.894679 0.325780
vt 0.858728 0.330666
vt 0.812945 0.333837
vt 0.767482 0.304475
vt 0.772353 0.319450
vt 0.776905 0.333466
vt 0.894679 0.321517
vt 0.858728 0.325229
vt 0.812945 0.327638
vt 0.766157 0.304828
vt 0.769431 0.320234
vt 0.772495 0.334647
vt 0.894679 0.317106
vt 0.858728 0.319604
vt 0.812945 0.321224
vt 0.764797 0.305045
vt 0.766444 0.320708
vt 0.767984 0.335362
vt 0.894679 0.312595
vt 0.858728 0.313851
vt 0.812945 0.314665
vt 0.874887 0.570183
vt 0.876327 0.570106
vt 0.876327 0.553072
vt 0.873106 0.553240
vt 0.876327 0.537702
vt 0.871500 0.537957
vt 0.988757 0.174767
vt 0.988757 0.169939
vt 0.952256 0.169939
vt 0.952256 0.176042
vt 0.906261 0.169939
vt 0.906261 0.176860
vt 0.873462 0.570408
vt 0.869920 0.553745
vt 0.866725 0.538711
vt 0.988757 0.179542
vt 0.952256 0.182077
vt 0.906261 0.183705
vt 0.872069 0.570782
vt 0.866805 0.554580
vt 0.862056 0.539963
vt 0.988757 0.184211
vt 0.952256 0.187980
vt 0.906261 0.190400
vt 0.870722 0.571299
vt 0.863793 0.555736
vt 0.857542 0.541695
vt 0.988757 0.188725
vt 0.952256 0.193686
vt 0.906261 0.196870
vt 0.869437 0.571954
vt 0.860919 0.557200
vt 0.853235 0.543890
vt 0.988757 0.193032
vt 0.952256 0.199130
vt 0.906261 0.203045
vt 0.868227 0.572738
vt 0.858213 0.558956
vt 0.849181 0.546525
vt 0.988757 0.197086
vt 0.952256 0.204255
vt 0.906261 0.208858
vt 0.867106 0.573646
vt 0.855707 0.560985
vt 0.845423 0.549567
vt 0.988757 0.200844
vt 0.952256 0.209005
vt 0.906261 0.214244
vt 0.866086 0.574667
vt 0.853426 0.563268
vt 0.842005 0.552984
vt 0.988757 0.204262
vt 0.952256 0.213325
vt 0.906261 0.219144
vt 0.865179 0.575788
vt 0.851396 0.565774
vt 0.838963 0.556741
vt 0.988757 0.207304
vt 0.952256 0.217171
vt 0.906261 0.223506
vt 0.864392 0.576998
vt 0.849639 0.568479
vt 0.836330 0.560795
vt 0.988757 0.209937
vt 0.952256 0.220499
vt 0.906261 0.227281
vt 0.863738 0.578283
vt 0.848175 0.571355
vt 0.834135 0.565104
vt 0.850054 0.099245
vt 0.854363 0.099245
vt 0.860461 0.062743
vt 0.855016 0.062743
vt 0.864376 0.016748
vt 0.858200 0.016748
vt 0.863220 0.579630
vt 0.847018 0.574366
vt 0.832403 0.569616
vt 0.845542 0.099245
vt 0.849311 0.062743
vt 0.851730 0.016748
vt 0.862847 0.581024
vt 0.846183 0.577481
vt 0.831151 0.574285
vt 0.840873 0.099245
vt 0.843409 0.062743
vt 0.845036 0.016748
vt 0.862622 0.582447
vt 0.845679 0.580668
vt 0.830395 0.579061
vt 0.836096 0.099245
vt 0.837372 0.062743
vt 0.838191 0.016748
vt 0.862546 0.583889
vt 0.845510 0.583889
vt 0.830142 0.583889
vt 0.831269 0.099245
vt 0.831269 0.062743
vt 0.831269 0.016748
vt 0.876327 0.583889
vt 0.890033 0.582447
vt 0.890109 0.583889
vt 0.907146 0.583889
vt 0.906976 0.580666
vt 0.922513 0.583889
vt 0.922260 0.579061
vt 0.903340 0.097290
vt 0.908168 0.097290
vt 0.908168 0.060788
vt 0.902065 0.060788
vt 0.908168 0.014793
vt 0.901245 0.014793
vt 0.889808 0.581024
vt 0.906471 0.577481
vt 0.921504 0.574287
vt 0.898566 0.097290
vt 0.896028 0.060788
vt 0.894401 0.014793
vt 0.889434 0.579630
vt 0.905637 0.574366
vt 0.920253 0.569615
vt 0.893894 0.097290
vt 0.890126 0.060788
vt 0.887707 0.014793
vt 0.888917 0.578283
vt 0.904481 0.571354
vt 0.918521 0.565104
vt 0.889383 0.097290
vt 0.884421 0.060788
vt 0.881237 0.014793
vt 0.888263 0.576998
vt 0.903016 0.568479
vt 0.916325 0.560795
vt 0.885074 0.097290
vt 0.878976 0.060788
vt 0.875060 0.014793
vt 0.887477 0.575788
vt 0.901259 0.565774
vt 0.913692 0.556741
vt 0.988757 0.132575
vt 0.988757 0.129942
vt 0.952256 0.119379
vt 0.952256 0.122707
vt 0.906261 0.112598
vt 0.906261 0.116372
vt 0.886570 0.574667
vt 0.899230 0.563268
vt 0.910650 0.552984
vt 0.988757 0.135617
vt 0.952256 0.126553
vt 0.906261 0.120735
vt 0.885549 0.573646
vt 0.896948 0.560987
vt 0.907232 0.549567
vt 0.988757 0.139035
vt 0.952256 0.130874
vt 0.906261 0.125634
vt 0.884429 0.572738
vt 0.894441 0.558956
vt 0.903474 0.546523
vt 0.988757 0.142793
vt 0.952256 0.135623
vt 0.906261 0.131021
vt 0.883218 0.571953
vt 0.891736 0.557200
vt 0.899420 0.543890
vt 0.988757 0.146847
vt 0.952256 0.140747
vt 0.906261 0.136833
vt 0.881933 0.571299
vt 0.888862 0.555736
vt 0.895113 0.541695
vt 0.988757 0.151154
vt 0.952256 0.146193
vt 0.906261 0.143009
vt 0.880587 0.570782
vt 0.885851 0.554580
vt 0.890600 0.539963
vt 0.988757 0.155667
vt 0.952256 0.151899
vt 0.906261 0.149479
vt 0.879193 0.570408
vt 0.882735 0.553745
vt 0.885930 0.538711
vt 0.988757 0.160337
vt 0.952256 0.157801
vt 0.906261 0.156173
vt 0.877768 0.570183
vt 0.879549 0.553240
vt 0.881155 0.537957
vt 0.988757 0.165112
vt 0.952256 0.163837
vt 0.906261 0.163018
vt 0.877768 0.597594
vt 0.876327 0.597670
vt 0.876327 0.614706
vt 0.879550 0.614537
vt 0.876327 0.630075
vt 0.881155 0.629820
vt 0.891847 0.182749
vt 0.891847 0.177921
vt 0.855346 0.177921
vt 0.855346 0.184025
vt 0.809350 0.177921
vt 0.809350 0.184842
vt 0.879193 0.597369
vt 0.882735 0.614032
vt 0.885930 0.629065
vt 0.891847 0.187524
vt 0.855346 0.190059
vt 0.809350 0.191687
vt 0.880587 0.596995
vt 0.885851 0.613197
vt 0.890600 0.627814
vt 0.891847 0.192193
vt 0.855346 0.195962
vt 0.809350 0.198382
vt 0.881933 0.596477
vt 0.888862 0.612041
vt 0.895113 0.626082
vt 0.891847 0.196707
vt 0.855346 0.201667
vt 0.809350 0.204852
vt 0.883218 0.595824
vt 0.891736 0.610576
vt 0.899420 0.623886
vt 0.891847 0.201014
vt 0.855346 0.207112
vt 0.809350 0.211027
vt 0.884428 0.595038
vt 0.894442 0.608821
vt 0.903475 0.621254
vt 0.891847 0.205068
vt 0.855346 0.212237
vt 0.809350 0.216840
vt 0.885550 0.594131
vt 0.896948 0.606791
vt 0.907232 0.618210
vt 0.891847 0.208826
vt 0.855346 0.216987
vt 0.809350 0.222226
vt 0.886570 0.593110
vt 0.899229 0.604508
vt 0.910650 0.614793
vt 0.891847 0.212244
vt 0.855346 0.221307
vt 0.809350 0.227126
vt 0.887477 0.591990
vt 0.901259 0.602003
vt 0.913692 0.611036
vt 0.891847 0.215286
vt 0.855346 0.225153
vt 0.809350 0.231488
vt 0.888263 0.590780
vt 0.903016 0.599298
vt 0.916325 0.606982
vt 0.891847 0.217919
vt 0.855346 0.228481
vt 0.809350 0.235263
vt 0.888917 0.589493
vt 0.904481 0.596423
vt 0.918521 0.602673
vt 0.926952 0.097290
vt 0.931261 0.097290
vt 0.937359 0.060788
vt 0.931913 0.060788
vt 0.941274 0.014793
vt 0.935099 0.014793
vt 0.889435 0.588148
vt 0.905637 0.593412
vt 0.920253 0.598161
vt 0.922440 0.097290
vt 0.926209 0.060788
vt 0.928628 0.014793
vt 0.889808 0.586753
vt 0.906472 0.590296
vt 0.921504 0.593492
vt 0.917771 0.097290
vt 0.920306 0.060788
vt 0.921934 0.014793
vt 0.890033 0.585330
vt 0.906976 0.587109
vt 0.922260 0.588716
vt 0.912995 0.097290
vt 0.914270 0.060788
vt 0.915089 0.014793
vt 0.862622 0.585330
vt 0.845679 0.587111
vt 0.830395 0.588716
vt 0.826442 0.099245
vt 0.825166 0.062743
vt 0.824348 0.016748
vt 0.862847 0.586753
vt 0.846184 0.590296
vt 0.831151 0.593490
vt 0.821668 0.099245
vt 0.819131 0.062743
vt 0.817503 0.016748
vt 0.863221 0.588148
vt 0.847018 0.593412
vt 0.832403 0.598161
vt 0.816997 0.099245
vt 0.813228 0.062743
vt 0.810808 0.016748
vt 0.863738 0.589493
vt 0.848175 0.596423
vt 0.834135 0.602673
vt 0.812485 0.099245
vt 0.807523 0.062743
vt 0.804338 0.016748
vt 0.864392 0.590780
vt 0.849639 0.599297
vt 0.836330 0.606982
vt 0.808176 0.099245
vt 0.802078 0.062743
vt 0.798163 0.016748
vt 0.865179 0.591989
vt 0.851396 0.602003
vt 0.838963 0.611036
vt 0.891847 0.140557
vt 0.891847 0.137924
vt 0.855346 0.127361
vt 0.855346 0.130689
vt 0.809350 0.120580
vt 0.809350 0.124354
vt 0.866086 0.593111
vt 0.853425 0.604508
vt 0.842005 0.614793
vt 0.891847 0.143599
vt 0.855346 0.134535
vt 0.809350 0.128717
vt 0.867107 0.594131
vt 0.855708 0.606791
vt 0.845424 0.618210
vt 0.891847 0.147017
vt 0.855346 0.138856
vt 0.809350 0.133616
vt 0.868227 0.595038
vt 0.858214 0.608821
vt 0.849181 0.621254
vt 0.891847 0.150774
vt 0.855346 0.143605
vt 0.809350 0.139003
vt 0.869437 0.595824
vt 0.860919 0.610576
vt 0.853235 0.623887
vt 0.891847 0.154829
vt 0.855346 0.148730
vt 0.809350 0.144815
vt 0.870722 0.596479
vt 0.863793 0.612041
vt 0.857542 0.626082
vt 0.891847 0.159136
vt 0.855346 0.154175
vt 0.809350 0.150991
vt 0.872069 0.596995
vt 0.866805 0.613197
vt 0.862056 0.627814
vt 0.891847 0.163649
vt 0.855346 0.159881
vt 0.809350 0.157461
vt 0.873462 0.597369
vt 0.869920 0.614032
vt 0.866725 0.629066
vt 0.891847 0.168319
vt 0.855346 0.165783
vt 0.809350 0.164155
vt 0.874887 0.597594
vt 0.873106 0.614537
vt 0.871500 0.629820
vt 0.891847 0.173094
vt 0.855346 0.171819
vt 0.809350 0.171001
vt 0.186582 0.756180
vt 0.190198 0.756560
vt 0.190673 0.747483
vt 0.187038 0.747482
vt 0.185218 0.764781
vt 0.188776 0.765538
vt 0.182963 0.773194
vt 0.186425 0.774318
vt 0.179845 0.781324
vt 0.183166 0.782804
vt 0.175891 0.789083
vt 0.179040 0.790903
vt 0.171146 0.796387
vt 0.174092 0.798526
vt 0.165667 0.803156
vt 0.168369 0.805591
vt 0.159508 0.809314
vt 0.161941 0.812017
vt 0.152742 0.814792
vt 0.154880 0.817738
vt 0.145431 0.819541
vt 0.147256 0.822689
vt 0.137677 0.823490
vt 0.139156 0.826815
vt 0.129545 0.826613
vt 0.130670 0.830073
vt 0.121135 0.828866
vt 0.121891 0.832425
vt 0.112528 0.830229
vt 0.112913 0.833847
vt 0.103834 0.830684
vt 0.103834 0.834323
vt 0.112533 0.664738
vt 0.112913 0.661119
vt 0.103834 0.660643
vt 0.103835 0.664282
vt 0.121135 0.666100
vt 0.121891 0.662541
vt 0.129545 0.668353
vt 0.130670 0.664894
vt 0.137677 0.671475
vt 0.139156 0.668151
vt 0.145436 0.675428
vt 0.147256 0.672278
vt 0.152741 0.680172
vt 0.154880 0.677228
vt 0.159505 0.685651
vt 0.161941 0.682949
vt 0.165667 0.691813
vt 0.168369 0.689376
vt 0.171146 0.698578
vt 0.174092 0.696440
vt 0.175891 0.705881
vt 0.179040 0.704063
vt 0.179845 0.713643
vt 0.183166 0.712162
vt 0.182963 0.721773
vt 0.186425 0.720648
vt 0.185218 0.730184
vt 0.188776 0.729428
vt 0.186582 0.738788
vt 0.190198 0.738406
vt 0.021089 0.738786
vt 0.017470 0.738406
vt 0.016997 0.747483
vt 0.020633 0.747482
vt 0.022451 0.730185
vt 0.018892 0.729428
vt 0.024706 0.721773
vt 0.021245 0.720648
vt 0.027826 0.713642
vt 0.024504 0.712162
vt 0.031780 0.705881
vt 0.028630 0.704063
vt 0.036523 0.698578
vt 0.033579 0.696440
vt 0.042003 0.691810
vt 0.039300 0.689376
vt 0.048162 0.685652
vt 0.045728 0.682949
vt 0.054929 0.680172
vt 0.052791 0.677228
vt 0.062238 0.675426
vt 0.060414 0.672278
vt 0.069993 0.671476
vt 0.068513 0.668151
vt 0.078125 0.668353
vt 0.076999 0.664894
vt 0.086534 0.666101
vt 0.085780 0.662541
vt 0.095141 0.664738
vt 0.094757 0.661119
vt 0.095136 0.830229
vt 0.094757 0.833847
vt 0.086535 0.828866
vt 0.085779 0.832425
vt 0.078124 0.826612
vt 0.076999 0.830072
vt 0.069995 0.823493
vt 0.068513 0.826815
vt 0.062232 0.819537
vt 0.060414 0.822689
vt 0.054928 0.814793
vt 0.052791 0.817739
vt 0.048163 0.809315
vt 0.045728 0.812017
vt 0.042003 0.803155
vt 0.039300 0.805591
vt 0.036523 0.796388
vt 0.033579 0.798526
vt 0.031783 0.789087
vt 0.028630 0.790903
vt 0.027825 0.781323
vt 0.024504 0.782804
vt 0.024706 0.773194
vt 0.021244 0.774318
vt 0.022451 0.764782
vt 0.018892 0.765538
vt 0.021088 0.756180
vt 0.017470 0.756560
vt 0.781828 0.410421
vt 0.780116 0.394117
vt 0.787922 0.393710
vt 0.787922 0.410102
vt 0.775802 0.411376
vt 0.772394 0.395342
vt 0.769908 0.412953
vt 0.764842 0.397363
vt 0.764212 0.415140
vt 0.757544 0.400167
vt 0.758775 0.417911
vt 0.750579 0.403716
vt 0.753657 0.421235
vt 0.744022 0.407972
vt 0.748915 0.425073
vt 0.737947 0.412894
vt 0.744601 0.429389
vt 0.732419 0.418420
vt 0.740760 0.434131
vt 0.727499 0.424495
vt 0.737437 0.439249
vt 0.723242 0.431053
vt 0.734667 0.444686
vt 0.719693 0.438018
vt 0.732480 0.450383
vt 0.716891 0.445318
vt 0.730901 0.456276
vt 0.714868 0.452869
vt 0.729947 0.462303
vt 0.713645 0.460587
vt 0.729627 0.468396
vt 0.713236 0.468396
vt 0.549161 0.212261
vt 0.549161 0.011015
vt 0.543682 0.011015
vt 0.543682 0.212261
vt 0.538202 0.011015
vt 0.538202 0.212261
vt 0.532722 0.011015
vt 0.532722 0.212261
vt 0.527241 0.011015
vt 0.527241 0.212261
vt 0.521762 0.011015
vt 0.521762 0.212261
vt 0.516281 0.011015
vt 0.516281 0.212261
vt 0.510801 0.011015
vt 0.510801 0.212261
vt 0.505321 0.212261
vt 0.505321 0.011015
vt 0.499841 0.011015
vt 0.499841 0.212261
vt 0.494361 0.011015
vt 0.494361 0.212261
vt 0.488881 0.011015
vt 0.488881 0.212261
vt 0.483402 0.011015
vt 0.483402 0.212261
vt 0.477921 0.011015
vt 0.477921 0.212261
vt 0.472442 0.011015
vt 0.472442 0.212261
vt 0.466961 0.011015
vt 0.466961 0.212261
vt 0.783268 0.424107
vt 0.787922 0.423861
vt 0.787922 0.468396
vt 0.778663 0.424836
vt 0.774160 0.426041
vt 0.769809 0.427713
vt 0.765656 0.429829
vt 0.761746 0.432367
vt 0.758123 0.435302
vt 0.754827 0.438596
vt 0.751894 0.442220
vt 0.749355 0.446129
vt 0.747239 0.450283
vt 0.745569 0.454635
vt 0.744362 0.459137
vt 0.743633 0.463741
vt 0.743389 0.468396
vt 0.545592 0.308647
vt 0.545592 0.327936
vt 0.551067 0.327936
vt 0.551067 0.308647
vt 0.540116 0.308647
vt 0.540117 0.327936
vt 0.534641 0.308647
vt 0.534641 0.327936
vt 0.529166 0.308647
vt 0.529165 0.327936
vt 0.523690 0.308647
vt 0.523690 0.327936
vt 0.518215 0.308647
vt 0.518214 0.327936
vt 0.512739 0.308647
vt 0.512740 0.327936
vt 0.507264 0.308647
vt 0.507264 0.327936
vt 0.501789 0.308647
vt 0.501790 0.327936
vt 0.496313 0.308647
vt 0.496314 0.327936
vt 0.490838 0.308647
vt 0.490838 0.327936
vt 0.485362 0.308647
vt 0.485361 0.327936
vt 0.479886 0.308647
vt 0.479888 0.327936
vt 0.474413 0.308647
vt 0.474412 0.327936
vt 0.468936 0.308647
vt 0.468936 0.327936
vt 0.551067 0.387933
vt 0.545592 0.387933
vt 0.540117 0.387933
vt 0.534641 0.387933
vt 0.529165 0.387933
vt 0.523691 0.387933
vt 0.518215 0.387933
vt 0.512739 0.387933
vt 0.620360 0.816778
vt 0.628358 0.776107
vt 0.625600 0.776107
vt 0.616856 0.816778
vt 0.507264 0.387933
vt 0.501789 0.387933
vt 0.496314 0.387933
vt 0.490838 0.387933
vt 0.485363 0.387933
vt 0.479887 0.387933
vt 0.474412 0.387933
vt 0.468936 0.387933
vt 0.091696 0.177594
vt 0.097541 0.177594
vt 0.097541 0.086268
vt 0.091695 0.086268
vt 0.085851 0.177594
vt 0.085849 0.086268
vt 0.080006 0.177594
vt 0.080004 0.086268
vt 0.074162 0.177595
vt 0.074159 0.086268
vt 0.068318 0.177595
vt 0.068313 0.086268
vt 0.062473 0.177595
vt 0.062467 0.086269
vt 0.056628 0.177595
vt 0.056622 0.086269
vt 0.359489 0.845519
vt 0.365683 0.845519
vt 0.365683 0.934785
vt 0.359489 0.934785
vt 0.044939 0.177596
vt 0.050783 0.177596
vt 0.050777 0.086270
vt 0.044932 0.086270
vt 0.039093 0.177596
vt 0.039086 0.086270
vt 0.033249 0.177597
vt 0.033241 0.086271
vt 0.027404 0.177598
vt 0.027395 0.086272
vt 0.021559 0.177598
vt 0.021550 0.086272
vt 0.015714 0.177599
vt 0.015705 0.086273
vt 0.360576 0.177599
vt 0.366421 0.177599
vt 0.366412 0.086273
vt 0.360567 0.086274
vt 0.341545 0.845519
vt 0.341545 0.980018
vt 0.366825 0.934785
vt 0.390963 0.980018
vt 0.397157 0.980018
vt 0.373019 0.934785
vt 0.397157 0.845519
vt 0.373019 0.845519
vt 0.456495 0.769365
vt 0.436603 0.749472
vt 0.431498 0.754576
vt 0.451390 0.774470
vt 0.616856 0.960315
vt 0.620360 0.960315
vt 0.303748 0.823223
vt 0.259825 0.779299
vt 0.255806 0.783317
vt 0.299729 0.827241
vt 0.733022 0.776107
vt 0.702867 0.777891
vt 0.710359 0.810913
vt 0.741767 0.816778
vt 0.651768 0.810913
vt 0.658514 0.777891
vt 0.651768 0.998286
vt 0.710359 0.998286
vt 0.741767 0.960315
vt 0.352440 0.776389
vt 0.306695 0.822136
vt 0.311801 0.827241
vt 0.357546 0.781493
vt 0.845897 0.462303
vt 0.862199 0.460587
vt 0.862608 0.468396
vt 0.846216 0.468396
vt 0.844942 0.456276
vt 0.860976 0.452869
vt 0.843363 0.450382
vt 0.858953 0.445317
vt 0.841178 0.444685
vt 0.856151 0.438018
vt 0.838407 0.439249
vt 0.852602 0.431053
vt 0.835083 0.434131
vt 0.848344 0.424495
vt 0.831243 0.429389
vt 0.843425 0.418420
vt 0.826929 0.425073
vt 0.837896 0.412893
vt 0.822187 0.421235
vt 0.831821 0.407972
vt 0.817069 0.417911
vt 0.825265 0.403716
vt 0.811632 0.415140
vt 0.818299 0.400167
vt 0.805936 0.412953
vt 0.811001 0.397363
vt 0.800042 0.411373
vt 0.803450 0.395342
vt 0.794015 0.410421
vt 0.795729 0.394117
vt 0.631362 0.212261
vt 0.631362 0.011015
vt 0.625881 0.011015
vt 0.625881 0.212261
vt 0.620402 0.011015
vt 0.620402 0.212261
vt 0.614921 0.011015
vt 0.614921 0.212261
vt 0.609442 0.011015
vt 0.609442 0.212261
vt 0.603961 0.011015
vt 0.603961 0.212261
vt 0.598481 0.011015
vt 0.598481 0.212261
vt 0.593002 0.011015
vt 0.593002 0.212261
vt 0.587521 0.212261
vt 0.587521 0.011015
vt 0.582042 0.011015
vt 0.582042 0.212261
vt 0.576561 0.011015
vt 0.576561 0.212261
vt 0.571081 0.011015
vt 0.571081 0.212261
vt 0.565601 0.011015
vt 0.565601 0.212261
vt 0.560121 0.011015
vt 0.560121 0.212261
vt 0.554641 0.011015
vt 0.554641 0.212261
vt 0.832211 0.463741
vt 0.832455 0.468396
vt 0.831481 0.459137
vt 0.830275 0.454635
vt 0.828605 0.450283
vt 0.826489 0.446129
vt 0.823949 0.442220
vt 0.821016 0.438596
vt 0.817720 0.435301
vt 0.814099 0.432367
vt 0.810189 0.429829
vt 0.806035 0.427713
vt 0.801683 0.426041
vt 0.797181 0.424836
vt 0.792577 0.424107
vt 0.627722 0.308647
vt 0.627722 0.327936
vt 0.633198 0.327936
vt 0.633199 0.308647
vt 0.622248 0.308647
vt 0.622246 0.327936
vt 0.616772 0.308647
vt 0.616771 0.327936
vt 0.611297 0.308647
vt 0.611296 0.327936
vt 0.605821 0.308647
vt 0.605820 0.327936
vt 0.600345 0.308647
vt 0.600344 0.327936
vt 0.594870 0.308647
vt 0.594871 0.327936
vt 0.589395 0.308647
vt 0.589395 0.327936
vt 0.583919 0.308647
vt 0.583920 0.327936
vt 0.578444 0.308647
vt 0.578444 0.327936
vt 0.572969 0.308647
vt 0.572968 0.327936
vt 0.567493 0.308647
vt 0.567492 0.327936
vt 0.562018 0.308647
vt 0.562018 0.327936
vt 0.556542 0.308647
vt 0.556542 0.327936
vt 0.633198 0.387933
vt 0.627722 0.387933
vt 0.622247 0.387933
vt 0.616771 0.387933
vt 0.611296 0.387933
vt 0.605820 0.387933
vt 0.600345 0.387933
vt 0.594871 0.387933
vt 0.781829 0.816778
vt 0.773085 0.776107
vt 0.770326 0.776107
vt 0.778324 0.816778
vt 0.589395 0.387933
vt 0.583920 0.387933
vt 0.578444 0.387933
vt 0.572968 0.387933
vt 0.567493 0.387933
vt 0.562018 0.387933
vt 0.556543 0.387933
vt 0.354731 0.177600
vt 0.354722 0.086274
vt 0.348886 0.177601
vt 0.348877 0.086275
vt 0.343041 0.177601
vt 0.343032 0.086275
vt 0.337195 0.177602
vt 0.337187 0.086276
vt 0.331350 0.177602
vt 0.331342 0.086276
vt 0.325504 0.177603
vt 0.325497 0.086276
vt 0.319659 0.177603
vt 0.319652 0.086277
vt 0.428714 0.845519
vt 0.422521 0.845519
vt 0.422521 0.934785
vt 0.428714 0.934785
vt 0.307968 0.177604
vt 0.313813 0.177604
vt 0.313807 0.086277
vt 0.307963 0.086278
vt 0.302122 0.177605
vt 0.302118 0.086278
vt 0.296277 0.177605
vt 0.296273 0.086279
vt 0.290431 0.177605
vt 0.290428 0.086279
vt 0.284585 0.177605
vt 0.284583 0.086279
vt 0.278740 0.177605
vt 0.278739 0.086279
vt 0.272894 0.177605
vt 0.272894 0.086279
vt 0.398383 0.845519
vt 0.398383 0.980018
vt 0.404578 0.980018
vt 0.429941 0.934785
vt 0.454078 0.980018
vt 0.454078 0.845519
vt 0.429941 0.845519
vt 0.375317 0.754576
vt 0.395210 0.774471
vt 0.400315 0.769365
vt 0.380422 0.749472
vt 0.778323 0.960315
vt 0.781828 0.960315
vt 0.272320 0.730545
vt 0.316243 0.774471
vt 0.320260 0.770452
vt 0.276338 0.726529
vt 0.740172 0.777891
vt 0.746918 0.810913
vt 0.750423 0.810913
vt 0.742930 0.777891
vt 0.575058 0.953261
vt 0.612297 0.998286
vt 0.612297 0.776107
vt 0.575057 0.783061
vt 0.746918 0.998286
vt 0.513833 0.776387
vt 0.468089 0.822135
vt 0.473194 0.827241
vt 0.518939 0.781493
vt 0.794016 0.526370
vt 0.795728 0.542673
vt 0.787922 0.543082
vt 0.787922 0.526691
vt 0.800042 0.525414
vt 0.803450 0.541451
vt 0.805936 0.523837
vt 0.811002 0.539428
vt 0.811632 0.521652
vt 0.818299 0.536625
vt 0.817069 0.518881
vt 0.825265 0.533075
vt 0.822187 0.515555
vt 0.831821 0.528819
vt 0.826929 0.511718
vt 0.837897 0.523897
vt 0.831243 0.507402
vt 0.843425 0.518371
vt 0.835083 0.502661
vt 0.848345 0.512296
vt 0.838407 0.497543
vt 0.852603 0.505739
vt 0.841178 0.492105
vt 0.856151 0.498774
vt 0.843364 0.486408
vt 0.858953 0.491475
vt 0.844943 0.480516
vt 0.860976 0.483923
vt 0.845897 0.474488
vt 0.862199 0.476203
vt 0.713562 0.212261
vt 0.713562 0.011015
vt 0.708082 0.011015
vt 0.708082 0.212261
vt 0.702602 0.011015
vt 0.702602 0.212261
vt 0.697122 0.011015
vt 0.697122 0.212261
vt 0.691642 0.011015
vt 0.691642 0.212261
vt 0.686162 0.011015
vt 0.686162 0.212261
vt 0.680681 0.011015
vt 0.680681 0.212261
vt 0.675202 0.011015
vt 0.675202 0.212261
vt 0.669721 0.212261
vt 0.669721 0.011015
vt 0.664242 0.011015
vt 0.664242 0.212261
vt 0.658762 0.011015
vt 0.658762 0.212261
vt 0.653281 0.011015
vt 0.653281 0.212261
vt 0.647801 0.011015
vt 0.647801 0.212261
vt 0.642321 0.011015
vt 0.642321 0.212261
vt 0.636842 0.011015
vt 0.636842 0.212261
vt 0.792577 0.512684
vt 0.787922 0.512929
vt 0.797181 0.511956
vt 0.801683 0.510750
vt 0.806035 0.509079
vt 0.810189 0.506963
vt 0.814098 0.504424
vt 0.817721 0.501489
vt 0.821017 0.498194
vt 0.823950 0.494572
vt 0.826489 0.490662
vt 0.828605 0.486507
vt 0.830275 0.482157
vt 0.831482 0.477653
vt 0.832211 0.473051
vt 0.709853 0.308647
vt 0.709853 0.327936
vt 0.715328 0.327936
vt 0.715328 0.308647
vt 0.704378 0.308647
vt 0.704378 0.327936
vt 0.698902 0.308647
vt 0.698902 0.327936
vt 0.693427 0.308647
vt 0.693427 0.327936
vt 0.687951 0.308647
vt 0.687952 0.327936
vt 0.682476 0.308647
vt 0.682476 0.327936
vt 0.677000 0.308647
vt 0.677001 0.327936
vt 0.671525 0.308647
vt 0.671525 0.327936
vt 0.666051 0.308647
vt 0.666051 0.327936
vt 0.660575 0.308647
vt 0.660575 0.327936
vt 0.655100 0.308647
vt 0.655099 0.327936
vt 0.649624 0.308647
vt 0.649623 0.327936
vt 0.644148 0.308647
vt 0.644149 0.327936
vt 0.638674 0.308647
vt 0.638673 0.327936
vt 0.715328 0.387933
vt 0.709853 0.387933
vt 0.704378 0.387933
vt 0.698903 0.387933
vt 0.693427 0.387933
vt 0.687952 0.387933
vt 0.682476 0.387933
vt 0.677001 0.387933
vt 0.531299 0.816778
vt 0.539297 0.776107
vt 0.536538 0.776107
vt 0.527794 0.816778
vt 0.671525 0.387933
vt 0.666050 0.387933
vt 0.660575 0.387933
vt 0.655099 0.387933
vt 0.649624 0.387933
vt 0.644149 0.387933
vt 0.638674 0.387933
vt 0.267048 0.177605
vt 0.267049 0.086279
vt 0.261203 0.177605
vt 0.261205 0.086279
vt 0.255357 0.177605
vt 0.255360 0.086279
vt 0.249512 0.177605
vt 0.249515 0.086279
vt 0.243666 0.177605
vt 0.243670 0.086278
vt 0.237820 0.177604
vt 0.237825 0.086278
vt 0.231975 0.177604
vt 0.231981 0.086277
vt 0.461382 0.845519
vt 0.455188 0.845519
vt 0.455188 0.934785
vt 0.461382 0.934785
vt 0.220284 0.177603
vt 0.226129 0.177603
vt 0.226136 0.086277
vt 0.220291 0.086276
vt 0.214438 0.177602
vt 0.214446 0.086276
vt 0.208593 0.177602
vt 0.208601 0.086276
vt 0.202747 0.177601
vt 0.202756 0.086275
vt 0.196902 0.177601
vt 0.196911 0.086275
vt 0.191057 0.177600
vt 0.191066 0.086274
vt 0.185212 0.177599
vt 0.185221 0.086274
vt 0.510884 0.845519
vt 0.486746 0.845519
vt 0.486746 0.980018
vt 0.510884 0.934785
vt 0.479326 0.980018
vt 0.485520 0.980018
vt 0.485520 0.845519
vt 0.403407 0.754577
vt 0.423299 0.774470
vt 0.428405 0.769365
vt 0.408512 0.749471
vt 0.527794 0.960315
vt 0.531298 0.960315
vt 0.220728 0.733458
vt 0.264651 0.777381
vt 0.268669 0.773363
vt 0.224747 0.729440
vt 0.823607 0.776107
vt 0.793451 0.777891
vt 0.800943 0.810913
vt 0.832350 0.816778
vt 0.562706 0.810913
vt 0.569452 0.777891
vt 0.562706 0.998286
vt 0.800943 0.998286
vt 0.832351 0.960315
vt 0.365599 0.827241
vt 0.411344 0.781493
vt 0.406238 0.776388
vt 0.360493 0.822136
vt 0.729947 0.474488
vt 0.713645 0.476200
vt 0.730901 0.480516
vt 0.714868 0.483923
vt 0.732481 0.486408
vt 0.716891 0.491475
vt 0.734667 0.492105
vt 0.719693 0.498774
vt 0.737438 0.497544
vt 0.723242 0.505739
vt 0.740761 0.502661
vt 0.727500 0.512296
vt 0.744601 0.507402
vt 0.732419 0.518371
vt 0.748915 0.511718
vt 0.737948 0.523897
vt 0.753657 0.515558
vt 0.744022 0.528819
vt 0.758775 0.518881
vt 0.750579 0.533075
vt 0.764212 0.521652
vt 0.757544 0.536625
vt 0.769908 0.523839
vt 0.764843 0.539428
vt 0.775802 0.525414
vt 0.772394 0.541451
vt 0.781828 0.526370
vt 0.780115 0.542674
vt 0.461481 0.011015
vt 0.461481 0.212261
vt 0.456001 0.011015
vt 0.456001 0.212261
vt 0.450521 0.011015
vt 0.450521 0.212261
vt 0.445041 0.011015
vt 0.445041 0.212261
vt 0.439561 0.011015
vt 0.439561 0.212261
vt 0.434081 0.011015
vt 0.434081 0.212261
vt 0.428602 0.011015
vt 0.428602 0.212261
vt 0.423121 0.212261
vt 0.423121 0.011015
vt 0.417642 0.011015
vt 0.417642 0.212261
vt 0.412161 0.011015
vt 0.412161 0.212261
vt 0.406681 0.011015
vt 0.406681 0.212261
vt 0.401201 0.011015
vt 0.401201 0.212261
vt 0.395721 0.011015
vt 0.395721 0.212261
vt 0.390241 0.011015
vt 0.390241 0.212261
vt 0.384761 0.011015
vt 0.384761 0.212261
vt 0.743633 0.473051
vt 0.744362 0.477653
vt 0.745569 0.482157
vt 0.747239 0.486507
vt 0.749355 0.490663
vt 0.751895 0.494572
vt 0.754827 0.498195
vt 0.758124 0.501489
vt 0.761745 0.504425
vt 0.765656 0.506963
vt 0.769809 0.509079
vt 0.774160 0.510750
vt 0.778664 0.511956
vt 0.783268 0.512684
vt 0.463462 0.308647
vt 0.463461 0.327936
vt 0.457986 0.308647
vt 0.457985 0.327936
vt 0.452511 0.308647
vt 0.452510 0.327936
vt 0.447035 0.308647
vt 0.447035 0.327936
vt 0.441559 0.308647
vt 0.441559 0.327936
vt 0.436083 0.308647
vt 0.436083 0.327936
vt 0.430608 0.308647
vt 0.430609 0.327936
vt 0.425134 0.308647
vt 0.425133 0.327936
vt 0.419658 0.308647
vt 0.419659 0.327936
vt 0.414183 0.308647
vt 0.414182 0.327936
vt 0.408708 0.308647
vt 0.408707 0.327936
vt 0.403232 0.308647
vt 0.403231 0.327936
vt 0.397756 0.308647
vt 0.397756 0.327936
vt 0.392281 0.308647
vt 0.392281 0.327936
vt 0.386806 0.308647
vt 0.386806 0.327936
vt 0.463461 0.387933
vt 0.457986 0.387933
vt 0.452510 0.387933
vt 0.447035 0.387933
vt 0.441559 0.387933
vt 0.436084 0.387933
vt 0.430609 0.387933
vt 0.705708 0.816778
vt 0.696964 0.776107
vt 0.694205 0.776107
vt 0.702203 0.816778
vt 0.425133 0.387933
vt 0.419659 0.387933
vt 0.414182 0.387933
vt 0.408707 0.387933
vt 0.403232 0.387933
vt 0.397756 0.387933
vt 0.392281 0.387933
vt 0.386806 0.387933
vt 0.179367 0.177599
vt 0.179376 0.086273
vt 0.173522 0.177598
vt 0.173531 0.086272
vt 0.167677 0.177598
vt 0.167685 0.086272
vt 0.161832 0.177597
vt 0.161840 0.086271
vt 0.155987 0.177596
vt 0.155995 0.086270
vt 0.150142 0.177596
vt 0.150149 0.086270
vt 0.144298 0.177596
vt 0.144304 0.086270
vt 0.942685 0.776107
vt 0.932453 0.776107
vt 0.932453 0.923565
vt 0.942685 0.923565
vt 0.132608 0.177595
vt 0.138452 0.177595
vt 0.138458 0.086269
vt 0.132614 0.086269
vt 0.126764 0.177595
vt 0.126768 0.086268
vt 0.120919 0.177595
vt 0.120923 0.086268
vt 0.115074 0.177594
vt 0.115077 0.086268
vt 0.109230 0.177594
vt 0.109232 0.086268
vt 0.103385 0.177594
vt 0.103386 0.086268
vt 0.892581 0.776107
vt 0.892581 0.998286
vt 0.902814 0.998286
vt 0.944035 0.923565
vt 0.983906 0.998286
vt 0.983906 0.776107
vt 0.944035 0.776107
vt 0.484585 0.769366
vt 0.464693 0.749471
vt 0.459588 0.754577
vt 0.479481 0.774469
vt 0.702202 0.960315
vt 0.705707 0.960315
vt 0.371759 0.770451
vt 0.327837 0.726529
vt 0.323819 0.730548
vt 0.367741 0.774471
vt 0.664051 0.777891
vt 0.670797 0.810913
vt 0.674302 0.810913
vt 0.666809 0.777891
vt 0.848163 0.953261
vt 0.885402 0.998286
vt 0.885402 0.776107
vt 0.848162 0.783061
vt 0.670797 0.998286
vt 0.419396 0.827241
vt 0.465141 0.781493
vt 0.460036 0.776388
vt 0.414291 0.822136
vt 0.360564 0.048836
vt 0.366408 0.048835
vt 0.366404 0.008353
vt 0.360559 0.008353
vt 0.015701 0.048835
vt 0.021547 0.048834
vt 0.021542 0.008352
vt 0.015697 0.008353
vt 0.027392 0.048834
vt 0.027388 0.008352
vt 0.033237 0.048833
vt 0.033234 0.008351
vt 0.039083 0.048832
vt 0.039079 0.008351
vt 0.044929 0.048832
vt 0.044924 0.008350
vt 0.050774 0.048832
vt 0.050771 0.008349
vt 0.056619 0.048831
vt 0.056617 0.008349
vt 0.062465 0.048831
vt 0.062463 0.008349
vt 0.068311 0.048830
vt 0.068308 0.008349
vt 0.074158 0.048830
vt 0.074155 0.008348
vt 0.080003 0.048830
vt 0.080001 0.008348
vt 0.085848 0.048829
vt 0.085847 0.008348
vt 0.091694 0.048829
vt 0.091694 0.008348
vt 0.097541 0.048829
vt 0.097541 0.008348
vt 0.272894 0.048841
vt 0.278738 0.048841
vt 0.278738 0.008359
vt 0.272894 0.008359
vt 0.284583 0.048841
vt 0.284582 0.008359
vt 0.290427 0.048841
vt 0.290426 0.008359
vt 0.296271 0.048840
vt 0.296270 0.008358
vt 0.302116 0.048840
vt 0.302114 0.008358
vt 0.307961 0.048840
vt 0.307958 0.008358
vt 0.313805 0.048839
vt 0.313802 0.008357
vt 0.319650 0.048839
vt 0.319646 0.008357
vt 0.325494 0.048839
vt 0.325491 0.008356
vt 0.331339 0.048838
vt 0.331335 0.008356
vt 0.337184 0.048838
vt 0.337180 0.008355
vt 0.343029 0.048837
vt 0.343024 0.008355
vt 0.348874 0.048837
vt 0.348869 0.008355
vt 0.354718 0.048836
vt 0.354714 0.008354
vt 0.185224 0.048836
vt 0.191069 0.048836
vt 0.191074 0.008354
vt 0.185229 0.008353
vt 0.196915 0.048837
vt 0.196919 0.008355
vt 0.202760 0.048837
vt 0.202764 0.008355
vt 0.208605 0.048838
vt 0.208608 0.008355
vt 0.214449 0.048838
vt 0.214453 0.008356
vt 0.220294 0.048839
vt 0.220297 0.008356
vt 0.226138 0.048839
vt 0.226142 0.008357
vt 0.231983 0.048839
vt 0.231986 0.008357
vt 0.237827 0.048840
vt 0.237830 0.008358
vt 0.243672 0.048840
vt 0.243674 0.008358
vt 0.249517 0.048840
vt 0.249518 0.008358
vt 0.255361 0.048841
vt 0.255362 0.008359
vt 0.261205 0.048841
vt 0.261206 0.008359
vt 0.267050 0.048841
vt 0.267050 0.008359
vt 0.103387 0.048829
vt 0.103387 0.008348
vt 0.109232 0.048829
vt 0.109233 0.008348
vt 0.115078 0.048830
vt 0.115080 0.008348
vt 0.120924 0.048830
vt 0.120926 0.008348
vt 0.126770 0.048830
vt 0.126772 0.008349
vt 0.132616 0.048831
vt 0.132618 0.008349
vt 0.138462 0.048831
vt 0.138464 0.008349
vt 0.144307 0.048832
vt 0.144310 0.008349
vt 0.150152 0.048832
vt 0.150156 0.008350
vt 0.155998 0.048832
vt 0.156001 0.008351
vt 0.161844 0.048833
vt 0.161848 0.008351
vt 0.167689 0.048834
vt 0.167693 0.008352
vt 0.173534 0.048834
vt 0.173538 0.008352
vt 0.179380 0.048835
vt 0.179384 0.008353
vt 0.963497 0.588628
vt 0.957154 0.588663
vt 0.957154 0.594937
vt 0.963497 0.594867
vt 0.957154 0.601073
vt 0.963497 0.600970
vt 0.957154 0.607003
vt 0.963497 0.606868
vt 0.957154 0.612663
vt 0.963497 0.612497
vt 0.957154 0.617991
vt 0.963497 0.617796
vt 0.957154 0.622928
vt 0.963497 0.622705
vt 0.957154 0.627420
vt 0.963497 0.627172
vt 0.957154 0.631417
vt 0.963497 0.631148
vt 0.957154 0.634877
vt 0.963497 0.634589
vt 0.670566 0.420547
vt 0.664222 0.420381
vt 0.664222 0.426040
vt 0.670566 0.426176
vt 0.664222 0.431972
vt 0.670566 0.432074
vt 0.664222 0.438107
vt 0.670566 0.438176
vt 0.664222 0.444383
vt 0.670566 0.444417
vt 0.664222 0.450725
vt 0.670566 0.450725
vt 0.664222 0.457068
vt 0.670566 0.457034
vt 0.664222 0.463344
vt 0.670566 0.463275
vt 0.664222 0.469479
vt 0.670566 0.469377
vt 0.664222 0.475411
vt 0.670566 0.475275
vt 0.664222 0.481070
vt 0.670566 0.480903
vt 0.931005 0.530048
vt 0.924661 0.529760
vt 0.924661 0.533220
vt 0.931005 0.533489
vt 0.924661 0.537218
vt 0.931005 0.537465
vt 0.924661 0.541710
vt 0.931005 0.541932
vt 0.924661 0.546646
vt 0.931005 0.546842
vt 0.924661 0.551974
vt 0.931005 0.552140
vt 0.924661 0.557634
vt 0.931005 0.557770
vt 0.924661 0.563564
vt 0.931005 0.563668
vt 0.924661 0.569701
vt 0.931005 0.569770
vt 0.924661 0.575975
vt 0.931005 0.576010
vt 0.924661 0.582319
vt 0.931005 0.582319
vt 0.924661 0.588663
vt 0.931005 0.588628
vt 0.924661 0.594937
vt 0.931005 0.594868
vt 0.924661 0.601073
vt 0.931005 0.600970
vt 0.924661 0.607003
vt 0.931005 0.606868
vt 0.924661 0.612663
vt 0.931005 0.612497
vt 0.924661 0.617991
vt 0.931005 0.617796
vt 0.924661 0.622928
vt 0.931005 0.622705
vt 0.924661 0.627420
vt 0.931005 0.627173
vt 0.924661 0.631417
vt 0.931005 0.631148
vt 0.924661 0.634877
vt 0.931005 0.634589
vt 0.638073 0.419788
vt 0.631730 0.419622
vt 0.631730 0.425281
vt 0.638073 0.425416
vt 0.631730 0.431212
vt 0.638073 0.431314
vt 0.631730 0.437347
vt 0.638073 0.437416
vt 0.631730 0.443623
vt 0.638073 0.443658
vt 0.631730 0.449966
vt 0.638073 0.449966
vt 0.631730 0.456309
vt 0.638073 0.456274
vt 0.631730 0.462584
vt 0.638073 0.462515
vt 0.631730 0.468719
vt 0.638073 0.468617
vt 0.631730 0.474651
vt 0.638073 0.474516
vt 0.631730 0.480310
vt 0.638073 0.480144
vt 0.963497 0.530048
vt 0.957154 0.529760
vt 0.957154 0.533220
vt 0.963497 0.533489
vt 0.957154 0.537218
vt 0.963497 0.537465
vt 0.957154 0.541710
vt 0.963497 0.541932
vt 0.957154 0.546646
vt 0.963497 0.546842
vt 0.957154 0.551974
vt 0.963497 0.552140
vt 0.957154 0.557634
vt 0.963497 0.557769
vt 0.957154 0.563565
vt 0.963497 0.563668
vt 0.957154 0.569700
vt 0.963497 0.569770
vt 0.957154 0.575975
vt 0.963497 0.576010
vt 0.957154 0.582318
vt 0.963497 0.582318
vt 0.969771 0.588525
vt 0.969771 0.594661
vt 0.969771 0.600663
vt 0.969771 0.606464
vt 0.969771 0.612000
vt 0.969771 0.617211
vt 0.969771 0.622041
vt 0.969771 0.626434
vt 0.969771 0.630344
vt 0.969771 0.633729
vt 0.676840 0.421044
vt 0.676840 0.426581
vt 0.676840 0.432382
vt 0.676840 0.438384
vt 0.676840 0.444520
vt 0.676840 0.450725
vt 0.676840 0.456930
vt 0.676840 0.463067
vt 0.676840 0.469069
vt 0.676840 0.474870
vt 0.676840 0.480408
vt 0.937279 0.530909
vt 0.937279 0.534293
vt 0.937279 0.538203
vt 0.937279 0.542597
vt 0.937279 0.547426
vt 0.937279 0.552637
vt 0.937279 0.558174
vt 0.937279 0.563975
vt 0.937279 0.569976
vt 0.937279 0.576113
vt 0.937279 0.582319
vt 0.937279 0.588524
vt 0.937279 0.594661
vt 0.937279 0.600663
vt 0.937279 0.606464
vt 0.937279 0.612000
vt 0.937279 0.617211
vt 0.937279 0.622040
vt 0.937279 0.626434
vt 0.937279 0.630344
vt 0.937279 0.633729
vt 0.644348 0.420283
vt 0.644348 0.425821
vt 0.644348 0.431622
vt 0.644348 0.437624
vt 0.644348 0.443761
vt 0.644348 0.449966
vt 0.644348 0.456172
vt 0.644348 0.462307
vt 0.644348 0.468309
vt 0.644348 0.474111
vt 0.644348 0.479648
vt 0.969771 0.530909
vt 0.969771 0.534293
vt 0.969771 0.538203
vt 0.969771 0.542597
vt 0.969771 0.547426
vt 0.969771 0.552637
vt 0.969771 0.558174
vt 0.969771 0.563975
vt 0.969771 0.569977
vt 0.969771 0.576113
vt 0.969771 0.582318
vt 0.975907 0.588353
vt 0.975907 0.594319
vt 0.975907 0.600155
vt 0.975907 0.605795
vt 0.975907 0.611178
vt 0.975907 0.616245
vt 0.975907 0.620940
vt 0.975907 0.625212
vt 0.975907 0.629014
vt 0.975907 0.632305
vt 0.682976 0.421865
vt 0.682976 0.427249
vt 0.682976 0.432889
vt 0.682976 0.438725
vt 0.682976 0.444692
vt 0.682976 0.450725
vt 0.682976 0.456758
vt 0.682976 0.462726
vt 0.682976 0.468562
vt 0.682976 0.474201
vt 0.682976 0.479585
vt 0.943415 0.532332
vt 0.943415 0.535623
vt 0.943415 0.539425
vt 0.943415 0.543697
vt 0.943415 0.548392
vt 0.943415 0.553459
vt 0.943415 0.558842
vt 0.943415 0.564483
vt 0.943415 0.570318
vt 0.943415 0.576285
vt 0.943415 0.582319
vt 0.943415 0.588352
vt 0.943415 0.594319
vt 0.943415 0.600155
vt 0.943415 0.605795
vt 0.943415 0.611178
vt 0.943415 0.616245
vt 0.943415 0.620940
vt 0.943415 0.625212
vt 0.943415 0.629014
vt 0.943415 0.632305
vt 0.650484 0.421107
vt 0.650484 0.426490
vt 0.650484 0.432129
vt 0.650484 0.437966
vt 0.650484 0.443933
vt 0.650484 0.449966
vt 0.650484 0.455999
vt 0.650484 0.461967
vt 0.650484 0.467803
vt 0.650484 0.473442
vt 0.650484 0.478826
vt 0.975907 0.532333
vt 0.975907 0.535623
vt 0.975907 0.539425
vt 0.975907 0.543697
vt 0.975907 0.548392
vt 0.975907 0.553459
vt 0.975907 0.558842
vt 0.975907 0.564483
vt 0.975907 0.570318
vt 0.975907 0.576285
vt 0.975907 0.582318
vt 0.981838 0.588114
vt 0.981838 0.593846
vt 0.981838 0.599451
vt 0.981838 0.604869
vt 0.981838 0.610040
vt 0.981838 0.614907
vt 0.981838 0.619417
vt 0.981838 0.623520
vt 0.981838 0.627172
vt 0.981838 0.630333
vt 0.688907 0.423005
vt 0.688907 0.428174
vt 0.688907 0.433592
vt 0.688907 0.439198
vt 0.688907 0.444931
vt 0.688907 0.450725
vt 0.688907 0.456520
vt 0.688907 0.462252
vt 0.688907 0.467858
vt 0.688907 0.473277
vt 0.688907 0.478446
vt 0.949346 0.534304
vt 0.949346 0.537465
vt 0.949346 0.541117
vt 0.949346 0.545220
vt 0.949346 0.549731
vt 0.949346 0.554598
vt 0.949346 0.559768
vt 0.949346 0.565186
vt 0.949346 0.570792
vt 0.949346 0.576524
vt 0.949346 0.582319
vt 0.949346 0.588114
vt 0.949346 0.593845
vt 0.949346 0.599451
vt 0.949346 0.604869
vt 0.949346 0.610040
vt 0.949346 0.614907
vt 0.949346 0.619417
vt 0.949346 0.623520
vt 0.949346 0.627173
vt 0.949346 0.630333
vt 0.656414 0.422245
vt 0.656414 0.427414
vt 0.656414 0.432833
vt 0.656414 0.438439
vt 0.656414 0.444171
vt 0.656414 0.449966
vt 0.656414 0.455760
vt 0.656414 0.461494
vt 0.656414 0.467099
vt 0.656414 0.472517
vt 0.656414 0.477686
vt 0.981838 0.534304
vt 0.981838 0.537465
vt 0.981838 0.541117
vt 0.981838 0.545220
vt 0.981838 0.549731
vt 0.981838 0.554598
vt 0.981838 0.559768
vt 0.981838 0.565186
vt 0.981838 0.570792
vt 0.981838 0.576524
vt 0.981838 0.582318
vt 0.987498 0.587813
vt 0.987498 0.593247
vt 0.987498 0.598560
vt 0.987498 0.603696
vt 0.987498 0.608598
vt 0.987498 0.613212
vt 0.987498 0.617487
vt 0.987498 0.621378
vt 0.987498 0.624839
vt 0.694567 0.419832
vt 0.688907 0.418137
vt 0.694567 0.424447
vt 0.694567 0.429348
vt 0.694567 0.434484
vt 0.694567 0.439799
vt 0.694567 0.445233
vt 0.694567 0.450725
vt 0.694567 0.456219
vt 0.694567 0.461652
vt 0.694567 0.466966
vt 0.694567 0.472102
vt 0.694567 0.477004
vt 0.688907 0.483315
vt 0.694567 0.481618
vt 0.955006 0.539798
vt 0.955006 0.543260
vt 0.955006 0.547150
vt 0.955006 0.551425
vt 0.955006 0.556040
vt 0.955006 0.560941
vt 0.955006 0.566077
vt 0.955006 0.571391
vt 0.955006 0.576825
vt 0.955006 0.582319
vt 0.955006 0.587813
vt 0.955006 0.593246
vt 0.955006 0.598560
vt 0.955006 0.603696
vt 0.955006 0.608598
vt 0.955006 0.613212
vt 0.955006 0.617487
vt 0.955006 0.621378
vt 0.955006 0.624839
vt 0.662074 0.419073
vt 0.656414 0.417377
vt 0.662074 0.423687
vt 0.662074 0.428589
vt 0.662074 0.433725
vt 0.662074 0.439039
vt 0.662074 0.444473
vt 0.662074 0.449966
vt 0.662074 0.455459
vt 0.662074 0.460893
vt 0.662074 0.466207
vt 0.662074 0.471343
vt 0.662074 0.476244
vt 0.656414 0.482555
vt 0.662074 0.480859
vt 0.987498 0.539798
vt 0.987498 0.543260
vt 0.987498 0.547150
vt 0.987498 0.551425
vt 0.987498 0.556039
vt 0.987498 0.560941
vt 0.987498 0.566077
vt 0.987498 0.571391
vt 0.987498 0.576825
vt 0.987498 0.582318
vt 0.944140 0.491413
vt 0.944501 0.494854
vt 0.949935 0.493994
vt 0.949216 0.490610
vt 0.955249 0.492569
vt 0.954180 0.489280
vt 0.960385 0.490598
vt 0.958978 0.487437
vt 0.965286 0.488101
vt 0.963557 0.485105
vt 0.969901 0.485105
vt 0.967867 0.482304
vt 0.974176 0.481642
vt 0.971861 0.479071
vt 0.978067 0.477751
vt 0.975495 0.475436
vt 0.981528 0.473476
vt 0.978729 0.471443
vt 0.984524 0.468861
vt 0.981528 0.467133
vt 0.987022 0.463961
vt 0.983861 0.462554
vt 0.988994 0.458824
vt 0.985703 0.457756
vt 0.990417 0.453510
vt 0.987033 0.452791
vt 0.991278 0.448076
vt 0.987837 0.447716
vt 0.991566 0.442584
vt 0.988106 0.442584
vt 0.991278 0.437090
vt 0.987837 0.437451
vt 0.990417 0.431656
vt 0.987033 0.432375
vt 0.988994 0.426342
vt 0.985703 0.427410
vt 0.987022 0.421206
vt 0.983861 0.422613
vt 0.984524 0.416305
vt 0.981528 0.418033
vt 0.981528 0.411691
vt 0.978729 0.413724
vt 0.978067 0.407416
vt 0.975495 0.409730
vt 0.974176 0.403524
vt 0.971861 0.406095
vt 0.969901 0.400062
vt 0.967867 0.402862
vt 0.965286 0.397066
vt 0.963557 0.400062
vt 0.960385 0.394569
vt 0.958978 0.397730
vt 0.955249 0.392598
vt 0.954180 0.395887
vt 0.949935 0.391174
vt 0.949216 0.394558
vt 0.944501 0.390313
vt 0.944140 0.393754
vt 0.939007 0.390024
vt 0.939007 0.393484
vt 0.933513 0.390313
vt 0.933876 0.393754
vt 0.928080 0.391174
vt 0.928800 0.394558
vt 0.922766 0.392598
vt 0.923835 0.395887
vt 0.917630 0.394569
vt 0.919037 0.397730
vt 0.912728 0.397066
vt 0.914458 0.400062
vt 0.908114 0.400062
vt 0.910148 0.402862
vt 0.903839 0.403524
vt 0.906154 0.406095
vt 0.899949 0.407416
vt 0.902520 0.409730
vt 0.896487 0.411691
vt 0.899286 0.413724
vt 0.893491 0.416305
vt 0.896487 0.418033
vt 0.890993 0.421206
vt 0.894154 0.422613
vt 0.889022 0.426342
vt 0.892312 0.427410
vt 0.887598 0.431656
vt 0.890982 0.432375
vt 0.886737 0.437090
vt 0.890178 0.437451
vt 0.886449 0.442584
vt 0.889909 0.442584
vt 0.886737 0.448076
vt 0.890178 0.447716
vt 0.887598 0.453510
vt 0.890982 0.452791
vt 0.889022 0.458824
vt 0.892312 0.457756
vt 0.890993 0.463961
vt 0.894154 0.462554
vt 0.893491 0.468861
vt 0.896487 0.467133
vt 0.896487 0.473476
vt 0.899286 0.471443
vt 0.899949 0.477751
vt 0.902520 0.475436
vt 0.903839 0.481642
vt 0.906154 0.479069
vt 0.908114 0.485105
vt 0.910148 0.482304
vt 0.912728 0.488101
vt 0.914458 0.485105
vt 0.917630 0.490598
vt 0.919037 0.487437
vt 0.922766 0.492569
vt 0.923835 0.489280
vt 0.928080 0.493992
vt 0.928800 0.490610
vt 0.933513 0.494854
vt 0.933876 0.491413
vt 0.939007 0.495142
vt 0.939007 0.491681
vt 0.943722 0.487437
vt 0.948385 0.486699
vt 0.952945 0.485477
vt 0.957352 0.483784
vt 0.961558 0.481642
vt 0.965517 0.479071
vt 0.969186 0.476100
vt 0.972524 0.472761
vt 0.975495 0.469093
vt 0.978067 0.465135
vt 0.980209 0.460927
vt 0.981901 0.456521
vt 0.983123 0.451960
vt 0.983861 0.447298
vt 0.984108 0.442584
vt 0.983861 0.437868
vt 0.983123 0.433207
vt 0.981901 0.428647
vt 0.980209 0.424240
vt 0.978067 0.420032
vt 0.975495 0.416074
vt 0.972524 0.412405
vt 0.969186 0.409067
vt 0.965517 0.406095
vt 0.961558 0.403524
vt 0.957352 0.401382
vt 0.952945 0.399690
vt 0.948385 0.398468
vt 0.943722 0.397730
vt 0.939007 0.397483
vt 0.934293 0.397730
vt 0.929631 0.398468
vt 0.925070 0.399690
vt 0.920663 0.401382
vt 0.916457 0.403524
vt 0.912498 0.406095
vt 0.908829 0.409067
vt 0.905491 0.412405
vt 0.902520 0.416074
vt 0.899949 0.420032
vt 0.897806 0.424240
vt 0.896114 0.428647
vt 0.894892 0.433207
vt 0.894154 0.437868
vt 0.893907 0.442584
vt 0.894154 0.447298
vt 0.894892 0.451960
vt 0.896114 0.456521
vt 0.897806 0.460927
vt 0.899949 0.465135
vt 0.902520 0.469093
vt 0.905491 0.472761
vt 0.908829 0.476100
vt 0.912498 0.479069
vt 0.916457 0.481642
vt 0.920663 0.483784
vt 0.925070 0.485477
vt 0.929631 0.486699
vt 0.934293 0.487437
vt 0.939007 0.487684
vt 0.943252 0.482969
vt 0.947450 0.482304
vt 0.951556 0.481205
vt 0.955524 0.479682
vt 0.959312 0.477751
vt 0.962877 0.475436
vt 0.966180 0.472761
vt 0.969186 0.469757
vt 0.971861 0.466453
vt 0.974176 0.462887
vt 0.976106 0.459101
vt 0.977629 0.455133
vt 0.978729 0.451027
vt 0.979394 0.446827
vt 0.979616 0.442584
vt 0.979394 0.438339
vt 0.978729 0.434139
vt 0.977629 0.430034
vt 0.976106 0.426065
vt 0.974176 0.422279
vt 0.971861 0.418714
vt 0.969186 0.415410
vt 0.966180 0.412405
vt 0.962877 0.409730
vt 0.959312 0.407416
vt 0.955524 0.405484
vt 0.951556 0.403961
vt 0.947450 0.402862
vt 0.943252 0.402197
vt 0.939007 0.401974
vt 0.934763 0.402197
vt 0.930565 0.402862
vt 0.926459 0.403961
vt 0.922490 0.405484
vt 0.918703 0.407416
vt 0.915138 0.409730
vt 0.911835 0.412405
vt 0.908829 0.415410
vt 0.906154 0.418714
vt 0.903839 0.422279
vt 0.901909 0.426065
vt 0.900386 0.430034
vt 0.899286 0.434139
vt 0.898621 0.438339
vt 0.898399 0.442584
vt 0.898621 0.446827
vt 0.899286 0.451027
vt 0.900386 0.455133
vt 0.901909 0.459101
vt 0.903839 0.462887
vt 0.906154 0.466453
vt 0.908829 0.469757
vt 0.911835 0.472761
vt 0.915138 0.475436
vt 0.918703 0.477751
vt 0.922490 0.479682
vt 0.926459 0.481205
vt 0.930565 0.482304
vt 0.934763 0.482969
vt 0.939007 0.483193
vt 0.942736 0.478060
vt 0.946424 0.477476
vt 0.950031 0.476510
vt 0.953517 0.475172
vt 0.956843 0.473476
vt 0.959975 0.471443
vt 0.962877 0.469093
vt 0.965517 0.466453
vt 0.967867 0.463551
vt 0.969901 0.460420
vt 0.971596 0.457093
vt 0.972934 0.453606
vt 0.973900 0.450001
vt 0.974485 0.446312
vt 0.974680 0.442584
vt 0.974485 0.438854
vt 0.973900 0.435167
vt 0.972934 0.431561
vt 0.971596 0.428074
vt 0.969901 0.424747
vt 0.967867 0.421616
vt 0.965517 0.418714
vt 0.962877 0.416074
vt 0.959975 0.413724
vt 0.956843 0.411691
vt 0.953517 0.409994
vt 0.950031 0.408657
vt 0.946424 0.407691
vt 0.942736 0.407107
vt 0.939007 0.406910
vt 0.935279 0.407107
vt 0.931591 0.407691
vt 0.927984 0.408657
vt 0.924498 0.409994
vt 0.921171 0.411691
vt 0.918040 0.413724
vt 0.915138 0.416074
vt 0.912498 0.418714
vt 0.910148 0.421616
vt 0.908114 0.424747
vt 0.906419 0.428074
vt 0.905081 0.431561
vt 0.904115 0.435167
vt 0.903531 0.438854
vt 0.903335 0.442584
vt 0.903531 0.446312
vt 0.904115 0.450001
vt 0.905081 0.453606
vt 0.906419 0.457093
vt 0.908114 0.460420
vt 0.910148 0.463551
vt 0.912498 0.466453
vt 0.915138 0.469093
vt 0.918040 0.471443
vt 0.921171 0.473476
vt 0.924498 0.475172
vt 0.927984 0.476510
vt 0.931591 0.477476
vt 0.935279 0.478060
vt 0.939007 0.478256
vt 0.942179 0.472761
vt 0.945317 0.472265
vt 0.948385 0.471443
vt 0.951350 0.470304
vt 0.954180 0.468861
vt 0.956843 0.467133
vt 0.959312 0.465135
vt 0.961558 0.462887
vt 0.963557 0.460420
vt 0.965286 0.457756
vt 0.966729 0.454925
vt 0.967867 0.451960
vt 0.968689 0.448891
vt 0.969186 0.445756
vt 0.969352 0.442584
vt 0.969186 0.439411
vt 0.968689 0.436275
vt 0.967867 0.433207
vt 0.966729 0.430242
vt 0.965286 0.427410
vt 0.963557 0.424747
vt 0.961558 0.422279
vt 0.959312 0.420032
vt 0.956843 0.418033
vt 0.954180 0.416305
vt 0.951350 0.414863
vt 0.948385 0.413724
vt 0.945317 0.412901
vt 0.942179 0.412405
vt 0.939007 0.412239
vt 0.935836 0.412405
vt 0.932699 0.412901
vt 0.929631 0.413724
vt 0.926665 0.414863
vt 0.923835 0.416305
vt 0.921171 0.418033
vt 0.918703 0.420032
vt 0.916457 0.422279
vt 0.914458 0.424747
vt 0.912728 0.427410
vt 0.911286 0.430242
vt 0.910148 0.433207
vt 0.909326 0.436275
vt 0.908829 0.439411
vt 0.908663 0.442584
vt 0.908829 0.445756
vt 0.909326 0.448891
vt 0.910148 0.451960
vt 0.911286 0.454925
vt 0.912728 0.457756
vt 0.914458 0.460420
vt 0.916457 0.462887
vt 0.918703 0.465135
vt 0.921171 0.467133
vt 0.923835 0.468861
vt 0.926665 0.470304
vt 0.929631 0.471443
vt 0.932699 0.472265
vt 0.935836 0.472761
vt 0.939007 0.472928
vt 0.941588 0.467133
vt 0.944140 0.466728
vt 0.946636 0.466060
vt 0.949048 0.465135
vt 0.951350 0.463961
vt 0.953517 0.462554
vt 0.955524 0.460927
vt 0.957352 0.459101
vt 0.958978 0.457093
vt 0.960385 0.454925
vt 0.961558 0.452624
vt 0.962484 0.450212
vt 0.963153 0.447716
vt 0.963557 0.445164
vt 0.963692 0.442584
vt 0.963557 0.440002
vt 0.963153 0.437451
vt 0.962484 0.434954
vt 0.961558 0.432543
vt 0.960385 0.430242
vt 0.958978 0.428074
vt 0.957352 0.426065
vt 0.955524 0.424240
vt 0.953517 0.422613
vt 0.951350 0.421206
vt 0.949048 0.420032
vt 0.946636 0.419108
vt 0.944140 0.418439
vt 0.941588 0.418033
vt 0.939007 0.417898
vt 0.936427 0.418033
vt 0.933876 0.418439
vt 0.931380 0.419108
vt 0.928967 0.420032
vt 0.926665 0.421206
vt 0.924498 0.422613
vt 0.922490 0.424240
vt 0.920663 0.426065
vt 0.919037 0.428074
vt 0.917630 0.430242
vt 0.916457 0.432543
vt 0.915531 0.434954
vt 0.914863 0.437451
vt 0.914458 0.440002
vt 0.914323 0.442584
vt 0.914458 0.445164
vt 0.914863 0.447716
vt 0.915531 0.450212
vt 0.916457 0.452624
vt 0.917630 0.454925
vt 0.919037 0.457093
vt 0.920663 0.459101
vt 0.922490 0.460927
vt 0.924498 0.462554
vt 0.926665 0.463961
vt 0.928967 0.465135
vt 0.931380 0.466060
vt 0.933876 0.466728
vt 0.936427 0.467133
vt 0.939007 0.467268
vt 0.940968 0.461235
vt 0.942907 0.460927
vt 0.944803 0.460420
vt 0.946636 0.459716
vt 0.948385 0.458824
vt 0.950031 0.457756
vt 0.951556 0.456521
vt 0.952945 0.455133
vt 0.954180 0.453606
vt 0.955249 0.451960
vt 0.956140 0.450212
vt 0.956843 0.448378
vt 0.957352 0.446483
vt 0.957659 0.444543
vt 0.957762 0.442584
vt 0.957659 0.440623
vt 0.957352 0.438684
vt 0.956843 0.436788
vt 0.956140 0.434954
vt 0.955249 0.433207
vt 0.954180 0.431561
vt 0.952945 0.430034
vt 0.951556 0.428647
vt 0.950031 0.427410
vt 0.948385 0.426342
vt 0.946636 0.425450
vt 0.944803 0.424747
vt 0.942907 0.424240
vt 0.940968 0.423931
vt 0.939007 0.423830
vt 0.937048 0.423931
vt 0.935108 0.424240
vt 0.933213 0.424747
vt 0.931380 0.425450
vt 0.929631 0.426342
vt 0.927984 0.427410
vt 0.926459 0.428647
vt 0.925070 0.430034
vt 0.923835 0.431561
vt 0.922766 0.433207
vt 0.921875 0.434954
vt 0.921171 0.436788
vt 0.920663 0.438684
vt 0.920356 0.440623
vt 0.920253 0.442584
vt 0.920356 0.444543
vt 0.920663 0.446483
vt 0.921171 0.448378
vt 0.921875 0.450212
vt 0.922766 0.451960
vt 0.923835 0.453606
vt 0.925070 0.455133
vt 0.926459 0.456521
vt 0.927984 0.457756
vt 0.929631 0.458824
vt 0.931380 0.459716
vt 0.933213 0.460420
vt 0.935108 0.460927
vt 0.937048 0.461235
vt 0.939007 0.461336
vt 0.940327 0.455133
vt 0.941631 0.454925
vt 0.942907 0.454584
vt 0.944140 0.454111
vt 0.945317 0.453510
vt 0.946424 0.452791
vt 0.947450 0.451960
vt 0.948385 0.451027
vt 0.949216 0.450001
vt 0.949935 0.448891
vt 0.950535 0.447716
vt 0.951008 0.446483
vt 0.951350 0.445207
vt 0.951556 0.443902
vt 0.951626 0.442584
vt 0.951556 0.441265
vt 0.951350 0.439959
vt 0.951008 0.438684
vt 0.950535 0.437451
vt 0.949935 0.436275
vt 0.949216 0.435167
vt 0.948385 0.434139
vt 0.947450 0.433207
vt 0.946424 0.432375
vt 0.945317 0.431656
vt 0.944140 0.431057
vt 0.942907 0.430583
vt 0.941631 0.430242
vt 0.940327 0.430034
vt 0.939007 0.429965
vt 0.937689 0.430034
vt 0.936384 0.430242
vt 0.935108 0.430583
vt 0.933876 0.431057
vt 0.932699 0.431656
vt 0.931591 0.432375
vt 0.930565 0.433207
vt 0.929631 0.434139
vt 0.928800 0.435167
vt 0.928080 0.436275
vt 0.927481 0.437451
vt 0.927007 0.438684
vt 0.926665 0.439959
vt 0.926459 0.441265
vt 0.926389 0.442584
vt 0.926459 0.443902
vt 0.926665 0.445207
vt 0.927007 0.446483
vt 0.927481 0.447716
vt 0.928080 0.448891
vt 0.928800 0.450001
vt 0.929631 0.451027
vt 0.930565 0.451960
vt 0.931591 0.452791
vt 0.932699 0.453510
vt 0.933876 0.454111
vt 0.935108 0.454584
vt 0.936384 0.454925
vt 0.937689 0.455133
vt 0.939007 0.455202
vt 0.939007 0.442584
vt 0.177338 0.739361
vt 0.184009 0.738661
vt 0.182693 0.730346
vt 0.176132 0.731741
vt 0.180515 0.722216
vt 0.174136 0.724288
vt 0.177498 0.714357
vt 0.171371 0.717086
vt 0.173676 0.706857
vt 0.167869 0.710211
vt 0.169094 0.699798
vt 0.163667 0.703741
vt 0.163795 0.693256
vt 0.158810 0.697745
vt 0.157843 0.687305
vt 0.153355 0.692289
vt 0.151303 0.682007
vt 0.147360 0.687434
vt 0.144243 0.677422
vt 0.140888 0.683232
vt 0.136742 0.673601
vt 0.134015 0.679729
vt 0.128884 0.670585
vt 0.126810 0.676964
vt 0.120754 0.668406
vt 0.119359 0.674967
vt 0.112440 0.667089
vt 0.111737 0.673760
vt 0.104033 0.666649
vt 0.104033 0.673357
vt 0.095627 0.667089
vt 0.096330 0.673760
vt 0.087313 0.668406
vt 0.088708 0.674967
vt 0.079183 0.670585
vt 0.081257 0.676964
vt 0.071324 0.673601
vt 0.074053 0.679730
vt 0.063824 0.677422
vt 0.067179 0.683232
vt 0.056765 0.682006
vt 0.060708 0.687434
vt 0.050224 0.687305
vt 0.054712 0.692289
vt 0.044272 0.693256
vt 0.049258 0.697745
vt 0.038974 0.699798
vt 0.044403 0.703741
vt 0.034391 0.706857
vt 0.040199 0.710211
vt 0.030570 0.714358
vt 0.036696 0.717086
vt 0.027551 0.722216
vt 0.033931 0.724288
vt 0.025373 0.730346
vt 0.031936 0.731741
vt 0.024056 0.738661
vt 0.030729 0.739361
vt 0.023618 0.747066
vt 0.030326 0.747066
vt 0.024056 0.755471
vt 0.030729 0.754771
vt 0.025373 0.763785
vt 0.031936 0.762391
vt 0.027552 0.771916
vt 0.033931 0.769844
vt 0.030570 0.779774
vt 0.036696 0.777046
vt 0.034391 0.787274
vt 0.040199 0.783920
vt 0.038974 0.794334
vt 0.044403 0.790391
vt 0.044272 0.800876
vt 0.049258 0.796387
vt 0.050224 0.806827
vt 0.054712 0.801842
vt 0.056765 0.812125
vt 0.060708 0.806698
vt 0.063824 0.816709
vt 0.067179 0.810900
vt 0.071324 0.820531
vt 0.074053 0.814403
vt 0.079183 0.823547
vt 0.081257 0.817168
vt 0.087314 0.825726
vt 0.088708 0.819165
vt 0.095627 0.827042
vt 0.096330 0.820372
vt 0.104033 0.827483
vt 0.104033 0.820775
vt 0.112440 0.827042
vt 0.111737 0.820372
vt 0.120754 0.825726
vt 0.119359 0.819165
vt 0.128884 0.823547
vt 0.126810 0.817168
vt 0.136742 0.820531
vt 0.134015 0.814403
vt 0.144243 0.816709
vt 0.140888 0.810900
vt 0.151303 0.812125
vt 0.147360 0.806698
vt 0.157843 0.806827
vt 0.153355 0.801842
vt 0.163795 0.800876
vt 0.158810 0.796387
vt 0.169094 0.794334
vt 0.163667 0.790391
vt 0.173676 0.787275
vt 0.167869 0.783920
vt 0.177498 0.779774
vt 0.171371 0.777046
vt 0.180515 0.771916
vt 0.174136 0.769844
vt 0.182693 0.763785
vt 0.176132 0.762391
vt 0.184009 0.755471
vt 0.177338 0.754771
vt 0.184450 0.747066
vt 0.177742 0.747066
vt 0.576561 0.255042
vt 0.571081 0.255042
vt 0.571081 0.295843
vt 0.576561 0.295843
vt 0.582042 0.255042
vt 0.582042 0.295843
vt 0.587521 0.255042
vt 0.587521 0.295843
vt 0.593002 0.255042
vt 0.593002 0.295843
vt 0.598481 0.255042
vt 0.598481 0.295843
vt 0.603961 0.255042
vt 0.603961 0.295843
vt 0.609442 0.255042
vt 0.609442 0.295843
vt 0.614921 0.255042
vt 0.614921 0.295843
vt 0.620402 0.255042
vt 0.620402 0.295843
vt 0.625881 0.255042
vt 0.625881 0.295843
vt 0.631362 0.255042
vt 0.631362 0.295843
vt 0.636842 0.255042
vt 0.636842 0.295843
vt 0.642321 0.255042
vt 0.642321 0.295843
vt 0.647802 0.255042
vt 0.647802 0.295843
vt 0.653281 0.255042
vt 0.653281 0.295843
vt 0.658762 0.255042
vt 0.658762 0.295843
vt 0.664242 0.255042
vt 0.664242 0.295843
vt 0.669721 0.255042
vt 0.669721 0.295843
vt 0.675202 0.255042
vt 0.675202 0.295843
vt 0.680681 0.255042
vt 0.680681 0.295843
vt 0.686162 0.255042
vt 0.686162 0.295843
vt 0.691642 0.255042
vt 0.691642 0.295843
vt 0.697122 0.255042
vt 0.697122 0.295843
vt 0.702602 0.255042
vt 0.702602 0.295843
vt 0.708082 0.255042
vt 0.708082 0.295843
vt 0.713562 0.255042
vt 0.713562 0.295843
vt 0.390241 0.255042
vt 0.384761 0.255042
vt 0.384761 0.295843
vt 0.390241 0.295843
vt 0.395721 0.255042
vt 0.395721 0.295843
vt 0.401201 0.255042
vt 0.401201 0.295843
vt 0.406681 0.255042
vt 0.406681 0.295843
vt 0.412161 0.255042
vt 0.412161 0.295843
vt 0.417642 0.255042
vt 0.417642 0.295843
vt 0.423121 0.255042
vt 0.423121 0.295843
vt 0.428602 0.255042
vt 0.428602 0.295843
vt 0.434081 0.255042
vt 0.434081 0.295843
vt 0.439561 0.255042
vt 0.439561 0.295843
vt 0.445041 0.255042
vt 0.445041 0.295843
vt 0.450521 0.255042
vt 0.450521 0.295843
vt 0.456001 0.255042
vt 0.456001 0.295843
vt 0.461481 0.255042
vt 0.461481 0.295843
vt 0.466961 0.255042
vt 0.466961 0.295843
vt 0.472442 0.255042
vt 0.472442 0.295843
vt 0.477921 0.255042
vt 0.477921 0.295843
vt 0.483402 0.255042
vt 0.483402 0.295843
vt 0.488881 0.255042
vt 0.488881 0.295843
vt 0.494361 0.255042
vt 0.494361 0.295843
vt 0.499841 0.255042
vt 0.499841 0.295843
vt 0.505321 0.255042
vt 0.505321 0.295843
vt 0.510801 0.255042
vt 0.510801 0.295843
vt 0.516281 0.255042
vt 0.516281 0.295843
vt 0.521762 0.255042
vt 0.521762 0.295843
vt 0.527241 0.255042
vt 0.527241 0.295843
vt 0.532722 0.255042
vt 0.538202 0.255042
vt 0.543682 0.255042
vt 0.549161 0.255042
vt 0.554641 0.255042
vt 0.560121 0.255042
vt 0.565601 0.255042
vt 0.508586 0.521970
vt 0.533281 0.521970
vt 0.533281 0.402577
vt 0.508582 0.402577
vt 0.557977 0.402577
vt 0.557977 0.521970
vt 0.573130 0.402577
vt 0.573132 0.521970
vt 0.702130 0.523398
vt 0.683835 0.523398
vt 0.683836 0.642791
vt 0.702132 0.642791
vt 0.719243 0.523398
vt 0.719243 0.642791
vt 0.331355 0.238354
vt 0.337201 0.238353
vt 0.337198 0.200957
vt 0.331352 0.200957
vt 0.325509 0.238354
vt 0.325506 0.200958
vt 0.319663 0.238355
vt 0.319661 0.200958
vt 0.313817 0.238355
vt 0.313815 0.200959
vt 0.307972 0.238355
vt 0.307970 0.200959
vt 0.302125 0.238356
vt 0.302124 0.200959
vt 0.296279 0.238356
vt 0.296277 0.200960
vt 0.290433 0.238356
vt 0.290432 0.200960
vt 0.284587 0.238356
vt 0.284586 0.200960
vt 0.278740 0.238356
vt 0.278740 0.200960
vt 0.272894 0.238356
vt 0.272894 0.200960
vt 0.267048 0.238356
vt 0.267048 0.200960
vt 0.261202 0.238356
vt 0.261202 0.200960
vt 0.255355 0.238356
vt 0.255356 0.200960
vt 0.249509 0.238356
vt 0.249511 0.200960
vt 0.243663 0.238356
vt 0.243665 0.200959
vt 0.237816 0.238355
vt 0.237818 0.200959
vt 0.231971 0.238355
vt 0.231973 0.200959
vt 0.226125 0.238355
vt 0.226127 0.200958
vt 0.220279 0.238354
vt 0.220282 0.200958
vt 0.214433 0.238354
vt 0.214436 0.200957
vt 0.208587 0.238353
vt 0.208591 0.200957
vt 0.202742 0.238352
vt 0.202745 0.200956
vt 0.196896 0.238352
vt 0.196900 0.200955
vt 0.191051 0.238352
vt 0.191055 0.200955
vt 0.185206 0.238351
vt 0.185209 0.200954
vt 0.179361 0.238350
vt 0.179364 0.200954
vt 0.173516 0.238349
vt 0.173520 0.200953
vt 0.167671 0.238349
vt 0.167675 0.200952
vt 0.161827 0.238348
vt 0.161830 0.200952
vt 0.155982 0.238348
vt 0.155985 0.200951
vt 0.150137 0.238347
vt 0.150140 0.200951
vt 0.144293 0.238346
vt 0.144296 0.200951
vt 0.138448 0.238346
vt 0.138451 0.200950
vt 0.132605 0.238346
vt 0.132607 0.200950
vt 0.126761 0.238346
vt 0.126762 0.200950
vt 0.120916 0.238346
vt 0.120918 0.200949
vt 0.115072 0.238345
vt 0.115074 0.200949
vt 0.109228 0.238345
vt 0.109229 0.200949
vt 0.103384 0.238345
vt 0.103385 0.200949
vt 0.097541 0.238345
vt 0.097541 0.200949
vt 0.091696 0.238345
vt 0.091696 0.200949
vt 0.085853 0.238345
vt 0.085852 0.200949
vt 0.080008 0.238345
vt 0.080007 0.200949
vt 0.074165 0.238346
vt 0.074163 0.200949
vt 0.068321 0.238346
vt 0.068319 0.200950
vt 0.062476 0.238346
vt 0.062474 0.200950
vt 0.056632 0.238346
vt 0.056630 0.200950
vt 0.050788 0.238347
vt 0.050785 0.200951
vt 0.044944 0.238347
vt 0.044941 0.200951
vt 0.039099 0.238348
vt 0.039095 0.200951
vt 0.033255 0.238348
vt 0.033251 0.200952
vt 0.662375 0.523398
vt 0.645260 0.523398
vt 0.645260 0.642791
vt 0.662375 0.642791
vt 0.680668 0.523398
vt 0.680665 0.642791
vt 0.493426 0.402577
vt 0.493424 0.521970
vt 0.193265 0.650082
vt 0.193265 0.257809
vt 0.187911 0.257809
vt 0.187911 0.650082
vt 0.198620 0.650082
vt 0.198620 0.257809
vt 0.203974 0.650082
vt 0.203974 0.257809
vt 0.209329 0.650082
vt 0.209329 0.257809
vt 0.214683 0.650082
vt 0.214683 0.257809
vt 0.220038 0.650082
vt 0.220038 0.257809
vt 0.225392 0.650082
vt 0.225392 0.257809
vt 0.230747 0.650082
vt 0.230747 0.257809
vt 0.236101 0.650082
vt 0.236101 0.257809
vt 0.241455 0.650082
vt 0.241455 0.257809
vt 0.246810 0.650082
vt 0.246810 0.257809
vt 0.252164 0.650082
vt 0.252164 0.257809
vt 0.257519 0.650082
vt 0.257519 0.257809
vt 0.262873 0.650082
vt 0.262873 0.257809
vt 0.268228 0.650082
vt 0.268228 0.257809
vt 0.273583 0.650082
vt 0.273583 0.257809
vt 0.278937 0.650082
vt 0.278937 0.257809
vt 0.284291 0.650082
vt 0.284291 0.257809
vt 0.289646 0.650082
vt 0.289645 0.257809
vt 0.295000 0.650082
vt 0.295000 0.257809
vt 0.300355 0.650082
vt 0.300355 0.257809
vt 0.305709 0.650082
vt 0.305709 0.257809
vt 0.311064 0.650082
vt 0.311064 0.257809
vt 0.316417 0.650082
vt 0.316417 0.257809
vt 0.321772 0.650082
vt 0.321772 0.257809
vt 0.327127 0.650082
vt 0.327127 0.257809
vt 0.332481 0.650082
vt 0.332481 0.257809
vt 0.337836 0.650082
vt 0.337836 0.257809
vt 0.343190 0.650082
vt 0.343190 0.257809
vt 0.348545 0.650082
vt 0.348545 0.257809
vt 0.032632 0.650082
vt 0.032632 0.257809
vt 0.027278 0.257809
vt 0.027278 0.650082
vt 0.037986 0.650082
vt 0.037986 0.257809
vt 0.043340 0.650082
vt 0.043341 0.257809
vt 0.048695 0.650082
vt 0.048695 0.257809
vt 0.054049 0.650082
vt 0.054049 0.257809
vt 0.059405 0.650082
vt 0.059404 0.257809
vt 0.064758 0.650082
vt 0.064758 0.257809
vt 0.070113 0.650082
vt 0.070113 0.257809
vt 0.075467 0.650082
vt 0.075467 0.257809
vt 0.080821 0.650082
vt 0.080821 0.257809
vt 0.086176 0.650082
vt 0.086176 0.257809
vt 0.091530 0.650082
vt 0.091530 0.257809
vt 0.096885 0.650082
vt 0.096885 0.257809
vt 0.102239 0.650082
vt 0.102239 0.257809
vt 0.107593 0.650082
vt 0.107594 0.257809
vt 0.112949 0.650082
vt 0.112949 0.257809
vt 0.118303 0.650082
vt 0.118303 0.257809
vt 0.123658 0.650082
vt 0.123658 0.257809
vt 0.129011 0.650082
vt 0.129011 0.257809
vt 0.134366 0.650082
vt 0.134366 0.257809
vt 0.139720 0.650082
vt 0.139721 0.257809
vt 0.145075 0.650082
vt 0.145075 0.257809
vt 0.150429 0.650082
vt 0.150429 0.257809
vt 0.155784 0.650082
vt 0.155784 0.257809
vt 0.161139 0.650082
vt 0.161139 0.257809
vt 0.166493 0.650082
vt 0.166493 0.257809
vt 0.171848 0.650082
vt 0.171848 0.257809
vt 0.177202 0.650082
vt 0.177202 0.257809
vt 0.182556 0.650082
vt 0.182556 0.257809
vt 0.354733 0.200955
vt 0.360578 0.200954
vt 0.348888 0.200955
vt 0.343043 0.200956
vt 0.027406 0.200952
vt 0.021561 0.200953
vt 0.015716 0.200954
vt 0.009869 0.177599
vt 0.009871 0.200954
vt 0.748176 0.681297
vt 0.744088 0.681299
vt 0.743098 0.700263
vt 0.748176 0.700209
vt 0.792438 0.662392
vt 0.787359 0.662337
vt 0.788350 0.681300
vt 0.792438 0.681300
vt 0.787359 0.700264
vt 0.792438 0.700211
vt 0.748176 0.662388
vt 0.743098 0.662335
vt 0.784388 0.719019
vt 0.792438 0.718911
vt 0.748176 0.643689
vt 0.740126 0.643580
vt 0.779474 0.737362
vt 0.785671 0.737208
vt 0.741409 0.625394
vt 0.735212 0.625237
vt 0.772667 0.755090
vt 0.777764 0.754318
vt 0.636997 0.642791
vt 0.642093 0.642791
vt 0.642093 0.523398
vt 0.636997 0.523398
vt 0.733502 0.608281
vt 0.728405 0.607509
vt 0.633830 0.523398
vt 0.628732 0.523398
vt 0.628732 0.642791
vt 0.633830 0.642791
vt 0.777764 0.608281
vt 0.772667 0.607509
vt 0.779474 0.625239
vt 0.785671 0.625396
vt 0.741409 0.737203
vt 0.735212 0.737361
vt 0.728405 0.755090
vt 0.733502 0.754318
vt 0.784388 0.643582
vt 0.792438 0.643686
vt 0.748176 0.718910
vt 0.740126 0.719017
vt 0.754921 0.681297
vt 0.754921 0.700209
vt 0.799183 0.662392
vt 0.799183 0.681300
vt 0.799183 0.700211
vt 0.754921 0.662388
vt 0.799183 0.718911
vt 0.618821 0.642791
vt 0.625565 0.642791
vt 0.625565 0.523398
vt 0.618821 0.523398
vt 0.754921 0.643689
vt 0.588973 0.523398
vt 0.582229 0.523398
vt 0.582229 0.642791
vt 0.588973 0.642791
vt 0.799183 0.643686
vt 0.754921 0.718910
vt 0.765320 0.681297
vt 0.762189 0.681297
vt 0.762189 0.703102
vt 0.765320 0.704349
vt 0.812523 0.657082
vt 0.809582 0.658254
vt 0.809582 0.681301
vt 0.812523 0.681301
vt 0.809582 0.704352
vt 0.812523 0.705523
vt 0.765320 0.658247
vt 0.762189 0.659494
vt 0.611553 0.642791
vt 0.611553 0.523398
vt 0.596241 0.523398
vt 0.596241 0.642791
vt 0.576177 0.521970
vt 0.576175 0.402577
vt 0.605480 0.523398
vt 0.605480 0.642791
vt 0.608421 0.642791
vt 0.608421 0.523398
vt 0.599373 0.642791
vt 0.599373 0.523398
vt 0.602314 0.642791
vt 0.602314 0.523398
vt 0.490381 0.402577
vt 0.490378 0.521970
vt 0.809582 0.725622
vt 0.812523 0.724199
vt 0.765320 0.636980
vt 0.762189 0.637935
vt 0.812523 0.638400
vt 0.809582 0.636976
vt 0.762189 0.724666
vt 0.765320 0.725621
vt 0.806450 0.637932
vt 0.806450 0.659499
vt 0.806450 0.681301
vt 0.806450 0.703106
vt 0.806450 0.724667
vt 0.813716 0.705998
vt 0.813716 0.721154
vt 0.813716 0.681302
vt 0.813716 0.656607
vt 0.813716 0.641445
vt 0.768261 0.724197
vt 0.769454 0.721151
vt 0.769454 0.705995
vt 0.768261 0.705521
vt 0.769454 0.681297
vt 0.768261 0.681297
vt 0.769454 0.656601
vt 0.768261 0.657077
vt 0.769454 0.641448
vt 0.768261 0.638403
vt 0.506608 0.675470
vt 0.531303 0.675470
vt 0.531303 0.531648
vt 0.506605 0.531648
vt 0.555999 0.531648
vt 0.555999 0.675470
vt 0.571152 0.531648
vt 0.571155 0.675470
vt 0.461670 0.402861
vt 0.443374 0.402861
vt 0.443376 0.546684
vt 0.461673 0.546684
vt 0.478783 0.402861
vt 0.478783 0.546684
vt 0.421915 0.402861
vt 0.404800 0.402861
vt 0.404800 0.546684
vt 0.421915 0.546684
vt 0.440208 0.402861
vt 0.440205 0.546684
vt 0.491448 0.531648
vt 0.491446 0.675470
vt 0.836700 0.681297
vt 0.832612 0.681299
vt 0.831621 0.700263
vt 0.836700 0.700209
vt 0.457147 0.606113
vt 0.452068 0.606058
vt 0.453059 0.625021
vt 0.457147 0.625021
vt 0.452068 0.643985
vt 0.457147 0.643932
vt 0.836700 0.662388
vt 0.831621 0.662335
vt 0.449097 0.662741
vt 0.457147 0.662632
vt 0.836700 0.643689
vt 0.828650 0.643580
vt 0.444182 0.681083
vt 0.450379 0.680929
vt 0.829932 0.625394
vt 0.823736 0.625237
vt 0.437376 0.698811
vt 0.442473 0.698040
vt 0.429112 0.698811
vt 0.434209 0.698811
vt 0.434209 0.554988
vt 0.429112 0.554988
vt 0.822026 0.608281
vt 0.816929 0.607509
vt 0.425945 0.554988
vt 0.420848 0.554988
vt 0.420848 0.698811
vt 0.425945 0.698811
vt 0.442473 0.552002
vt 0.437375 0.551231
vt 0.444182 0.568960
vt 0.450379 0.569118
vt 0.829932 0.737203
vt 0.823736 0.737361
vt 0.816929 0.755090
vt 0.822026 0.754318
vt 0.449097 0.587303
vt 0.457147 0.587407
vt 0.836700 0.718910
vt 0.828650 0.719017
vt 0.843445 0.681297
vt 0.843445 0.700209
vt 0.463891 0.606113
vt 0.463891 0.625021
vt 0.463891 0.643932
vt 0.843445 0.662388
vt 0.463891 0.662632
vt 0.394888 0.546684
vt 0.401633 0.546684
vt 0.401633 0.402861
vt 0.394888 0.402861
vt 0.843445 0.643689
vt 0.365041 0.402861
vt 0.358296 0.402861
vt 0.358296 0.546684
vt 0.365041 0.546684
vt 0.463891 0.587407
vt 0.843445 0.718910
vt 0.853844 0.681297
vt 0.850713 0.681297
vt 0.850713 0.703102
vt 0.853844 0.704349
vt 0.477232 0.600803
vt 0.474291 0.601975
vt 0.474291 0.625022
vt 0.477232 0.625022
vt 0.474291 0.648073
vt 0.477232 0.649244
vt 0.853844 0.658247
vt 0.850713 0.659494
vt 0.387620 0.546684
vt 0.387620 0.402861
vt 0.372309 0.402861
vt 0.372309 0.546684
vt 0.574199 0.675470
vt 0.574197 0.531648
vt 0.381548 0.402861
vt 0.381548 0.546684
vt 0.384489 0.546684
vt 0.384489 0.402861
vt 0.375440 0.546684
vt 0.375440 0.402861
vt 0.378381 0.546684
vt 0.378381 0.402861
vt 0.488403 0.531648
vt 0.488401 0.675470
vt 0.474291 0.669343
vt 0.477232 0.667920
vt 0.853844 0.636980
vt 0.850713 0.637935
vt 0.477232 0.582121
vt 0.474291 0.580698
vt 0.850713 0.724666
vt 0.853844 0.725621
vt 0.471159 0.581653
vt 0.471159 0.603220
vt 0.471159 0.625022
vt 0.471159 0.646827
vt 0.471159 0.668388
vt 0.478425 0.649720
vt 0.478425 0.664875
vt 0.478425 0.625023
vt 0.478425 0.600328
vt 0.478425 0.585167
vt 0.856785 0.724197
vt 0.857978 0.721151
vt 0.857978 0.705995
vt 0.856785 0.705521
vt 0.857978 0.681297
vt 0.856785 0.681297
vt 0.857978 0.656601
vt 0.856785 0.657077
vt 0.857978 0.641448
vt 0.856785 0.638403
s 0
usemtl Missile_Gray
f 874/871/96 871/872/96 872/873/96
f 872/873/96 873/874/96 874/871/96
f 876/875/96 875/876/96 871/872/96
f 871/872/96 874/871/96 876/875/96
f 878/877/96 877/878/96 875/876/96
f 875/876/96 876/875/96 878/877/96
f 880/879/96 879/880/96 877/878/96
f 877/878/96 878/877/96 880/879/96
f 882/881/96 881/882/96 879/880/96
f 879/880/96 880/879/96 882/881/96
f 884/883/96 883/884/96 881/882/96
f 881/882/96 882/881/96 884/883/96
f 886/885/96 885/886/96 883/884/96
f 883/884/96 884/883/96 886/885/96
f 888/887/96 887/888/96 885/886/96
f 885/886/96 886/885/96 888/887/96
f 890/889/96 889/890/96 887/888/96
f 887/888/96 888/887/96 890/889/96
f 892/891/96 891/892/96 889/890/96
f 889/890/96 890/889/96 892/891/96
f 894/893/96 893/894/96 891/892/96
f 891/892/96 892/891/96 894/893/96
f 896/895/96 895/896/96 893/894/96
f 893/894/96 894/893/96 896/895/96
f 898/897/96 897/898/96 895/896/96
f 895/896/96 896/895/96 898/897/96
f 900/899/96 899/900/96 897/898/96
f 897/898/96 898/897/96 900/899/96
f 902/901/96 901/902/96 899/900/96
f 899/900/96 900/899/96 902/901/96
s 1
f 906/903/778 903/904/779 904/905/780
f 904/905/780 905/906/781 906/903/778
f 905/906/781 904/905/780 907/907/782
f 907/907/782 908/908/783 905/906/781
f 908/908/783 907/907/782 909/909/784
f 909/909/784 910/910/785 908/908/783
f 910/910/785 909/909/784 911/911/786
f 911/911/786 912/912/787 910/910/785
f 912/912/787 911/911/786 913/913/788
f 913/913/788 914/914/789 912/912/787
f 914/914/789 913/913/788 915/915/790
f 915/915/790 916/916/791 914/914/789
f 916/916/791 915/915/790 917/917/792
f 917/917/792 918/918/793 916/916/791
f 922/919/794 919/920/795 920/921/796
f 920/921/796 921/922/797 922/919/794
f 921/922/797 920/921/796 923/923/798
f 923/923/798 924/924/799 921/922/797
f 924/924/799 923/923/798 925/925/800
f 925/925/800 926/926/801 924/924/799
f 926/926/801 925/925/800 927/927/802
f 927/927/802 928/928/803 926/926/801
f 928/928/803 927/927/802 929/929/804
f 929/929/804 930/930/805 928/928/803
f 930/930/805 929/929/804 931/931/806
f 931/931/806 932/932/807 930/930/805
f 932/932/807 931/931/806 933/933/808
f 933/933/808 934/934/809 932/932/807
s 0
f 935/935/96 936/936/96 937/937/96
f 938/938/96 935/935/96 937/937/96
f 939/939/96 938/938/96 937/937/96
f 940/940/96 939/939/96 937/937/96
f 941/941/96 940/940/96 937/937/96
f 942/942/96 941/941/96 937/937/96
f 943/943/96 942/942/96 937/937/96
f 944/944/96 943/943/96 937/937/96
f 945/945/96 944/944/96 937/937/96
f 946/946/96 945/945/96 937/937/96
f 947/947/96 946/946/96 937/937/96
f 948/948/96 947/947/96 937/937/96
f 949/949/96 948/948/96 937/937/96
f 950/950/96 949/949/96 937/937/96
f 951/951/96 950/950/96 937/937/96
s 1
f 955/952/810 952/953/811 953/954/812
f 953/954/812 954/955/813 955/952/810
f 959/874/814 956/936/814 957/935/815
f 957/935/815 958/871/816 959/874/814
f 961/956/817 960/957/818 952/953/811
f 952/953/811 955/952/810 961/956/817
f 958/871/816 957/935/815 962/938/819
f 962/938/819 963/875/819 958/871/816
f 965/958/820 964/959/821 960/957/818
f 960/957/818 961/956/817 965/958/820
f 963/875/819 962/938/819 966/939/822
f 966/939/822 967/877/823 963/875/819
f 969/960/824 968/961/825 964/959/821
f 964/959/821 965/958/820 969/960/824
f 967/877/823 966/939/822 970/940/826
f 970/940/826 971/879/827 967/877/823
f 973/962/828 972/963/829 968/961/825
f 968/961/825 969/960/824 973/962/828
f 971/879/827 970/940/826 974/941/830
f 974/941/830 975/881/831 971/879/827
f 977/964/832 976/965/833 972/963/829
f 972/963/829 973/962/828 977/964/832
f 975/881/831 974/941/830 978/942/834
f 978/942/834 979/883/835 975/881/831
f 981/966/836 980/967/837 976/965/833
f 976/965/833 977/964/832 981/966/836
f 979/883/835 978/942/834 982/943/838
f 982/943/838 983/885/839 979/883/835
f 985/968/840 984/969/841 980/967/837
f 980/967/837 981/966/836 985/968/840
f 983/885/839 982/943/838 986/944/842
f 986/944/842 987/887/843 983/885/839
f 989/970/844 988/971/845 984/969/841
f 984/969/841 985/968/840 989/970/844
f 987/887/843 986/944/842 990/945/846
f 990/945/846 991/889/847 987/887/843
f 993/972/848 992/973/849 988/971/845
f 988/971/845 989/970/844 993/972/848
f 991/889/847 990/945/846 994/946/850
f 994/946/850 995/891/851 991/889/847
f 997/974/852 996/975/853 992/973/849
f 992/973/849 993/972/848 997/974/852
f 995/891/851 994/946/850 998/947/854
f 998/947/854 999/893/855 995/891/851
f 1001/976/856 1000/977/857 996/975/853
f 996/975/853 997/974/852 1001/976/856
f 999/893/855 998/947/854 1002/948/858
f 1002/948/858 1003/895/859 999/893/855
f 1005/978/860 1004/979/861 1000/977/857
f 1000/977/857 1001/976/856 1005/978/860
f 1003/895/859 1002/948/858 1006/949/862
f 1006/949/862 1007/897/863 1003/895/859
f 1009/980/864 1008/981/865 1004/979/861
f 1004/979/861 1005/978/860 1009/980/864
f 1007/897/863 1006/949/862 1010/950/866
f 1010/950/866 1011/899/867 1007/897/863
f 1013/982/868 1012/983/869 1008/981/865
f 1008/981/865 1009/980/864 1013/982/868
f 1011/899/867 1010/950/866 1014/951/870
f 1014/951/870 1015/901/871 1011/899/867
f 1017/984/872 953/954/812 952/953/811
f 952/953/811 1016/985/873 1017/984/872
f 1016/985/873 952/953/811 960/957/818
f 960/957/818 1018/986/874 1016/985/873
f 1018/986/874 960/957/818 964/959/821
f 964/959/821 1019/987/875 1018/986/874
f 1019/987/875 964/959/821 968/961/825
f 968/961/825 1020/988/876 1019/987/875
f 1020/988/876 968/961/825 972/963/829
f 972/963/829 1021/989/877 1020/988/876
f 1021/989/877 972/963/829 976/965/833
f 976/965/833 1022/990/878 1021/989/877
f 1022/990/878 976/965/833 980/967/837
f 980/967/837 1023/991/792 1022/990/878
s 0
f 1027/992/879 1024/993/879 1025/994/879
f 1025/994/880 1026/995/880 1027/992/880
s 1
f 1029/996/881 984/969/841 988/971/845
f 988/971/845 1028/997/882 1029/996/881
f 1028/997/882 988/971/845 992/973/849
f 992/973/849 1030/998/883 1028/997/882
f 1030/998/883 992/973/849 996/975/853
f 996/975/853 1031/999/884 1030/998/883
f 1031/999/884 996/975/853 1000/977/857
f 1000/977/857 1032/1000/885 1031/999/884
f 1032/1000/885 1000/977/857 1004/979/861
f 1004/979/861 1033/1001/886 1032/1000/885
f 1033/1001/886 1004/979/861 1008/981/865
f 1008/981/865 1034/1002/887 1033/1001/886
f 1034/1002/887 1008/981/865 1012/983/869
f 1012/983/869 1035/1003/888 1034/1002/887
f 1039/1004/807 1036/1005/809 1037/1006/889
f 1041/1008/891 1039/1004/807 1038/1007/890
f 1043/1010/803 1041/1008/891 1040/1009/892
f 1045/1012/894 1043/1010/803 1042/1011/893
f 1047/1014/799 1045/1012/894 1044/1013/895
f 1049/1016/797 1047/1014/799 1046/1015/896
f 1051/1018/898 1049/1016/797 1048/1017/897
s 0
f 1055/1020/900 1052/1021/900 1053/1022/900
f 1053/1022/900 1054/1023/900 1055/1020/900
s 1
f 1059/1024/791 1056/1025/901 1057/1026/902
f 1061/1028/789 1059/1024/791 1058/1027/903
f 1063/1030/787 1061/1028/789 1060/1029/904
f 1065/1032/785 1063/1030/787 1062/1031/905
f 1067/1034/783 1065/1032/785 1064/1033/906
f 1069/1036/908 1067/1034/783 1066/1035/907
f 1073/1038/778 1070/1039/908 1071/1040/909
s 0
f 1077/1021/911 1074/1042/911 1075/1043/911
f 1083/1048/914 1084/1049/914 1085/1047/914
f 1089/1050/96 1086/1051/96 1087/1052/96
f 1087/1052/96 1088/1053/96 1089/1050/96
f 1093/1054/900 1090/1055/900 1091/992/900
f 1091/992/915 1092/995/915 1093/1054/915
f 1097/1056/916 1094/1057/916 1095/1058/916
f 1095/1058/916 1096/1059/916 1097/1056/916
s 1
f 1101/1060/917 1098/1061/918 1099/1062/919
f 1099/1062/919 1100/1063/920 1101/1060/917
f 1105/992/921 1102/1064/922 1103/1065/923
f 1103/1065/923 1104/993/924 1105/992/921
f 1107/1055/914 1106/1066/914 1102/1064/922
f 1102/1064/922 1105/992/921 1107/1055/914
f 1100/1063/920 1099/1062/919 1108/1067/925
f 1108/1067/925 1109/1068/911 1100/1063/920
s 0
f 1113/1069/926 1110/1070/926 1111/1071/926
f 1111/1071/926 1112/1072/926 1113/1069/926
f 1117/1073/96 1114/1074/96 1115/1075/96
f 1115/1075/96 1116/1076/96 1117/1073/96
f 1119/1077/96 1118/1078/96 1114/1074/96
f 1114/1074/96 1117/1073/96 1119/1077/96
f 1121/1079/96 1120/1080/96 1118/1078/96
f 1118/1078/96 1119/1077/96 1121/1079/96
f 1123/1081/96 1122/1082/96 1120/1080/96
f 1120/1080/96 1121/1079/96 1123/1081/96
f 1125/1083/96 1124/1084/96 1122/1082/96
f 1122/1082/96 1123/1081/96 1125/1083/96
f 1127/1085/96 1126/1086/96 1124/1084/96
f 1124/1084/96 1125/1083/96 1127/1085/96
f 1129/1087/96 1128/1088/96 1126/1086/96
f 1126/1086/96 1127/1085/96 1129/1087/96
f 1131/1089/96 1130/1090/96 1128/1088/96
f 1128/1088/96 1129/1087/96 1131/1089/96
f 1133/1091/96 1132/1092/96 1130/1090/96
f 1130/1090/96 1131/1089/96 1133/1091/96
f 1135/1093/96 1134/1094/96 1132/1092/96
f 1132/1092/96 1133/1091/96 1135/1093/96
f 1137/1095/96 1136/1096/96 1134/1094/96
f 1134/1094/96 1135/1093/96 1137/1095/96
f 1139/1097/96 1138/1098/96 1136/1096/96
f 1136/1096/96 1137/1095/96 1139/1097/96
f 1141/1099/96 1140/1100/96 1138/1098/96
f 1138/1098/96 1139/1097/96 1141/1099/96
f 1143/1101/96 1142/1102/96 1140/1100/96
f 1140/1100/96 1141/1099/96 1143/1101/96
f 873/874/96 872/873/96 1142/1102/96
f 1142/1102/96 1143/1101/96 873/874/96
s 1
f 1147/1103/927 1144/1104/928 1145/1105/929
f 1145/1105/929 1146/1106/930 1147/1103/927
f 1146/1106/930 1145/1105/929 1148/1107/931
f 1148/1107/931 1149/1108/932 1146/1106/930
f 1149/1108/932 1148/1107/931 1150/1109/933
f 1150/1109/933 1151/1110/934 1149/1108/932
f 1151/1110/934 1150/1109/933 1152/1111/935
f 1152/1111/935 1153/1112/936 1151/1110/934
f 1153/1112/936 1152/1111/935 1154/1113/937
f 1154/1113/937 1155/1114/938 1153/1112/936
f 1155/1114/938 1154/1113/937 1156/1115/939
f 1156/1115/939 1157/1116/940 1155/1114/938
f 1157/1116/940 1156/1115/939 1158/1117/941
f 1158/1117/941 1159/1118/942 1157/1116/940
f 1163/1119/943 1160/1120/944 1161/1121/945
f 1161/1121/945 1162/1122/946 1163/1119/943
f 1162/1122/946 1161/1121/945 1164/1123/947
f 1164/1123/947 1165/1124/948 1162/1122/946
f 1165/1124/948 1164/1123/947 1166/1125/949
f 1166/1125/949 1167/1126/950 1165/1124/948
f 1167/1126/950 1166/1125/949 1168/1127/951
f 1168/1127/951 1169/1128/952 1167/1126/950
f 1169/1128/952 1168/1127/951 1170/1129/953
f 1170/1129/953 1171/1130/954 1169/1128/952
f 1171/1130/954 1170/1129/953 1172/1131/955
f 1172/1131/955 1173/1132/956 1171/1130/954
f 1173/1132/956 1172/1131/955 903/904/779
f 903/904/779 906/903/778 1173/1132/956
s 0
f 1174/1133/96 1175/1134/96 937/937/96
f 1176/1135/96 1174/1133/96 937/937/96
f 1177/1136/96 1176/1135/96 937/937/96
f 1178/1137/96 1177/1136/96 937/937/96
f 1179/1138/96 1178/1137/96 937/937/96
f 1180/1139/96 1179/1138/96 937/937/96
f 1181/1140/96 1180/1139/96 937/937/96
f 1182/1141/96 1181/1140/96 937/937/96
f 1183/1142/96 1182/1141/96 937/937/96
f 1184/1143/96 1183/1142/96 937/937/96
f 1185/1144/96 1184/1143/96 937/937/96
f 1186/1145/96 1185/1144/96 937/937/96
f 1187/1146/96 1186/1145/96 937/937/96
f 1188/1147/96 1187/1146/96 937/937/96
f 936/936/96 1188/1147/96 937/937/96
s 1
f 1192/1148/957 1189/1149/958 1190/1150/959
f 1190/1150/959 1191/1151/960 1192/1148/957
f 1196/1076/961 1193/1134/961 1194/1133/962
f 1194/1133/962 1195/1073/963 1196/1076/961
f 1198/1152/964 1197/1153/965 1189/1149/958
f 1189/1149/958 1192/1148/957 1198/1152/964
f 1195/1073/963 1194/1133/962 1199/1135/966
f 1199/1135/966 1200/1077/967 1195/1073/963
f 1202/1154/968 1201/1155/969 1197/1153/965
f 1197/1153/965 1198/1152/964 1202/1154/968
f 1200/1077/967 1199/1135/966 1203/1136/970
f 1203/1136/970 1204/1079/971 1200/1077/967
f 1206/1156/972 1205/1157/973 1201/1155/969
f 1201/1155/969 1202/1154/968 1206/1156/972
f 1204/1079/971 1203/1136/970 1207/1137/974
f 1207/1137/974 1208/1081/975 1204/1079/971
f 1210/1158/976 1209/1159/977 1205/1157/973
f 1205/1157/973 1206/1156/972 1210/1158/976
f 1208/1081/975 1207/1137/974 1211/1138/978
f 1211/1138/978 1212/1083/978 1208/1081/975
f 1214/1160/979 1213/1161/980 1209/1159/977
f 1209/1159/977 1210/1158/976 1214/1160/979
f 1212/1083/978 1211/1138/978 1215/1139/981
f 1215/1139/981 1216/1085/982 1212/1083/978
f 1218/1162/983 1217/1163/984 1213/1161/980
f 1213/1161/980 1214/1160/979 1218/1162/983
f 1216/1085/982 1215/1139/981 1219/1140/985
f 1219/1140/985 1220/1087/986 1216/1085/982
f 1222/1164/987 1221/1165/988 1217/1163/984
f 1217/1163/984 1218/1162/983 1222/1164/987
f 1220/1087/986 1219/1140/985 1223/1141/989
f 1223/1141/989 1224/1089/990 1220/1087/986
f 1226/1166/991 1225/1167/992 1221/1165/988
f 1221/1165/988 1222/1164/987 1226/1166/991
f 1224/1089/990 1223/1141/989 1227/1142/993
f 1227/1142/993 1228/1091/994 1224/1089/990
f 1230/1168/995 1229/1169/996 1225/1167/992
f 1225/1167/992 1226/1166/991 1230/1168/995
f 1228/1091/994 1227/1142/993 1231/1143/997
f 1231/1143/997 1232/1093/998 1228/1091/994
f 1234/1170/999 1233/1171/1000 1229/1169/996
f 1229/1169/996 1230/1168/995 1234/1170/999
f 1232/1093/998 1231/1143/997 1235/1144/1001
f 1235/1144/1001 1236/1095/1001 1232/1093/998
f 1238/1172/1002 1237/1173/1003 1233/1171/1000
f 1233/1171/1000 1234/1170/999 1238/1172/1002
f 1236/1095/1001 1235/1144/1001 1239/1145/1004
f 1239/1145/1004 1240/1097/1005 1236/1095/1001
f 1242/1174/1006 1241/1175/1007 1237/1173/1003
f 1237/1173/1003 1238/1172/1002 1242/1174/1006
f 1240/1097/1005 1239/1145/1004 1243/1146/1008
f 1243/1146/1008 1244/1099/1008 1240/1097/1005
f 1246/1176/1009 1245/1177/1010 1241/1175/1007
f 1241/1175/1007 1242/1174/1006 1246/1176/1009
f 1244/1099/1008 1243/1146/1008 1247/1147/1011
f 1247/1147/1011 1248/1101/1012 1244/1099/1008
f 954/955/813 953/954/812 1245/1177/1010
f 1245/1177/1010 1246/1176/1009 954/955/813
f 1248/1101/1012 1247/1147/1011 956/936/814
f 956/936/814 959/874/814 1248/1101/1012
f 1250/1178/1013 1190/1150/959 1189/1149/958
f 1189/1149/958 1249/1179/1014 1250/1178/1013
f 1249/1179/1014 1189/1149/958 1197/1153/965
f 1197/1153/965 1251/1180/1015 1249/1179/1014
f 1251/1180/1015 1197/1153/965 1201/1155/969
f 1201/1155/969 1252/1181/1016 1251/1180/1015
f 1252/1181/1016 1201/1155/969 1205/1157/973
f 1205/1157/973 1253/1182/1017 1252/1181/1016
f 1253/1182/1017 1205/1157/973 1209/1159/977
f 1209/1159/977 1254/1183/1018 1253/1182/1017
f 1254/1183/1018 1209/1159/977 1213/1161/980
f 1213/1161/980 1255/1184/1019 1254/1183/1018
f 1255/1184/1019 1213/1161/980 1217/1163/984
f 1217/1163/984 1256/1185/941 1255/1184/1019
s 0
f 1260/1186/1020 1257/1187/1020 1258/1188/1020
f 1258/1188/1021 1259/1189/1021 1260/1186/1021
s 1
f 1262/1190/944 1221/1165/988 1225/1167/992
f 1225/1167/992 1261/1191/1022 1262/1190/944
f 1261/1191/1022 1225/1167/992 1229/1169/996
f 1229/1169/996 1263/1192/1023 1261/1191/1022
f 1263/1192/1023 1229/1169/996 1233/1171/1000
f 1233/1171/1000 1264/1193/1024 1263/1192/1023
f 1264/1193/1024 1233/1171/1000 1237/1173/1003
f 1237/1173/1003 1265/1194/1025 1264/1193/1024
f 1265/1194/1025 1237/1173/1003 1241/1175/1007
f 1241/1175/1007 1266/1195/1026 1265/1194/1025
f 1266/1195/1026 1241/1175/1007 1245/1177/1010
f 1245/1177/1010 1267/1196/1027 1266/1195/1026
f 1267/1196/1027 1245/1177/1010 953/954/812
f 953/954/812 1017/984/872 1267/1196/1027
f 1269/1197/956 1073/1038/778 1072/1041/910
f 1271/1199/954 1269/1197/956 1268/1198/1028
f 1273/1201/952 1271/1199/954 1270/1200/1029
f 1275/1203/950 1273/1201/952 1272/1202/1030
f 1277/1205/1032 1275/1203/950 1274/1204/1031
f 1279/1207/1034 1277/1205/1032 1276/1206/1033
f 1281/1209/1036 1279/1207/1034 1278/1208/1035
s 0
f 1285/1211/1038 1282/1212/1038 1283/1213/1038
f 1283/1213/1038 1284/1214/1038 1285/1211/1038
s 1
f 1289/1215/940 1286/1216/1039 1287/1217/1040
f 1291/1219/938 1289/1215/940 1288/1218/1041
f 1293/1221/936 1291/1219/938 1290/1220/1042
f 1295/1223/934 1293/1221/936 1292/1222/1043
f 1297/1225/932 1295/1223/934 1294/1224/1044
f 1299/1227/930 1297/1225/932 1296/1226/1045
f 1301/1229/927 1299/1227/930 1298/1228/1046
s 0
f 1305/1212/900 1302/1231/900 1303/1232/900
f 1311/1236/1050 1312/1237/1050 1313/1234/1050
f 1317/1238/96 1314/1239/96 1315/1240/96
f 1315/1240/96 1316/1241/96 1317/1238/96
f 1321/1242/1051 1318/1243/1051 1319/1186/1051
f 1319/1186/1052 1320/1189/1052 1321/1242/1052
f 1325/1244/1053 1322/1245/1053 1323/1246/1053
f 1323/1246/1053 1324/1247/1053 1325/1244/1053
s 1
f 1329/1188/1054 1326/1248/1055 1327/1249/1056
f 1327/1249/1056 1328/1189/1057 1329/1188/1054
f 1333/1186/1058 1330/1250/1059 1331/1251/1060
f 1331/1251/1060 1332/1187/1061 1333/1186/1058
f 1337/1252/1062 1334/1253/1062 1335/1254/1063
f 1335/1254/1063 1336/1255/1058 1337/1252/1062
f 1328/1189/1057 1327/1249/1056 1338/1256/1064
f 1338/1256/1064 1339/1242/1064 1328/1189/1057
s 0
f 1343/1257/1065 1340/1258/1065 1341/1259/1065
f 1341/1259/1065 1342/1260/1065 1343/1257/1065
f 1347/1261/96 1344/1262/96 1345/1263/96
f 1345/1263/96 1346/1264/96 1347/1261/96
f 1349/1265/96 1348/1266/96 1344/1262/96
f 1344/1262/96 1347/1261/96 1349/1265/96
f 1351/1267/96 1350/1268/96 1348/1266/96
f 1348/1266/96 1349/1265/96 1351/1267/96
f 1353/1269/96 1352/1270/96 1350/1268/96
f 1350/1268/96 1351/1267/96 1353/1269/96
f 1355/1271/96 1354/1272/96 1352/1270/96
f 1352/1270/96 1353/1269/96 1355/1271/96
f 1357/1273/96 1356/1274/96 1354/1272/96
f 1354/1272/96 1355/1271/96 1357/1273/96
f 1359/1275/96 1358/1276/96 1356/1274/96
f 1356/1274/96 1357/1273/96 1359/1275/96
f 1361/1277/96 1360/1278/96 1358/1276/96
f 1358/1276/96 1359/1275/96 1361/1277/96
f 1363/1279/96 1362/1280/96 1360/1278/96
f 1360/1278/96 1361/1277/96 1363/1279/96
f 1365/1281/96 1364/1282/96 1362/1280/96
f 1362/1280/96 1363/1279/96 1365/1281/96
f 1367/1283/96 1366/1284/96 1364/1282/96
f 1364/1282/96 1365/1281/96 1367/1283/96
f 1369/1285/96 1368/1286/96 1366/1284/96
f 1366/1284/96 1367/1283/96 1369/1285/96
f 1371/1287/96 1370/1288/96 1368/1286/96
f 1368/1286/96 1369/1285/96 1371/1287/96
f 1373/1289/96 1372/1290/96 1370/1288/96
f 1370/1288/96 1371/1287/96 1373/1289/96
f 1116/1076/96 1115/1075/96 1372/1290/96
f 1372/1290/96 1373/1289/96 1116/1076/96
s 1
f 1377/1291/1066 1374/1292/1067 1375/1293/1068
f 1375/1293/1068 1376/1294/1069 1377/1291/1066
f 1376/1294/1069 1375/1293/1068 1378/1295/1070
f 1378/1295/1070 1379/1296/1071 1376/1294/1069
f 1379/1296/1071 1378/1295/1070 1380/1297/1072
f 1380/1297/1072 1381/1298/1073 1379/1296/1071
f 1381/1298/1073 1380/1297/1072 1382/1299/1074
f 1382/1299/1074 1383/1300/1075 1381/1298/1073
f 1383/1300/1075 1382/1299/1074 1384/1301/1076
f 1384/1301/1076 1385/1302/1077 1383/1300/1075
f 1385/1302/1077 1384/1301/1076 1386/1303/1078
f 1386/1303/1078 1387/1304/1079 1385/1302/1077
f 1387/1304/1079 1386/1303/1078 1388/1305/1080
f 1388/1305/1080 1389/1306/1081 1387/1304/1079
f 1393/1307/1082 1390/1308/1083 1391/1309/1084
f 1391/1309/1084 1392/1310/1085 1393/1307/1082
f 1392/1310/1085 1391/1309/1084 1394/1311/1086
f 1394/1311/1086 1395/1312/1087 1392/1310/1085
f 1395/1312/1087 1394/1311/1086 1396/1313/1088
f 1396/1313/1088 1397/1314/1089 1395/1312/1087
f 1397/1314/1089 1396/1313/1088 1398/1315/1090
f 1398/1315/1090 1399/1316/1091 1397/1314/1089
f 1399/1316/1091 1398/1315/1090 1400/1317/1092
f 1400/1317/1092 1401/1318/1093 1399/1316/1091
f 1401/1318/1093 1400/1317/1092 1402/1319/1094
f 1402/1319/1094 1403/1320/1095 1401/1318/1093
f 1403/1320/1095 1402/1319/1094 1144/1104/928
f 1144/1104/928 1147/1103/927 1403/1320/1095
s 0
f 1404/1321/96 1405/1322/96 937/937/96
f 1406/1323/96 1404/1321/96 937/937/96
f 1407/1324/96 1406/1323/96 937/937/96
f 1408/1325/96 1407/1324/96 937/937/96
f 1409/1326/96 1408/1325/96 937/937/96
f 1410/1327/96 1409/1326/96 937/937/96
f 1411/1328/96 1410/1327/96 937/937/96
f 1412/1329/96 1411/1328/96 937/937/96
f 1413/1330/96 1412/1329/96 937/937/96
f 1414/1331/96 1413/1330/96 937/937/96
f 1415/1332/96 1414/1331/96 937/937/96
f 1416/1333/96 1415/1332/96 937/937/96
f 1417/1334/96 1416/1333/96 937/937/96
f 1418/1335/96 1417/1334/96 937/937/96
f 1175/1134/96 1418/1335/96 937/937/96
s 1
f 1422/1336/1096 1419/1337/1097 1420/1338/1098
f 1420/1338/1098 1421/1339/1099 1422/1336/1096
f 1426/1264/813 1423/1322/813 1424/1321/810
f 1424/1321/810 1425/1261/1100 1426/1264/813
f 1428/1340/1101 1427/1341/1102 1419/1337/1097
f 1419/1337/1097 1422/1336/1096 1428/1340/1101
f 1425/1261/1100 1424/1321/810 1429/1323/1103
f 1429/1323/1103 1430/1265/1104 1425/1261/1100
f 1432/1342/822 1431/1343/1105 1427/1341/1102
f 1427/1341/1102 1428/1340/1101 1432/1342/822
f 1430/1265/1104 1429/1323/1103 1433/1324/1106
f 1433/1324/1106 1434/1267/1107 1430/1265/1104
f 1436/1344/1108 1435/1345/1109 1431/1343/1105
f 1431/1343/1105 1432/1342/822 1436/1344/1108
f 1434/1267/1107 1433/1324/1106 1437/1325/824
f 1437/1325/824 1438/1269/1110 1434/1267/1107
f 1440/1346/1111 1439/1347/1112 1435/1345/1109
f 1435/1345/1109 1436/1344/1108 1440/1346/1111
f 1438/1269/1110 1437/1325/824 1441/1326/1113
f 1441/1326/1113 1442/1271/1113 1438/1269/1110
f 1444/1348/835 1443/1349/1114 1439/1347/1112
f 1439/1347/1112 1440/1346/1111 1444/1348/835
f 1442/1271/1113 1441/1326/1113 1445/1327/832
f 1445/1327/832 1446/1273/1115 1442/1271/1113
f 1448/1350/1116 1447/1351/1117 1443/1349/1114
f 1443/1349/1114 1444/1348/835 1448/1350/1116
f 1446/1273/1115 1445/1327/832 1449/1328/1118
f 1449/1328/1118 1450/1275/1119 1446/1273/1115
f 1452/1352/1120 1451/1353/1121 1447/1351/1117
f 1447/1351/1117 1448/1350/1116 1452/1352/1120
f 1450/1275/1119 1449/1328/1118 1453/1329/1122
f 1453/1329/1122 1454/1277/1122 1450/1275/1119
f 1456/1354/1123 1455/1355/1124 1451/1353/1121
f 1451/1353/1121 1452/1352/1120 1456/1354/1123
f 1454/1277/1122 1453/1329/1122 1457/1330/1125
f 1457/1330/1125 1458/1279/1126 1454/1277/1122
f 1460/1356/1127 1459/1357/1128 1455/1355/1124
f 1455/1355/1124 1456/1354/1123 1460/1356/1127
f 1458/1279/1126 1457/1330/1125 1461/1331/1129
f 1461/1331/1129 1462/1281/1129 1458/1279/1126
f 1464/1358/1130 1463/1359/1131 1459/1357/1128
f 1459/1357/1128 1460/1356/1127 1464/1358/1130
f 1462/1281/1129 1461/1331/1129 1465/1332/1132
f 1465/1332/1132 1466/1283/1133 1462/1281/1129
f 1468/1360/1134 1467/1361/1135 1463/1359/1131
f 1463/1359/1131 1464/1358/1130 1468/1360/1134
f 1466/1283/1133 1465/1332/1132 1469/1333/1136
f 1469/1333/1136 1470/1285/1136 1466/1283/1133
f 1472/1362/863 1471/1363/1137 1467/1361/1135
f 1467/1361/1135 1468/1360/1134 1472/1362/863
f 1470/1285/1136 1469/1333/1136 1473/1334/1138
f 1473/1334/1138 1474/1287/1138 1470/1285/1136
f 1476/1364/1139 1475/1365/1140 1471/1363/1137
f 1471/1363/1137 1472/1362/863 1476/1364/1139
f 1474/1287/1138 1473/1334/1138 1477/1335/1141
f 1477/1335/1141 1478/1289/1142 1474/1287/1138
f 1191/1151/960 1190/1150/959 1475/1365/1140
f 1475/1365/1140 1476/1364/1139 1191/1151/960
f 1478/1289/1142 1477/1335/1141 1193/1134/961
f 1193/1134/961 1196/1076/961 1478/1289/1142
f 1480/1366/1143 1420/1338/1098 1419/1337/1097
f 1419/1337/1097 1479/1367/1144 1480/1366/1143
f 1479/1367/1144 1419/1337/1097 1427/1341/1102
f 1427/1341/1102 1481/1368/1145 1479/1367/1144
f 1481/1368/1145 1427/1341/1102 1431/1343/1105
f 1431/1343/1105 1482/1369/1146 1481/1368/1145
f 1482/1369/1146 1431/1343/1105 1435/1345/1109
f 1435/1345/1109 1483/1370/1147 1482/1369/1146
f 1483/1370/1147 1435/1345/1109 1439/1347/1112
f 1439/1347/1112 1484/1371/1148 1483/1370/1147
f 1484/1371/1148 1439/1347/1112 1443/1349/1114
f 1443/1349/1114 1485/1372/1149 1484/1371/1148
f 1485/1372/1149 1443/1349/1114 1447/1351/1117
f 1447/1351/1117 1486/1373/1080 1485/1372/1149
s 0
f 1490/1374/1150 1487/1375/1150 1488/1376/1150
f 1488/1376/1151 1489/1377/1151 1490/1374/1151
s 1
f 1492/1378/1083 1451/1353/1121 1455/1355/1124
f 1455/1355/1124 1491/1379/1152 1492/1378/1083
f 1491/1379/1152 1455/1355/1124 1459/1357/1128
f 1459/1357/1128 1493/1380/1153 1491/1379/1152
f 1493/1380/1153 1459/1357/1128 1463/1359/1131
f 1463/1359/1131 1494/1381/1154 1493/1380/1153
f 1494/1381/1154 1463/1359/1131 1467/1361/1135
f 1467/1361/1135 1495/1382/1155 1494/1381/1154
f 1495/1382/1155 1467/1361/1135 1471/1363/1137
f 1471/1363/1137 1496/1383/1156 1495/1382/1155
f 1496/1383/1156 1471/1363/1137 1475/1365/1140
f 1475/1365/1140 1497/1384/1157 1496/1383/1156
f 1497/1384/1157 1475/1365/1140 1190/1150/959
f 1190/1150/959 1250/1178/1013 1497/1384/1157
f 1499/1385/1095 1301/1229/927 1300/1230/1047
f 1501/1387/1093 1499/1385/1095 1498/1386/1158
f 1503/1389/1091 1501/1387/1093 1500/1388/1159
f 1505/1391/1089 1503/1389/1091 1502/1390/1160
f 1507/1393/1087 1505/1391/1089 1504/1392/1161
f 1509/1395/1085 1507/1393/1087 1506/1394/1162
f 1511/1397/1164 1509/1395/1085 1508/1396/1163
s 0
f 1515/1399/1062 1512/1400/1062 1513/1401/1062
f 1513/1401/1062 1514/1402/1062 1515/1399/1062
s 1
f 1519/1403/1079 1516/1404/1166 1517/1405/1167
f 1521/1407/1077 1519/1403/1079 1518/1406/1168
f 1523/1409/1075 1521/1407/1077 1520/1408/1169
f 1525/1411/1073 1523/1409/1075 1522/1410/1170
f 1527/1413/1071 1525/1411/1073 1524/1412/1171
f 1529/1415/1069 1527/1413/1071 1526/1414/1172
f 1531/1417/1066 1529/1415/1069 1528/1416/1173
s 0
f 1535/1419/1175 1532/1420/1175 1533/1421/1175
f 1541/1425/911 1542/1399/911 1543/1402/911
f 1547/1426/96 1544/1427/96 1545/1428/96
f 1545/1428/96 1546/1429/96 1547/1426/96
f 1551/1430/1178 1548/1431/1178 1549/1374/1178
f 1549/1374/1179 1550/1377/1179 1551/1430/1179
f 1555/1432/1180 1552/1433/1180 1553/1434/1180
f 1553/1434/1180 1554/1435/1180 1555/1432/1180
s 1
f 1559/1436/1181 1556/1437/1182 1557/1438/1183
f 1557/1438/1183 1558/1439/1184 1559/1436/1181
f 1563/1374/1185 1560/1440/1186 1561/1441/1187
f 1561/1441/1187 1562/1375/1188 1563/1374/1185
f 1565/1431/925 1564/1442/925 1560/1440/1186
f 1560/1440/1186 1563/1374/1185 1565/1431/925
f 1558/1439/1184 1557/1438/1183 1566/1443/914
f 1566/1443/914 1567/1444/914 1558/1439/1184
s 0
f 1571/1445/1189 1568/1446/1189 1569/1447/1189
f 1569/1447/1190 1570/1448/1190 1571/1445/1190
f 1573/1449/96 1572/1450/96 901/902/96
f 901/902/96 902/901/96 1573/1449/96
f 1575/1451/96 1574/1452/96 1572/1450/96
f 1572/1450/96 1573/1449/96 1575/1451/96
f 1577/1453/96 1576/1454/96 1574/1452/96
f 1574/1452/96 1575/1451/96 1577/1453/96
f 1579/1455/96 1578/1456/96 1576/1454/96
f 1576/1454/96 1577/1453/96 1579/1455/96
f 1581/1457/96 1580/1458/96 1578/1456/96
f 1578/1456/96 1579/1455/96 1581/1457/96
f 1583/1459/96 1582/1460/96 1580/1458/96
f 1580/1458/96 1581/1457/96 1583/1459/96
f 1585/1461/96 1584/1462/96 1582/1460/96
f 1582/1460/96 1583/1459/96 1585/1461/96
f 1587/1463/96 1586/1464/96 1584/1462/96
f 1584/1462/96 1585/1461/96 1587/1463/96
f 1589/1465/96 1588/1466/96 1586/1464/96
f 1586/1464/96 1587/1463/96 1589/1465/96
f 1591/1467/96 1590/1468/96 1588/1466/96
f 1588/1466/96 1589/1465/96 1591/1467/96
f 1593/1469/96 1592/1470/96 1590/1468/96
f 1590/1468/96 1591/1467/96 1593/1469/96
f 1595/1471/96 1594/1472/96 1592/1470/96
f 1592/1470/96 1593/1469/96 1595/1471/96
f 1597/1473/96 1596/1474/96 1594/1472/96
f 1594/1472/96 1595/1471/96 1597/1473/96
f 1599/1475/96 1598/1476/96 1596/1474/96
f 1596/1474/96 1597/1473/96 1599/1475/96
f 1346/1264/96 1345/1263/96 1598/1476/96
f 1598/1476/96 1599/1475/96 1346/1264/96
s 1
f 934/934/809 933/933/808 1600/1477/1191
f 1600/1477/1191 1601/1478/1192 934/934/809
f 1601/1478/1192 1600/1477/1191 1602/1479/1193
f 1602/1479/1193 1603/1480/1194 1601/1478/1192
f 1603/1480/1194 1602/1479/1193 1604/1481/1195
f 1604/1481/1195 1605/1482/1196 1603/1480/1194
f 1605/1482/1196 1604/1481/1195 1606/1483/1197
f 1606/1483/1197 1607/1484/1198 1605/1482/1196
f 1607/1484/1198 1606/1483/1197 1608/1485/1199
f 1608/1485/1199 1609/1486/1200 1607/1484/1198
f 1609/1486/1200 1608/1485/1199 1610/1487/1201
f 1610/1487/1201 1611/1488/1202 1609/1486/1200
f 1611/1488/1202 1610/1487/1201 1612/1489/1203
f 1612/1489/1203 1613/1490/1204 1611/1488/1202
f 1617/1491/1205 1614/1492/1206 1615/1493/1207
f 1615/1493/1207 1616/1494/1208 1617/1491/1205
f 1616/1494/1208 1615/1493/1207 1618/1495/1209
f 1618/1495/1209 1619/1496/1210 1616/1494/1208
f 1619/1496/1210 1618/1495/1209 1620/1497/1211
f 1620/1497/1211 1621/1498/1212 1619/1496/1210
f 1621/1498/1212 1620/1497/1211 1622/1499/1213
f 1622/1499/1213 1623/1500/1214 1621/1498/1212
f 1623/1500/1214 1622/1499/1213 1624/1501/1215
f 1624/1501/1215 1625/1502/1216 1623/1500/1214
f 1625/1502/1216 1624/1501/1215 1626/1503/1217
f 1626/1503/1217 1627/1504/1218 1625/1502/1216
f 1627/1504/1218 1626/1503/1217 1628/1505/1067
f 1628/1505/1067 1629/1506/1066 1627/1504/1218
s 0
f 1630/1507/96 951/951/96 937/937/96
f 1631/1508/96 1630/1507/96 937/937/96
f 1632/1509/96 1631/1508/96 937/937/96
f 1633/1510/96 1632/1509/96 937/937/96
f 1634/1511/96 1633/1510/96 937/937/96
f 1635/1512/96 1634/1511/96 937/937/96
f 1636/1513/96 1635/1512/96 937/937/96
f 1637/1514/96 1636/1513/96 937/937/96
f 1638/1515/96 1637/1514/96 937/937/96
f 1639/1516/96 1638/1515/96 937/937/96
f 1640/1517/96 1639/1516/96 937/937/96
f 1641/1518/96 1640/1517/96 937/937/96
f 1642/1519/96 1641/1518/96 937/937/96
f 1643/1520/96 1642/1519/96 937/937/96
f 1405/1322/96 1643/1520/96 937/937/96
s 1
f 1645/1521/1219 1644/1522/1220 1012/983/869
f 1012/983/869 1013/982/868 1645/1521/1219
f 1015/901/871 1014/951/870 1646/1507/1221
f 1646/1507/1221 1647/1449/1222 1015/901/871
f 1649/1523/967 1648/1524/1223 1644/1522/1220
f 1644/1522/1220 1645/1521/1219 1649/1523/967
f 1647/1449/1222 1646/1507/1221 1650/1508/1224
f 1650/1508/1224 1651/1451/1225 1647/1449/1222
f 1653/1525/1226 1652/1526/1227 1648/1524/1223
f 1648/1524/1223 1649/1523/967 1653/1525/1226
f 1651/1451/1225 1650/1508/1224 1654/1509/1228
f 1654/1509/1228 1655/1453/1229 1651/1451/1225
f 1657/1527/1230 1656/1528/1231 1652/1526/1227
f 1652/1526/1227 1653/1525/1226 1657/1527/1230
f 1655/1453/1229 1654/1509/1228 1658/1510/1232
f 1658/1510/1232 1659/1455/1233 1655/1453/1229
f 1661/1529/1234 1660/1530/1235 1656/1528/1231
f 1656/1528/1231 1657/1527/1230 1661/1529/1234
f 1659/1455/1233 1658/1510/1232 1662/1511/1236
f 1662/1511/1236 1663/1457/1237 1659/1455/1233
f 1665/1531/1238 1664/1532/1239 1660/1530/1235
f 1660/1530/1235 1661/1529/1234 1665/1531/1238
f 1663/1457/1237 1662/1511/1236 1666/1512/1240
f 1666/1512/1240 1667/1459/1241 1663/1457/1237
f 1669/1533/1242 1668/1534/1243 1664/1532/1239
f 1664/1532/1239 1665/1531/1238 1669/1533/1242
f 1667/1459/1241 1666/1512/1240 1670/1513/1244
f 1670/1513/1244 1671/1461/1245 1667/1459/1241
f 1673/1535/1246 1672/1536/1247 1668/1534/1243
f 1668/1534/1243 1669/1533/1242 1673/1535/1246
f 1671/1461/1245 1670/1513/1244 1674/1514/987
f 1674/1514/987 1675/1463/1248 1671/1461/1245
f 1677/1537/1249 1676/1538/1250 1672/1536/1247
f 1672/1536/1247 1673/1535/1246 1677/1537/1249
f 1675/1463/1248 1674/1514/987 1678/1515/1251
f 1678/1515/1251 1679/1465/1252 1675/1463/1248
f 1681/1539/998 1680/1540/1253 1676/1538/1250
f 1676/1538/1250 1677/1537/1249 1681/1539/998
f 1679/1465/1252 1678/1515/1251 1682/1516/1254
f 1682/1516/1254 1683/1467/1255 1679/1465/1252
f 1685/1541/1256 1684/1542/1257 1680/1540/1253
f 1680/1540/1253 1681/1539/998 1685/1541/1256
f 1683/1467/1255 1682/1516/1254 1686/1517/1258
f 1686/1517/1258 1687/1469/1258 1683/1467/1255
f 1689/1543/1259 1688/1544/1260 1684/1542/1257
f 1684/1542/1257 1685/1541/1256 1689/1543/1259
f 1687/1469/1258 1686/1517/1258 1690/1518/1261
f 1690/1518/1261 1691/1471/1262 1687/1469/1258
f 1693/1545/1263 1692/1546/1264 1688/1544/1260
f 1688/1544/1260 1689/1543/1259 1693/1545/1263
f 1691/1471/1262 1690/1518/1261 1694/1519/1265
f 1694/1519/1265 1695/1473/1266 1691/1471/1262
f 1697/1547/1267 1696/1548/1268 1692/1546/1264
f 1692/1546/1264 1693/1545/1263 1697/1547/1267
f 1695/1473/1266 1694/1519/1265 1698/1520/1269
f 1698/1520/1269 1699/1475/1270 1695/1473/1266
f 1701/1549/1099 1700/1550/1098 1696/1548/1268
f 1696/1548/1268 1697/1547/1267 1701/1549/1099
f 1699/1475/1270 1698/1520/1269 1423/1322/813
f 1423/1322/813 1426/1264/813 1699/1475/1270
f 1035/1003/888 1012/983/869 1644/1522/1220
f 1644/1522/1220 1702/1551/1271 1035/1003/888
f 1702/1551/1271 1644/1522/1220 1648/1524/1223
f 1648/1524/1223 1703/1552/1272 1702/1551/1271
f 1703/1552/1272 1648/1524/1223 1652/1526/1227
f 1652/1526/1227 1704/1553/1273 1703/1552/1272
f 1704/1553/1273 1652/1526/1227 1656/1528/1231
f 1656/1528/1231 1705/1554/1274 1704/1553/1273
f 1705/1554/1274 1656/1528/1231 1660/1530/1235
f 1660/1530/1235 1706/1555/1275 1705/1554/1274
f 1706/1555/1275 1660/1530/1235 1664/1532/1239
f 1664/1532/1239 1707/1556/1276 1706/1555/1275
f 1707/1556/1276 1664/1532/1239 1668/1534/1243
f 1668/1534/1243 1708/1557/1277 1707/1556/1276
f 1712/1558/1278 1709/1559/1278 1710/1560/1278
s 0
f 1710/1560/1279 1711/1561/1279 1712/1558/1279
s 1
f 1714/1562/1280 1672/1536/1247 1676/1538/1250
f 1676/1538/1250 1713/1563/1281 1714/1562/1280
f 1713/1563/1281 1676/1538/1250 1680/1540/1253
f 1680/1540/1253 1715/1564/1282 1713/1563/1281
f 1715/1564/1282 1680/1540/1253 1684/1542/1257
f 1684/1542/1257 1716/1565/1283 1715/1564/1282
f 1716/1565/1283 1684/1542/1257 1688/1544/1260
f 1688/1544/1260 1717/1566/1284 1716/1565/1283
f 1717/1566/1284 1688/1544/1260 1692/1546/1264
f 1692/1546/1264 1718/1567/1285 1717/1566/1284
f 1718/1567/1285 1692/1546/1264 1696/1548/1268
f 1696/1548/1268 1719/1568/1286 1718/1567/1285
f 1719/1568/1286 1696/1548/1268 1700/1550/1098
f 1700/1550/1098 1720/1569/1143 1719/1568/1286
f 1722/1570/1218 1531/1417/1066 1530/1418/1174
f 1724/1572/1288 1722/1570/1218 1721/1571/1287
f 1726/1574/1214 1724/1572/1288 1723/1573/1289
f 1728/1576/1212 1726/1574/1214 1725/1575/1290
f 1730/1578/1210 1728/1576/1212 1727/1577/1291
f 1732/1580/1208 1730/1578/1210 1729/1579/1292
f 1734/1582/1294 1732/1580/1208 1731/1581/1293
s 0
f 1738/1584/911 1735/1585/911 1736/1586/911
f 1736/1586/1296 1737/1587/1296 1738/1584/1296
s 1
f 1742/1588/1202 1739/1589/1297 1740/1590/1298
f 1744/1592/1200 1742/1588/1202 1741/1591/1299
f 1746/1594/1301 1744/1592/1200 1743/1593/1300
f 1748/1596/1303 1746/1594/1301 1745/1595/1302
f 1750/1598/1194 1748/1596/1303 1747/1597/1304
f 1752/1600/1192 1750/1598/1194 1749/1599/1305
f 1036/1005/809 1752/1600/1192 1751/1601/1306
s 0
f 1756/1585/1062 1753/1602/1062 1754/1603/1062
f 1762/1607/1309 1763/1608/1309 1764/1605/1309
f 1768/1609/96 1765/1610/96 1766/1611/96
f 1766/1611/96 1767/1612/96 1768/1609/96
f 1772/1613/1310 1769/1614/1310 1770/1558/1310
f 1770/1558/1310 1771/1561/1310 1772/1613/1310
f 1776/1615/1311 1773/1616/1311 1774/1617/1311
f 1774/1617/1312 1775/1618/1312 1776/1615/1312
s 1
f 1780/1560/1313 1777/1619/1314 1778/1620/1315
f 1778/1620/1315 1779/1561/1316 1780/1560/1313
f 1784/1558/1317 1781/1621/1318 1782/1622/1319
f 1782/1622/1319 1783/1559/1320 1784/1558/1317
f 1788/1623/1064 1785/1624/1064 1786/1625/1318
f 1786/1625/1318 1787/1626/1321 1788/1623/1064
f 1779/1561/1316 1778/1620/1315 1789/1627/1050
f 1789/1627/1050 1790/1613/1050 1779/1561/1316
s 0
f 1794/1628/1322 1791/1629/1322 1792/1630/1322
f 1792/1630/1323 1793/1631/1323 1794/1628/1323
s 1
f 2969/2803/948 2966/2804/2311 2967/2805/2312
f 2967/2805/2312 2968/2806/1032 2969/2803/948
f 2971/2807/1034 2969/2803/948 2968/2806/1032
f 2968/2806/1032 2970/2808/946 2971/2807/1034
f 2973/2809/2313 2971/2807/1034 2970/2808/946
f 2970/2808/946 2972/2810/2314 2973/2809/2313
f 2975/2811/2315 2973/2809/2313 2972/2810/2314
f 2972/2810/2314 2974/2812/2315 2975/2811/2315
f 2977/2813/940 2975/2811/2315 2974/2812/2315
f 2974/2812/2315 2976/2814/940 2977/2813/940
f 2979/2815/938 2977/2813/940 2976/2814/940
f 2976/2814/940 2978/2816/938 2979/2815/938
f 2981/2817/936 2979/2815/938 2978/2816/938
f 2978/2816/938 2980/2818/936 2981/2817/936
f 2983/2819/934 2981/2817/936 2980/2818/936
f 2980/2818/936 2982/2820/934 2983/2819/934
f 2985/2821/932 2983/2819/934 2982/2820/934
f 2982/2820/934 2984/2822/932 2985/2821/932
f 2987/2823/930 2985/2821/932 2984/2822/932
f 2984/2822/932 2986/2824/930 2987/2823/930
f 2989/2825/927 2987/2823/930 2986/2824/930
f 2986/2824/930 2988/2826/927 2989/2825/927
f 2991/2827/2316 2989/2825/927 2988/2826/927
f 2988/2826/927 2990/2828/1095 2991/2827/2316
f 2993/2829/1093 2991/2827/2316 2990/2828/1095
f 2990/2828/1095 2992/2830/1093 2993/2829/1093
f 2995/2831/1091 2993/2829/1093 2992/2830/1093
f 2992/2830/1093 2994/2832/1091 2995/2831/1091
f 2997/2833/2317 2995/2831/1091 2994/2832/1091
f 2994/2832/1091 2996/2834/1089 2997/2833/2317
f 2999/2835/1087 2997/2833/2317 2996/2834/1089
f 2996/2834/1089 2998/2836/1087 2999/2835/1087
f 3001/2837/1085 2999/2835/1087 2998/2836/1087
f 2998/2836/1087 3000/2838/1085 3001/2837/1085
f 3003/2839/2318 3001/2837/1085 3000/2838/1085
f 3000/2838/1085 3002/2840/2318 3003/2839/2318
f 3005/2841/2319 3003/2839/2318 3002/2840/2318
f 3002/2840/2318 3004/2842/2319 3005/2841/2319
f 3007/2843/1079 3005/2841/2319 3004/2842/2319
f 3004/2842/2319 3006/2844/1079 3007/2843/1079
f 3009/2845/1077 3007/2843/1079 3006/2844/1079
f 3006/2844/1079 3008/2846/1077 3009/2845/1077
f 3011/2847/1075 3009/2845/1077 3008/2846/1077
f 3008/2846/1077 3010/2848/1075 3011/2847/1075
f 3013/2849/1073 3011/2847/1075 3010/2848/1075
f 3010/2848/1075 3012/2850/1073 3013/2849/1073
f 3015/2851/1071 3013/2849/1073 3012/2850/1073
f 3012/2850/1073 3014/2852/1071 3015/2851/1071
f 3017/2853/1069 3015/2851/1071 3014/2852/1071
f 3014/2852/1071 3016/2854/1069 3017/2853/1069
f 3019/2855/1066 3017/2853/1069 3016/2854/1069
f 3016/2854/1069 3018/2856/1066 3019/2855/1066
f 3023/2857/1218 3020/2858/1066 3021/2859/1066
f 3021/2859/1066 3022/2860/1218 3023/2857/1218
f 3025/2861/1288 3023/2857/1218 3022/2860/1218
f 3022/2860/1218 3024/2862/1216 3025/2861/1288
f 3027/2863/1214 3025/2861/1288 3024/2862/1216
f 3024/2862/1216 3026/2864/1214 3027/2863/1214
f 3029/2865/1212 3027/2863/1214 3026/2864/1214
f 3026/2864/1214 3028/2866/2320 3029/2865/1212
f 3031/2867/1210 3029/2865/1212 3028/2866/2320
f 3028/2866/2320 3030/2868/1210 3031/2867/1210
f 3033/2869/1208 3031/2867/1210 3030/2868/1210
f 3030/2868/1210 3032/2870/1208 3033/2869/1208
f 3035/2871/2321 3033/2869/1208 3032/2870/1208
f 3032/2870/1208 3034/2872/2321 3035/2871/2321
f 3037/2873/2322 3035/2871/2321 3034/2872/2321
f 3034/2872/2321 3036/2874/2322 3037/2873/2322
f 3039/2875/1202 3037/2873/2322 3036/2874/2322
f 3036/2874/2322 3038/2876/1202 3039/2875/1202
f 3041/2877/1200 3039/2875/1202 3038/2876/1202
f 3038/2876/1202 3040/2878/1200 3041/2877/1200
f 3043/2879/1301 3041/2877/1200 3040/2878/1200
f 3040/2878/1200 3042/2880/1198 3043/2879/1301
f 3045/2881/1196 3043/2879/1301 3042/2880/1198
f 3042/2880/1198 3044/2882/1303 3045/2881/1196
f 3047/2883/1194 3045/2881/1196 3044/2882/1303
f 3044/2882/1303 3046/2884/1194 3047/2883/1194
f 3049/2885/1192 3047/2883/1194 3046/2884/1194
f 3046/2884/1194 3048/2886/1192 3049/2885/1192
f 3051/2887/809 3049/2885/1192 3048/2886/1192
f 3048/2886/1192 3050/2888/809 3051/2887/809
f 3053/2889/2323 3051/2887/809 3050/2888/809
f 3050/2888/809 3052/2890/2323 3053/2889/2323
f 3055/2891/805 3053/2889/2323 3052/2890/2323
f 3052/2890/2323 3054/2892/891 3055/2891/805
f 3057/2893/803 3055/2891/805 3054/2892/891
f 3054/2892/891 3056/2894/803 3057/2893/803
f 3059/2895/801 3057/2893/803 3056/2894/803
f 3056/2894/803 3058/2896/801 3059/2895/801
f 3061/2897/799 3059/2895/801 3058/2896/801
f 3058/2896/801 3060/2898/799 3061/2897/799
f 3063/2899/797 3061/2897/799 3060/2898/799
f 3060/2898/799 3062/2900/797 3063/2899/797
f 3065/2901/2324 3063/2899/797 3062/2900/797
f 3062/2900/797 3064/2902/2324 3065/2901/2324
f 3067/2903/2325 3065/2901/2324 3064/2902/2324
f 3064/2902/2324 3066/2904/2326 3067/2903/2325
f 3069/2905/791 3067/2903/2325 3066/2904/2326
f 3066/2904/2326 3068/2906/791 3069/2905/791
f 3071/2907/789 3069/2905/791 3068/2906/791
f 3068/2906/791 3070/2908/789 3071/2907/789
f 3073/2909/2327 3071/2907/789 3070/2908/789
f 3070/2908/789 3072/2910/2328 3073/2909/2327
f 3053/2889/2323 932/932/807 934/934/809
f 934/934/809 3051/2887/809 3053/2889/2323
f 3055/2891/805 930/930/805 932/932/807
f 932/932/807 3053/2889/2323 3055/2891/805
f 3057/2893/803 928/928/803 930/930/805
f 930/930/805 3055/2891/805 3057/2893/803
f 3059/2895/801 926/926/801 928/928/803
f 928/928/803 3057/2893/803 3059/2895/801
f 3061/2897/799 924/924/799 926/926/801
f 926/926/801 3059/2895/801 3061/2897/799
f 3063/2899/797 921/922/797 924/924/799
f 924/924/799 3061/2897/799 3063/2899/797
f 3065/2901/2324 922/919/794 921/922/797
f 921/922/797 3063/2899/797 3065/2901/2324
f 3067/2903/2325 918/918/793 922/919/794
f 922/919/794 3065/2901/2324 3067/2903/2325
f 3069/2905/791 916/916/791 918/918/793
f 918/918/793 3067/2903/2325 3069/2905/791
f 3071/2907/789 914/914/789 916/916/791
f 916/916/791 3069/2905/791 3071/2907/789
f 3073/2909/2327 912/912/787 914/914/789
f 914/914/789 3071/2907/789 3073/2909/2327
f 3074/2911/785 910/910/785 912/912/787
f 912/912/787 3073/2909/2327 3074/2911/785
f 3075/2912/783 908/908/783 910/910/785
f 910/910/785 3074/2911/785 3075/2912/783
f 3076/2913/781 905/906/781 908/908/783
f 908/908/783 3075/2912/783 3076/2913/781
f 3077/2914/778 906/903/778 905/906/781
f 905/906/781 3076/2913/781 3077/2914/778
f 3078/2915/956 1173/1132/956 906/903/778
f 906/903/778 3077/2914/778 3078/2915/956
f 3079/2916/954 1171/1130/954 1173/1132/956
f 1173/1132/956 3078/2915/956 3079/2916/954
f 3080/2917/952 1169/1128/952 1171/1130/954
f 1171/1130/954 3079/2916/954 3080/2917/952
f 2966/2804/2311 1167/1126/950 1169/1128/952
f 1169/1128/952 3080/2917/952 2966/2804/2311
f 2969/2803/948 1165/1124/948 1167/1126/950
f 1167/1126/950 2966/2804/2311 2969/2803/948
f 2971/2807/1034 1162/1122/946 1165/1124/948
f 1165/1124/948 2969/2803/948 2971/2807/1034
f 2973/2809/2313 1163/1119/943 1162/1122/946
f 1162/1122/946 2971/2807/1034 2973/2809/2313
f 2975/2811/2315 1159/1118/942 1163/1119/943
f 1163/1119/943 2973/2809/2313 2975/2811/2315
f 2977/2813/940 1157/1116/940 1159/1118/942
f 1159/1118/942 2975/2811/2315 2977/2813/940
f 2979/2815/938 1155/1114/938 1157/1116/940
f 1157/1116/940 2977/2813/940 2979/2815/938
f 2981/2817/936 1153/1112/936 1155/1114/938
f 1155/1114/938 2979/2815/938 2981/2817/936
f 2983/2819/934 1151/1110/934 1153/1112/936
f 1153/1112/936 2981/2817/936 2983/2819/934
f 2985/2821/932 1149/1108/932 1151/1110/934
f 1151/1110/934 2983/2819/934 2985/2821/932
f 2987/2823/930 1146/1106/930 1149/1108/932
f 1149/1108/932 2985/2821/932 2987/2823/930
f 2989/2825/927 1147/1103/927 1146/1106/930
f 1146/1106/930 2987/2823/930 2989/2825/927
f 2991/2827/2316 1403/1320/1095 1147/1103/927
f 1147/1103/927 2989/2825/927 2991/2827/2316
f 2993/2829/1093 1401/1318/1093 1403/1320/1095
f 1403/1320/1095 2991/2827/2316 2993/2829/1093
f 2995/2831/1091 1399/1316/1091 1401/1318/1093
f 1401/1318/1093 2993/2829/1093 2995/2831/1091
f 2997/2833/2317 1397/1314/1089 1399/1316/1091
f 1399/1316/1091 2995/2831/1091 2997/2833/2317
f 2999/2835/1087 1395/1312/1087 1397/1314/1089
f 1397/1314/1089 2997/2833/2317 2999/2835/1087
f 3001/2837/1085 1392/1310/1085 1395/1312/1087
f 1395/1312/1087 2999/2835/1087 3001/2837/1085
f 3003/2839/2318 1393/1307/1082 1392/1310/1085
f 1392/1310/1085 3001/2837/1085 3003/2839/2318
f 3005/2841/2319 1389/1306/1081 1393/1307/1082
f 1393/1307/1082 3003/2839/2318 3005/2841/2319
f 3007/2843/1079 1387/1304/1079 1389/1306/1081
f 1389/1306/1081 3005/2841/2319 3007/2843/1079
f 3009/2845/1077 1385/1302/1077 1387/1304/1079
f 1387/1304/1079 3007/2843/1079 3009/2845/1077
f 3011/2847/1075 1383/1300/1075 1385/1302/1077
f 1385/1302/1077 3009/2845/1077 3011/2847/1075
f 3013/2849/1073 1381/1298/1073 1383/1300/1075
f 1383/1300/1075 3011/2847/1075 3013/2849/1073
f 3015/2851/1071 1379/1296/1071 1381/1298/1073
f 1381/1298/1073 3013/2849/1073 3015/2851/1071
f 3017/2853/1069 1376/1294/1069 1379/1296/1071
f 1379/1296/1071 3015/2851/1071 3017/2853/1069
f 3019/2855/1066 1377/1291/1066 1376/1294/1069
f 1376/1294/1069 3017/2853/1069 3019/2855/1066
f 3023/2857/1218 1627/1504/1218 1629/1506/1066
f 1629/1506/1066 3020/2858/1066 3023/2857/1218
f 3025/2861/1288 1625/1502/1216 1627/1504/1218
f 1627/1504/1218 3023/2857/1218 3025/2861/1288
f 3027/2863/1214 1623/1500/1214 1625/1502/1216
f 1625/1502/1216 3025/2861/1288 3027/2863/1214
f 3029/2865/1212 1621/1498/1212 1623/1500/1214
f 1623/1500/1214 3027/2863/1214 3029/2865/1212
f 3031/2867/1210 1619/1496/1210 1621/1498/1212
f 1621/1498/1212 3029/2865/1212 3031/2867/1210
f 3033/2869/1208 1616/1494/1208 1619/1496/1210
f 1619/1496/1210 3031/2867/1210 3033/2869/1208
f 3035/2871/2321 1617/1491/1205 1616/1494/1208
f 1616/1494/1208 3033/2869/1208 3035/2871/2321
f 3037/2873/2322 1613/1490/1204 1617/1491/1205
f 1617/1491/1205 3035/2871/2321 3037/2873/2322
f 3039/2875/1202 1611/1488/1202 1613/1490/1204
f 1613/1490/1204 3037/2873/2322 3039/2875/1202
f 3041/2877/1200 1609/1486/1200 1611/1488/1202
f 1611/1488/1202 3039/2875/1202 3041/2877/1200
f 3043/2879/1301 1607/1484/1198 1609/1486/1200
f 1609/1486/1200 3041/2877/1200 3043/2879/1301
f 3045/2881/1196 1605/1482/1196 1607/1484/1198
f 1607/1484/1198 3043/2879/1301 3045/2881/1196
f 3047/2883/1194 1603/1480/1194 1605/1482/1196
f 1605/1482/1196 3045/2881/1196 3047/2883/1194
f 3049/2885/1192 1601/1478/1192 1603/1480/1194
f 1603/1480/1194 3047/2883/1194 3049/2885/1192
f 3051/2887/809 934/934/809 1601/1478/1192
f 1601/1478/1192 3049/2885/1192 3051/2887/809
s 0
f 3084/2918/778 3081/2919/778 3082/2920/778
f 3082/2920/778 3083/2921/778 3084/2918/778
f 3086/2922/778 3082/2920/778 3081/2919/778
f 3081/2919/778 3085/2923/778 3086/2922/778
s 1
f 3088/2924/2329 3086/2922/778 3085/2923/778
f 3085/2923/778 3087/2925/2329 3088/2924/2329
f 3092/2926/2330 3089/2927/2331 3090/2928/2332
f 3090/2928/2332 3091/2929/2330 3092/2926/2330
f 3094/2930/2333 3092/2926/2330 3091/2929/2330
f 3091/2929/2330 3093/2931/2333 3094/2930/2333
f 3098/2932/1032 3095/2933/2334 3096/2934/2335
f 3096/2934/2335 3097/2935/948 3098/2932/1032
f 3100/2936/1034 3098/2932/1032 3097/2935/948
f 3097/2935/948 3099/2937/946 3100/2936/1034
f 3102/2938/2313 3100/2936/1034 3099/2937/946
f 3099/2937/946 3101/2939/2314 3102/2938/2313
f 3104/2940/2315 3102/2938/2313 3101/2939/2314
f 3101/2939/2314 3103/2941/2315 3104/2940/2315
f 3106/2942/2336 3104/2940/2315 3103/2941/2315
f 3103/2941/2315 3105/2943/940 3106/2942/2336
f 3108/2944/938 3106/2942/2336 3105/2943/940
f 3105/2943/940 3107/2945/938 3108/2944/938
f 3110/2946/936 3108/2944/938 3107/2945/938
f 3107/2945/938 3109/2947/2337 3110/2946/936
f 3112/2948/934 3110/2946/936 3109/2947/2337
f 3109/2947/2337 3111/2949/934 3112/2948/934
f 3114/2950/932 3112/2948/934 3111/2949/934
f 3111/2949/934 3113/2951/932 3114/2950/932
f 3116/2952/930 3114/2950/932 3113/2951/932
f 3113/2951/932 3115/2953/930 3116/2952/930
f 3118/2954/927 3116/2952/930 3115/2953/930
f 3115/2953/930 3117/2955/927 3118/2954/927
f 3120/2956/1095 3118/2954/927 3117/2955/927
f 3117/2955/927 3119/2957/1095 3120/2956/1095
f 3122/2958/1093 3120/2956/1095 3119/2957/1095
f 3119/2957/1095 3121/2959/1093 3122/2958/1093
f 3124/2960/1091 3122/2958/1093 3121/2959/1093
f 3121/2959/1093 3123/2961/1091 3124/2960/1091
f 3126/2962/2317 3124/2960/1091 3123/2961/1091
f 3123/2961/1091 3125/2963/1089 3126/2962/2317
f 3128/2964/1087 3126/2962/2317 3125/2963/1089
f 3125/2963/1089 3127/2965/1087 3128/2964/1087
f 3130/2966/1085 3128/2964/1087 3127/2965/1087
f 3127/2965/1087 3129/2967/1085 3130/2966/1085
f 3132/2968/2318 3130/2966/1085 3129/2967/1085
f 3129/2967/1085 3131/2969/2318 3132/2968/2318
f 3134/2970/2319 3132/2968/2318 3131/2969/2318
f 3131/2969/2318 3133/2971/2319 3134/2970/2319
f 3136/2972/1079 3134/2970/2319 3133/2971/2319
f 3133/2971/2319 3135/2973/1079 3136/2972/1079
f 3138/2974/1077 3136/2972/1079 3135/2973/1079
f 3135/2973/1079 3137/2975/1077 3138/2974/1077
f 3140/2976/1075 3138/2974/1077 3137/2975/1077
f 3137/2975/1077 3139/2977/1075 3140/2976/1075
f 3142/2978/1073 3140/2976/1075 3139/2977/1075
f 3139/2977/1075 3141/2979/1073 3142/2978/1073
f 3144/2980/2338 3142/2978/1073 3141/2979/1073
f 3141/2979/1073 3143/2981/1071 3144/2980/2338
f 3146/2982/1069 3144/2980/2338 3143/2981/1071
f 3143/2981/1071 3145/2983/1069 3146/2982/1069
f 3148/2984/1066 3146/2982/1069 3145/2983/1069
f 3145/2983/1069 3147/2985/1066 3148/2984/1066
f 3150/2986/1218 3148/2984/1066 3147/2985/1066
f 3147/2985/1066 3149/2987/1218 3150/2986/1218
f 3152/2988/2339 3150/2986/1218 3149/2987/1218
f 3149/2987/1218 3151/2989/1288 3152/2988/2339
f 3154/2990/1214 3152/2988/2339 3151/2989/1288
f 3151/2989/1288 3153/2991/1214 3154/2990/1214
f 3156/2992/2320 3154/2990/1214 3153/2991/1214
f 3153/2991/1214 3155/2993/2320 3156/2992/2320
f 3158/2994/1210 3156/2992/2320 3155/2993/2320
f 3155/2993/2320 3157/2995/1210 3158/2994/1210
f 3160/2996/1208 3158/2994/1210 3157/2995/1210
f 3157/2995/1210 3159/2997/1208 3160/2996/1208
f 3162/2998/2321 3160/2996/1208 3159/2997/1208
f 3159/2997/1208 3161/2999/2321 3162/2998/2321
f 3164/3000/2322 3162/2998/2321 3161/2999/2321
f 3161/2999/2321 3163/3001/2322 3164/3000/2322
f 3166/3002/1202 3164/3000/2322 3163/3001/2322
f 3163/3001/2322 3165/3003/1202 3166/3002/1202
f 3168/3004/1200 3166/3002/1202 3165/3003/1202
f 3165/3003/1202 3167/3005/1200 3168/3004/1200
f 3170/3006/1198 3168/3004/1200 3167/3005/1200
f 3167/3005/1200 3169/3007/1301 3170/3006/1198
f 3172/3008/1303 3170/3006/1198 3169/3007/1301
f 3169/3007/1301 3171/3009/1196 3172/3008/1303
f 3174/3010/1194 3172/3008/1303 3171/3009/1196
f 3171/3009/1196 3173/3011/1194 3174/3010/1194
f 3176/3012/2340 3174/3010/1194 3173/3011/1194
f 3173/3011/1194 3175/3013/1192 3176/3012/2340
f 3178/3014/809 3176/3012/2340 3175/3013/1192
f 3175/3013/1192 3177/3015/809 3178/3014/809
f 3180/3016/2341 3178/3014/809 3177/3015/809
f 3177/3015/809 3179/3017/807 3180/3016/2341
f 3182/3018/805 3180/3016/2341 3179/3017/807
f 3179/3017/807 3181/3019/891 3182/3018/805
f 3184/3020/803 3182/3018/805 3181/3019/891
f 3181/3019/891 3183/3021/803 3184/3020/803
f 3186/3022/801 3184/3020/803 3183/3021/803
f 3183/3021/803 3185/3023/894 3186/3022/801
f 3188/3024/799 3186/3022/801 3185/3023/894
f 3185/3023/894 3187/3025/799 3188/3024/799
f 3190/3026/797 3188/3024/799 3187/3025/799
f 3187/3025/799 3189/3027/797 3190/3026/797
f 3192/3028/2324 3190/3026/797 3189/3027/797
f 3189/3027/797 3191/3029/2324 3192/3028/2324
f 3194/3030/2325 3192/3028/2324 3191/3029/2324
f 3191/3029/2324 3193/3031/2326 3194/3030/2325
f 3196/3032/791 3194/3030/2325 3193/3031/2326
f 3193/3031/2326 3195/3033/791 3196/3032/791
f 3198/3034/789 3196/3032/791 3195/3033/791
f 3195/3033/791 3197/3035/789 3198/3034/789
f 3200/3036/2342 3198/3034/789 3197/3035/789
f 3197/3035/789 3199/3037/2343 3200/3036/2342
f 3204/3038/2344 3201/3039/2345 3202/3040/2346
f 3202/3040/2346 3203/3041/2347 3204/3038/2344
f 3206/3042/2348 3204/3038/2344 3203/3041/2347
f 3203/3041/2347 3205/3043/2348 3206/3042/2348
f 3083/2921/778 3207/3044/2349 3208/3045/2349
f 3208/3045/2349 3084/2918/778 3083/2921/778
f 3212/3046/956 3209/3047/956 3210/3048/778
f 3210/3048/778 3211/3049/778 3212/3046/956
f 3214/3050/954 3213/3051/954 3209/3047/956
f 3209/3047/956 3212/3046/956 3214/3050/954
f 3216/3052/952 3215/3053/2350 3213/3051/954
f 3213/3051/954 3214/3050/954 3216/3052/952
f 3218/3054/2334 3217/3055/2312 3215/3053/2350
f 3215/3053/2350 3216/3052/952 3218/3054/2334
f 3220/3056/1032 3219/3057/948 3217/3055/2312
f 3217/3055/2312 3218/3054/2334 3220/3056/1032
f 3222/3058/1034 3221/3059/946 3219/3057/948
f 3219/3057/948 3220/3056/1032 3222/3058/1034
f 3224/3060/2313 3223/3061/2314 3221/3059/946
f 3221/3059/946 3222/3058/1034 3224/3060/2313
f 3226/3062/2351 3225/3063/2315 3223/3061/2314
f 3223/3061/2314 3224/3060/2313 3226/3062/2351
f 3228/3064/940 3227/3065/940 3225/3063/2315
f 3225/3063/2315 3226/3062/2351 3228/3064/940
f 3230/3066/938 3229/3067/938 3227/3065/940
f 3227/3065/940 3228/3064/940 3230/3066/938
f 3232/3068/936 3231/3069/936 3229/3067/938
f 3229/3067/938 3230/3066/938 3232/3068/936
f 3234/3070/934 3233/3071/934 3231/3069/936
f 3231/3069/936 3232/3068/936 3234/3070/934
f 3236/3072/932 3235/3073/932 3233/3071/934
f 3233/3071/934 3234/3070/934 3236/3072/932
f 3238/3074/930 3237/3075/930 3235/3073/932
f 3235/3073/932 3236/3072/932 3238/3074/930
f 3240/3076/927 3239/3077/927 3237/3075/930
f 3237/3075/930 3238/3074/930 3240/3076/927
f 3242/3078/1095 3241/3079/1095 3239/3077/927
f 3239/3077/927 3240/3076/927 3242/3078/1095
f 3244/3080/1093 3243/3081/1093 3241/3079/1095
f 3241/3079/1095 3242/3078/1095 3244/3080/1093
f 3246/3082/1091 3245/3083/1091 3243/3081/1093
f 3243/3081/1093 3244/3080/1093 3246/3082/1091
f 3248/3084/1089 3247/3085/1089 3245/3083/1091
f 3245/3083/1091 3246/3082/1091 3248/3084/1089
f 3250/3086/1087 3249/3087/1087 3247/3085/1089
f 3247/3085/1089 3248/3084/1089 3250/3086/1087
f 3252/3088/1085 3251/3089/1085 3249/3087/1087
f 3249/3087/1087 3250/3086/1087 3252/3088/1085
f 3254/3090/2318 3253/3091/2318 3251/3089/1085
f 3251/3089/1085 3252/3088/1085 3254/3090/2318
f 3256/3092/2319 3255/3093/2319 3253/3091/2318
f 3253/3091/2318 3254/3090/2318 3256/3092/2319
f 3258/3094/1079 3257/3095/1079 3255/3093/2319
f 3255/3093/2319 3256/3092/2319 3258/3094/1079
f 3260/3096/1077 3259/3097/1077 3257/3095/1079
f 3257/3095/1079 3258/3094/1079 3260/3096/1077
f 3262/3098/1075 3261/3099/1075 3259/3097/1077
f 3259/3097/1077 3260/3096/1077 3262/3098/1075
f 3264/3100/1073 3263/3101/1073 3261/3099/1075
f 3261/3099/1075 3262/3098/1075 3264/3100/1073
f 3266/3102/2338 3265/3103/2352 3263/3101/1073
f 3263/3101/1073 3264/3100/1073 3266/3102/2338
f 3268/3104/1069 3267/3105/1069 3265/3103/2352
f 3265/3103/2352 3266/3102/2338 3268/3104/1069
f 3270/3106/1066 3269/3107/1066 3267/3105/1069
f 3267/3105/1069 3268/3104/1069 3270/3106/1066
f 3274/3108/1218 3271/3109/1218 3272/3110/1066
f 3272/3110/1066 3273/3111/1066 3274/3108/1218
f 3276/3112/1288 3275/3113/1288 3271/3109/1218
f 3271/3109/1218 3274/3108/1218 3276/3112/1288
f 3278/3114/1214 3277/3115/1214 3275/3113/1288
f 3275/3113/1288 3276/3112/1288 3278/3114/1214
f 3280/3116/1212 3279/3117/2320 3277/3115/1214
f 3277/3115/1214 3278/3114/1214 3280/3116/1212
f 3282/3118/1210 3281/3119/1210 3279/3117/2320
f 3279/3117/2320 3280/3116/1212 3282/3118/1210
f 3284/3120/1208 3283/3121/1208 3281/3119/1210
f 3281/3119/1210 3282/3118/1210 3284/3120/1208
f 3286/3122/2321 3285/3123/2321 3283/3121/1208
f 3283/3121/1208 3284/3120/1208 3286/3122/2321
f 3288/3124/2322 3287/3125/2322 3285/3123/2321
f 3285/3123/2321 3286/3122/2321 3288/3124/2322
f 3290/3126/1202 3289/3127/1202 3287/3125/2322
f 3287/3125/2322 3288/3124/2322 3290/3126/1202
f 3292/3128/1200 3291/3129/1200 3289/3127/1202
f 3289/3127/1202 3290/3126/1202 3292/3128/1200
f 3294/3130/1198 3293/3131/1198 3291/3129/1200
f 3291/3129/1200 3292/3128/1200 3294/3130/1198
f 3296/3132/1303 3295/3133/1303 3293/3131/1198
f 3293/3131/1198 3294/3130/1198 3296/3132/1303
f 3298/3134/1194 3297/3135/1194 3295/3133/1303
f 3295/3133/1303 3296/3132/1303 3298/3134/1194
f 3300/3136/1192 3299/3137/1192 3297/3135/1194
f 3297/3135/1194 3298/3134/1194 3300/3136/1192
f 3302/3138/809 3301/3139/809 3299/3137/1192
f 3299/3137/1192 3300/3136/1192 3302/3138/809
f 3304/3140/807 3303/3141/2323 3301/3139/809
f 3301/3139/809 3302/3138/809 3304/3140/807
f 3306/3142/891 3305/3143/805 3303/3141/2323
f 3303/3141/2323 3304/3140/807 3306/3142/891
f 3308/3144/803 3307/3145/803 3305/3143/805
f 3305/3143/805 3306/3142/891 3308/3144/803
f 3310/3146/801 3309/3147/801 3307/3145/803
f 3307/3145/803 3308/3144/803 3310/3146/801
f 3312/3148/799 3311/3149/799 3309/3147/801
f 3309/3147/801 3310/3146/801 3312/3148/799
f 3314/3150/797 3313/3151/797 3311/3149/799
f 3311/3149/799 3312/3148/799 3314/3150/797
f 3316/3152/2324 3315/3153/2324 3313/3151/797
f 3313/3151/797 3314/3150/797 3316/3152/2324
f 3318/3154/2325 3317/3155/2325 3315/3153/2324
f 3315/3153/2324 3316/3152/2324 3318/3154/2325
f 3320/3156/791 3319/3157/791 3317/3155/2325
f 3317/3155/2325 3318/3154/2325 3320/3156/791
f 3322/3158/789 3321/3159/789 3319/3157/791
f 3319/3157/791 3320/3156/791 3322/3158/789
f 3324/3160/2342 3323/3161/2328 3321/3159/789
f 3321/3159/789 3322/3158/789 3324/3160/2342
f 3326/3162/785 3325/3163/2353 3323/3161/2328
f 3323/3161/2328 3324/3160/2342 3326/3162/785
f 3328/3164/783 3327/3165/783 3325/3163/2353
f 3325/3163/2353 3326/3162/785 3328/3164/783
f 3330/3166/781 3329/3167/781 3327/3165/783
f 3327/3165/783 3328/3164/783 3330/3166/781
f 3211/3049/778 3210/3048/778 3329/3167/781
f 3329/3167/781 3330/3166/781 3211/3049/778
f 1269/1197/956 3331/3168/956 3332/3169/778
f 3332/3169/778 1073/1038/778 1269/1197/956
f 1271/1199/954 3333/3170/954 3331/3168/956
f 3331/3168/956 1269/1197/956 1271/1199/954
f 1273/1201/952 3334/3171/952 3333/3170/954
f 3333/3170/954 1271/1199/954 1273/1201/952
f 1275/1203/950 3096/2934/2335 3334/3171/952
f 3334/3171/952 1273/1201/952 1275/1203/950
f 1277/1205/1032 3097/2935/948 3096/2934/2335
f 3096/2934/2335 1275/1203/950 1277/1205/1032
f 1279/1207/1034 3099/2937/946 3097/2935/948
f 3097/2935/948 1277/1205/1032 1279/1207/1034
f 1281/1209/1036 3101/2939/2314 3099/2937/946
f 3099/2937/946 1279/1207/1034 1281/1209/1036
f 1286/1216/1039 3103/2941/2315 3101/2939/2314
f 3101/2939/2314 1281/1209/1036 1286/1216/1039
f 1289/1215/940 3105/2943/940 3103/2941/2315
f 3103/2941/2315 1286/1216/1039 1289/1215/940
f 1291/1219/938 3107/2945/938 3105/2943/940
f 3105/2943/940 1289/1215/940 1291/1219/938
f 1293/1221/936 3109/2947/2337 3107/2945/938
f 3107/2945/938 1291/1219/938 1293/1221/936
f 1295/1223/934 3111/2949/934 3109/2947/2337
f 3109/2947/2337 1293/1221/936 1295/1223/934
f 1297/1225/932 3113/2951/932 3111/2949/934
f 3111/2949/934 1295/1223/934 1297/1225/932
f 1299/1227/930 3115/2953/930 3113/2951/932
f 3113/2951/932 1297/1225/932 1299/1227/930
f 1301/1229/927 3117/2955/927 3115/2953/930
f 3115/2953/930 1299/1227/930 1301/1229/927
f 1499/1385/1095 3119/2957/1095 3117/2955/927
f 3117/2955/927 1301/1229/927 1499/1385/1095
f 1501/1387/1093 3121/2959/1093 3119/2957/1095
f 3119/2957/1095 1499/1385/1095 1501/1387/1093
f 1503/1389/1091 3123/2961/1091 3121/2959/1093
f 3121/2959/1093 1501/1387/1093 1503/1389/1091
f 1505/1391/1089 3125/2963/1089 3123/2961/1091
f 3123/2961/1091 1503/1389/1091 1505/1391/1089
f 1507/1393/1087 3127/2965/1087 3125/2963/1089
f 3125/2963/1089 1505/1391/1089 1507/1393/1087
f 1509/1395/1085 3129/2967/1085 3127/2965/1087
f 3127/2965/1087 1507/1393/1087 1509/1395/1085
f 1511/1397/1164 3131/2969/2318 3129/2967/1085
f 3129/2967/1085 1509/1395/1085 1511/1397/1164
f 1516/1404/1166 3133/2971/2319 3131/2969/2318
f 3131/2969/2318 1511/1397/1164 1516/1404/1166
f 1519/1403/1079 3135/2973/1079 3133/2971/2319
f 3133/2971/2319 1516/1404/1166 1519/1403/1079
f 1521/1407/1077 3137/2975/1077 3135/2973/1079
f 3135/2973/1079 1519/1403/1079 1521/1407/1077
f 1523/1409/1075 3139/2977/1075 3137/2975/1077
f 3137/2975/1077 1521/1407/1077 1523/1409/1075
f 1525/1411/1073 3141/2979/1073 3139/2977/1075
f 3139/2977/1075 1523/1409/1075 1525/1411/1073
f 1527/1413/1071 3143/2981/1071 3141/2979/1073
f 3141/2979/1073 1525/1411/1073 1527/1413/1071
f 1529/1415/1069 3145/2983/1069 3143/2981/1071
f 3143/2981/1071 1527/1413/1071 1529/1415/1069
f 1531/1417/1066 3147/2985/1066 3145/2983/1069
f 3145/2983/1069 1529/1415/1069 1531/1417/1066
f 1722/1570/1218 3149/2987/1218 3147/2985/1066
f 3147/2985/1066 1531/1417/1066 1722/1570/1218
f 1724/1572/1288 3151/2989/1288 3149/2987/1218
f 3149/2987/1218 1722/1570/1218 1724/1572/1288
f 1726/1574/1214 3153/2991/1214 3151/2989/1288
f 3151/2989/1288 1724/1572/1288 1726/1574/1214
f 1728/1576/1212 3155/2993/2320 3153/2991/1214
f 3153/2991/1214 1726/1574/1214 1728/1576/1212
f 1730/1578/1210 3157/2995/1210 3155/2993/2320
f 3155/2993/2320 1728/1576/1212 1730/1578/1210
f 1732/1580/1208 3159/2997/1208 3157/2995/1210
f 3157/2995/1210 1730/1578/1210 1732/1580/1208
f 1734/1582/1294 3161/2999/2321 3159/2997/1208
f 3159/2997/1208 1732/1580/1208 1734/1582/1294
f 1739/1589/1297 3163/3001/2322 3161/2999/2321
f 3161/2999/2321 1734/1582/1294 1739/1589/1297
f 1742/1588/1202 3165/3003/1202 3163/3001/2322
f 3163/3001/2322 1739/1589/1297 1742/1588/1202
f 1744/1592/1200 3167/3005/1200 3165/3003/1202
f 3165/3003/1202 1742/1588/1202 1744/1592/1200
f 1746/1594/1301 3169/3007/1301 3167/3005/1200
f 3167/3005/1200 1744/1592/1200 1746/1594/1301
f 1748/1596/1303 3171/3009/1196 3169/3007/1301
f 3169/3007/1301 1746/1594/1301 1748/1596/1303
f 1750/1598/1194 3173/3011/1194 3171/3009/1196
f 3171/3009/1196 1748/1596/1303 1750/1598/1194
f 1752/1600/1192 3175/3013/1192 3173/3011/1194
f 3173/3011/1194 1750/1598/1194 1752/1600/1192
f 1036/1005/809 3177/3015/809 3175/3013/1192
f 3175/3013/1192 1752/1600/1192 1036/1005/809
f 1039/1004/807 3179/3017/807 3177/3015/809
f 3177/3015/809 1036/1005/809 1039/1004/807
f 1041/1008/891 3181/3019/891 3179/3017/807
f 3179/3017/807 1039/1004/807 1041/1008/891
f 1043/1010/803 3183/3021/803 3181/3019/891
f 3181/3019/891 1041/1008/891 1043/1010/803
f 1045/1012/894 3185/3023/894 3183/3021/803
f 3183/3021/803 1043/1010/803 1045/1012/894
f 1047/1014/799 3187/3025/799 3185/3023/894
f 3185/3023/894 1045/1012/894 1047/1014/799
f 1049/1016/797 3189/3027/797 3187/3025/799
f 3187/3025/799 1047/1014/799 1049/1016/797
f 1051/1018/898 3191/3029/2324 3189/3027/797
f 3189/3027/797 1049/1016/797 1051/1018/898
f 1056/1025/901 3193/3031/2326 3191/3029/2324
f 3191/3029/2324 1051/1018/898 1056/1025/901
f 1059/1024/791 3195/3033/791 3193/3031/2326
f 3193/3031/2326 1056/1025/901 1059/1024/791
f 1061/1028/789 3197/3035/789 3195/3033/791
f 3195/3033/791 1059/1024/791 1061/1028/789
f 1063/1030/787 3199/3037/2343 3197/3035/789
f 3197/3035/789 1061/1028/789 1063/1030/787
f 1065/1032/785 3335/3172/785 3199/3037/2343
f 3199/3037/2343 1063/1030/787 1065/1032/785
f 1067/1034/783 3336/3173/783 3335/3172/785
f 3335/3172/785 1065/1032/785 1067/1034/783
f 1069/1036/908 3337/3174/781 3336/3173/783
f 3336/3173/783 1067/1034/783 1069/1036/908
f 3339/3175/778 3338/3176/778 3337/3174/781
f 3337/3174/781 1069/1036/908 3339/3175/778
s 0
f 3343/3177/96 3340/3178/96 3341/3179/96
f 3341/3179/96 3342/3180/96 3343/3177/96
f 3347/3181/450 3344/3182/450 3345/3183/450
f 3345/3183/450 3346/3184/450 3347/3181/450
f 3346/3184/450 3345/3183/450 3348/3185/450
f 3348/3185/450 3349/3186/450 3346/3184/450
f 3351/3187/96 3350/3188/96 3340/3178/96
f 3340/3178/96 3343/3177/96 3351/3187/96
f 3349/3186/450 3348/3185/450 3352/3189/450
f 3352/3189/450 3353/3190/450 3349/3186/450
f 3355/3191/96 3354/3192/96 3350/3188/96
f 3350/3188/96 3351/3187/96 3355/3191/96
f 3353/3190/450 3352/3189/450 3356/3193/450
f 3356/3193/450 3357/3194/450 3353/3190/450
f 3359/3195/96 3358/3196/96 3354/3192/96
f 3354/3192/96 3355/3191/96 3359/3195/96
f 3357/3194/450 3356/3193/450 3360/3197/450
f 3360/3197/450 3361/3198/450 3357/3194/450
f 3365/3199/2354 3362/3200/2354 3363/3201/2354
f 3363/3201/2355 3364/3202/2355 3365/3199/2355
f 3367/3203/96 3366/3204/96 3358/3196/96
f 3358/3196/96 3359/3195/96 3367/3203/96
s 1
f 3371/3205/2356 3368/3206/2357 3369/3207/2358
f 3369/3207/2358 3370/3208/2359 3371/3205/2356
s 0
f 3375/3209/450 3372/3210/450 3373/3211/450
f 3373/3211/450 3374/3212/450 3375/3209/450
f 3379/3213/96 3376/3214/96 3377/3215/96
f 3377/3215/96 3378/3216/96 3379/3213/96
f 3374/3212/450 3373/3211/450 3380/3217/450
f 3380/3217/450 3381/3218/450 3374/3212/450
f 3383/3219/96 3382/3220/96 3376/3214/96
f 3376/3214/96 3379/3213/96 3383/3219/96
f 3381/3218/450 3380/3217/450 3344/3182/450
f 3344/3182/450 3347/3181/450 3381/3218/450
f 3342/3180/96 3341/3179/96 3382/3220/96
f 3382/3220/96 3383/3219/96 3342/3180/96
f 3387/3221/96 3384/3177/96 3385/3180/96
f 3385/3180/96 3386/3222/96 3387/3221/96
f 3390/3223/450 3388/3181/450 3346/3184/450
f 3346/3184/450 3389/3224/450 3390/3223/450
f 3389/3224/450 3346/3184/450 3391/3186/450
f 3391/3186/450 3392/3225/450 3389/3224/450
f 3394/3226/96 3393/3187/96 3384/3177/96
f 3384/3177/96 3387/3221/96 3394/3226/96
f 3396/3225/450 3391/3186/450 3353/3190/450
f 3353/3190/450 3395/3227/450 3396/3225/450
f 3400/3228/2360 3397/3229/2360 3398/3230/2360
f 3398/3230/2360 3399/3231/2360 3400/3228/2360
f 3403/3232/96 3401/3191/96 3393/3187/96
f 3393/3187/96 3402/3226/96 3403/3232/96
f 3407/3233/809 3404/3234/809 3405/3235/809
f 3405/3235/809 3406/3236/809 3407/3233/809
f 3410/3237/450 3408/3218/450 3388/3181/450
f 3388/3181/450 3409/3223/450 3410/3237/450
f 3386/3222/96 3385/3180/96 3411/3219/96
f 3411/3219/96 3412/3238/96 3386/3222/96
f 3416/3239/96 3413/3240/96 3414/3241/96
f 3414/3241/96 3415/3242/96 3416/3239/96
f 3420/3243/450 3417/3244/450 3418/3245/450
f 3418/3245/450 3419/3246/450 3420/3243/450
f 3419/3246/450 3418/3245/450 3421/3247/450
f 3421/3247/450 3422/3248/450 3419/3246/450
f 3424/3249/96 3423/3250/96 3413/3240/96
f 3413/3240/96 3416/3239/96 3424/3249/96
s 1
f 3428/3251/2361 3425/3228/2362 3426/3231/2363
f 3426/3231/2363 3427/3252/2361 3428/3251/2361
f 3432/3253/2364 3429/3233/2365 3430/3236/2365
f 3430/3236/2365 3431/3254/2366 3432/3253/2364
f 3088/2924/2329 3087/2925/2329 3433/3255/2367
f 3433/3255/2367 3434/3256/2368 3088/2924/2329
f 3438/3257/2369 3435/3258/2369 3436/3259/2369
f 3436/3259/2369 3437/3260/2370 3438/3257/2369
f 3440/3260/2371 3439/3259/2372 3428/3251/2361
f 3428/3251/2361 3427/3252/2361 3440/3260/2371
f 3432/3253/2364 3431/3254/2366 3441/3261/2373
f 3441/3261/2373 3442/3262/2373 3432/3253/2364
f 3446/3262/2374 3443/3261/2375 3444/3263/2374
f 3444/3263/2374 3445/3264/2374 3446/3262/2374
f 3448/3265/2376 3447/3266/2377 3208/3045/2349
f 3208/3045/2349 3207/3044/2349 3448/3265/2376
s 0
f 3421/3247/450 3449/3267/450 3450/3268/450
f 3450/3268/450 3422/3248/450 3421/3247/450
f 3452/3269/96 3451/3270/96 3423/3250/96
f 3423/3250/96 3424/3249/96 3452/3269/96
f 3454/3271/450 3453/3272/450 3417/3244/450
f 3417/3244/450 3420/3243/450 3454/3271/450
f 3456/3273/96 3455/3274/96 3415/3242/96
f 3415/3242/96 3414/3241/96 3456/3273/96
f 3458/3275/450 3410/3237/450 3409/3223/450
f 3409/3223/450 3457/3276/450 3458/3275/450
f 3457/3276/450 3409/3223/450 3459/3224/450
f 3459/3224/450 3460/3277/450 3457/3276/450
f 3460/3277/450 3461/3224/450 3396/3225/450
f 3396/3225/450 3462/3278/450 3460/3277/450
f 3395/3227/450 3463/3279/450 3462/3278/450
f 3462/3278/450 3396/3225/450 3395/3227/450
f 3453/3272/450 3458/3275/450 3457/3276/450
f 3457/3276/450 3417/3244/450 3453/3272/450
f 3417/3244/450 3457/3276/450 3460/3277/450
f 3460/3277/450 3418/3245/450 3417/3244/450
f 3418/3245/450 3460/3277/450 3462/3278/450
f 3462/3278/450 3421/3247/450 3418/3245/450
f 3463/3279/450 3449/3267/450 3421/3247/450
f 3421/3247/450 3462/3278/450 3463/3279/450
f 3465/3280/450 3422/3248/450 3450/3268/450
f 3450/3268/450 3464/3281/450 3465/3280/450
f 3466/3282/450 3419/3246/450 3422/3248/450
f 3422/3248/450 3465/3280/450 3466/3282/450
f 3468/3283/450 3420/3243/450 3419/3246/450
f 3419/3246/450 3467/3282/450 3468/3283/450
f 3469/3284/450 3454/3271/450 3420/3243/450
f 3420/3243/450 3468/3283/450 3469/3284/450
f 3451/3270/96 3403/3232/96 3402/3226/96
f 3402/3226/96 3423/3250/96 3451/3270/96
f 3423/3250/96 3402/3226/96 3470/3221/96
f 3470/3221/96 3413/3240/96 3423/3250/96
f 3413/3240/96 3387/3221/96 3386/3222/96
f 3386/3222/96 3414/3241/96 3413/3240/96
f 3412/3238/96 3456/3273/96 3414/3241/96
f 3414/3241/96 3386/3222/96 3412/3238/96
f 3474/3285/96 3471/3286/96 3472/3287/96
f 3472/3287/96 3473/3288/96 3474/3285/96
f 3476/3289/96 3475/3290/96 3473/3288/96
f 3473/3288/96 3472/3287/96 3476/3289/96
f 3479/3291/96 3477/3292/96 3475/3290/96
f 3475/3290/96 3478/3289/96 3479/3291/96
f 3481/3293/96 3480/3294/96 3477/3292/96
f 3477/3292/96 3479/3291/96 3481/3293/96
f 3480/3294/96 3452/3269/96 3424/3249/96
f 3424/3249/96 3477/3292/96 3480/3294/96
f 3477/3292/96 3424/3249/96 3416/3239/96
f 3416/3239/96 3475/3290/96 3477/3292/96
f 3475/3290/96 3416/3239/96 3415/3242/96
f 3415/3242/96 3473/3288/96 3475/3290/96
f 3455/3274/96 3474/3285/96 3473/3288/96
f 3473/3288/96 3415/3242/96 3455/3274/96
f 3485/3295/778 3482/3296/778 3483/3297/778
f 3483/3297/778 3484/3298/778 3485/3295/778
f 3487/3299/778 3483/3297/778 3482/3296/778
f 3482/3296/778 3486/3300/778 3487/3299/778
s 1
f 3489/3301/2329 3487/3299/778 3486/3300/778
f 3486/3300/778 3488/3302/2378 3489/3301/2329
f 3493/3303/2379 3490/3304/2331 3491/3305/2380
f 3491/3305/2380 3492/3306/2330 3493/3303/2379
f 3495/3307/2333 3493/3303/2379 3492/3306/2330
f 3492/3306/2330 3494/3308/2333 3495/3307/2333
f 3499/3309/2381 3496/3310/2346 3497/3311/2346
f 3497/3311/2346 3498/3312/2382 3499/3309/2381
f 3501/3313/2348 3499/3309/2381 3498/3312/2382
f 3498/3312/2382 3500/3314/2348 3501/3313/2348
f 3484/3298/778 3502/3315/2349 3503/3316/2349
f 3503/3316/2349 3485/3295/778 3484/3298/778
f 3507/3317/2383 3504/3318/2383 3505/3319/2384
f 3505/3319/2384 3506/3320/2385 3507/3317/2383
s 0
f 3511/3321/450 3508/3322/450 3509/3323/450
f 3509/3323/450 3510/3324/450 3511/3321/450
f 3510/3324/450 3509/3323/450 3512/3325/450
f 3512/3325/450 3513/3326/450 3510/3324/450
s 1
f 3515/3327/2386 3514/3328/2387 3504/3318/2383
f 3504/3318/2383 3507/3317/2383 3515/3327/2386
s 0
f 3513/3326/450 3512/3325/450 3516/3329/450
f 3516/3329/450 3517/3330/450 3513/3326/450
s 1
f 3519/3331/2388 3518/3332/2389 3514/3328/2387
f 3514/3328/2387 3515/3327/2386 3519/3331/2388
f 3517/3330/450 3516/3329/450 3520/3333/2390
f 3520/3333/2390 3521/3334/2391 3517/3330/450
f 3523/3335/2392 3522/3336/2393 3518/3332/2389
f 3518/3332/2389 3519/3331/2388 3523/3335/2392
f 3521/3334/2391 3520/3333/2390 3524/3337/2394
f 3524/3337/2394 3525/3338/2395 3521/3334/2391
s 0
f 3529/3339/2396 3526/3340/2396 3527/3341/2396
f 3527/3341/2396 3528/3342/2396 3529/3339/2396
s 1
f 3531/3343/2397 3530/3344/2397 3522/3336/2393
f 3522/3336/2393 3523/3335/2392 3531/3343/2397
s 0
f 3535/3345/2398 3532/3346/2398 3533/3347/2398
f 3533/3347/2358 3534/3348/2358 3535/3345/2358
s 1
f 3539/3349/2399 3536/3350/2400 3537/3351/2401
f 3537/3351/2401 3538/3352/2402 3539/3349/2399
f 3543/3353/2403 3540/3354/2404 3541/3355/2405
f 3541/3355/2405 3542/3356/2405 3543/3353/2403
f 3538/3352/2402 3537/3351/2401 3544/3357/450
f 3544/3357/450 3545/3358/450 3538/3352/2402
f 3547/3359/2406 3546/3360/2407 3540/3354/2404
f 3540/3354/2404 3543/3353/2403 3547/3359/2406
s 0
f 3545/3358/450 3544/3357/450 3508/3322/450
f 3508/3322/450 3511/3321/450 3545/3358/450
s 1
f 3506/3320/2385 3505/3319/2384 3546/3360/2407
f 3546/3360/2407 3547/3359/2406 3506/3320/2385
s 0
f 3551/3361/96 3548/3317/96 3549/3320/96
f 3549/3320/96 3550/3362/96 3551/3361/96
f 3554/3363/450 3552/3321/450 3510/3324/450
f 3510/3324/450 3553/3364/450 3554/3363/450
f 3553/3364/450 3510/3324/450 3555/3326/450
f 3555/3326/450 3556/3365/450 3553/3364/450
f 3558/3366/96 3557/3327/96 3548/3317/96
f 3548/3317/96 3551/3361/96 3558/3366/96
f 3561/3365/450 3555/3326/450 3559/3330/450
f 3559/3330/450 3560/3367/450 3561/3365/450
f 3565/3368/2360 3562/3369/2360 3563/3370/2360
f 3563/3370/2360 3564/3371/2360 3565/3368/2360
f 3568/3372/96 3566/3331/96 3557/3327/96
f 3557/3327/96 3567/3366/96 3568/3372/96
f 3572/3373/809 3569/3374/809 3570/3375/809
f 3570/3375/809 3571/3376/809 3572/3373/809
f 3574/3377/450 3545/3358/450 3552/3321/450
f 3552/3321/450 3573/3363/450 3574/3377/450
f 3550/3362/96 3549/3320/96 3575/3359/96
f 3575/3359/96 3576/3378/96 3550/3362/96
f 3580/3379/96 3577/3380/96 3578/3381/96
f 3578/3381/96 3579/3382/96 3580/3379/96
f 3584/3383/450 3581/3384/450 3582/3385/450
f 3582/3385/450 3583/3386/450 3584/3383/450
f 3587/3386/450 3582/3385/450 3585/3387/450
f 3585/3387/450 3586/3388/450 3587/3386/450
f 3589/3389/96 3588/3390/96 3577/3380/96
f 3577/3380/96 3580/3379/96 3589/3389/96
s 1
f 3593/3391/2361 3590/3368/2408 3591/3371/2363
f 3591/3371/2363 3592/3392/2409 3593/3391/2361
f 3597/3393/2364 3594/3373/2365 3595/3376/2365
f 3595/3376/2365 3596/3394/2364 3597/3393/2364
f 3489/3301/2329 3488/3302/2378 3598/3395/2410
f 3598/3395/2410 3599/3396/2411 3489/3301/2329
f 3603/3397/2369 3600/3398/2369 3601/3399/2370
f 3601/3399/2370 3602/3400/2412 3603/3397/2369
f 3605/3400/2371 3604/3399/2371 3593/3391/2361
f 3593/3391/2361 3592/3392/2409 3605/3400/2371
f 3597/3393/2364 3596/3394/2364 3606/3401/2373
f 3606/3401/2373 3607/3402/2413 3597/3393/2364
f 3611/3402/2375 3608/3401/2375 3609/3403/2375
f 3609/3403/2375 3610/3404/2414 3611/3402/2375
f 3613/3405/2415 3612/3406/2415 3503/3316/2349
f 3503/3316/2349 3502/3315/2349 3613/3405/2415
s 0
f 3585/3387/450 3614/3407/450 3615/3408/450
f 3615/3408/450 3586/3388/450 3585/3387/450
f 3617/3409/96 3616/3410/96 3588/3390/96
f 3588/3390/96 3589/3389/96 3617/3409/96
f 3619/3411/450 3618/3412/450 3581/3384/450
f 3581/3384/450 3584/3383/450 3619/3411/450
f 3621/3413/96 3620/3414/96 3579/3382/96
f 3579/3382/96 3578/3381/96 3621/3413/96
f 3623/3415/450 3574/3377/450 3573/3363/450
f 3573/3363/450 3622/3416/450 3623/3415/450
f 3622/3416/450 3573/3363/450 3624/3364/450
f 3624/3364/450 3625/3417/450 3622/3416/450
f 3625/3417/450 3626/3364/450 3561/3365/450
f 3561/3365/450 3627/3418/450 3625/3417/450
f 3560/3367/450 3628/3419/450 3627/3418/450
f 3627/3418/450 3561/3365/450 3560/3367/450
f 3618/3412/450 3623/3415/450 3622/3416/450
f 3622/3416/450 3581/3384/450 3618/3412/450
f 3581/3384/450 3622/3416/450 3625/3417/450
f 3625/3417/450 3582/3385/450 3581/3384/450
f 3582/3385/450 3625/3417/450 3627/3418/450
f 3627/3418/450 3585/3387/450 3582/3385/450
f 3628/3419/450 3614/3407/450 3585/3387/450
f 3585/3387/450 3627/3418/450 3628/3419/450
f 3630/3420/450 3586/3388/450 3615/3408/450
f 3615/3408/450 3629/3421/450 3630/3420/450
f 3631/3422/450 3587/3386/450 3586/3388/450
f 3586/3388/450 3630/3420/450 3631/3422/450
f 3633/3423/450 3584/3383/450 3583/3386/450
f 3583/3386/450 3632/3422/450 3633/3423/450
f 3634/3424/450 3619/3411/450 3584/3383/450
f 3584/3383/450 3633/3423/450 3634/3424/450
f 3616/3410/96 3568/3372/96 3567/3366/96
f 3567/3366/96 3588/3390/96 3616/3410/96
f 3588/3390/96 3567/3366/96 3635/3361/96
f 3635/3361/96 3577/3380/96 3588/3390/96
f 3577/3380/96 3551/3361/96 3550/3362/96
f 3550/3362/96 3578/3381/96 3577/3380/96
f 3576/3378/96 3621/3413/96 3578/3381/96
f 3578/3381/96 3550/3362/96 3576/3378/96
f 3639/3425/96 3636/3426/96 3637/3427/96
f 3637/3427/96 3638/3428/96 3639/3425/96
f 3641/3429/96 3640/3430/96 3638/3428/96
f 3638/3428/96 3637/3427/96 3641/3429/96
f 3644/3431/96 3642/3432/96 3640/3430/96
f 3640/3430/96 3643/3429/96 3644/3431/96
f 3646/3433/96 3645/3434/96 3642/3432/96
f 3642/3432/96 3644/3431/96 3646/3433/96
f 3645/3434/96 3617/3409/96 3589/3389/96
f 3589/3389/96 3642/3432/96 3645/3434/96
f 3642/3432/96 3589/3389/96 3580/3379/96
f 3580/3379/96 3640/3430/96 3642/3432/96
f 3640/3430/96 3580/3379/96 3579/3382/96
f 3579/3382/96 3638/3428/96 3640/3430/96
f 3620/3414/96 3639/3425/96 3638/3428/96
f 3638/3428/96 3579/3382/96 3620/3414/96
s 1
usemtl MQ9_Black
f 4/1/1 1/2/2 2/3/3
f 2/3/3 3/4/4 4/1/1
f 6/5/5 4/1/1 3/4/4
f 3/4/4 5/6/6 6/5/5
f 10/7/7 7/8/8 8/9/9
f 8/9/9 9/10/10 10/7/7
f 12/11/11 10/7/7 9/10/10
f 9/10/10 11/12/12 12/11/11
f 3/4/4 2/3/3 13/13/13
f 13/13/13 14/14/14 3/4/4
f 5/6/6 3/4/4 14/14/14
f 14/14/14 15/15/15 5/6/6
f 9/10/10 8/9/9 16/16/16
f 16/16/16 17/17/17 9/10/10
f 11/12/12 9/10/10 17/17/17
f 17/17/17 18/18/18 11/12/12
f 14/14/14 13/13/13 19/19/19
f 19/19/19 20/20/20 14/14/14
f 15/15/15 14/14/14 20/20/20
f 20/20/20 21/21/21 15/15/15
f 17/17/17 16/16/16 22/22/21
f 22/22/21 23/23/22 17/17/17
f 18/18/18 17/17/17 23/23/22
f 23/23/22 24/24/23 18/18/18
f 20/20/20 19/19/19 25/25/24
f 25/25/24 26/26/25 20/20/20
f 21/21/21 20/20/20 26/26/25
f 26/26/25 27/27/26 21/21/21
f 23/23/22 22/22/21 28/28/26
f 28/28/26 29/29/27 23/23/22
f 24/24/23 23/23/22 29/29/27
f 29/29/27 30/30/28 24/24/23
f 26/26/25 25/25/24 31/31/29
f 31/31/29 32/32/30 26/26/25
f 27/27/26 26/26/25 32/32/30
f 32/32/30 33/33/31 27/27/26
f 29/29/27 28/28/26 34/34/32
f 34/34/32 35/35/33 29/29/27
f 30/30/28 29/29/27 35/35/33
f 35/35/33 36/36/34 30/30/28
f 32/32/30 31/31/29 37/37/35
f 37/37/35 38/38/36 32/32/30
f 33/33/31 32/32/30 38/38/36
f 38/38/36 39/39/37 33/33/31
f 35/35/33 34/34/32 40/40/38
f 40/40/38 41/41/39 35/35/33
f 36/36/34 35/35/33 41/41/39
f 41/41/39 42/42/40 36/36/34
f 38/38/36 37/37/35 43/43/41
f 43/43/41 44/44/42 38/38/36
f 39/39/37 38/38/36 44/44/42
f 44/44/42 45/45/43 39/39/37
f 41/41/39 40/40/38 46/46/44
f 46/46/44 47/47/45 41/41/39
f 42/42/40 41/41/39 47/47/45
f 47/47/45 48/48/46 42/42/40
f 44/44/42 43/43/41 49/49/47
f 49/49/47 50/50/48 44/44/42
f 45/45/43 44/44/42 50/50/48
f 50/50/48 51/51/49 45/45/43
f 47/47/45 46/46/44 52/52/50
f 52/52/50 53/53/51 47/47/45
f 48/48/46 47/47/45 53/53/51
f 53/53/51 54/54/52 48/48/46
f 50/50/48 49/49/47 55/55/53
f 55/55/53 56/56/54 50/50/48
f 51/51/49 50/50/48 56/56/54
f 56/56/54 57/57/55 51/51/49
f 53/53/51 52/52/50 58/58/56
f 58/58/56 59/59/57 53/53/51
f 54/54/52 53/53/51 59/59/57
f 59/59/57 60/60/58 54/54/52
f 56/56/54 55/55/53 61/61/59
f 61/61/59 62/62/60 56/56/54
f 57/57/55 56/56/54 62/62/60
f 62/62/60 63/63/61 57/57/55
f 59/59/57 58/58/56 64/64/62
f 64/64/62 65/65/63 59/59/57
f 60/60/58 59/59/57 65/65/63
f 65/65/63 66/66/64 60/60/58
f 62/62/60 61/61/59 67/67/65
f 67/67/65 68/68/66 62/62/60
f 63/63/61 62/62/60 68/68/66
f 68/68/66 69/69/67 63/63/61
f 73/70/63 70/71/68 71/72/69
f 71/72/69 72/73/70 73/70/63
f 75/74/71 73/70/63 72/73/70
f 72/73/70 74/75/72 75/74/71
f 68/68/66 67/67/65 76/76/73
f 76/76/73 77/77/74 68/68/66
f 69/69/67 68/68/66 77/77/74
f 77/77/74 78/78/75 69/69/67
f 72/73/70 71/72/69 79/79/76
f 79/79/76 80/80/77 72/73/70
f 74/75/72 72/73/70 80/80/77
f 80/80/77 81/81/78 74/75/72
f 77/77/74 76/76/73 82/82/79
f 82/82/79 83/83/80 77/77/74
f 78/78/75 77/77/74 83/83/80
f 83/83/80 84/84/81 78/78/75
f 80/80/77 79/79/76 85/85/82
f 85/85/82 86/86/83 80/80/77
f 81/81/78 80/80/77 86/86/83
f 86/86/83 87/87/84 81/81/78
f 83/83/80 82/82/79 88/88/85
f 88/88/85 89/89/86 83/83/80
f 84/84/81 83/83/80 89/89/86
f 89/89/86 90/90/87 84/84/81
f 86/86/83 85/85/82 91/91/88
f 91/91/88 92/92/89 86/86/83
f 87/87/84 86/86/83 92/92/89
f 92/92/89 93/93/90 87/87/84
f 89/89/86 88/88/85 94/94/91
f 94/94/91 95/95/92 89/89/86
f 90/90/87 89/89/86 95/95/92
f 95/95/92 96/96/93 90/90/87
f 92/92/89 91/91/88 97/97/93
f 97/97/93 98/98/94 92/92/89
f 93/93/90 92/92/89 98/98/94
f 98/98/94 99/99/95 93/93/90
f 1/2/2 100/100/96 2/3/3
f 2/3/3 100/100/96 13/13/13
f 13/13/13 100/100/96 19/19/19
f 19/19/19 100/100/96 25/25/24
f 25/25/24 100/100/96 31/31/29
f 31/31/29 100/100/96 37/37/35
f 37/37/35 100/100/96 43/43/41
f 43/43/41 100/100/96 49/49/47
f 49/49/47 100/100/96 55/55/53
f 55/55/53 100/100/96 61/61/59
f 61/61/59 100/100/96 67/67/65
f 67/67/65 100/100/96 76/76/73
f 76/76/73 100/100/96 82/82/79
f 82/82/79 100/100/96 88/88/85
f 88/88/85 100/100/96 94/94/91
f 104/101/97 101/102/98 102/103/99
f 102/103/99 103/104/100 104/101/97
f 106/105/101 104/101/97 103/104/100
f 103/104/100 105/106/102 106/105/101
f 110/107/103 107/108/104 108/109/105
f 108/109/105 109/110/106 110/107/103
f 112/111/107 110/107/103 109/110/106
f 109/110/106 111/112/108 112/111/107
f 103/104/100 102/103/99 113/113/109
f 113/113/109 114/114/110 103/104/100
f 105/106/102 103/104/100 114/114/110
f 114/114/110 115/115/111 105/106/102
f 109/110/106 108/109/105 116/116/112
f 116/116/112 117/117/113 109/110/106
f 111/112/108 109/110/106 117/117/113
f 117/117/113 118/118/114 111/112/108
f 114/114/110 113/113/109 119/119/115
f 119/119/115 120/120/116 114/114/110
f 115/115/111 114/114/110 120/120/116
f 120/120/116 121/121/117 115/115/111
f 117/117/113 116/116/112 122/122/118
f 122/122/118 123/123/119 117/117/113
f 118/118/114 117/117/113 123/123/119
f 123/123/119 124/124/120 118/118/114
f 120/120/116 119/119/115 125/125/121
f 125/125/121 126/126/122 120/120/116
f 121/121/117 120/120/116 126/126/122
f 126/126/122 127/127/123 121/121/117
f 123/123/119 122/122/118 128/128/124
f 128/128/124 129/129/125 123/123/119
f 124/124/120 123/123/119 129/129/125
f 129/129/125 130/130/126 124/124/120
f 126/126/122 125/125/121 131/131/127
f 131/131/127 132/132/128 126/126/122
f 127/127/123 126/126/122 132/132/128
f 132/132/128 133/133/129 127/127/123
f 129/129/125 128/128/124 134/134/130
f 134/134/130 135/135/131 129/129/125
f 130/130/126 129/129/125 135/135/131
f 135/135/131 136/136/132 130/130/126
f 132/132/128 131/131/127 137/137/133
f 137/137/133 138/138/134 132/132/128
f 133/133/129 132/132/128 138/138/134
f 138/138/134 139/139/135 133/133/129
f 143/140/131 140/141/136 141/142/137
f 141/142/137 142/143/138 143/140/131
f 145/144/139 143/140/131 142/143/138
f 142/143/138 144/145/140 145/144/139
f 138/138/134 137/137/133 146/146/141
f 146/146/141 147/147/142 138/138/134
f 139/139/135 138/138/134 147/147/142
f 147/147/142 148/148/143 139/139/135
f 142/143/138 141/142/137 149/149/144
f 149/149/144 150/150/145 142/143/138
f 144/145/140 142/143/138 150/150/145
f 150/150/145 151/151/146 144/145/140
f 147/147/142 146/146/141 152/152/147
f 152/152/147 153/153/148 147/147/142
f 148/148/143 147/147/142 153/153/148
f 153/153/148 154/154/149 148/148/143
f 150/150/145 149/149/144 155/155/149
f 155/155/149 156/156/150 150/150/145
f 151/151/146 150/150/145 156/156/150
f 156/156/150 157/157/151 151/151/146
f 153/153/148 152/152/147 158/158/152
f 158/158/152 159/159/153 153/153/148
f 154/154/149 153/153/148 159/159/153
f 159/159/153 160/160/154 154/154/149
f 156/156/150 155/155/149 161/161/154
f 161/161/154 162/162/155 156/156/150
f 157/157/151 156/156/150 162/162/155
f 162/162/155 163/163/156 157/157/151
f 159/159/153 158/158/152 164/164/157
f 164/164/157 165/165/158 159/159/153
f 160/160/154 159/159/153 165/165/158
f 165/165/158 166/166/159 160/160/154
f 162/162/155 161/161/154 167/167/160
f 167/167/160 168/168/161 162/162/155
f 163/163/156 162/162/155 168/168/161
f 168/168/161 169/169/162 163/163/156
f 165/165/158 164/164/157 170/170/163
f 170/170/163 171/171/164 165/165/158
f 166/166/159 165/165/158 171/171/164
f 171/171/164 172/172/165 166/166/159
f 176/173/161 173/174/160 174/175/166
f 174/175/166 175/176/167 176/173/161
f 169/169/162 168/168/161 177/177/168
f 177/177/168 178/178/169 169/169/162
f 171/171/164 170/170/163 179/179/170
f 179/179/170 180/180/171 171/171/164
f 172/172/165 171/171/164 180/180/171
f 180/180/171 181/181/172 172/172/165
f 177/177/168 182/182/173 183/183/172
f 183/183/172 184/184/174 177/177/168
f 178/178/169 177/177/168 184/184/174
f 184/184/174 185/185/175 178/178/169
f 180/180/171 179/179/170 186/186/176
f 186/186/176 187/187/177 180/180/171
f 181/181/172 180/180/171 187/187/177
f 187/187/177 188/188/178 181/181/172
f 184/184/174 183/183/172 189/189/178
f 189/189/178 190/190/179 184/184/174
f 185/185/175 184/184/174 190/190/179
f 190/190/179 191/191/180 185/185/175
f 187/187/177 186/186/176 192/192/181
f 192/192/181 193/193/182 187/187/177
f 188/188/178 187/187/177 193/193/182
f 193/193/182 194/194/183 188/188/178
f 190/190/179 189/189/178 195/195/184
f 195/195/184 196/196/185 190/190/179
f 191/191/180 190/190/179 196/196/185
f 196/196/185 197/197/186 191/191/180
f 193/193/182 192/192/181 1/2/2
f 1/2/2 4/1/1 193/193/182
f 194/194/183 193/193/182 4/1/1
f 4/1/1 6/5/5 194/194/183
f 196/196/185 195/195/184 7/8/8
f 7/8/8 10/7/7 196/196/185
f 197/197/186 196/196/185 10/7/7
f 10/7/7 12/11/11 197/197/186
f 101/102/98 100/100/96 102/103/99
f 102/103/99 100/100/96 113/113/109
f 113/113/109 100/100/96 119/119/115
f 119/119/115 100/100/96 125/125/121
f 125/125/121 100/100/96 131/131/127
f 131/131/127 100/100/96 137/137/133
f 137/137/133 100/100/96 146/146/141
f 146/146/141 100/100/96 152/152/147
f 152/152/147 100/100/96 158/158/152
f 158/158/152 100/100/96 164/164/157
f 164/164/157 100/100/96 170/170/163
f 170/170/163 100/100/96 179/179/170
f 179/179/170 100/100/96 186/186/176
f 186/186/176 100/100/96 192/192/181
f 192/192/181 100/100/96 1/2/2
f 201/198/187 198/199/188 199/200/189
f 199/200/189 200/201/190 201/198/187
f 203/202/191 201/198/187 200/201/190
f 200/201/190 202/203/192 203/202/191
f 207/204/193 204/205/194 205/206/195
f 205/206/195 206/207/196 207/204/193
f 209/208/197 207/204/193 206/207/196
f 206/207/196 208/209/198 209/208/197
f 200/201/190 199/200/189 210/210/199
f 210/210/199 211/211/200 200/201/190
f 202/203/192 200/201/190 211/211/200
f 211/211/200 212/212/201 202/203/192
f 206/207/196 205/206/195 213/213/202
f 213/213/202 214/214/203 206/207/196
f 208/209/198 206/207/196 214/214/203
f 214/214/203 215/215/204 208/209/198
f 211/211/200 210/210/199 216/216/205
f 216/216/205 217/217/206 211/211/200
f 212/212/201 211/211/200 217/217/206
f 217/217/206 218/218/207 212/212/201
f 214/214/203 213/213/202 219/219/207
f 219/219/207 220/220/208 214/214/203
f 215/215/204 214/214/203 220/220/208
f 220/220/208 221/221/209 215/215/204
f 217/217/206 216/216/205 222/222/210
f 222/222/210 223/223/211 217/217/206
f 218/218/207 217/217/206 223/223/211
f 223/223/211 224/224/212 218/218/207
f 220/220/208 219/219/207 225/225/213
f 225/225/213 226/226/214 220/220/208
f 221/221/209 220/220/208 226/226/214
f 226/226/214 227/227/215 221/221/209
f 223/223/211 222/222/210 228/228/216
f 228/228/216 229/229/217 223/223/211
f 224/224/212 223/223/211 229/229/217
f 229/229/217 230/230/218 224/224/212
f 226/226/214 225/225/213 231/231/219
f 231/231/219 232/232/220 226/226/214
f 227/227/215 226/226/214 232/232/220
f 232/232/220 233/233/221 227/227/215
f 229/229/217 228/228/216 234/234/222
f 234/234/222 235/235/223 229/229/217
f 230/230/218 229/229/217 235/235/223
f 235/235/223 236/236/224 230/230/218
f 232/232/220 231/231/219 237/237/225
f 237/237/225 238/238/226 232/232/220
f 233/233/221 232/232/220 238/238/226
f 238/238/226 239/239/227 233/233/221
f 235/235/223 234/234/222 240/240/228
f 240/240/228 241/241/229 235/235/223
f 236/236/224 235/235/223 241/241/229
f 241/241/229 242/242/230 236/236/224
f 238/238/226 237/237/225 243/243/231
f 243/243/231 244/244/232 238/238/226
f 239/239/227 238/238/226 244/244/232
f 244/244/232 245/245/233 239/239/227
f 241/241/229 240/240/228 246/246/234
f 246/246/234 247/247/235 241/241/229
f 242/242/230 241/241/229 247/247/235
f 247/247/235 248/248/236 242/242/230
f 244/244/232 243/243/231 249/249/237
f 249/249/237 250/250/238 244/244/232
f 245/245/233 244/244/232 250/250/238
f 250/250/238 251/251/239 245/245/233
f 247/247/235 246/246/234 252/252/240
f 252/252/240 253/253/241 247/247/235
f 248/248/236 247/247/235 253/253/241
f 253/253/241 254/254/242 248/248/236
f 250/250/238 249/249/237 255/255/242
f 255/255/242 256/256/243 250/250/238
f 251/251/239 250/250/238 256/256/243
f 256/256/243 257/257/244 251/251/239
f 253/253/241 252/252/240 258/258/245
f 258/258/245 259/259/246 253/253/241
f 254/254/242 253/253/241 259/259/246
f 259/259/246 260/260/247 254/254/242
f 256/256/243 255/255/242 261/261/248
f 261/261/248 262/262/249 256/256/243
f 257/257/244 256/256/243 262/262/249
f 262/262/249 263/263/250 257/257/244
f 259/259/246 258/258/245 264/264/251
f 264/264/251 265/265/252 259/259/246
f 260/260/247 259/259/246 265/265/252
f 265/265/252 266/266/253 260/260/247
f 270/267/254 267/268/248 268/269/255
f 268/269/255 269/270/256 270/267/254
f 272/271/257 270/267/254 269/270/256
f 269/270/256 271/272/258 272/271/257
f 265/265/252 264/264/251 273/273/259
f 273/273/259 274/274/260 265/265/252
f 266/266/253 265/265/252 274/274/260
f 274/274/260 275/275/261 266/266/253
f 269/270/256 268/269/255 276/276/262
f 276/276/262 277/277/263 269/270/256
f 271/272/258 269/270/256 277/277/263
f 277/277/263 278/278/264 271/272/258
f 274/274/260 273/273/259 279/279/265
f 279/279/265 280/280/266 274/274/260
f 275/275/261 274/274/260 280/280/266
f 280/280/266 281/281/267 275/275/261
f 277/277/263 276/276/262 282/282/268
f 282/282/268 283/283/269 277/277/263
f 278/278/264 277/277/263 283/283/269
f 283/283/269 284/284/270 278/278/264
f 280/280/266 279/279/265 285/285/271
f 285/285/271 286/286/272 280/280/266
f 281/281/267 280/280/266 286/286/272
f 286/286/272 287/287/273 281/281/267
f 283/283/269 282/282/268 288/288/274
f 288/288/274 289/289/275 283/283/269
f 284/284/270 283/283/269 289/289/275
f 289/289/275 290/290/276 284/284/270
f 286/286/272 285/285/271 101/102/98
f 101/102/98 104/101/97 286/286/272
f 287/287/273 286/286/272 104/101/97
f 104/101/97 106/105/101 287/287/273
f 289/289/275 288/288/274 107/108/104
f 107/108/104 110/107/103 289/289/275
f 290/290/276 289/289/275 110/107/103
f 110/107/103 112/111/107 290/290/276
f 198/199/188 100/100/96 199/200/189
f 199/200/189 100/100/96 210/210/199
f 210/210/199 100/100/96 216/216/205
f 216/216/205 100/100/96 222/222/210
f 222/222/210 100/100/96 228/228/216
f 228/228/216 100/100/96 234/234/222
f 234/234/222 100/100/96 240/240/228
f 240/240/228 100/100/96 246/246/234
f 246/246/234 100/100/96 252/252/240
f 252/252/240 100/100/96 258/258/245
f 258/258/245 100/100/96 264/264/251
f 264/264/251 100/100/96 273/273/259
f 273/273/259 100/100/96 279/279/265
f 279/279/265 100/100/96 285/285/271
f 285/285/271 100/100/96 101/102/98
f 95/95/92 94/94/91 291/291/277
f 291/291/277 292/292/278 95/95/92
f 96/96/93 95/95/92 292/292/278
f 292/292/278 293/293/279 96/96/93
f 98/98/94 97/97/93 294/294/280
f 294/294/280 295/295/281 98/98/94
f 99/99/95 98/98/94 295/295/281
f 295/295/281 296/296/282 99/99/95
f 292/292/278 291/291/277 297/297/283
f 297/297/283 298/298/284 292/292/278
f 293/293/279 292/292/278 298/298/284
f 298/298/284 299/299/285 293/293/279
f 295/295/281 294/294/280 300/300/286
f 300/300/286 301/301/287 295/295/281
f 296/296/282 295/295/281 301/301/287
f 301/301/287 302/302/288 296/296/282
f 298/298/284 297/297/283 303/303/289
f 303/303/289 304/304/290 298/298/284
f 299/299/285 298/298/284 304/304/290
f 304/304/290 305/305/291 299/299/285
f 301/301/287 300/300/286 306/306/292
f 306/306/292 307/307/293 301/301/287
f 302/302/288 301/301/287 307/307/293
f 307/307/293 308/308/294 302/302/288
f 304/304/290 303/303/289 309/309/295
f 309/309/295 310/310/296 304/304/290
f 305/305/291 304/304/290 310/310/296
f 310/310/296 311/311/297 305/305/291
f 307/307/293 306/306/292 312/312/297
f 312/312/297 313/313/298 307/307/293
f 308/308/294 307/307/293 313/313/298
f 313/313/298 314/314/299 308/308/294
f 310/310/296 309/309/295 315/315/300
f 315/315/300 316/316/301 310/310/296
f 311/311/297 310/310/296 316/316/301
f 316/316/301 317/317/302 311/311/297
f 313/313/298 312/312/297 318/318/303
f 318/318/303 319/319/304 313/313/298
f 314/314/299 313/313/298 319/319/304
f 319/319/304 320/320/305 314/314/299
f 316/316/301 315/315/300 321/321/306
f 321/321/306 322/322/307 316/316/301
f 317/317/302 316/316/301 322/322/307
f 322/322/307 323/323/308 317/317/302
f 327/324/304 324/325/309 325/326/310
f 325/326/310 326/327/311 327/324/304
f 329/328/312 327/324/304 326/327/311
f 326/327/311 328/329/313 329/328/312
f 322/322/307 321/321/306 330/330/314
f 330/330/314 331/331/315 322/322/307
f 323/323/308 322/322/307 331/331/315
f 331/331/315 332/332/316 323/323/308
f 326/327/311 325/326/310 333/333/317
f 333/333/317 334/334/318 326/327/311
f 328/329/313 326/327/311 334/334/318
f 334/334/318 335/335/319 328/329/313
f 331/331/315 330/330/314 336/336/320
f 336/336/320 337/337/321 331/331/315
f 332/332/316 331/331/315 337/337/321
f 337/337/321 338/338/322 332/332/316
f 334/334/318 333/333/317 339/339/323
f 339/339/323 340/340/324 334/334/318
f 335/335/319 334/334/318 340/340/324
f 340/340/324 341/341/325 335/335/319
f 337/337/321 336/336/320 342/342/326
f 342/342/326 343/343/327 337/337/321
f 338/338/322 337/337/321 343/343/327
f 343/343/327 344/344/328 338/338/322
f 340/340/324 339/339/323 345/345/329
f 345/345/329 346/346/330 340/340/324
f 341/341/325 340/340/324 346/346/330
f 346/346/330 347/347/331 341/341/325
f 343/343/327 342/342/326 348/348/332
f 348/348/332 349/349/333 343/343/327
f 344/344/328 343/343/327 349/349/333
f 349/349/333 350/350/334 344/344/328
f 346/346/330 345/345/329 351/351/335
f 351/351/335 352/352/336 346/346/330
f 347/347/331 346/346/330 352/352/336
f 352/352/336 353/353/337 347/347/331
f 349/349/333 348/348/332 354/354/338
f 354/354/338 355/355/339 349/349/333
f 350/350/334 349/349/333 355/355/339
f 355/355/339 356/356/340 350/350/334
f 352/352/336 351/351/335 357/357/341
f 357/357/341 358/358/342 352/352/336
f 353/353/337 352/352/336 358/358/342
f 358/358/342 359/359/343 353/353/337
f 355/355/339 354/354/338 360/360/344
f 360/360/344 361/361/345 355/355/339
f 356/356/340 355/355/339 361/361/345
f 361/361/345 362/362/346 356/356/340
f 358/358/342 357/357/341 363/363/346
f 363/363/346 364/364/347 358/358/342
f 359/359/343 358/358/342 364/364/347
f 364/364/347 365/365/348 359/359/343
f 361/361/345 360/360/344 366/366/349
f 366/366/349 367/367/350 361/361/345
f 362/362/346 361/361/345 367/367/350
f 367/367/350 368/368/351 362/362/346
f 364/364/347 363/363/346 369/369/351
f 369/369/351 370/370/352 364/364/347
f 365/365/348 364/364/347 370/370/352
f 370/370/352 371/371/353 365/365/348
f 367/367/350 366/366/349 372/372/354
f 372/372/354 373/373/355 367/367/350
f 368/368/351 367/367/350 373/373/355
f 373/373/355 374/374/356 368/368/351
f 370/370/352 369/369/351 375/375/357
f 375/375/357 376/376/358 370/370/352
f 371/371/353 370/370/352 376/376/358
f 376/376/358 377/377/359 371/371/353
f 373/373/355 372/372/354 198/199/188
f 198/199/188 201/198/187 373/373/355
f 374/374/356 373/373/355 201/198/187
f 201/198/187 203/202/191 374/374/356
f 376/376/358 375/375/357 204/205/194
f 204/205/194 207/204/193 376/376/358
f 377/377/359 376/376/358 207/204/193
f 207/204/193 209/208/197 377/377/359
f 94/94/91 100/100/96 291/291/277
f 291/291/277 100/100/96 297/297/283
f 297/297/283 100/100/96 303/303/289
f 303/303/289 100/100/96 309/309/295
f 309/309/295 100/100/96 315/315/300
f 315/315/300 100/100/96 321/321/306
f 321/321/306 100/100/96 330/330/314
f 330/330/314 100/100/96 336/336/320
f 336/336/320 100/100/96 342/342/326
f 342/342/326 100/100/96 348/348/332
f 348/348/332 100/100/96 354/354/338
f 354/354/338 100/100/96 360/360/344
f 360/360/344 100/100/96 366/366/349
f 366/366/349 100/100/96 372/372/354
f 372/372/354 100/100/96 198/199/188
f 381/378/360 378/379/361 379/380/362
f 379/380/362 380/381/363 381/378/360
f 380/381/363 379/380/362 382/382/364
f 382/382/364 383/383/365 380/381/363
f 387/384/366 384/385/364 385/386/367
f 385/386/367 386/387/368 387/384/366
f 386/387/368 385/386/367 388/388/369
f 388/388/369 389/389/370 386/387/368
f 391/390/371 381/378/360 380/381/363
f 380/381/363 390/391/372 391/390/371
f 390/391/372 380/381/363 383/383/365
f 383/383/365 392/392/373 390/391/372
f 394/393/373 387/384/366 386/387/368
f 386/387/368 393/394/374 394/393/373
f 393/394/374 386/387/368 389/389/370
f 389/389/370 395/395/375 393/394/374
f 397/396/376 391/390/371 390/391/372
f 390/391/372 396/397/377 397/396/376
f 396/397/377 390/391/372 392/392/373
f 392/392/373 398/398/378 396/397/377
f 400/399/378 394/393/373 393/394/374
f 393/394/374 399/400/379 400/399/378
f 399/400/379 393/394/374 395/395/375
f 395/395/375 401/401/380 399/400/379
f 403/402/381 397/396/376 396/397/377
f 396/397/377 402/403/382 403/402/381
f 402/403/382 396/397/377 398/398/378
f 398/398/378 404/404/383 402/403/382
f 406/405/383 400/399/378 399/400/379
f 399/400/379 405/406/384 406/405/383
f 405/406/384 399/400/379 401/401/380
f 401/401/380 407/407/385 405/406/384
f 409/408/386 403/402/381 402/403/382
f 402/403/382 408/409/387 409/408/386
f 408/409/387 402/403/382 404/404/383
f 404/404/383 410/410/388 408/409/387
f 412/411/389 406/405/383 405/406/384
f 405/406/384 411/412/390 412/411/389
f 411/412/390 405/406/384 407/407/385
f 407/407/385 413/413/391 411/412/390
f 415/414/392 409/408/386 408/409/387
f 408/409/387 414/415/393 415/414/392
f 414/415/393 408/409/387 410/410/388
f 410/410/388 416/416/394 414/415/393
f 418/417/395 412/411/389 411/412/390
f 411/412/390 417/418/396 418/417/395
f 417/418/396 411/412/390 413/413/391
f 413/413/391 419/419/397 417/418/396
f 421/420/398 415/414/392 414/415/393
f 414/415/393 420/421/399 421/420/398
f 420/421/399 414/415/393 416/416/394
f 416/416/394 422/422/400 420/421/399
f 424/423/400 418/417/395 417/418/396
f 417/418/396 423/424/401 424/423/400
f 423/424/401 417/418/396 419/419/397
f 419/419/397 425/425/402 423/424/401
f 427/426/403 421/420/398 420/421/399
f 420/421/399 426/427/404 427/426/403
f 426/427/404 420/421/399 422/422/400
f 422/422/400 428/428/405 426/427/404
f 430/429/406 424/423/400 423/424/401
f 423/424/401 429/430/407 430/429/406
f 429/430/407 423/424/401 425/425/402
f 425/425/402 431/431/408 429/430/407
f 433/432/409 427/426/403 426/427/404
f 426/427/404 432/433/410 433/432/409
f 432/433/410 426/427/404 428/428/405
f 428/428/405 434/434/411 432/433/410
f 436/435/412 430/429/406 429/430/407
f 429/430/407 435/436/413 436/435/412
f 435/436/413 429/430/407 431/431/408
f 431/431/408 437/437/414 435/436/413
f 439/438/415 433/432/409 432/433/410
f 432/433/410 438/439/416 439/438/415
f 438/439/416 432/433/410 434/434/411
f 434/434/411 440/440/417 438/439/416
f 442/441/418 436/435/412 435/436/413
f 435/436/413 441/442/419 442/441/418
f 441/442/419 435/436/413 437/437/414
f 437/437/414 443/443/420 441/442/419
f 445/444/421 439/438/415 438/439/416
f 438/439/416 444/445/422 445/444/421
f 444/445/422 438/439/416 440/440/417
f 440/440/417 446/446/423 444/445/422
f 450/447/423 447/448/417 448/449/424
f 448/449/424 449/450/425 450/447/423
f 449/450/425 448/449/424 451/451/420
f 451/451/420 452/452/426 449/450/425
f 454/453/427 445/444/421 444/445/422
f 444/445/422 453/454/428 454/453/427
f 453/454/428 444/445/422 446/446/423
f 446/446/423 455/455/429 453/454/428
f 457/456/429 450/447/423 449/450/425
f 449/450/425 456/457/430 457/456/429
f 456/457/430 449/450/425 452/452/426
f 452/452/426 458/458/431 456/457/430
f 460/459/432 454/453/427 453/454/428
f 453/454/428 459/460/433 460/459/432
f 459/460/433 453/454/428 455/455/429
f 455/455/429 461/461/434 459/460/433
f 463/462/435 457/456/429 456/457/430
f 456/457/430 462/463/436 463/462/435
f 462/463/436 456/457/430 458/458/431
f 458/458/431 464/464/437 462/463/436
f 466/465/438 460/459/432 459/460/433
f 459/460/433 465/466/439 466/465/438
f 465/466/439 459/460/433 461/461/434
f 461/461/434 467/467/440 465/466/439
f 469/468/441 463/462/435 462/463/436
f 462/463/436 468/469/442 469/468/441
f 468/469/442 462/463/436 464/464/437
f 464/464/437 470/470/443 468/469/442
f 472/471/444 466/465/438 465/466/439
f 465/466/439 471/472/445 472/471/444
f 471/472/445 465/466/439 467/467/440
f 467/467/440 473/473/446 471/472/445
f 475/474/447 469/468/441 468/469/442
f 468/469/442 474/475/448 475/474/447
f 474/475/448 468/469/442 470/470/443
f 470/470/443 476/476/449 474/475/448
f 378/379/361 381/378/360 477/477/450
f 381/378/360 391/390/371 477/477/450
f 391/390/371 397/396/376 477/477/450
f 397/396/376 403/402/381 477/477/450
f 403/402/381 409/408/386 477/477/450
f 409/408/386 415/414/392 477/477/450
f 415/414/392 421/420/398 477/477/450
f 421/420/398 427/426/403 477/477/450
f 427/426/403 433/432/409 477/477/450
f 433/432/409 439/438/415 477/477/450
f 439/438/415 445/444/421 477/477/450
f 445/444/421 454/453/427 477/477/450
f 454/453/427 460/459/432 477/477/450
f 460/459/432 466/465/438 477/477/450
f 466/465/438 472/471/444 477/477/450
f 481/478/451 478/479/452 479/480/453
f 479/480/453 480/481/454 481/478/451
f 480/481/454 479/480/453 482/482/455
f 482/482/455 483/483/456 480/481/454
f 487/484/457 484/485/455 485/486/458
f 485/486/458 486/487/459 487/484/457
f 486/487/459 485/486/458 488/488/460
f 488/488/460 489/489/461 486/487/459
f 491/490/462 481/478/451 480/481/454
f 480/481/454 490/491/463 491/490/462
f 490/491/463 480/481/454 483/483/456
f 483/483/456 492/492/464 490/491/463
f 494/493/465 487/484/457 486/487/459
f 486/487/459 493/494/466 494/493/465
f 493/494/466 486/487/459 489/489/461
f 489/489/461 495/495/467 493/494/466
f 497/496/468 491/490/462 490/491/463
f 490/491/463 496/497/469 497/496/468
f 496/497/469 490/491/463 492/492/464
f 492/492/464 498/498/470 496/497/469
f 500/499/470 494/493/465 493/494/466
f 493/494/466 499/500/471 500/499/470
f 499/500/471 493/494/466 495/495/467
f 495/495/467 501/501/472 499/500/471
f 503/502/473 497/496/468 496/497/469
f 496/497/469 502/503/474 503/502/473
f 502/503/474 496/497/469 498/498/470
f 498/498/470 504/504/475 502/503/474
f 506/505/475 500/499/470 499/500/471
f 499/500/471 505/506/476 506/505/475
f 505/506/476 499/500/471 501/501/472
f 501/501/472 507/507/477 505/506/476
f 509/508/478 503/502/473 502/503/474
f 502/503/474 508/509/479 509/508/478
f 508/509/479 502/503/474 504/504/475
f 504/504/475 510/510/480 508/509/479
f 512/511/480 506/505/475 505/506/476
f 505/506/476 511/512/481 512/511/480
f 511/512/481 505/506/476 507/507/477
f 507/507/477 513/513/482 511/512/481
f 515/514/483 509/508/478 508/509/479
f 508/509/479 514/515/484 515/514/483
f 514/515/484 508/509/479 510/510/480
f 510/510/480 516/516/485 514/515/484
f 520/517/485 517/518/480 518/519/486
f 518/519/486 519/520/487 520/517/485
f 519/520/487 518/519/486 521/521/482
f 521/521/482 522/522/488 519/520/487
f 524/523/489 515/514/483 514/515/484
f 514/515/484 523/524/490 524/523/489
f 523/524/490 514/515/484 516/516/485
f 516/516/485 525/525/491 523/524/490
f 527/526/491 520/517/485 519/520/487
f 519/520/487 526/527/492 527/526/491
f 526/527/492 519/520/487 522/522/488
f 522/522/488 528/528/493 526/527/492
f 530/529/494 524/523/489 523/524/490
f 523/524/490 529/530/495 530/529/494
f 529/530/495 523/524/490 525/525/491
f 525/525/491 531/531/496 529/530/495
f 533/532/496 527/526/491 526/527/492
f 526/527/492 532/533/497 533/532/496
f 532/533/497 526/527/492 528/528/493
f 528/528/493 534/534/498 532/533/497
f 536/535/499 530/529/494 529/530/495
f 529/530/495 535/536/500 536/535/499
f 535/536/500 529/530/495 531/531/496
f 531/531/496 537/537/501 535/536/500
f 539/538/502 533/532/496 532/533/497
f 532/533/497 538/539/503 539/538/502
f 538/539/503 532/533/497 534/534/498
f 534/534/498 540/540/504 538/539/503
f 542/541/505 536/535/499 535/536/500
f 535/536/500 541/542/506 542/541/505
f 541/542/506 535/536/500 537/537/501
f 537/537/501 543/543/507 541/542/506
f 545/544/508 539/538/502 538/539/503
f 538/539/503 544/545/509 545/544/508
f 544/545/509 538/539/503 540/540/504
f 540/540/504 546/546/510 544/545/509
f 548/547/511 542/541/505 541/542/506
f 541/542/506 547/548/512 548/547/511
f 547/548/512 541/542/506 543/543/507
f 543/543/507 549/549/513 547/548/512
f 551/550/514 545/544/508 544/545/509
f 544/545/509 550/551/515 551/550/514
f 550/551/515 544/545/509 546/546/510
f 546/546/510 552/552/516 550/551/515
f 554/553/517 548/547/511 547/548/512
f 547/548/512 553/554/518 554/553/517
f 553/554/518 547/548/512 549/549/513
f 549/549/513 555/555/519 553/554/518
f 557/556/519 551/550/514 550/551/515
f 550/551/515 556/557/520 557/556/519
f 556/557/520 550/551/515 552/552/516
f 552/552/516 558/558/521 556/557/520
f 560/559/522 554/553/517 553/554/518
f 553/554/518 559/560/523 560/559/522
f 559/560/523 553/554/518 555/555/519
f 555/555/519 561/561/524 559/560/523
f 563/562/525 557/556/519 556/557/520
f 556/557/520 562/563/526 563/562/525
f 562/563/526 556/557/520 558/558/521
f 558/558/521 564/564/527 562/563/526
f 566/565/528 560/559/522 559/560/523
f 559/560/523 565/566/529 566/565/528
f 565/566/529 559/560/523 561/561/524
f 561/561/524 567/567/530 565/566/529
f 569/568/531 563/562/525 562/563/526
f 562/563/526 568/569/532 569/568/531
f 568/569/532 562/563/526 564/564/527
f 564/564/527 570/570/533 568/569/532
f 378/379/361 566/565/528 565/566/529
f 565/566/529 379/380/362 378/379/361
f 379/380/362 565/566/529 567/567/530
f 567/567/530 382/382/364 379/380/362
f 384/385/364 569/568/531 568/569/532
f 568/569/532 385/386/367 384/385/364
f 385/386/367 568/569/532 570/570/533
f 570/570/533 388/388/369 385/386/367
f 478/479/452 481/478/451 477/477/450
f 481/478/451 491/490/462 477/477/450
f 491/490/462 497/496/468 477/477/450
f 497/496/468 503/502/473 477/477/450
f 503/502/473 509/508/478 477/477/450
f 509/508/478 515/514/483 477/477/450
f 515/514/483 524/523/489 477/477/450
f 524/523/489 530/529/494 477/477/450
f 530/529/494 536/535/499 477/477/450
f 536/535/499 542/541/505 477/477/450
f 542/541/505 548/547/511 477/477/450
f 548/547/511 554/553/517 477/477/450
f 554/553/517 560/559/522 477/477/450
f 560/559/522 566/565/528 477/477/450
f 566/565/528 378/379/361 477/477/450
f 574/571/534 571/572/535 572/573/536
f 572/573/536 573/574/537 574/571/534
f 573/574/537 572/573/536 575/575/538
f 575/575/538 576/576/539 573/574/537
f 580/577/540 577/578/541 578/579/542
f 578/579/542 579/580/543 580/577/540
f 579/580/543 578/579/542 581/581/544
f 581/581/544 582/582/545 579/580/543
f 584/583/546 574/571/534 573/574/537
f 573/574/537 583/584/547 584/583/546
f 583/584/547 573/574/537 576/576/539
f 576/576/539 585/585/548 583/584/547
f 587/586/549 580/577/540 579/580/543
f 579/580/543 586/587/550 587/586/549
f 586/587/550 579/580/543 582/582/545
f 582/582/545 588/588/551 586/587/550
f 590/589/552 584/583/546 583/584/547
f 583/584/547 589/590/553 590/589/552
f 589/590/553 583/584/547 585/585/548
f 585/585/548 591/591/554 589/590/553
f 593/592/554 587/586/549 586/587/550
f 586/587/550 592/593/555 593/592/554
f 592/593/555 586/587/550 588/588/551
f 588/588/551 594/594/556 592/593/555
f 596/595/557 590/589/552 589/590/553
f 589/590/553 595/596/558 596/595/557
f 595/596/558 589/590/553 591/591/554
f 591/591/554 597/597/559 595/596/558
f 599/598/560 593/592/554 592/593/555
f 592/593/555 598/599/561 599/598/560
f 598/599/561 592/593/555 594/594/556
f 594/594/556 600/600/562 598/599/561
f 602/601/563 596/595/557 595/596/558
f 595/596/558 601/602/564 602/601/563
f 601/602/564 595/596/558 597/597/559
f 597/597/559 603/603/565 601/602/564
f 605/604/566 599/598/560 598/599/561
f 598/599/561 604/605/567 605/604/566
f 604/605/567 598/599/561 600/600/562
f 600/600/562 606/606/568 604/605/567
f 608/607/569 602/601/563 601/602/564
f 601/602/564 607/608/570 608/607/569
f 607/608/570 601/602/564 603/603/565
f 603/603/565 609/609/571 607/608/570
f 611/610/572 605/604/566 604/605/567
f 604/605/567 610/611/573 611/610/572
f 610/611/573 604/605/567 606/606/568
f 606/606/568 612/612/574 610/611/573
f 614/613/575 608/607/569 607/608/570
f 607/608/570 613/614/576 614/613/575
f 613/614/576 607/608/570 609/609/571
f 609/609/571 615/615/577 613/614/576
f 617/616/578 611/610/572 610/611/573
f 610/611/573 616/617/579 617/616/578
f 616/617/579 610/611/573 612/612/574
f 612/612/574 618/618/580 616/617/579
f 620/619/581 614/613/575 613/614/576
f 613/614/576 619/620/582 620/619/581
f 619/620/582 613/614/576 615/615/577
f 615/615/577 621/621/583 619/620/582
f 623/622/584 617/616/578 616/617/579
f 616/617/579 622/623/585 623/622/584
f 622/623/585 616/617/579 618/618/580
f 618/618/580 624/624/586 622/623/585
f 626/625/587 620/619/581 619/620/582
f 619/620/582 625/626/588 626/625/587
f 625/626/588 619/620/582 621/621/583
f 621/621/583 627/627/589 625/626/588
f 629/628/590 623/622/584 622/623/585
f 622/623/585 628/629/591 629/628/590
f 628/629/591 622/623/585 624/624/586
f 624/624/586 630/630/592 628/629/591
f 632/631/593 626/625/587 625/626/588
f 625/626/588 631/632/594 632/631/593
f 631/632/594 625/626/588 627/627/589
f 627/627/589 633/633/595 631/632/594
f 635/634/596 629/628/590 628/629/591
f 628/629/591 634/635/597 635/634/596
f 634/635/597 628/629/591 630/630/592
f 630/630/592 636/636/598 634/635/597
f 638/637/599 632/631/593 631/632/594
f 631/632/594 637/638/600 638/637/599
f 637/638/600 631/632/594 633/633/595
f 633/633/595 639/639/601 637/638/600
f 643/640/601 640/641/602 641/642/597
f 641/642/597 642/643/603 643/640/601
f 642/643/603 641/642/597 644/644/604
f 644/644/604 645/645/605 642/643/603
f 647/646/606 638/637/599 637/638/600
f 637/638/600 646/647/607 647/646/606
f 646/647/607 637/638/600 639/639/601
f 639/639/601 648/648/608 646/647/607
f 650/649/609 643/640/601 642/643/603
f 642/643/603 649/650/610 650/649/609
f 649/650/610 642/643/603 645/645/605
f 645/645/605 651/651/611 649/650/610
f 653/652/612 647/646/606 646/647/607
f 646/647/607 652/653/613 653/652/612
f 652/653/613 646/647/607 648/648/608
f 648/648/608 654/654/614 652/653/613
f 656/655/614 650/649/609 649/650/610
f 649/650/610 655/656/615 656/655/614
f 655/656/615 649/650/610 651/651/611
f 651/651/611 657/657/616 655/656/615
f 659/658/617 653/652/612 652/653/613
f 652/653/613 658/659/618 659/658/617
f 658/659/618 652/653/613 654/654/614
f 654/654/614 660/660/619 658/659/618
f 662/661/620 656/655/614 655/656/615
f 655/656/615 661/662/621 662/661/620
f 661/662/621 655/656/615 657/657/616
f 657/657/616 663/663/622 661/662/621
f 478/479/452 659/658/617 658/659/618
f 658/659/618 479/480/453 478/479/452
f 479/480/453 658/659/618 660/660/619
f 660/660/619 482/482/455 479/480/453
f 484/485/455 662/661/620 661/662/621
f 661/662/621 485/486/458 484/485/455
f 485/486/458 661/662/621 663/663/622
f 663/663/622 488/488/460 485/486/458
f 571/572/535 574/571/534 477/477/450
f 574/571/534 584/583/546 477/477/450
f 584/583/546 590/589/552 477/477/450
f 590/589/552 596/595/557 477/477/450
f 596/595/557 602/601/563 477/477/450
f 602/601/563 608/607/569 477/477/450
f 608/607/569 614/613/575 477/477/450
f 614/613/575 620/619/581 477/477/450
f 620/619/581 626/625/587 477/477/450
f 626/625/587 632/631/593 477/477/450
f 632/631/593 638/637/599 477/477/450
f 638/637/599 647/646/606 477/477/450
f 647/646/606 653/652/612 477/477/450
f 653/652/612 659/658/617 477/477/450
f 659/658/617 478/479/452 477/477/450
f 665/664/623 472/471/444 471/472/445
f 471/472/445 664/665/624 665/664/623
f 664/665/624 471/472/445 473/473/446
f 473/473/446 666/666/625 664/665/624
f 668/667/626 475/474/447 474/475/448
f 474/475/448 667/668/627 668/667/626
f 667/668/627 474/475/448 476/476/449
f 476/476/449 669/669/628 667/668/627
f 671/670/629 665/664/623 664/665/624
f 664/665/624 670/671/630 671/670/629
f 670/671/630 664/665/624 666/666/625
f 666/666/625 672/672/631 670/671/630
f 674/673/631 668/667/626 667/668/627
f 667/668/627 673/674/632 674/673/631
f 673/674/632 667/668/627 669/669/628
f 669/669/628 675/675/633 673/674/632
f 677/676/634 671/670/629 670/671/630
f 670/671/630 676/677/635 677/676/634
f 676/677/635 670/671/630 672/672/631
f 672/672/631 678/678/636 676/677/635
f 680/679/637 674/673/631 673/674/632
f 673/674/632 679/680/638 680/679/637
f 679/680/638 673/674/632 675/675/633
f 675/675/633 681/681/639 679/680/638
f 683/682/640 677/676/634 676/677/635
f 676/677/635 682/683/641 683/682/640
f 682/683/641 676/677/635 678/678/636
f 678/678/636 684/684/642 682/683/641
f 686/685/642 680/679/637 679/680/638
f 679/680/638 685/686/643 686/685/642
f 685/686/643 679/680/638 681/681/639
f 681/681/639 687/687/644 685/686/643
f 689/688/645 683/682/640 682/683/641
f 682/683/641 688/689/646 689/688/645
f 688/689/646 682/683/641 684/684/642
f 684/684/642 690/690/647 688/689/646
f 692/691/648 686/685/642 685/686/643
f 685/686/643 691/692/649 692/691/648
f 691/692/649 685/686/643 687/687/644
f 687/687/644 693/693/650 691/692/649
f 695/694/651 689/688/645 688/689/646
f 688/689/646 694/695/652 695/694/651
f 694/695/652 688/689/646 690/690/647
f 690/690/647 696/696/653 694/695/652
f 700/697/654 697/698/647 698/699/655
f 698/699/655 699/700/656 700/697/654
f 699/700/656 698/699/655 701/701/657
f 701/701/657 702/702/658 699/700/656
f 704/703/659 695/694/651 694/695/652
f 694/695/652 703/704/660 704/703/659
f 703/704/660 694/695/652 696/696/653
f 696/696/653 705/705/661 703/704/660
f 707/706/662 700/697/654 699/700/656
f 699/700/656 706/707/663 707/706/662
f 706/707/663 699/700/656 702/702/658
f 702/702/658 708/708/664 706/707/663
f 710/709/665 704/703/659 703/704/660
f 703/704/660 709/710/666 710/709/665
f 709/710/666 703/704/660 705/705/661
f 705/705/661 711/711/667 709/710/666
f 713/712/668 707/706/662 706/707/663
f 706/707/663 712/713/669 713/712/668
f 712/713/669 706/707/663 708/708/664
f 708/708/664 714/714/670 712/713/669
f 716/715/671 710/709/665 709/710/666
f 709/710/666 715/716/672 716/715/671
f 715/716/672 709/710/666 711/711/667
f 711/711/667 717/717/673 715/716/672
f 719/718/674 713/712/668 712/713/669
f 712/713/669 718/719/675 719/718/674
f 718/719/675 712/713/669 714/714/670
f 714/714/670 720/720/676 718/719/675
f 722/721/677 716/715/671 715/716/672
f 715/716/672 721/722/678 722/721/677
f 721/722/678 715/716/672 717/717/673
f 717/717/673 723/723/679 721/722/678
f 725/724/680 719/718/674 718/719/675
f 718/719/675 724/725/681 725/724/680
f 724/725/681 718/719/675 720/720/676
f 720/720/676 726/726/682 724/725/681
f 728/727/683 722/721/677 721/722/678
f 721/722/678 727/728/684 728/727/683
f 727/728/684 721/722/678 723/723/679
f 723/723/679 729/729/685 727/728/684
f 731/730/685 725/724/680 724/725/681
f 724/725/681 730/731/686 731/730/685
f 730/731/686 724/725/681 726/726/682
f 726/726/682 732/732/687 730/731/686
f 734/733/688 728/727/683 727/728/684
f 727/728/684 733/734/689 734/733/688
f 733/734/689 727/728/684 729/729/685
f 729/729/685 735/735/690 733/734/689
f 737/736/690 731/730/685 730/731/686
f 730/731/686 736/737/691 737/736/690
f 736/737/691 730/731/686 732/732/687
f 732/732/687 738/738/692 736/737/691
f 740/739/693 734/733/688 733/734/689
f 733/734/689 739/740/694 740/739/693
f 739/740/694 733/734/689 735/735/690
f 735/735/690 741/741/695 739/740/694
f 743/742/696 737/736/690 736/737/691
f 736/737/691 742/743/697 743/742/696
f 742/743/697 736/737/691 738/738/692
f 738/738/692 744/744/698 742/743/697
f 746/745/699 740/739/693 739/740/694
f 739/740/694 745/746/700 746/745/699
f 745/746/700 739/740/694 741/741/695
f 741/741/695 747/747/701 745/746/700
f 749/748/702 743/742/696 742/743/697
f 742/743/697 748/749/703 749/748/702
f 748/749/703 742/743/697 744/744/698
f 744/744/698 750/750/704 748/749/703
f 571/572/535 746/745/699 745/746/700
f 745/746/700 572/573/536 571/572/535
f 572/573/536 745/746/700 747/747/701
f 747/747/701 575/575/538 572/573/536
f 577/578/541 749/748/702 748/749/703
f 748/749/703 578/579/542 577/578/541
f 578/579/542 748/749/703 750/750/704
f 750/750/704 581/581/544 578/579/542
f 472/471/444 665/664/623 477/477/450
f 665/664/623 671/670/629 477/477/450
f 671/670/629 677/676/634 477/477/450
f 677/676/634 683/682/640 477/477/450
f 683/682/640 689/688/645 477/477/450
f 689/688/645 695/694/651 477/477/450
f 695/694/651 704/703/659 477/477/450
f 704/703/659 710/709/665 477/477/450
f 710/709/665 716/715/671 477/477/450
f 716/715/671 722/721/677 477/477/450
f 722/721/677 728/727/683 477/477/450
f 728/727/683 734/733/688 477/477/450
f 734/733/688 740/739/693 477/477/450
f 740/739/693 746/745/699 477/477/450
f 746/745/699 571/572/535 477/477/450
f 754/751/705 751/752/705 752/753/706
f 752/753/706 753/754/706 754/751/705
f 756/755/707 755/756/707 751/752/705
f 751/752/705 754/751/705 756/755/707
f 758/757/708 757/758/709 755/756/707
f 755/756/707 756/755/707 758/757/708
f 760/759/710 759/760/710 757/758/709
f 757/758/709 758/757/708 760/759/710
f 762/761/711 761/762/711 759/760/710
f 759/760/710 760/759/710 762/761/711
f 764/763/712 763/764/713 761/762/711
f 761/762/711 762/761/711 764/763/712
f 766/765/714 765/766/714 763/764/713
f 763/764/713 764/763/712 766/765/714
f 768/767/715 767/768/715 765/766/714
f 765/766/714 766/765/714 768/767/715
f 770/769/716 769/770/717 767/768/715
f 767/768/715 768/767/715 770/769/716
f 772/771/718 771/772/718 769/770/717
f 769/770/717 770/769/716 772/771/718
f 774/773/719 773/774/720 771/772/718
f 771/772/718 772/771/718 774/773/719
f 776/775/721 775/776/721 773/774/720
f 773/774/720 774/773/719 776/775/721
f 778/777/722 777/778/722 775/776/721
f 775/776/721 776/775/721 778/777/722
f 780/779/723 779/780/724 777/778/722
f 777/778/722 778/777/722 780/779/723
f 782/781/725 781/782/725 779/780/724
f 779/780/724 780/779/723 782/781/725
f 786/783/726 783/784/726 784/785/727
f 784/785/727 785/786/727 786/783/726
f 788/787/728 787/788/728 783/784/726
f 783/784/726 786/783/726 788/787/728
f 790/789/729 789/790/729 787/788/728
f 787/788/728 788/787/728 790/789/729
f 792/791/730 791/792/730 789/790/729
f 789/790/729 790/789/729 792/791/730
f 794/793/731 793/794/731 791/792/730
f 791/792/730 792/791/730 794/793/731
f 796/795/732 795/796/733 793/794/731
f 793/794/731 794/793/731 796/795/732
f 798/797/734 797/798/734 795/796/733
f 795/796/733 796/795/732 798/797/734
f 800/799/735 799/800/735 797/798/734
f 797/798/734 798/797/734 800/799/735
f 802/801/736 801/802/737 799/800/735
f 799/800/735 800/799/735 802/801/736
f 804/803/738 803/804/738 801/802/737
f 801/802/737 802/801/736 804/803/738
f 806/805/739 805/806/739 803/804/738
f 803/804/738 804/803/738 806/805/739
f 808/807/740 807/808/741 805/806/739
f 805/806/739 806/805/739 808/807/740
f 810/809/742 809/810/742 807/808/741
f 807/808/741 808/807/740 810/809/742
f 812/811/743 811/812/744 809/810/742
f 809/810/742 810/809/742 812/811/743
f 753/754/706 752/753/706 811/812/744
f 811/812/744 812/811/743 753/754/706
f 816/813/745 813/814/745 814/815/746
f 814/815/746 815/816/746 816/813/745
f 818/817/747 817/818/747 813/814/745
f 813/814/745 816/813/745 818/817/747
f 820/819/748 819/820/749 817/818/747
f 817/818/747 818/817/747 820/819/748
f 822/821/750 821/822/750 819/820/749
f 819/820/749 820/819/748 822/821/750
f 824/823/751 823/824/751 821/822/750
f 821/822/750 822/821/750 824/823/751
f 826/825/752 825/826/752 823/824/751
f 823/824/751 824/823/751 826/825/752
f 828/827/753 827/828/753 825/826/752
f 825/826/752 826/825/752 828/827/753
f 830/829/754 829/830/754 827/828/753
f 827/828/753 828/827/753 830/829/754
f 832/831/755 831/832/755 829/830/754
f 829/830/754 830/829/754 832/831/755
f 834/833/756 833/834/756 831/832/755
f 831/832/755 832/831/755 834/833/756
f 836/835/757 835/836/757 833/834/756
f 833/834/756 834/833/756 836/835/757
f 838/837/758 837/838/759 835/836/757
f 835/836/757 836/835/757 838/837/758
f 840/839/760 839/840/760 837/838/759
f 837/838/759 838/837/758 840/839/760
f 842/841/761 841/842/761 839/840/760
f 839/840/760 840/839/760 842/841/761
f 785/786/727 784/785/727 841/842/761
f 841/842/761 842/841/761 785/786/727
f 844/843/762 843/844/762 781/782/725
f 781/782/725 782/781/725 844/843/762
f 846/845/763 845/846/764 843/844/762
f 843/844/762 844/843/762 846/845/763
f 848/847/765 847/848/766 845/846/764
f 845/846/764 846/845/763 848/847/765
f 850/849/767 849/850/767 847/848/766
f 847/848/766 848/847/765 850/849/767
f 852/851/768 851/852/768 849/850/767
f 849/850/767 850/849/767 852/851/768
f 854/853/769 853/854/769 851/852/768
f 851/852/768 852/851/768 854/853/769
f 856/855/770 855/856/770 853/854/769
f 853/854/769 854/853/769 856/855/770
f 858/857/771 857/858/771 855/856/770
f 855/856/770 856/855/770 858/857/771
f 860/859/772 859/860/772 857/858/771
f 857/858/771 858/857/771 860/859/772
f 862/861/773 861/862/773 859/860/772
f 859/860/772 860/859/772 862/861/773
f 864/863/774 863/864/774 861/862/773
f 861/862/773 862/861/773 864/863/774
f 866/865/775 865/866/775 863/864/774
f 863/864/774 864/863/774 866/865/775
f 868/867/776 867/868/776 865/866/775
f 865/866/775 866/865/775 868/867/776
f 870/869/777 869/870/777 867/868/776
f 867/868/776 868/867/776 870/869/777
f 815/816/746 814/815/746 869/870/777
f 869/870/777 870/869/777 815/816/746
f 1037/1006/889 1038/1007/890 1039/1004/807
f 1038/1007/890 1040/1009/892 1041/1008/891
f 1040/1009/892 1042/1011/893 1043/1010/803
f 1042/1011/893 1044/1013/895 1045/1012/894
f 1044/1013/895 1046/1015/896 1047/1014/799
f 1046/1015/896 1048/1017/897 1049/1016/797
f 1048/1017/897 1050/1019/899 1051/1018/898
f 1057/1026/902 1058/1027/903 1059/1024/791
f 1058/1027/903 1060/1029/904 1061/1028/789
f 1060/1029/904 1062/1031/905 1063/1030/787
f 1062/1031/905 1064/1033/906 1065/1032/785
f 1064/1033/906 1066/1035/907 1067/1034/783
f 1066/1035/907 1068/1037/909 1069/1036/908
f 1071/1040/909 1072/1041/910 1073/1038/778
s 0
f 1075/1043/911 1076/1022/911 1077/1021/911
f 1081/1044/912 1078/1045/912 1079/1046/912
f 1079/1046/913 1080/1047/913 1081/1044/913
f 1085/1047/914 1082/1046/914 1083/1048/914
s 1
f 1072/1041/910 1268/1198/1028 1269/1197/956
f 1268/1198/1028 1270/1200/1029 1271/1199/954
f 1270/1200/1029 1272/1202/1030 1273/1201/952
f 1272/1202/1030 1274/1204/1031 1275/1203/950
f 1274/1204/1031 1276/1206/1033 1277/1205/1032
f 1276/1206/1033 1278/1208/1035 1279/1207/1034
f 1278/1208/1035 1280/1210/1037 1281/1209/1036
f 1287/1217/1040 1288/1218/1041 1289/1215/940
f 1288/1218/1041 1290/1220/1042 1291/1219/938
f 1290/1220/1042 1292/1222/1043 1293/1221/936
f 1292/1222/1043 1294/1224/1044 1295/1223/934
f 1294/1224/1044 1296/1226/1045 1297/1225/932
f 1296/1226/1045 1298/1228/1046 1299/1227/930
f 1298/1228/1046 1300/1230/1047 1301/1229/927
s 0
f 1303/1232/900 1304/1213/900 1305/1212/900
f 1309/1213/1048 1306/1232/1048 1307/1233/1048
f 1307/1233/1049 1308/1214/1049 1309/1213/1049
f 1313/1234/1050 1310/1235/1050 1311/1236/1050
s 1
f 1300/1230/1047 1498/1386/1158 1499/1385/1095
f 1498/1386/1158 1500/1388/1159 1501/1387/1093
f 1500/1388/1159 1502/1390/1160 1503/1389/1091
f 1502/1390/1160 1504/1392/1161 1505/1391/1089
f 1504/1392/1161 1506/1394/1162 1507/1393/1087
f 1506/1394/1162 1508/1396/1163 1509/1395/1085
f 1508/1396/1163 1510/1398/1165 1511/1397/1164
f 1517/1405/1167 1518/1406/1168 1519/1403/1079
f 1518/1406/1168 1520/1408/1169 1521/1407/1077
f 1520/1408/1169 1522/1410/1170 1523/1409/1075
f 1522/1410/1170 1524/1412/1171 1525/1411/1073
f 1524/1412/1171 1526/1414/1172 1527/1413/1071
f 1526/1414/1172 1528/1416/1173 1529/1415/1069
f 1528/1416/1173 1530/1418/1174 1531/1417/1066
s 0
f 1533/1421/1175 1534/1422/1175 1535/1419/1175
f 1539/1401/1176 1536/1423/1176 1537/1424/1176
f 1537/1424/1177 1538/1402/1177 1539/1401/1177
f 1543/1402/911 1540/1424/911 1541/1425/911
s 1
f 1530/1418/1174 1721/1571/1287 1722/1570/1218
f 1721/1571/1287 1723/1573/1289 1724/1572/1288
f 1723/1573/1289 1725/1575/1290 1726/1574/1214
f 1725/1575/1290 1727/1577/1291 1728/1576/1212
f 1727/1577/1291 1729/1579/1292 1730/1578/1210
f 1729/1579/1292 1731/1581/1293 1732/1580/1208
f 1731/1581/1293 1733/1583/1295 1734/1582/1294
f 1740/1590/1298 1741/1591/1299 1742/1588/1202
f 1741/1591/1299 1743/1593/1300 1744/1592/1200
f 1743/1593/1300 1745/1595/1302 1746/1594/1301
f 1745/1595/1302 1747/1597/1304 1748/1596/1303
f 1747/1597/1304 1749/1599/1305 1750/1598/1194
f 1749/1599/1305 1751/1601/1306 1752/1600/1192
f 1751/1601/1306 1037/1006/889 1036/1005/809
s 0
f 1754/1603/1062 1755/1586/1062 1756/1585/1062
f 1760/1586/1307 1757/1603/1307 1758/1604/1307
s 1
f 1758/1604/1308 1759/1587/1308 1760/1586/1308
s 0
f 1764/1605/1309 1761/1606/1309 1762/1607/1309
s 1
f 1798/1632/1324 1795/1633/1325 1796/1634/1326
f 1796/1634/1326 1797/1635/1327 1798/1632/1324
f 1802/1636/1325 1799/1637/1328 1800/1638/1329
f 1800/1638/1329 1801/1639/1326 1802/1636/1325
f 1799/1637/1328 1803/1640/1330 1804/1641/1331
f 1804/1641/1331 1800/1638/1329 1799/1637/1328
f 1803/1640/1330 1805/1642/1332 1806/1643/1333
f 1806/1643/1333 1804/1641/1331 1803/1640/1330
f 1805/1642/1332 1807/1644/1334 1808/1645/1335
f 1808/1645/1335 1806/1643/1333 1805/1642/1332
f 1807/1644/1334 1809/1646/1336 1810/1647/1337
f 1810/1647/1337 1808/1645/1335 1807/1644/1334
f 1809/1646/1336 1811/1648/1338 1812/1649/1339
f 1812/1649/1339 1810/1647/1337 1809/1646/1336
f 1811/1648/1338 1813/1650/1340 1814/1651/1341
f 1814/1651/1341 1812/1649/1339 1811/1648/1338
f 1813/1650/1340 1815/1652/1342 1816/1653/1343
f 1816/1653/1343 1814/1651/1341 1813/1650/1340
f 1815/1652/1342 1817/1654/1344 1818/1655/1345
f 1818/1655/1345 1816/1653/1343 1815/1652/1342
f 1817/1654/1344 1819/1656/1346 1820/1657/1347
f 1820/1657/1347 1818/1655/1345 1817/1654/1344
f 1819/1656/1346 1821/1658/1348 1822/1659/1349
f 1822/1659/1349 1820/1657/1347 1819/1656/1346
f 1821/1658/1348 1823/1660/1350 1824/1661/1351
f 1824/1661/1351 1822/1659/1349 1821/1658/1348
f 1823/1660/1350 1825/1662/1352 1826/1663/1353
f 1826/1663/1353 1824/1661/1351 1823/1660/1350
f 1825/1662/1352 1827/1664/1354 1828/1665/1355
f 1828/1665/1355 1826/1663/1353 1825/1662/1352
f 1832/1666/1356 1829/1667/1357 1830/1668/1358
f 1830/1668/1358 1831/1669/1359 1832/1666/1356
f 1829/1667/1357 1833/1670/1360 1834/1671/1361
f 1834/1671/1361 1830/1668/1358 1829/1667/1357
f 1833/1670/1360 1835/1672/1362 1836/1673/1363
f 1836/1673/1363 1834/1671/1361 1833/1670/1360
f 1835/1672/1362 1837/1674/1364 1838/1675/1365
f 1838/1675/1365 1836/1673/1363 1835/1672/1362
f 1837/1674/1364 1839/1676/1366 1840/1677/1367
f 1840/1677/1367 1838/1675/1365 1837/1674/1364
f 1839/1676/1366 1841/1678/1368 1842/1679/1369
f 1842/1679/1369 1840/1677/1367 1839/1676/1366
f 1841/1678/1368 1843/1680/1370 1844/1681/1371
f 1844/1681/1371 1842/1679/1369 1841/1678/1368
f 1843/1680/1370 1845/1682/1372 1846/1683/1373
f 1846/1683/1373 1844/1681/1371 1843/1680/1370
f 1845/1682/1372 1847/1684/1374 1848/1685/1375
f 1848/1685/1375 1846/1683/1373 1845/1682/1372
f 1847/1684/1374 1849/1686/1376 1850/1687/1377
f 1850/1687/1377 1848/1685/1375 1847/1684/1374
f 1849/1686/1376 1851/1688/1378 1852/1689/1379
f 1852/1689/1379 1850/1687/1377 1849/1686/1376
f 1851/1688/1378 1853/1690/1380 1854/1691/1381
f 1854/1691/1381 1852/1689/1379 1851/1688/1378
f 1853/1690/1380 1855/1692/1382 1856/1693/1383
f 1856/1693/1383 1854/1691/1381 1853/1690/1380
f 1855/1692/1382 1857/1694/1384 1858/1695/1385
f 1858/1695/1385 1856/1693/1383 1855/1692/1382
f 1857/1694/1384 1798/1632/1324 1797/1635/1327
f 1797/1635/1327 1858/1695/1385 1857/1694/1384
f 1862/1696/1386 1859/1697/1387 1860/1698/1388
f 1860/1698/1388 1861/1699/1389 1862/1696/1386
f 1859/1697/1387 1863/1700/1390 1864/1701/1391
f 1864/1701/1391 1860/1698/1388 1859/1697/1387
f 1863/1700/1390 1865/1702/1392 1866/1703/1393
f 1866/1703/1393 1864/1701/1391 1863/1700/1390
f 1865/1702/1392 1867/1704/1394 1868/1705/1395
f 1868/1705/1395 1866/1703/1393 1865/1702/1392
f 1867/1704/1394 1869/1706/1396 1870/1707/1397
f 1870/1707/1397 1868/1705/1395 1867/1704/1394
f 1869/1706/1396 1871/1708/1398 1872/1709/1399
f 1872/1709/1399 1870/1707/1397 1869/1706/1396
f 1871/1708/1398 1873/1710/1400 1874/1711/1401
f 1874/1711/1401 1872/1709/1399 1871/1708/1398
f 1873/1710/1400 1875/1712/1402 1876/1713/1403
f 1876/1713/1403 1874/1711/1401 1873/1710/1400
f 1875/1712/1402 1877/1714/1404 1878/1715/1405
f 1878/1715/1405 1876/1713/1403 1875/1712/1402
f 1877/1714/1404 1879/1716/1406 1880/1717/1407
f 1880/1717/1407 1878/1715/1405 1877/1714/1404
f 1879/1716/1406 1881/1718/1408 1882/1719/1409
f 1882/1719/1409 1880/1717/1407 1879/1716/1406
f 1881/1718/1408 1883/1720/1410 1884/1721/1411
f 1884/1721/1411 1882/1719/1409 1881/1718/1408
f 1883/1720/1410 1885/1722/1412 1886/1723/1413
f 1886/1723/1413 1884/1721/1411 1883/1720/1410
f 1885/1722/1412 1887/1724/1414 1888/1725/1415
f 1888/1725/1415 1886/1723/1413 1885/1722/1412
f 1887/1724/1414 1832/1666/1356 1831/1669/1359
f 1831/1669/1359 1888/1725/1415 1887/1724/1414
f 1827/1664/1354 1889/1726/1416 1890/1727/1417
f 1890/1727/1417 1828/1665/1355 1827/1664/1354
f 1889/1726/1416 1891/1728/1418 1892/1729/1419
f 1892/1729/1419 1890/1727/1417 1889/1726/1416
f 1891/1728/1418 1893/1730/1420 1894/1731/1421
f 1894/1731/1421 1892/1729/1419 1891/1728/1418
f 1893/1730/1420 1895/1732/1422 1896/1733/1423
f 1896/1733/1423 1894/1731/1421 1893/1730/1420
f 1895/1732/1422 1897/1734/1424 1898/1735/1425
f 1898/1735/1425 1896/1733/1423 1895/1732/1422
f 1897/1734/1424 1899/1736/1426 1900/1737/1427
f 1900/1737/1427 1898/1735/1425 1897/1734/1424
f 1899/1736/1426 1901/1738/1428 1902/1739/1429
f 1902/1739/1429 1900/1737/1427 1899/1736/1426
f 1901/1738/1428 1903/1740/1430 1904/1741/1431
f 1904/1741/1431 1902/1739/1429 1901/1738/1428
f 1903/1740/1430 1905/1742/1432 1906/1743/1433
f 1906/1743/1433 1904/1741/1431 1903/1740/1430
f 1905/1742/1432 1907/1744/1434 1908/1745/1435
f 1908/1745/1435 1906/1743/1433 1905/1742/1432
f 1907/1744/1434 1909/1746/1436 1910/1747/1437
f 1910/1747/1437 1908/1745/1435 1907/1744/1434
f 1909/1746/1436 1911/1748/1438 1912/1749/1439
f 1912/1749/1439 1910/1747/1437 1909/1746/1436
f 1911/1748/1438 1913/1750/1440 1914/1751/1441
f 1914/1751/1441 1912/1749/1439 1911/1748/1438
f 1913/1750/1440 1915/1752/1442 1916/1753/1443
f 1916/1753/1443 1914/1751/1441 1913/1750/1440
f 1915/1752/1442 1862/1696/1386 1861/1699/1389
f 1861/1699/1389 1916/1753/1443 1915/1752/1442
f 1920/1754/1444 1917/1755/1445 1918/1756/1446
f 1918/1756/1446 1919/1757/1447 1920/1754/1444
f 1919/1757/1447 1918/1756/1446 1921/1758/1448
f 1921/1758/1448 1922/1759/1449 1919/1757/1447
f 1922/1759/1449 1921/1758/1448 1923/1760/1450
f 1923/1760/1450 1924/1761/1451 1922/1759/1449
f 1924/1761/1451 1923/1760/1450 1925/1762/1452
f 1925/1762/1452 1926/1763/1453 1924/1761/1451
f 1926/1763/1453 1925/1762/1452 1927/1764/1454
f 1927/1764/1454 1928/1765/1455 1926/1763/1453
f 1928/1765/1455 1927/1764/1454 1929/1766/1456
f 1929/1766/1456 1930/1767/1457 1928/1765/1455
f 1930/1767/1457 1929/1766/1456 1931/1768/1458
f 1931/1768/1458 1932/1769/1459 1930/1767/1457
f 1932/1769/1459 1931/1768/1458 1933/1770/1460
f 1933/1770/1460 1934/1771/1461 1932/1769/1459
f 1934/1771/1461 1933/1770/1460 1935/1772/1462
f 1935/1772/1462 1936/1773/1463 1934/1771/1461
f 1940/1774/1463 1937/1775/1462 1938/1776/1464
f 1938/1776/1464 1939/1777/1465 1940/1774/1463
f 1939/1777/1465 1938/1776/1464 1941/1778/1466
f 1941/1778/1466 1942/1779/1467 1939/1777/1465
f 1942/1779/1467 1941/1778/1466 1943/1780/1468
f 1943/1780/1468 1944/1781/1469 1942/1779/1467
f 1944/1781/1469 1943/1780/1468 1945/1782/1470
f 1945/1782/1470 1946/1783/1471 1944/1781/1469
f 1946/1783/1471 1945/1782/1470 1947/1784/1472
f 1947/1784/1472 1948/1785/1473 1946/1783/1471
f 1948/1785/1473 1947/1784/1472 1949/1786/1474
f 1949/1786/1474 1950/1787/1475 1948/1785/1473
f 1950/1787/1475 1949/1786/1474 1951/1788/1476
f 1951/1788/1476 1952/1789/1477 1950/1787/1475
f 1952/1789/1477 1951/1788/1476 1953/1790/1478
f 1953/1790/1478 1954/1791/1479 1952/1789/1477
f 1954/1791/1479 1953/1790/1478 1955/1792/1480
f 1955/1792/1480 1956/1793/1481 1954/1791/1479
f 1956/1793/1481 1955/1792/1480 1957/1794/1482
f 1957/1794/1482 1958/1795/1483 1956/1793/1481
f 1962/1796/1483 1959/1797/1482 1960/1798/1484
f 1960/1798/1484 1961/1799/1485 1962/1796/1483
f 1961/1799/1485 1960/1798/1484 1963/1800/1486
f 1963/1800/1486 1964/1801/1487 1961/1799/1485
f 1964/1801/1487 1963/1800/1486 1965/1802/1488
f 1965/1802/1488 1966/1803/1489 1964/1801/1487
f 1966/1803/1489 1965/1802/1488 1967/1804/1490
f 1967/1804/1490 1968/1805/1491 1966/1803/1489
f 1968/1805/1491 1967/1804/1490 1969/1806/1492
f 1969/1806/1492 1970/1807/1493 1968/1805/1491
f 1970/1807/1493 1969/1806/1492 1971/1808/1494
f 1971/1808/1494 1972/1809/1495 1970/1807/1493
f 1972/1809/1495 1971/1808/1494 1973/1810/1496
f 1973/1810/1496 1974/1811/1497 1972/1809/1495
f 1974/1811/1497 1973/1810/1496 1975/1812/1498
f 1975/1812/1498 1976/1813/1499 1974/1811/1497
f 1976/1813/1499 1975/1812/1498 1977/1814/1500
f 1977/1814/1500 1978/1815/1501 1976/1813/1499
f 1978/1815/1501 1977/1814/1500 1979/1816/1502
f 1979/1816/1502 1980/1817/1503 1978/1815/1501
f 1980/1817/1503 1979/1816/1502 1981/1818/1504
f 1981/1818/1504 1982/1819/1505 1980/1817/1503
f 1982/1819/1505 1981/1818/1504 1983/1820/1506
f 1983/1820/1506 1984/1821/1507 1982/1819/1505
f 1984/1821/1507 1983/1820/1506 1985/1822/1508
f 1985/1822/1508 1986/1823/1509 1984/1821/1507
f 1986/1823/1509 1985/1822/1508 1987/1824/1510
f 1987/1824/1510 1988/1825/1511 1986/1823/1509
f 1988/1825/1511 1987/1824/1510 1989/1826/1512
f 1989/1826/1512 1990/1827/1513 1988/1825/1511
f 1990/1827/1513 1989/1826/1512 1991/1828/1514
f 1991/1828/1514 1992/1829/1515 1990/1827/1513
f 1992/1829/1515 1991/1828/1514 1993/1830/1516
f 1993/1830/1516 1994/1831/1517 1992/1829/1515
f 1994/1831/1517 1993/1830/1516 1995/1832/1518
f 1995/1832/1518 1996/1833/1519 1994/1831/1517
f 1996/1833/1519 1995/1832/1518 1997/1834/1520
f 1997/1834/1520 1998/1835/1521 1996/1833/1519
f 1998/1835/1521 1997/1834/1520 1999/1836/1522
f 1999/1836/1522 2000/1837/1523 1998/1835/1521
f 2004/1838/1523 2001/1839/1522 2002/1840/1524
f 2002/1840/1524 2003/1841/1525 2004/1838/1523
f 2003/1841/1525 2002/1840/1524 2005/1842/1526
f 2005/1842/1526 2006/1843/1527 2003/1841/1525
f 2006/1843/1527 2005/1842/1526 2007/1844/1528
f 2007/1844/1528 2008/1845/1529 2006/1843/1527
f 2008/1845/1529 2007/1844/1528 2009/1846/1530
f 2009/1846/1530 2010/1847/1531 2008/1845/1529
f 2010/1847/1531 2009/1846/1530 2011/1848/1532
f 2011/1848/1532 2012/1849/1533 2010/1847/1531
f 2012/1849/1533 2011/1848/1532 2013/1850/1534
f 2013/1850/1534 2014/1851/1535 2012/1849/1533
f 2014/1851/1535 2013/1850/1534 2015/1852/1536
f 2015/1852/1536 2016/1853/1537 2014/1851/1535
f 2016/1853/1537 2015/1852/1536 2017/1854/1538
f 2017/1854/1538 2018/1855/1539 2016/1853/1537
f 2018/1855/1539 2017/1854/1538 2019/1856/1540
f 2019/1856/1540 2020/1857/1541 2018/1855/1539
f 2020/1857/1541 2019/1856/1540 2021/1858/1542
f 2021/1858/1542 2022/1859/1543 2020/1857/1541
f 2026/1860/1543 2023/1861/1542 2024/1862/1544
f 2024/1862/1544 2025/1863/1545 2026/1860/1543
f 2025/1863/1545 2024/1862/1544 2027/1864/1546
f 2027/1864/1546 2028/1865/1547 2025/1863/1545
f 2028/1865/1547 2027/1864/1546 2029/1866/1548
f 2029/1866/1548 2030/1867/1549 2028/1865/1547
f 2030/1867/1549 2029/1866/1548 2031/1868/1550
f 2031/1868/1550 2032/1869/1551 2030/1867/1549
f 2032/1869/1551 2031/1868/1550 2033/1870/1552
f 2033/1870/1552 2034/1871/1553 2032/1869/1551
f 2034/1871/1553 2033/1870/1552 2035/1872/1554
f 2035/1872/1554 2036/1873/1555 2034/1871/1553
f 2036/1873/1555 2035/1872/1554 2037/1874/1556
f 2037/1874/1556 2038/1875/1557 2036/1873/1555
f 2038/1875/1557 2037/1874/1556 2039/1876/1558
f 2039/1876/1558 2040/1877/1559 2038/1875/1557
f 2040/1877/1559 2039/1876/1558 2041/1878/1560
f 2041/1878/1560 2042/1879/1561 2040/1877/1559
f 2042/1879/1561 2041/1878/1560 2043/1880/1562
f 2043/1880/1562 2044/1881/1563 2042/1879/1561
f 2044/1881/1563 2043/1880/1562 1917/1755/1445
f 1917/1755/1445 1920/1754/1444 2044/1881/1563
f 2046/1882/1564 1920/1754/1444 1919/1757/1447
f 1919/1757/1447 2045/1883/1565 2046/1882/1564
f 2045/1883/1565 1919/1757/1447 1922/1759/1449
f 1922/1759/1449 2047/1884/1566 2045/1883/1565
f 2047/1884/1566 1922/1759/1449 1924/1761/1451
f 1924/1761/1451 2048/1885/1567 2047/1884/1566
f 2048/1885/1567 1924/1761/1451 1926/1763/1453
f 1926/1763/1453 2049/1886/1568 2048/1885/1567
f 2049/1886/1568 1926/1763/1453 1928/1765/1455
f 1928/1765/1455 2050/1887/1569 2049/1886/1568
f 2050/1887/1569 1928/1765/1455 1930/1767/1457
f 1930/1767/1457 2051/1888/1570 2050/1887/1569
f 2051/1888/1570 1930/1767/1457 1932/1769/1459
f 1932/1769/1459 2052/1889/1571 2051/1888/1570
f 2052/1889/1571 1932/1769/1459 1934/1771/1461
f 1934/1771/1461 2053/1890/1572 2052/1889/1571
f 2053/1890/1572 1934/1771/1461 1936/1773/1463
f 1936/1773/1463 2054/1891/1573 2053/1890/1572
f 2056/1892/1573 1940/1774/1463 1939/1777/1465
f 1939/1777/1465 2055/1893/1574 2056/1892/1573
f 2055/1893/1574 1939/1777/1465 1942/1779/1467
f 1942/1779/1467 2057/1894/1575 2055/1893/1574
f 2057/1894/1575 1942/1779/1467 1944/1781/1469
f 1944/1781/1469 2058/1895/1576 2057/1894/1575
f 2058/1895/1576 1944/1781/1469 1946/1783/1471
f 1946/1783/1471 2059/1896/1577 2058/1895/1576
f 2059/1896/1577 1946/1783/1471 1948/1785/1473
f 1948/1785/1473 2060/1897/1578 2059/1896/1577
f 2060/1897/1578 1948/1785/1473 1950/1787/1475
f 1950/1787/1475 2061/1898/1579 2060/1897/1578
f 2061/1898/1579 1950/1787/1475 1952/1789/1477
f 1952/1789/1477 2062/1899/1580 2061/1898/1579
f 2062/1899/1580 1952/1789/1477 1954/1791/1479
f 1954/1791/1479 2063/1900/1581 2062/1899/1580
f 2063/1900/1581 1954/1791/1479 1956/1793/1481
f 1956/1793/1481 2064/1901/1582 2063/1900/1581
f 2064/1901/1582 1956/1793/1481 1958/1795/1483
f 1958/1795/1483 2065/1902/1583 2064/1901/1582
f 2067/1903/1583 1962/1796/1483 1961/1799/1485
f 1961/1799/1485 2066/1904/1584 2067/1903/1583
f 2066/1904/1584 1961/1799/1485 1964/1801/1487
f 1964/1801/1487 2068/1905/1585 2066/1904/1584
f 2068/1905/1585 1964/1801/1487 1966/1803/1489
f 1966/1803/1489 2069/1906/1586 2068/1905/1585
f 2069/1906/1586 1966/1803/1489 1968/1805/1491
f 1968/1805/1491 2070/1907/1587 2069/1906/1586
f 2070/1907/1587 1968/1805/1491 1970/1807/1493
f 1970/1807/1493 2071/1908/1588 2070/1907/1587
f 2071/1908/1588 1970/1807/1493 1972/1809/1495
f 1972/1809/1495 2072/1909/1589 2071/1908/1588
f 2072/1909/1589 1972/1809/1495 1974/1811/1497
f 1974/1811/1497 2073/1910/1590 2072/1909/1589
f 2073/1910/1590 1974/1811/1497 1976/1813/1499
f 1976/1813/1499 2074/1911/1591 2073/1910/1590
f 2074/1911/1591 1976/1813/1499 1978/1815/1501
f 1978/1815/1501 2075/1912/1592 2074/1911/1591
f 2075/1912/1592 1978/1815/1501 1980/1817/1503
f 1980/1817/1503 2076/1913/1593 2075/1912/1592
f 2076/1913/1593 1980/1817/1503 1982/1819/1505
f 1982/1819/1505 2077/1914/1594 2076/1913/1593
f 2077/1914/1594 1982/1819/1505 1984/1821/1507
f 1984/1821/1507 2078/1915/1595 2077/1914/1594
f 2078/1915/1595 1984/1821/1507 1986/1823/1509
f 1986/1823/1509 2079/1916/1596 2078/1915/1595
f 2079/1916/1596 1986/1823/1509 1988/1825/1511
f 1988/1825/1511 2080/1917/1597 2079/1916/1596
f 2080/1917/1597 1988/1825/1511 1990/1827/1513
f 1990/1827/1513 2081/1918/1598 2080/1917/1597
f 2081/1918/1598 1990/1827/1513 1992/1829/1515
f 1992/1829/1515 2082/1919/1599 2081/1918/1598
f 2082/1919/1599 1992/1829/1515 1994/1831/1517
f 1994/1831/1517 2083/1920/1600 2082/1919/1599
f 2083/1920/1600 1994/1831/1517 1996/1833/1519
f 1996/1833/1519 2084/1921/1601 2083/1920/1600
f 2084/1921/1601 1996/1833/1519 1998/1835/1521
f 1998/1835/1521 2085/1922/1602 2084/1921/1601
f 2085/1922/1602 1998/1835/1521 2000/1837/1523
f 2000/1837/1523 2086/1923/1603 2085/1922/1602
f 2088/1924/1603 2004/1838/1523 2003/1841/1525
f 2003/1841/1525 2087/1925/1604 2088/1924/1603
f 2087/1925/1604 2003/1841/1525 2006/1843/1527
f 2006/1843/1527 2089/1926/1605 2087/1925/1604
f 2089/1926/1605 2006/1843/1527 2008/1845/1529
f 2008/1845/1529 2090/1927/1606 2089/1926/1605
f 2090/1927/1606 2008/1845/1529 2010/1847/1531
f 2010/1847/1531 2091/1928/1607 2090/1927/1606
f 2091/1928/1607 2010/1847/1531 2012/1849/1533
f 2012/1849/1533 2092/1929/1608 2091/1928/1607
f 2092/1929/1608 2012/1849/1533 2014/1851/1535
f 2014/1851/1535 2093/1930/1609 2092/1929/1608
f 2093/1930/1609 2014/1851/1535 2016/1853/1537
f 2016/1853/1537 2094/1931/1610 2093/1930/1609
f 2094/1931/1610 2016/1853/1537 2018/1855/1539
f 2018/1855/1539 2095/1932/1611 2094/1931/1610
f 2095/1932/1611 2018/1855/1539 2020/1857/1541
f 2020/1857/1541 2096/1933/1612 2095/1932/1611
f 2096/1933/1612 2020/1857/1541 2022/1859/1543
f 2022/1859/1543 2097/1934/1613 2096/1933/1612
f 2099/1935/1614 2026/1860/1543 2025/1863/1545
f 2025/1863/1545 2098/1936/1615 2099/1935/1614
f 2098/1936/1615 2025/1863/1545 2028/1865/1547
f 2028/1865/1547 2100/1937/1616 2098/1936/1615
f 2100/1937/1616 2028/1865/1547 2030/1867/1549
f 2030/1867/1549 2101/1938/1617 2100/1937/1616
f 2101/1938/1617 2030/1867/1549 2032/1869/1551
f 2032/1869/1551 2102/1939/1618 2101/1938/1617
f 2102/1939/1618 2032/1869/1551 2034/1871/1553
f 2034/1871/1553 2103/1940/1619 2102/1939/1618
f 2103/1940/1619 2034/1871/1553 2036/1873/1555
f 2036/1873/1555 2104/1941/1620 2103/1940/1619
f 2104/1941/1620 2036/1873/1555 2038/1875/1557
f 2038/1875/1557 2105/1942/1621 2104/1941/1620
f 2105/1942/1621 2038/1875/1557 2040/1877/1559
f 2040/1877/1559 2106/1943/1622 2105/1942/1621
f 2106/1943/1622 2040/1877/1559 2042/1879/1561
f 2042/1879/1561 2107/1944/1623 2106/1943/1622
f 2107/1944/1623 2042/1879/1561 2044/1881/1563
f 2044/1881/1563 2108/1945/1624 2107/1944/1623
f 2108/1945/1624 2044/1881/1563 1920/1754/1444
f 1920/1754/1444 2046/1882/1564 2108/1945/1624
f 2110/1946/1625 2046/1882/1564 2045/1883/1565
f 2045/1883/1565 2109/1947/1626 2110/1946/1625
f 2109/1947/1626 2045/1883/1565 2047/1884/1566
f 2047/1884/1566 2111/1948/1627 2109/1947/1626
f 2111/1948/1627 2047/1884/1566 2048/1885/1567
f 2048/1885/1567 2112/1949/1628 2111/1948/1627
f 2112/1949/1628 2048/1885/1567 2049/1886/1568
f 2049/1886/1568 2113/1950/1629 2112/1949/1628
f 2113/1950/1629 2049/1886/1568 2050/1887/1569
f 2050/1887/1569 2114/1951/1630 2113/1950/1629
f 2114/1951/1630 2050/1887/1569 2051/1888/1570
f 2051/1888/1570 2115/1952/1631 2114/1951/1630
f 2115/1952/1631 2051/1888/1570 2052/1889/1571
f 2052/1889/1571 2116/1953/1632 2115/1952/1631
f 2116/1953/1632 2052/1889/1571 2053/1890/1572
f 2053/1890/1572 2117/1954/1633 2116/1953/1632
f 2117/1954/1633 2053/1890/1572 2054/1891/1573
f 2054/1891/1573 2118/1955/1634 2117/1954/1633
f 2120/1956/1634 2056/1892/1573 2055/1893/1574
f 2055/1893/1574 2119/1957/1635 2120/1956/1634
f 2119/1957/1635 2055/1893/1574 2057/1894/1575
f 2057/1894/1575 2121/1958/1636 2119/1957/1635
f 2121/1958/1636 2057/1894/1575 2058/1895/1576
f 2058/1895/1576 2122/1959/1637 2121/1958/1636
f 2122/1959/1637 2058/1895/1576 2059/1896/1577
f 2059/1896/1577 2123/1960/1638 2122/1959/1637
f 2123/1960/1638 2059/1896/1577 2060/1897/1578
f 2060/1897/1578 2124/1961/1639 2123/1960/1638
f 2124/1961/1639 2060/1897/1578 2061/1898/1579
f 2061/1898/1579 2125/1962/1640 2124/1961/1639
f 2125/1962/1640 2061/1898/1579 2062/1899/1580
f 2062/1899/1580 2126/1963/1641 2125/1962/1640
f 2126/1963/1641 2062/1899/1580 2063/1900/1581
f 2063/1900/1581 2127/1964/1642 2126/1963/1641
f 2127/1964/1642 2063/1900/1581 2064/1901/1582
f 2064/1901/1582 2128/1965/1643 2127/1964/1642
f 2128/1965/1643 2064/1901/1582 2065/1902/1583
f 2065/1902/1583 2129/1966/1644 2128/1965/1643
f 2131/1967/1645 2067/1903/1583 2066/1904/1584
f 2066/1904/1584 2130/1968/1646 2131/1967/1645
f 2130/1968/1646 2066/1904/1584 2068/1905/1585
f 2068/1905/1585 2132/1969/1647 2130/1968/1646
f 2132/1969/1647 2068/1905/1585 2069/1906/1586
f 2069/1906/1586 2133/1970/1648 2132/1969/1647
f 2133/1970/1648 2069/1906/1586 2070/1907/1587
f 2070/1907/1587 2134/1971/1649 2133/1970/1648
f 2134/1971/1649 2070/1907/1587 2071/1908/1588
f 2071/1908/1588 2135/1972/1650 2134/1971/1649
f 2135/1972/1650 2071/1908/1588 2072/1909/1589
f 2072/1909/1589 2136/1973/1651 2135/1972/1650
f 2136/1973/1651 2072/1909/1589 2073/1910/1590
f 2073/1910/1590 2137/1974/1652 2136/1973/1651
f 2137/1974/1652 2073/1910/1590 2074/1911/1591
f 2074/1911/1591 2138/1975/1653 2137/1974/1652
f 2138/1975/1653 2074/1911/1591 2075/1912/1592
f 2075/1912/1592 2139/1976/1654 2138/1975/1653
f 2139/1976/1654 2075/1912/1592 2076/1913/1593
f 2076/1913/1593 2140/1977/1655 2139/1976/1654
f 2140/1977/1655 2076/1913/1593 2077/1914/1594
f 2077/1914/1594 2141/1978/1656 2140/1977/1655
f 2141/1978/1656 2077/1914/1594 2078/1915/1595
f 2078/1915/1595 2142/1979/1657 2141/1978/1656
f 2142/1979/1657 2078/1915/1595 2079/1916/1596
f 2079/1916/1596 2143/1980/1658 2142/1979/1657
f 2143/1980/1658 2079/1916/1596 2080/1917/1597
f 2080/1917/1597 2144/1981/1659 2143/1980/1658
f 2144/1981/1659 2080/1917/1597 2081/1918/1598
f 2081/1918/1598 2145/1982/1660 2144/1981/1659
f 2145/1982/1660 2081/1918/1598 2082/1919/1599
f 2082/1919/1599 2146/1983/1661 2145/1982/1660
f 2146/1983/1661 2082/1919/1599 2083/1920/1600
f 2083/1920/1600 2147/1984/1662 2146/1983/1661
f 2147/1984/1662 2083/1920/1600 2084/1921/1601
f 2084/1921/1601 2148/1985/1663 2147/1984/1662
f 2148/1985/1663 2084/1921/1601 2085/1922/1602
f 2085/1922/1602 2149/1986/1664 2148/1985/1663
f 2149/1986/1664 2085/1922/1602 2086/1923/1603
f 2086/1923/1603 2150/1987/1665 2149/1986/1664
f 2152/1988/1666 2088/1924/1603 2087/1925/1604
f 2087/1925/1604 2151/1989/1667 2152/1988/1666
f 2151/1989/1667 2087/1925/1604 2089/1926/1605
f 2089/1926/1605 2153/1990/1668 2151/1989/1667
f 2153/1990/1668 2089/1926/1605 2090/1927/1606
f 2090/1927/1606 2154/1991/1669 2153/1990/1668
f 2154/1991/1669 2090/1927/1606 2091/1928/1607
f 2091/1928/1607 2155/1992/1670 2154/1991/1669
f 2155/1992/1670 2091/1928/1607 2092/1929/1608
f 2092/1929/1608 2156/1993/1671 2155/1992/1670
f 2156/1993/1671 2092/1929/1608 2093/1930/1609
f 2093/1930/1609 2157/1994/1672 2156/1993/1671
f 2157/1994/1672 2093/1930/1609 2094/1931/1610
f 2094/1931/1610 2158/1995/1673 2157/1994/1672
f 2158/1995/1673 2094/1931/1610 2095/1932/1611
f 2095/1932/1611 2159/1996/1674 2158/1995/1673
f 2159/1996/1674 2095/1932/1611 2096/1933/1612
f 2096/1933/1612 2160/1997/1675 2159/1996/1674
f 2160/1997/1675 2096/1933/1612 2097/1934/1613
f 2097/1934/1613 2161/1998/1676 2160/1997/1675
f 2163/1999/1676 2099/1935/1614 2098/1936/1615
f 2098/1936/1615 2162/2000/1677 2163/1999/1676
f 2162/2000/1677 2098/1936/1615 2100/1937/1616
f 2100/1937/1616 2164/2001/1678 2162/2000/1677
f 2164/2001/1678 2100/1937/1616 2101/1938/1617
f 2101/1938/1617 2165/2002/1679 2164/2001/1678
f 2165/2002/1679 2101/1938/1617 2102/1939/1618
f 2102/1939/1618 2166/2003/1680 2165/2002/1679
f 2166/2003/1680 2102/1939/1618 2103/1940/1619
f 2103/1940/1619 2167/2004/1681 2166/2003/1680
f 2167/2004/1681 2103/1940/1619 2104/1941/1620
f 2104/1941/1620 2168/2005/1682 2167/2004/1681
f 2168/2005/1682 2104/1941/1620 2105/1942/1621
f 2105/1942/1621 2169/2006/1683 2168/2005/1682
f 2169/2006/1683 2105/1942/1621 2106/1943/1622
f 2106/1943/1622 2170/2007/1684 2169/2006/1683
f 2170/2007/1684 2106/1943/1622 2107/1944/1623
f 2107/1944/1623 2171/2008/1685 2170/2007/1684
f 2171/2008/1685 2107/1944/1623 2108/1945/1624
f 2108/1945/1624 2172/2009/1686 2171/2008/1685
f 2172/2009/1686 2108/1945/1624 2046/1882/1564
f 2046/1882/1564 2110/1946/1625 2172/2009/1686
f 2174/2010/1687 2110/1946/1625 2109/1947/1626
f 2109/1947/1626 2173/2011/1688 2174/2010/1687
f 2173/2011/1688 2109/1947/1626 2111/1948/1627
f 2111/1948/1627 2175/2012/1689 2173/2011/1688
f 2175/2012/1689 2111/1948/1627 2112/1949/1628
f 2112/1949/1628 2176/2013/1690 2175/2012/1689
f 2176/2013/1690 2112/1949/1628 2113/1950/1629
f 2113/1950/1629 2177/2014/1691 2176/2013/1690
f 2177/2014/1691 2113/1950/1629 2114/1951/1630
f 2114/1951/1630 2178/2015/1692 2177/2014/1691
f 2178/2015/1692 2114/1951/1630 2115/1952/1631
f 2115/1952/1631 2179/2016/1693 2178/2015/1692
f 2179/2016/1693 2115/1952/1631 2116/1953/1632
f 2116/1953/1632 2180/2017/1694 2179/2016/1693
f 2180/2017/1694 2116/1953/1632 2117/1954/1633
f 2117/1954/1633 2181/2018/1695 2180/2017/1694
f 2181/2018/1695 2117/1954/1633 2118/1955/1634
f 2118/1955/1634 2182/2019/1696 2181/2018/1695
f 2184/2020/1696 2120/1956/1634 2119/1957/1635
f 2119/1957/1635 2183/2021/1697 2184/2020/1696
f 2183/2021/1697 2119/1957/1635 2121/1958/1636
f 2121/1958/1636 2185/2022/1698 2183/2021/1697
f 2185/2022/1698 2121/1958/1636 2122/1959/1637
f 2122/1959/1637 2186/2023/1699 2185/2022/1698
f 2186/2023/1699 2122/1959/1637 2123/1960/1638
f 2123/1960/1638 2187/2024/1700 2186/2023/1699
f 2187/2024/1700 2123/1960/1638 2124/1961/1639
f 2124/1961/1639 2188/2025/1701 2187/2024/1700
f 2188/2025/1701 2124/1961/1639 2125/1962/1640
f 2125/1962/1640 2189/2026/1702 2188/2025/1701
f 2189/2026/1702 2125/1962/1640 2126/1963/1641
f 2126/1963/1641 2190/2027/1703 2189/2026/1702
f 2190/2027/1703 2126/1963/1641 2127/1964/1642
f 2127/1964/1642 2191/2028/1704 2190/2027/1703
f 2191/2028/1704 2127/1964/1642 2128/1965/1643
f 2128/1965/1643 2192/2029/1705 2191/2028/1704
f 2192/2029/1705 2128/1965/1643 2129/1966/1644
f 2129/1966/1644 2193/2030/1706 2192/2029/1705
f 2195/2031/1706 2131/1967/1645 2130/1968/1646
f 2130/1968/1646 2194/2032/1707 2195/2031/1706
f 2194/2032/1707 2130/1968/1646 2132/1969/1647
f 2132/1969/1647 2196/2033/1708 2194/2032/1707
f 2196/2033/1708 2132/1969/1647 2133/1970/1648
f 2133/1970/1648 2197/2034/1709 2196/2033/1708
f 2197/2034/1709 2133/1970/1648 2134/1971/1649
f 2134/1971/1649 2198/2035/1710 2197/2034/1709
f 2198/2035/1710 2134/1971/1649 2135/1972/1650
f 2135/1972/1650 2199/2036/1711 2198/2035/1710
f 2199/2036/1711 2135/1972/1650 2136/1973/1651
f 2136/1973/1651 2200/2037/1712 2199/2036/1711
f 2200/2037/1712 2136/1973/1651 2137/1974/1652
f 2137/1974/1652 2201/2038/1713 2200/2037/1712
f 2201/2038/1713 2137/1974/1652 2138/1975/1653
f 2138/1975/1653 2202/2039/1714 2201/2038/1713
f 2202/2039/1714 2138/1975/1653 2139/1976/1654
f 2139/1976/1654 2203/2040/1715 2202/2039/1714
f 2203/2040/1715 2139/1976/1654 2140/1977/1655
f 2140/1977/1655 2204/2041/1716 2203/2040/1715
f 2204/2041/1716 2140/1977/1655 2141/1978/1656
f 2141/1978/1656 2205/2042/1717 2204/2041/1716
f 2205/2042/1717 2141/1978/1656 2142/1979/1657
f 2142/1979/1657 2206/2043/1718 2205/2042/1717
f 2206/2043/1718 2142/1979/1657 2143/1980/1658
f 2143/1980/1658 2207/2044/1719 2206/2043/1718
f 2207/2044/1719 2143/1980/1658 2144/1981/1659
f 2144/1981/1659 2208/2045/1720 2207/2044/1719
f 2208/2045/1720 2144/1981/1659 2145/1982/1660
f 2145/1982/1660 2209/2046/1721 2208/2045/1720
f 2209/2046/1721 2145/1982/1660 2146/1983/1661
f 2146/1983/1661 2210/2047/1722 2209/2046/1721
f 2210/2047/1722 2146/1983/1661 2147/1984/1662
f 2147/1984/1662 2211/2048/1723 2210/2047/1722
f 2211/2048/1723 2147/1984/1662 2148/1985/1663
f 2148/1985/1663 2212/2049/1724 2211/2048/1723
f 2212/2049/1724 2148/1985/1663 2149/1986/1664
f 2149/1986/1664 2213/2050/1725 2212/2049/1724
f 2213/2050/1725 2149/1986/1664 2150/1987/1665
f 2150/1987/1665 2214/2051/1726 2213/2050/1725
f 2216/2052/1727 2152/1988/1666 2151/1989/1667
f 2151/1989/1667 2215/2053/1728 2216/2052/1727
f 2215/2053/1728 2151/1989/1667 2153/1990/1668
f 2153/1990/1668 2217/2054/1729 2215/2053/1728
f 2217/2054/1729 2153/1990/1668 2154/1991/1669
f 2154/1991/1669 2218/2055/1730 2217/2054/1729
f 2218/2055/1730 2154/1991/1669 2155/1992/1670
f 2155/1992/1670 2219/2056/1731 2218/2055/1730
f 2219/2056/1731 2155/1992/1670 2156/1993/1671
f 2156/1993/1671 2220/2057/1732 2219/2056/1731
f 2220/2057/1732 2156/1993/1671 2157/1994/1672
f 2157/1994/1672 2221/2058/1733 2220/2057/1732
f 2221/2058/1733 2157/1994/1672 2158/1995/1673
f 2158/1995/1673 2222/2059/1734 2221/2058/1733
f 2222/2059/1734 2158/1995/1673 2159/1996/1674
f 2159/1996/1674 2223/2060/1735 2222/2059/1734
f 2223/2060/1735 2159/1996/1674 2160/1997/1675
f 2160/1997/1675 2224/2061/1736 2223/2060/1735
f 2224/2061/1736 2160/1997/1675 2161/1998/1676
f 2161/1998/1676 2225/2062/1737 2224/2061/1736
f 2227/2063/1737 2163/1999/1676 2162/2000/1677
f 2162/2000/1677 2226/2064/1738 2227/2063/1737
f 2226/2064/1738 2162/2000/1677 2164/2001/1678
f 2164/2001/1678 2228/2065/1739 2226/2064/1738
f 2228/2065/1739 2164/2001/1678 2165/2002/1679
f 2165/2002/1679 2229/2066/1740 2228/2065/1739
f 2229/2066/1740 2165/2002/1679 2166/2003/1680
f 2166/2003/1680 2230/2067/1741 2229/2066/1740
f 2230/2067/1741 2166/2003/1680 2167/2004/1681
f 2167/2004/1681 2231/2068/1742 2230/2067/1741
f 2231/2068/1742 2167/2004/1681 2168/2005/1682
f 2168/2005/1682 2232/2069/1743 2231/2068/1742
f 2232/2069/1743 2168/2005/1682 2169/2006/1683
f 2169/2006/1683 2233/2070/1744 2232/2069/1743
f 2233/2070/1744 2169/2006/1683 2170/2007/1684
f 2170/2007/1684 2234/2071/1745 2233/2070/1744
f 2234/2071/1745 2170/2007/1684 2171/2008/1685
f 2171/2008/1685 2235/2072/1746 2234/2071/1745
f 2235/2072/1746 2171/2008/1685 2172/2009/1686
f 2172/2009/1686 2236/2073/1747 2235/2072/1746
f 2236/2073/1747 2172/2009/1686 2110/1946/1625
f 2110/1946/1625 2174/2010/1687 2236/2073/1747
f 2238/2074/1748 2174/2010/1687 2173/2011/1688
f 2173/2011/1688 2237/2075/1749 2238/2074/1748
f 2237/2075/1749 2173/2011/1688 2175/2012/1689
f 2175/2012/1689 2239/2076/1750 2237/2075/1749
f 2239/2076/1750 2175/2012/1689 2176/2013/1690
f 2176/2013/1690 2240/2077/1751 2239/2076/1750
f 2240/2077/1751 2176/2013/1690 2177/2014/1691
f 2177/2014/1691 2241/2078/1752 2240/2077/1751
f 2241/2078/1752 2177/2014/1691 2178/2015/1692
f 2178/2015/1692 2242/2079/1753 2241/2078/1752
f 2242/2079/1753 2178/2015/1692 2179/2016/1693
f 2179/2016/1693 2243/2080/1754 2242/2079/1753
f 2243/2080/1754 2179/2016/1693 2180/2017/1694
f 2180/2017/1694 2244/2081/1755 2243/2080/1754
f 2244/2081/1755 2180/2017/1694 2181/2018/1695
f 2181/2018/1695 2245/2082/1756 2244/2081/1755
f 2248/2083/1757 2246/2084/1695 2184/2020/1696
f 2184/2020/1696 2247/2085/1758 2248/2083/1757
f 2247/2085/1758 2184/2020/1696 2183/2021/1697
f 2183/2021/1697 2249/2086/1759 2247/2085/1758
f 2249/2086/1759 2183/2021/1697 2185/2022/1698
f 2185/2022/1698 2250/2087/1760 2249/2086/1759
f 2250/2087/1760 2185/2022/1698 2186/2023/1699
f 2186/2023/1699 2251/2088/1761 2250/2087/1760
f 2251/2088/1761 2186/2023/1699 2187/2024/1700
f 2187/2024/1700 2252/2089/1762 2251/2088/1761
f 2252/2089/1762 2187/2024/1700 2188/2025/1701
f 2188/2025/1701 2253/2090/1763 2252/2089/1762
f 2253/2090/1763 2188/2025/1701 2189/2026/1702
f 2189/2026/1702 2254/2091/1764 2253/2090/1763
f 2254/2091/1764 2189/2026/1702 2190/2027/1703
f 2190/2027/1703 2255/2092/1765 2254/2091/1764
f 2255/2092/1765 2190/2027/1703 2191/2028/1704
f 2191/2028/1704 2256/2093/1766 2255/2092/1765
f 2256/2093/1766 2191/2028/1704 2192/2029/1705
f 2192/2029/1705 2257/2094/1767 2256/2093/1766
f 2257/2094/1767 2192/2029/1705 2193/2030/1706
f 2193/2030/1706 2258/2095/1768 2257/2094/1767
f 2258/2095/1768 2193/2030/1706 2259/2096/1707
f 2259/2096/1707 2260/2097/1769 2258/2095/1768
f 2262/2098/1770 2194/2032/1707 2196/2033/1708
f 2196/2033/1708 2261/2099/1771 2262/2098/1770
f 2261/2099/1771 2196/2033/1708 2197/2034/1709
f 2197/2034/1709 2263/2100/1772 2261/2099/1771
f 2263/2100/1772 2197/2034/1709 2198/2035/1710
f 2198/2035/1710 2264/2101/1773 2263/2100/1772
f 2264/2101/1773 2198/2035/1710 2199/2036/1711
f 2199/2036/1711 2265/2102/1774 2264/2101/1773
f 2265/2102/1774 2199/2036/1711 2200/2037/1712
f 2200/2037/1712 2266/2103/1775 2265/2102/1774
f 2266/2103/1775 2200/2037/1712 2201/2038/1713
f 2201/2038/1713 2267/2104/1776 2266/2103/1775
f 2267/2104/1776 2201/2038/1713 2202/2039/1714
f 2202/2039/1714 2268/2105/1777 2267/2104/1776
f 2268/2105/1777 2202/2039/1714 2203/2040/1715
f 2203/2040/1715 2269/2106/1778 2268/2105/1777
f 2269/2106/1778 2203/2040/1715 2204/2041/1716
f 2204/2041/1716 2270/2107/1779 2269/2106/1778
f 2270/2107/1779 2204/2041/1716 2205/2042/1717
f 2205/2042/1717 2271/2108/1780 2270/2107/1779
f 2271/2108/1780 2205/2042/1717 2206/2043/1718
f 2206/2043/1718 2272/2109/1781 2271/2108/1780
f 2272/2109/1781 2206/2043/1718 2207/2044/1719
f 2207/2044/1719 2273/2110/1782 2272/2109/1781
f 2273/2110/1782 2207/2044/1719 2208/2045/1720
f 2208/2045/1720 2274/2111/1783 2273/2110/1782
f 2274/2111/1783 2208/2045/1720 2209/2046/1721
f 2209/2046/1721 2275/2112/1784 2274/2111/1783
f 2275/2112/1784 2209/2046/1721 2210/2047/1722
f 2210/2047/1722 2276/2113/1785 2275/2112/1784
f 2276/2113/1785 2210/2047/1722 2211/2048/1723
f 2211/2048/1723 2277/2114/1786 2276/2113/1785
f 2277/2114/1786 2211/2048/1723 2212/2049/1724
f 2212/2049/1724 2278/2115/1787 2277/2114/1786
f 2278/2115/1787 2212/2049/1724 2213/2050/1725
f 2213/2050/1725 2279/2116/1788 2278/2115/1787
f 2282/2117/1789 2280/2118/1725 2216/2052/1727
f 2216/2052/1727 2281/2119/1790 2282/2117/1789
f 2281/2119/1790 2216/2052/1727 2215/2053/1728
f 2215/2053/1728 2283/2120/1791 2281/2119/1790
f 2283/2120/1791 2215/2053/1728 2217/2054/1729
f 2217/2054/1729 2284/2121/1792 2283/2120/1791
f 2284/2121/1792 2217/2054/1729 2218/2055/1730
f 2218/2055/1730 2285/2122/1793 2284/2121/1792
f 2285/2122/1793 2218/2055/1730 2219/2056/1731
f 2219/2056/1731 2286/2123/1794 2285/2122/1793
f 2286/2123/1794 2219/2056/1731 2220/2057/1732
f 2220/2057/1732 2287/2124/1795 2286/2123/1794
f 2287/2124/1795 2220/2057/1732 2221/2058/1733
f 2221/2058/1733 2288/2125/1796 2287/2124/1795
f 2288/2125/1796 2221/2058/1733 2222/2059/1734
f 2222/2059/1734 2289/2126/1797 2288/2125/1796
f 2289/2126/1797 2222/2059/1734 2223/2060/1735
f 2223/2060/1735 2290/2127/1798 2289/2126/1797
f 2290/2127/1798 2223/2060/1735 2224/2061/1736
f 2224/2061/1736 2291/2128/1799 2290/2127/1798
f 2291/2128/1799 2224/2061/1736 2225/2062/1737
f 2225/2062/1737 2292/2129/1800 2291/2128/1799
f 2292/2129/1800 2225/2062/1737 2293/2130/1738
f 2293/2130/1738 2294/2131/1801 2292/2129/1800
f 2296/2132/1801 2226/2064/1738 2228/2065/1739
f 2228/2065/1739 2295/2133/1802 2296/2132/1801
f 2295/2133/1802 2228/2065/1739 2229/2066/1740
f 2229/2066/1740 2297/2134/1803 2295/2133/1802
f 2297/2134/1803 2229/2066/1740 2230/2067/1741
f 2230/2067/1741 2298/2135/1804 2297/2134/1803
f 2298/2135/1804 2230/2067/1741 2231/2068/1742
f 2231/2068/1742 2299/2136/1805 2298/2135/1804
f 2299/2136/1805 2231/2068/1742 2232/2069/1743
f 2232/2069/1743 2300/2137/1806 2299/2136/1805
f 2300/2137/1806 2232/2069/1743 2233/2070/1744
f 2233/2070/1744 2301/2138/1807 2300/2137/1806
f 2301/2138/1807 2233/2070/1744 2234/2071/1745
f 2234/2071/1745 2302/2139/1808 2301/2138/1807
f 2302/2139/1808 2234/2071/1745 2235/2072/1746
f 2235/2072/1746 2303/2140/1809 2302/2139/1808
f 2303/2140/1809 2235/2072/1746 2236/2073/1747
f 2236/2073/1747 2304/2141/1810 2303/2140/1809
f 2304/2141/1810 2236/2073/1747 2174/2010/1687
f 2174/2010/1687 2238/2074/1748 2304/2141/1810
f 2308/2142/1811 2305/2143/1812 2306/2144/1749
f 2306/2144/1749 2307/2145/1813 2308/2142/1811
f 2307/2145/1813 2306/2144/1749 2309/2146/1814
f 2309/2146/1814 2310/2147/1815 2307/2145/1813
f 2310/2147/1815 2309/2146/1814 2311/2148/1751
f 2311/2148/1751 2312/2149/1816 2310/2147/1815
f 2312/2149/1816 2311/2148/1751 2313/2150/1752
f 2313/2150/1752 2314/2151/1817 2312/2149/1816
f 2314/2151/1817 2313/2150/1752 2315/2152/1818
f 2315/2152/1818 2316/2153/1819 2314/2151/1817
f 2316/2153/1819 2315/2152/1818 2317/2154/1820
f 2317/2154/1820 2318/2155/1821 2316/2153/1819
f 2318/2155/1821 2317/2154/1820 2319/2156/1755
f 2319/2156/1755 2320/2157/1822 2318/2155/1821
f 2320/2157/1822 2319/2156/1755 2321/2158/1757
f 2321/2158/1757 2322/2159/1823 2320/2157/1822
f 2322/2159/1823 2321/2158/1757 2323/2160/1824
f 2323/2160/1824 2324/2161/1825 2322/2159/1823
f 2324/2161/1825 2323/2160/1824 2325/2162/1826
f 2325/2162/1826 2326/2163/1827 2324/2161/1825
f 2326/2163/1827 2325/2162/1826 2327/2164/1760
f 2327/2164/1760 2328/2165/1828 2326/2163/1827
f 2328/2165/1828 2327/2164/1760 2329/2166/1761
f 2329/2166/1761 2330/2167/1829 2328/2165/1828
f 2330/2167/1829 2329/2166/1761 2331/2168/1762
f 2331/2168/1762 2332/2169/1830 2330/2167/1829
f 2332/2169/1830 2331/2168/1762 2333/2170/1763
f 2333/2170/1763 2334/2171/1831 2332/2169/1830
f 2334/2171/1831 2333/2170/1763 2335/2172/1764
f 2335/2172/1764 2336/2173/1832 2334/2171/1831
f 2336/2173/1832 2335/2172/1764 2337/2174/1765
f 2337/2174/1765 2338/2175/1833 2336/2173/1832
f 2338/2175/1833 2337/2174/1765 2339/2176/1766
f 2339/2176/1766 2340/2177/1834 2338/2175/1833
f 2340/2177/1834 2339/2176/1766 2341/2178/1767
f 2341/2178/1767 2342/2179/1835 2340/2177/1834
f 2342/2179/1835 2341/2178/1767 2343/2180/1836
f 2343/2180/1836 2344/2181/1837 2342/2179/1835
f 2344/2181/1837 2343/2180/1836 2345/2182/1769
f 2345/2182/1769 2346/2183/1838 2344/2181/1837
f 2346/2183/1838 2345/2182/1769 2347/2184/1771
f 2347/2184/1771 2348/2185/1839 2346/2183/1838
f 2348/2185/1839 2347/2184/1771 2349/2186/1840
f 2349/2186/1840 2350/2187/1841 2348/2185/1839
f 2350/2187/1841 2349/2186/1840 2351/2188/1842
f 2351/2188/1842 2352/2189/1843 2350/2187/1841
f 2352/2189/1843 2351/2188/1842 2353/2190/1774
f 2353/2190/1774 2354/2191/1844 2352/2189/1843
f 2354/2191/1844 2353/2190/1774 2355/2192/1775
f 2355/2192/1775 2356/2193/1845 2354/2191/1844
f 2356/2193/1845 2355/2192/1775 2357/2194/1776
f 2357/2194/1776 2358/2195/1846 2356/2193/1845
f 2358/2195/1846 2357/2194/1776 2359/2196/1777
f 2359/2196/1777 2360/2197/1847 2358/2195/1846
f 2360/2197/1847 2359/2196/1777 2361/2198/1778
f 2361/2198/1778 2362/2199/1848 2360/2197/1847
f 2362/2199/1848 2361/2198/1778 2363/2200/1779
f 2363/2200/1779 2364/2201/1849 2362/2199/1848
f 2364/2201/1849 2363/2200/1779 2365/2202/1780
f 2365/2202/1780 2366/2203/1850 2364/2201/1849
f 2366/2203/1850 2365/2202/1780 2367/2204/1781
f 2367/2204/1781 2368/2205/1851 2366/2203/1850
f 2368/2205/1851 2367/2204/1781 2369/2206/1782
f 2369/2206/1782 2370/2207/1852 2368/2205/1851
f 2370/2207/1852 2369/2206/1782 2371/2208/1783
f 2371/2208/1783 2372/2209/1853 2370/2207/1852
f 2372/2209/1853 2371/2208/1783 2373/2210/1854
f 2373/2210/1854 2374/2211/1855 2372/2209/1853
f 2374/2211/1855 2373/2210/1854 2375/2212/1856
f 2375/2212/1856 2376/2213/1857 2374/2211/1855
f 2376/2213/1857 2375/2212/1856 2377/2214/1858
f 2377/2214/1858 2378/2215/1859 2376/2213/1857
f 2378/2215/1859 2377/2214/1858 2379/2216/1787
f 2379/2216/1787 2380/2217/1860 2378/2215/1859
f 2380/2217/1860 2379/2216/1787 2381/2218/1789
f 2381/2218/1789 2382/2219/1861 2380/2217/1860
f 2382/2219/1861 2381/2218/1789 2383/2220/1790
f 2383/2220/1790 2384/2221/1862 2382/2219/1861
f 2384/2221/1862 2383/2220/1790 2385/2222/1863
f 2385/2222/1863 2386/2223/1864 2384/2221/1862
f 2386/2223/1864 2385/2222/1863 2387/2224/1792
f 2387/2224/1792 2388/2225/1865 2386/2223/1864
f 2388/2225/1865 2387/2224/1792 2389/2226/1793
f 2389/2226/1793 2390/2227/1866 2388/2225/1865
f 2390/2227/1866 2389/2226/1793 2391/2228/1794
f 2391/2228/1794 2392/2229/1867 2390/2227/1866
f 2392/2229/1867 2391/2228/1794 2393/2230/1868
f 2393/2230/1868 2394/2231/1869 2392/2229/1867
f 2394/2231/1869 2393/2230/1868 2395/2232/1796
f 2395/2232/1796 2396/2233/1870 2394/2231/1869
f 2396/2233/1870 2395/2232/1796 2397/2234/1797
f 2397/2234/1797 2398/2235/1871 2396/2233/1870
f 2398/2235/1871 2397/2234/1797 2399/2236/1798
f 2399/2236/1798 2400/2237/1872 2398/2235/1871
f 2400/2237/1872 2399/2236/1798 2401/2238/1873
f 2401/2238/1873 2402/2239/1874 2400/2237/1872
f 2402/2239/1874 2401/2238/1873 2403/2240/1875
f 2403/2240/1875 2404/2241/1876 2402/2239/1874
f 2404/2241/1876 2403/2240/1875 2405/2242/1801
f 2405/2242/1801 2406/2243/1877 2404/2241/1876
f 2406/2243/1877 2405/2242/1801 2407/2244/1878
f 2407/2244/1878 2408/2245/1879 2406/2243/1877
f 2408/2245/1879 2407/2244/1878 2409/2246/1803
f 2409/2246/1803 2410/2247/1880 2408/2245/1879
f 2410/2247/1880 2409/2246/1803 2411/2248/1804
f 2411/2248/1804 2412/2249/1881 2410/2247/1880
f 2412/2249/1881 2411/2248/1804 2413/2250/1882
f 2413/2250/1882 2414/2251/1883 2412/2249/1881
f 2414/2251/1883 2413/2250/1882 2415/2252/1806
f 2415/2252/1806 2416/2253/1884 2414/2251/1883
f 2416/2253/1884 2415/2252/1806 2417/2254/1885
f 2417/2254/1885 2418/2255/1886 2416/2253/1884
f 2418/2255/1886 2417/2254/1885 2419/2256/1808
f 2419/2256/1808 2420/2257/1887 2418/2255/1886
f 2420/2257/1887 2419/2256/1808 2421/2258/1888
f 2421/2258/1888 2422/2259/1889 2420/2257/1887
f 2422/2259/1889 2421/2258/1888 2423/2260/1810
f 2423/2260/1810 2424/2261/1890 2422/2259/1889
f 2424/2261/1890 2423/2260/1810 2305/2143/1812
f 2305/2143/1812 2308/2142/1811 2424/2261/1890
f 2426/2262/1891 2308/2142/1811 2307/2145/1813
f 2307/2145/1813 2425/2263/1892 2426/2262/1891
f 2425/2263/1892 2307/2145/1813 2310/2147/1815
f 2310/2147/1815 2427/2264/1893 2425/2263/1892
f 2427/2264/1893 2310/2147/1815 2312/2149/1816
f 2312/2149/1816 2428/2265/1894 2427/2264/1893
f 2428/2265/1894 2312/2149/1816 2314/2151/1817
f 2314/2151/1817 2429/2266/1895 2428/2265/1894
f 2429/2266/1895 2314/2151/1817 2316/2153/1819
f 2316/2153/1819 2430/2267/1896 2429/2266/1895
f 2430/2267/1896 2316/2153/1819 2318/2155/1821
f 2318/2155/1821 2431/2268/1897 2430/2267/1896
f 2431/2268/1897 2318/2155/1821 2320/2157/1822
f 2320/2157/1822 2432/2269/1898 2431/2268/1897
f 2432/2269/1898 2320/2157/1822 2322/2159/1823
f 2322/2159/1823 2433/2270/1899 2432/2269/1898
f 2433/2270/1899 2322/2159/1823 2324/2161/1825
f 2324/2161/1825 2434/2271/1900 2433/2270/1899
f 2434/2271/1900 2324/2161/1825 2326/2163/1827
f 2326/2163/1827 2435/2272/1901 2434/2271/1900
f 2435/2272/1901 2326/2163/1827 2328/2165/1828
f 2328/2165/1828 2436/2273/1902 2435/2272/1901
f 2436/2273/1902 2328/2165/1828 2330/2167/1829
f 2330/2167/1829 2437/2274/1903 2436/2273/1902
f 2437/2274/1903 2330/2167/1829 2332/2169/1830
f 2332/2169/1830 2438/2275/1904 2437/2274/1903
f 2438/2275/1904 2332/2169/1830 2334/2171/1831
f 2334/2171/1831 2439/2276/1905 2438/2275/1904
f 2439/2276/1905 2334/2171/1831 2336/2173/1832
f 2336/2173/1832 2440/2277/1906 2439/2276/1905
f 2440/2277/1906 2336/2173/1832 2338/2175/1833
f 2338/2175/1833 2441/2278/1907 2440/2277/1906
f 2441/2278/1907 2338/2175/1833 2340/2177/1834
f 2340/2177/1834 2442/2279/1908 2441/2278/1907
f 2442/2279/1908 2340/2177/1834 2342/2179/1835
f 2342/2179/1835 2443/2280/1909 2442/2279/1908
f 2443/2280/1909 2342/2179/1835 2344/2181/1837
f 2344/2181/1837 2444/2281/1910 2443/2280/1909
f 2444/2281/1910 2344/2181/1837 2346/2183/1838
f 2346/2183/1838 2445/2282/1911 2444/2281/1910
f 2445/2282/1911 2346/2183/1838 2348/2185/1839
f 2348/2185/1839 2446/2283/1912 2445/2282/1911
f 2446/2283/1912 2348/2185/1839 2350/2187/1841
f 2350/2187/1841 2447/2284/1913 2446/2283/1912
f 2447/2284/1913 2350/2187/1841 2352/2189/1843
f 2352/2189/1843 2448/2285/1914 2447/2284/1913
f 2448/2285/1914 2352/2189/1843 2354/2191/1844
f 2354/2191/1844 2449/2286/1915 2448/2285/1914
f 2449/2286/1915 2354/2191/1844 2356/2193/1845
f 2356/2193/1845 2450/2287/1916 2449/2286/1915
f 2450/2287/1916 2356/2193/1845 2358/2195/1846
f 2358/2195/1846 2451/2288/1917 2450/2287/1916
f 2451/2288/1917 2358/2195/1846 2360/2197/1847
f 2360/2197/1847 2452/2289/1918 2451/2288/1917
f 2452/2289/1918 2360/2197/1847 2362/2199/1848
f 2362/2199/1848 2453/2290/1919 2452/2289/1918
f 2453/2290/1919 2362/2199/1848 2364/2201/1849
f 2364/2201/1849 2454/2291/1920 2453/2290/1919
f 2454/2291/1920 2364/2201/1849 2366/2203/1850
f 2366/2203/1850 2455/2292/1921 2454/2291/1920
f 2455/2292/1921 2366/2203/1850 2368/2205/1851
f 2368/2205/1851 2456/2293/1922 2455/2292/1921
f 2456/2293/1922 2368/2205/1851 2370/2207/1852
f 2370/2207/1852 2457/2294/1923 2456/2293/1922
f 2457/2294/1923 2370/2207/1852 2372/2209/1853
f 2372/2209/1853 2458/2295/1924 2457/2294/1923
f 2458/2295/1924 2372/2209/1853 2374/2211/1855
f 2374/2211/1855 2459/2296/1925 2458/2295/1924
f 2459/2296/1925 2374/2211/1855 2376/2213/1857
f 2376/2213/1857 2460/2297/1926 2459/2296/1925
f 2460/2297/1926 2376/2213/1857 2378/2215/1859
f 2378/2215/1859 2461/2298/1927 2460/2297/1926
f 2461/2298/1927 2378/2215/1859 2380/2217/1860
f 2380/2217/1860 2462/2299/1928 2461/2298/1927
f 2462/2299/1928 2380/2217/1860 2382/2219/1861
f 2382/2219/1861 2463/2300/1929 2462/2299/1928
f 2463/2300/1929 2382/2219/1861 2384/2221/1862
f 2384/2221/1862 2464/2301/1930 2463/2300/1929
f 2464/2301/1930 2384/2221/1862 2386/2223/1864
f 2386/2223/1864 2465/2302/1931 2464/2301/1930
f 2465/2302/1931 2386/2223/1864 2388/2225/1865
f 2388/2225/1865 2466/2303/1932 2465/2302/1931
f 2466/2303/1932 2388/2225/1865 2390/2227/1866
f 2390/2227/1866 2467/2304/1933 2466/2303/1932
f 2467/2304/1933 2390/2227/1866 2392/2229/1867
f 2392/2229/1867 2468/2305/1934 2467/2304/1933
f 2468/2305/1934 2392/2229/1867 2394/2231/1869
f 2394/2231/1869 2469/2306/1935 2468/2305/1934
f 2469/2306/1935 2394/2231/1869 2396/2233/1870
f 2396/2233/1870 2470/2307/1936 2469/2306/1935
f 2470/2307/1936 2396/2233/1870 2398/2235/1871
f 2398/2235/1871 2471/2308/1937 2470/2307/1936
f 2471/2308/1937 2398/2235/1871 2400/2237/1872
f 2400/2237/1872 2472/2309/1938 2471/2308/1937
f 2472/2309/1938 2400/2237/1872 2402/2239/1874
f 2402/2239/1874 2473/2310/1939 2472/2309/1938
f 2473/2310/1939 2402/2239/1874 2404/2241/1876
f 2404/2241/1876 2474/2311/1940 2473/2310/1939
f 2474/2311/1940 2404/2241/1876 2406/2243/1877
f 2406/2243/1877 2475/2312/1941 2474/2311/1940
f 2475/2312/1941 2406/2243/1877 2408/2245/1879
f 2408/2245/1879 2476/2313/1942 2475/2312/1941
f 2476/2313/1942 2408/2245/1879 2410/2247/1880
f 2410/2247/1880 2477/2314/1943 2476/2313/1942
f 2477/2314/1943 2410/2247/1880 2412/2249/1881
f 2412/2249/1881 2478/2315/1944 2477/2314/1943
f 2478/2315/1944 2412/2249/1881 2414/2251/1883
f 2414/2251/1883 2479/2316/1945 2478/2315/1944
f 2479/2316/1945 2414/2251/1883 2416/2253/1884
f 2416/2253/1884 2480/2317/1946 2479/2316/1945
f 2480/2317/1946 2416/2253/1884 2418/2255/1886
f 2418/2255/1886 2481/2318/1947 2480/2317/1946
f 2481/2318/1947 2418/2255/1886 2420/2257/1887
f 2420/2257/1887 2482/2319/1948 2481/2318/1947
f 2482/2319/1948 2420/2257/1887 2422/2259/1889
f 2422/2259/1889 2483/2320/1949 2482/2319/1948
f 2483/2320/1949 2422/2259/1889 2424/2261/1890
f 2424/2261/1890 2484/2321/1950 2483/2320/1949
f 2484/2321/1950 2424/2261/1890 2308/2142/1811
f 2308/2142/1811 2426/2262/1891 2484/2321/1950
f 2486/2322/1951 2426/2262/1891 2425/2263/1892
f 2425/2263/1892 2485/2323/1952 2486/2322/1951
f 2485/2323/1952 2425/2263/1892 2427/2264/1893
f 2427/2264/1893 2487/2324/1953 2485/2323/1952
f 2487/2324/1953 2427/2264/1893 2428/2265/1894
f 2428/2265/1894 2488/2325/1954 2487/2324/1953
f 2488/2325/1954 2428/2265/1894 2429/2266/1895
f 2429/2266/1895 2489/2326/1955 2488/2325/1954
f 2489/2326/1955 2429/2266/1895 2430/2267/1896
f 2430/2267/1896 2490/2327/1956 2489/2326/1955
f 2490/2327/1956 2430/2267/1896 2431/2268/1897
f 2431/2268/1897 2491/2328/1957 2490/2327/1956
f 2491/2328/1957 2431/2268/1897 2432/2269/1898
f 2432/2269/1898 2492/2329/1958 2491/2328/1957
f 2492/2329/1958 2432/2269/1898 2433/2270/1899
f 2433/2270/1899 2493/2330/1959 2492/2329/1958
f 2493/2330/1959 2433/2270/1899 2434/2271/1900
f 2434/2271/1900 2494/2331/1960 2493/2330/1959
f 2494/2331/1960 2434/2271/1900 2435/2272/1901
f 2435/2272/1901 2495/2332/1961 2494/2331/1960
f 2495/2332/1961 2435/2272/1901 2436/2273/1902
f 2436/2273/1902 2496/2333/1962 2495/2332/1961
f 2496/2333/1962 2436/2273/1902 2437/2274/1903
f 2437/2274/1903 2497/2334/1963 2496/2333/1962
f 2497/2334/1963 2437/2274/1903 2438/2275/1904
f 2438/2275/1904 2498/2335/1964 2497/2334/1963
f 2498/2335/1964 2438/2275/1904 2439/2276/1905
f 2439/2276/1905 2499/2336/1965 2498/2335/1964
f 2499/2336/1965 2439/2276/1905 2440/2277/1906
f 2440/2277/1906 2500/2337/1966 2499/2336/1965
f 2500/2337/1966 2440/2277/1906 2441/2278/1907
f 2441/2278/1907 2501/2338/1967 2500/2337/1966
f 2501/2338/1967 2441/2278/1907 2442/2279/1908
f 2442/2279/1908 2502/2339/1968 2501/2338/1967
f 2502/2339/1968 2442/2279/1908 2443/2280/1909
f 2443/2280/1909 2503/2340/1969 2502/2339/1968
f 2503/2340/1969 2443/2280/1909 2444/2281/1910
f 2444/2281/1910 2504/2341/1970 2503/2340/1969
f 2504/2341/1970 2444/2281/1910 2445/2282/1911
f 2445/2282/1911 2505/2342/1971 2504/2341/1970
f 2505/2342/1971 2445/2282/1911 2446/2283/1912
f 2446/2283/1912 2506/2343/1972 2505/2342/1971
f 2506/2343/1972 2446/2283/1912 2447/2284/1913
f 2447/2284/1913 2507/2344/1973 2506/2343/1972
f 2507/2344/1973 2447/2284/1913 2448/2285/1914
f 2448/2285/1914 2508/2345/1974 2507/2344/1973
f 2508/2345/1974 2448/2285/1914 2449/2286/1915
f 2449/2286/1915 2509/2346/1975 2508/2345/1974
f 2509/2346/1975 2449/2286/1915 2450/2287/1916
f 2450/2287/1916 2510/2347/1976 2509/2346/1975
f 2510/2347/1976 2450/2287/1916 2451/2288/1917
f 2451/2288/1917 2511/2348/1977 2510/2347/1976
f 2511/2348/1977 2451/2288/1917 2452/2289/1918
f 2452/2289/1918 2512/2349/1978 2511/2348/1977
f 2512/2349/1978 2452/2289/1918 2453/2290/1919
f 2453/2290/1919 2513/2350/1979 2512/2349/1978
f 2513/2350/1979 2453/2290/1919 2454/2291/1920
f 2454/2291/1920 2514/2351/1980 2513/2350/1979
f 2514/2351/1980 2454/2291/1920 2455/2292/1921
f 2455/2292/1921 2515/2352/1981 2514/2351/1980
f 2515/2352/1981 2455/2292/1921 2456/2293/1922
f 2456/2293/1922 2516/2353/1982 2515/2352/1981
f 2516/2353/1982 2456/2293/1922 2457/2294/1923
f 2457/2294/1923 2517/2354/1983 2516/2353/1982
f 2517/2354/1983 2457/2294/1923 2458/2295/1924
f 2458/2295/1924 2518/2355/1984 2517/2354/1983
f 2518/2355/1984 2458/2295/1924 2459/2296/1925
f 2459/2296/1925 2519/2356/1985 2518/2355/1984
f 2519/2356/1985 2459/2296/1925 2460/2297/1926
f 2460/2297/1926 2520/2357/1986 2519/2356/1985
f 2520/2357/1986 2460/2297/1926 2461/2298/1927
f 2461/2298/1927 2521/2358/1987 2520/2357/1986
f 2521/2358/1987 2461/2298/1927 2462/2299/1928
f 2462/2299/1928 2522/2359/1988 2521/2358/1987
f 2522/2359/1988 2462/2299/1928 2463/2300/1929
f 2463/2300/1929 2523/2360/1989 2522/2359/1988
f 2523/2360/1989 2463/2300/1929 2464/2301/1930
f 2464/2301/1930 2524/2361/1990 2523/2360/1989
f 2524/2361/1990 2464/2301/1930 2465/2302/1931
f 2465/2302/1931 2525/2362/1991 2524/2361/1990
f 2525/2362/1991 2465/2302/1931 2466/2303/1932
f 2466/2303/1932 2526/2363/1992 2525/2362/1991
f 2526/2363/1992 2466/2303/1932 2467/2304/1933
f 2467/2304/1933 2527/2364/1993 2526/2363/1992
f 2527/2364/1993 2467/2304/1933 2468/2305/1934
f 2468/2305/1934 2528/2365/1994 2527/2364/1993
f 2528/2365/1994 2468/2305/1934 2469/2306/1935
f 2469/2306/1935 2529/2366/1995 2528/2365/1994
f 2529/2366/1995 2469/2306/1935 2470/2307/1936
f 2470/2307/1936 2530/2367/1996 2529/2366/1995
f 2530/2367/1996 2470/2307/1936 2471/2308/1937
f 2471/2308/1937 2531/2368/1997 2530/2367/1996
f 2531/2368/1997 2471/2308/1937 2472/2309/1938
f 2472/2309/1938 2532/2369/1998 2531/2368/1997
f 2532/2369/1998 2472/2309/1938 2473/2310/1939
f 2473/2310/1939 2533/2370/1999 2532/2369/1998
f 2533/2370/1999 2473/2310/1939 2474/2311/1940
f 2474/2311/1940 2534/2371/2000 2533/2370/1999
f 2534/2371/2000 2474/2311/1940 2475/2312/1941
f 2475/2312/1941 2535/2372/2001 2534/2371/2000
f 2535/2372/2001 2475/2312/1941 2476/2313/1942
f 2476/2313/1942 2536/2373/2002 2535/2372/2001
f 2536/2373/2002 2476/2313/1942 2477/2314/1943
f 2477/2314/1943 2537/2374/2003 2536/2373/2002
f 2537/2374/2003 2477/2314/1943 2478/2315/1944
f 2478/2315/1944 2538/2375/2004 2537/2374/2003
f 2538/2375/2004 2478/2315/1944 2479/2316/1945
f 2479/2316/1945 2539/2376/2005 2538/2375/2004
f 2539/2376/2005 2479/2316/1945 2480/2317/1946
f 2480/2317/1946 2540/2377/2006 2539/2376/2005
f 2540/2377/2006 2480/2317/1946 2481/2318/1947
f 2481/2318/1947 2541/2378/2007 2540/2377/2006
f 2541/2378/2007 2481/2318/1947 2482/2319/1948
f 2482/2319/1948 2542/2379/2008 2541/2378/2007
f 2542/2379/2008 2482/2319/1948 2483/2320/1949
f 2483/2320/1949 2543/2380/2009 2542/2379/2008
f 2543/2380/2009 2483/2320/1949 2484/2321/1950
f 2484/2321/1950 2544/2381/2010 2543/2380/2009
f 2544/2381/2010 2484/2321/1950 2426/2262/1891
f 2426/2262/1891 2486/2322/1951 2544/2381/2010
f 2546/2382/2011 2486/2322/1951 2485/2323/1952
f 2485/2323/1952 2545/2383/2012 2546/2382/2011
f 2545/2383/2012 2485/2323/1952 2487/2324/1953
f 2487/2324/1953 2547/2384/2013 2545/2383/2012
f 2547/2384/2013 2487/2324/1953 2488/2325/1954
f 2488/2325/1954 2548/2385/2014 2547/2384/2013
f 2548/2385/2014 2488/2325/1954 2489/2326/1955
f 2489/2326/1955 2549/2386/2015 2548/2385/2014
f 2549/2386/2015 2489/2326/1955 2490/2327/1956
f 2490/2327/1956 2550/2387/2016 2549/2386/2015
f 2550/2387/2016 2490/2327/1956 2491/2328/1957
f 2491/2328/1957 2551/2388/2017 2550/2387/2016
f 2551/2388/2017 2491/2328/1957 2492/2329/1958
f 2492/2329/1958 2552/2389/2018 2551/2388/2017
f 2552/2389/2018 2492/2329/1958 2493/2330/1959
f 2493/2330/1959 2553/2390/2019 2552/2389/2018
f 2553/2390/2019 2493/2330/1959 2494/2331/1960
f 2494/2331/1960 2554/2391/2020 2553/2390/2019
f 2554/2391/2020 2494/2331/1960 2495/2332/1961
f 2495/2332/1961 2555/2392/2021 2554/2391/2020
f 2555/2392/2021 2495/2332/1961 2496/2333/1962
f 2496/2333/1962 2556/2393/2022 2555/2392/2021
f 2556/2393/2022 2496/2333/1962 2497/2334/1963
f 2497/2334/1963 2557/2394/2023 2556/2393/2022
f 2557/2394/2023 2497/2334/1963 2498/2335/1964
f 2498/2335/1964 2558/2395/2024 2557/2394/2023
f 2558/2395/2024 2498/2335/1964 2499/2336/1965
f 2499/2336/1965 2559/2396/2025 2558/2395/2024
f 2559/2396/2025 2499/2336/1965 2500/2337/1966
f 2500/2337/1966 2560/2397/2026 2559/2396/2025
f 2560/2397/2026 2500/2337/1966 2501/2338/1967
f 2501/2338/1967 2561/2398/2027 2560/2397/2026
f 2561/2398/2027 2501/2338/1967 2502/2339/1968
f 2502/2339/1968 2562/2399/2028 2561/2398/2027
f 2562/2399/2028 2502/2339/1968 2503/2340/1969
f 2503/2340/1969 2563/2400/2029 2562/2399/2028
f 2563/2400/2029 2503/2340/1969 2504/2341/1970
f 2504/2341/1970 2564/2401/2030 2563/2400/2029
f 2564/2401/2030 2504/2341/1970 2505/2342/1971
f 2505/2342/1971 2565/2402/2031 2564/2401/2030
f 2565/2402/2031 2505/2342/1971 2506/2343/1972
f 2506/2343/1972 2566/2403/2032 2565/2402/2031
f 2566/2403/2032 2506/2343/1972 2507/2344/1973
f 2507/2344/1973 2567/2404/2033 2566/2403/2032
f 2567/2404/2033 2507/2344/1973 2508/2345/1974
f 2508/2345/1974 2568/2405/2034 2567/2404/2033
f 2568/2405/2034 2508/2345/1974 2509/2346/1975
f 2509/2346/1975 2569/2406/2035 2568/2405/2034
f 2569/2406/2035 2509/2346/1975 2510/2347/1976
f 2510/2347/1976 2570/2407/2036 2569/2406/2035
f 2570/2407/2036 2510/2347/1976 2511/2348/1977
f 2511/2348/1977 2571/2408/2037 2570/2407/2036
f 2571/2408/2037 2511/2348/1977 2512/2349/1978
f 2512/2349/1978 2572/2409/2038 2571/2408/2037
f 2572/2409/2038 2512/2349/1978 2513/2350/1979
f 2513/2350/1979 2573/2410/2039 2572/2409/2038
f 2573/2410/2039 2513/2350/1979 2514/2351/1980
f 2514/2351/1980 2574/2411/2040 2573/2410/2039
f 2574/2411/2040 2514/2351/1980 2515/2352/1981
f 2515/2352/1981 2575/2412/2041 2574/2411/2040
f 2575/2412/2041 2515/2352/1981 2516/2353/1982
f 2516/2353/1982 2576/2413/2042 2575/2412/2041
f 2576/2413/2042 2516/2353/1982 2517/2354/1983
f 2517/2354/1983 2577/2414/2043 2576/2413/2042
f 2577/2414/2043 2517/2354/1983 2518/2355/1984
f 2518/2355/1984 2578/2415/2044 2577/2414/2043
f 2578/2415/2044 2518/2355/1984 2519/2356/1985
f 2519/2356/1985 2579/2416/2045 2578/2415/2044
f 2579/2416/2045 2519/2356/1985 2520/2357/1986
f 2520/2357/1986 2580/2417/2046 2579/2416/2045
f 2580/2417/2046 2520/2357/1986 2521/2358/1987
f 2521/2358/1987 2581/2418/2047 2580/2417/2046
f 2581/2418/2047 2521/2358/1987 2522/2359/1988
f 2522/2359/1988 2582/2419/2048 2581/2418/2047
f 2582/2419/2048 2522/2359/1988 2523/2360/1989
f 2523/2360/1989 2583/2420/2049 2582/2419/2048
f 2583/2420/2049 2523/2360/1989 2524/2361/1990
f 2524/2361/1990 2584/2421/2050 2583/2420/2049
f 2584/2421/2050 2524/2361/1990 2525/2362/1991
f 2525/2362/1991 2585/2422/2051 2584/2421/2050
f 2585/2422/2051 2525/2362/1991 2526/2363/1992
f 2526/2363/1992 2586/2423/2052 2585/2422/2051
f 2586/2423/2052 2526/2363/1992 2527/2364/1993
f 2527/2364/1993 2587/2424/2053 2586/2423/2052
f 2587/2424/2053 2527/2364/1993 2528/2365/1994
f 2528/2365/1994 2588/2425/2054 2587/2424/2053
f 2588/2425/2054 2528/2365/1994 2529/2366/1995
f 2529/2366/1995 2589/2426/2055 2588/2425/2054
f 2589/2426/2055 2529/2366/1995 2530/2367/1996
f 2530/2367/1996 2590/2427/2056 2589/2426/2055
f 2590/2427/2056 2530/2367/1996 2531/2368/1997
f 2531/2368/1997 2591/2428/2057 2590/2427/2056
f 2591/2428/2057 2531/2368/1997 2532/2369/1998
f 2532/2369/1998 2592/2429/2058 2591/2428/2057
f 2592/2429/2058 2532/2369/1998 2533/2370/1999
f 2533/2370/1999 2593/2430/2059 2592/2429/2058
f 2593/2430/2059 2533/2370/1999 2534/2371/2000
f 2534/2371/2000 2594/2431/2060 2593/2430/2059
f 2594/2431/2060 2534/2371/2000 2535/2372/2001
f 2535/2372/2001 2595/2432/2061 2594/2431/2060
f 2595/2432/2061 2535/2372/2001 2536/2373/2002
f 2536/2373/2002 2596/2433/2062 2595/2432/2061
f 2596/2433/2062 2536/2373/2002 2537/2374/2003
f 2537/2374/2003 2597/2434/2063 2596/2433/2062
f 2597/2434/2063 2537/2374/2003 2538/2375/2004
f 2538/2375/2004 2598/2435/2064 2597/2434/2063
f 2598/2435/2064 2538/2375/2004 2539/2376/2005
f 2539/2376/2005 2599/2436/2065 2598/2435/2064
f 2599/2436/2065 2539/2376/2005 2540/2377/2006
f 2540/2377/2006 2600/2437/2066 2599/2436/2065
f 2600/2437/2066 2540/2377/2006 2541/2378/2007
f 2541/2378/2007 2601/2438/2067 2600/2437/2066
f 2601/2438/2067 2541/2378/2007 2542/2379/2008
f 2542/2379/2008 2602/2439/2068 2601/2438/2067
f 2602/2439/2068 2542/2379/2008 2543/2380/2009
f 2543/2380/2009 2603/2440/2069 2602/2439/2068
f 2603/2440/2069 2543/2380/2009 2544/2381/2010
f 2544/2381/2010 2604/2441/2070 2603/2440/2069
f 2604/2441/2070 2544/2381/2010 2486/2322/1951
f 2486/2322/1951 2546/2382/2011 2604/2441/2070
f 2606/2442/2071 2546/2382/2011 2545/2383/2012
f 2545/2383/2012 2605/2443/2072 2606/2442/2071
f 2605/2443/2072 2545/2383/2012 2547/2384/2013
f 2547/2384/2013 2607/2444/2073 2605/2443/2072
f 2607/2444/2073 2547/2384/2013 2548/2385/2014
f 2548/2385/2014 2608/2445/2074 2607/2444/2073
f 2608/2445/2074 2548/2385/2014 2549/2386/2015
f 2549/2386/2015 2609/2446/2075 2608/2445/2074
f 2609/2446/2075 2549/2386/2015 2550/2387/2016
f 2550/2387/2016 2610/2447/2076 2609/2446/2075
f 2610/2447/2076 2550/2387/2016 2551/2388/2017
f 2551/2388/2017 2611/2448/2077 2610/2447/2076
f 2611/2448/2077 2551/2388/2017 2552/2389/2018
f 2552/2389/2018 2612/2449/2078 2611/2448/2077
f 2612/2449/2078 2552/2389/2018 2553/2390/2019
f 2553/2390/2019 2613/2450/2079 2612/2449/2078
f 2613/2450/2079 2553/2390/2019 2554/2391/2020
f 2554/2391/2020 2614/2451/2080 2613/2450/2079
f 2614/2451/2080 2554/2391/2020 2555/2392/2021
f 2555/2392/2021 2615/2452/2081 2614/2451/2080
f 2615/2452/2081 2555/2392/2021 2556/2393/2022
f 2556/2393/2022 2616/2453/2082 2615/2452/2081
f 2616/2453/2082 2556/2393/2022 2557/2394/2023
f 2557/2394/2023 2617/2454/2083 2616/2453/2082
f 2617/2454/2083 2557/2394/2023 2558/2395/2024
f 2558/2395/2024 2618/2455/2084 2617/2454/2083
f 2618/2455/2084 2558/2395/2024 2559/2396/2025
f 2559/2396/2025 2619/2456/2085 2618/2455/2084
f 2619/2456/2085 2559/2396/2025 2560/2397/2026
f 2560/2397/2026 2620/2457/2086 2619/2456/2085
f 2620/2457/2086 2560/2397/2026 2561/2398/2027
f 2561/2398/2027 2621/2458/2087 2620/2457/2086
f 2621/2458/2087 2561/2398/2027 2562/2399/2028
f 2562/2399/2028 2622/2459/2088 2621/2458/2087
f 2622/2459/2088 2562/2399/2028 2563/2400/2029
f 2563/2400/2029 2623/2460/2089 2622/2459/2088
f 2623/2460/2089 2563/2400/2029 2564/2401/2030
f 2564/2401/2030 2624/2461/2090 2623/2460/2089
f 2624/2461/2090 2564/2401/2030 2565/2402/2031
f 2565/2402/2031 2625/2462/2091 2624/2461/2090
f 2625/2462/2091 2565/2402/2031 2566/2403/2032
f 2566/2403/2032 2626/2463/2092 2625/2462/2091
f 2626/2463/2092 2566/2403/2032 2567/2404/2033
f 2567/2404/2033 2627/2464/2093 2626/2463/2092
f 2627/2464/2093 2567/2404/2033 2568/2405/2034
f 2568/2405/2034 2628/2465/2094 2627/2464/2093
f 2628/2465/2094 2568/2405/2034 2569/2406/2035
f 2569/2406/2035 2629/2466/2095 2628/2465/2094
f 2629/2466/2095 2569/2406/2035 2570/2407/2036
f 2570/2407/2036 2630/2467/2096 2629/2466/2095
f 2630/2467/2096 2570/2407/2036 2571/2408/2037
f 2571/2408/2037 2631/2468/2097 2630/2467/2096
f 2631/2468/2097 2571/2408/2037 2572/2409/2038
f 2572/2409/2038 2632/2469/2098 2631/2468/2097
f 2632/2469/2098 2572/2409/2038 2573/2410/2039
f 2573/2410/2039 2633/2470/2099 2632/2469/2098
f 2633/2470/2099 2573/2410/2039 2574/2411/2040
f 2574/2411/2040 2634/2471/2100 2633/2470/2099
f 2634/2471/2100 2574/2411/2040 2575/2412/2041
f 2575/2412/2041 2635/2472/2101 2634/2471/2100
f 2635/2472/2101 2575/2412/2041 2576/2413/2042
f 2576/2413/2042 2636/2473/2102 2635/2472/2101
f 2636/2473/2102 2576/2413/2042 2577/2414/2043
f 2577/2414/2043 2637/2474/2103 2636/2473/2102
f 2637/2474/2103 2577/2414/2043 2578/2415/2044
f 2578/2415/2044 2638/2475/2104 2637/2474/2103
f 2638/2475/2104 2578/2415/2044 2579/2416/2045
f 2579/2416/2045 2639/2476/2105 2638/2475/2104
f 2639/2476/2105 2579/2416/2045 2580/2417/2046
f 2580/2417/2046 2640/2477/2106 2639/2476/2105
f 2640/2477/2106 2580/2417/2046 2581/2418/2047
f 2581/2418/2047 2641/2478/2107 2640/2477/2106
f 2641/2478/2107 2581/2418/2047 2582/2419/2048
f 2582/2419/2048 2642/2479/2108 2641/2478/2107
f 2642/2479/2108 2582/2419/2048 2583/2420/2049
f 2583/2420/2049 2643/2480/2109 2642/2479/2108
f 2643/2480/2109 2583/2420/2049 2584/2421/2050
f 2584/2421/2050 2644/2481/2110 2643/2480/2109
f 2644/2481/2110 2584/2421/2050 2585/2422/2051
f 2585/2422/2051 2645/2482/2111 2644/2481/2110
f 2645/2482/2111 2585/2422/2051 2586/2423/2052
f 2586/2423/2052 2646/2483/2112 2645/2482/2111
f 2646/2483/2112 2586/2423/2052 2587/2424/2053
f 2587/2424/2053 2647/2484/2113 2646/2483/2112
f 2647/2484/2113 2587/2424/2053 2588/2425/2054
f 2588/2425/2054 2648/2485/2114 2647/2484/2113
f 2648/2485/2114 2588/2425/2054 2589/2426/2055
f 2589/2426/2055 2649/2486/2115 2648/2485/2114
f 2649/2486/2115 2589/2426/2055 2590/2427/2056
f 2590/2427/2056 2650/2487/2116 2649/2486/2115
f 2650/2487/2116 2590/2427/2056 2591/2428/2057
f 2591/2428/2057 2651/2488/2117 2650/2487/2116
f 2651/2488/2117 2591/2428/2057 2592/2429/2058
f 2592/2429/2058 2652/2489/2118 2651/2488/2117
f 2652/2489/2118 2592/2429/2058 2593/2430/2059
f 2593/2430/2059 2653/2490/2119 2652/2489/2118
f 2653/2490/2119 2593/2430/2059 2594/2431/2060
f 2594/2431/2060 2654/2491/2120 2653/2490/2119
f 2654/2491/2120 2594/2431/2060 2595/2432/2061
f 2595/2432/2061 2655/2492/2121 2654/2491/2120
f 2655/2492/2121 2595/2432/2061 2596/2433/2062
f 2596/2433/2062 2656/2493/2122 2655/2492/2121
f 2656/2493/2122 2596/2433/2062 2597/2434/2063
f 2597/2434/2063 2657/2494/2123 2656/2493/2122
f 2657/2494/2123 2597/2434/2063 2598/2435/2064
f 2598/2435/2064 2658/2495/2124 2657/2494/2123
f 2658/2495/2124 2598/2435/2064 2599/2436/2065
f 2599/2436/2065 2659/2496/2125 2658/2495/2124
f 2659/2496/2125 2599/2436/2065 2600/2437/2066
f 2600/2437/2066 2660/2497/2126 2659/2496/2125
f 2660/2497/2126 2600/2437/2066 2601/2438/2067
f 2601/2438/2067 2661/2498/2127 2660/2497/2126
f 2661/2498/2127 2601/2438/2067 2602/2439/2068
f 2602/2439/2068 2662/2499/2128 2661/2498/2127
f 2662/2499/2128 2602/2439/2068 2603/2440/2069
f 2603/2440/2069 2663/2500/2129 2662/2499/2128
f 2663/2500/2129 2603/2440/2069 2604/2441/2070
f 2604/2441/2070 2664/2501/2130 2663/2500/2129
f 2664/2501/2130 2604/2441/2070 2546/2382/2011
f 2546/2382/2011 2606/2442/2071 2664/2501/2130
f 2666/2502/2131 2606/2442/2071 2605/2443/2072
f 2605/2443/2072 2665/2503/2132 2666/2502/2131
f 2665/2503/2132 2605/2443/2072 2607/2444/2073
f 2607/2444/2073 2667/2504/2133 2665/2503/2132
f 2667/2504/2133 2607/2444/2073 2608/2445/2074
f 2608/2445/2074 2668/2505/2134 2667/2504/2133
f 2668/2505/2134 2608/2445/2074 2609/2446/2075
f 2609/2446/2075 2669/2506/2135 2668/2505/2134
f 2669/2506/2135 2609/2446/2075 2610/2447/2076
f 2610/2447/2076 2670/2507/2136 2669/2506/2135
f 2670/2507/2136 2610/2447/2076 2611/2448/2077
f 2611/2448/2077 2671/2508/2137 2670/2507/2136
f 2671/2508/2137 2611/2448/2077 2612/2449/2078
f 2612/2449/2078 2672/2509/2138 2671/2508/2137
f 2672/2509/2138 2612/2449/2078 2613/2450/2079
f 2613/2450/2079 2673/2510/2139 2672/2509/2138
f 2673/2510/2139 2613/2450/2079 2614/2451/2080
f 2614/2451/2080 2674/2511/2140 2673/2510/2139
f 2674/2511/2140 2614/2451/2080 2615/2452/2081
f 2615/2452/2081 2675/2512/2141 2674/2511/2140
f 2675/2512/2141 2615/2452/2081 2616/2453/2082
f 2616/2453/2082 2676/2513/2142 2675/2512/2141
f 2676/2513/2142 2616/2453/2082 2617/2454/2083
f 2617/2454/2083 2677/2514/2143 2676/2513/2142
f 2677/2514/2143 2617/2454/2083 2618/2455/2084
f 2618/2455/2084 2678/2515/2144 2677/2514/2143
f 2678/2515/2144 2618/2455/2084 2619/2456/2085
f 2619/2456/2085 2679/2516/2145 2678/2515/2144
f 2679/2516/2145 2619/2456/2085 2620/2457/2086
f 2620/2457/2086 2680/2517/2146 2679/2516/2145
f 2680/2517/2146 2620/2457/2086 2621/2458/2087
f 2621/2458/2087 2681/2518/2147 2680/2517/2146
f 2681/2518/2147 2621/2458/2087 2622/2459/2088
f 2622/2459/2088 2682/2519/2148 2681/2518/2147
f 2682/2519/2148 2622/2459/2088 2623/2460/2089
f 2623/2460/2089 2683/2520/2149 2682/2519/2148
f 2683/2520/2149 2623/2460/2089 2624/2461/2090
f 2624/2461/2090 2684/2521/2150 2683/2520/2149
f 2684/2521/2150 2624/2461/2090 2625/2462/2091
f 2625/2462/2091 2685/2522/2151 2684/2521/2150
f 2685/2522/2151 2625/2462/2091 2626/2463/2092
f 2626/2463/2092 2686/2523/2152 2685/2522/2151
f 2686/2523/2152 2626/2463/2092 2627/2464/2093
f 2627/2464/2093 2687/2524/2153 2686/2523/2152
f 2687/2524/2153 2627/2464/2093 2628/2465/2094
f 2628/2465/2094 2688/2525/2154 2687/2524/2153
f 2688/2525/2154 2628/2465/2094 2629/2466/2095
f 2629/2466/2095 2689/2526/2155 2688/2525/2154
f 2689/2526/2155 2629/2466/2095 2630/2467/2096
f 2630/2467/2096 2690/2527/2156 2689/2526/2155
f 2690/2527/2156 2630/2467/2096 2631/2468/2097
f 2631/2468/2097 2691/2528/2157 2690/2527/2156
f 2691/2528/2157 2631/2468/2097 2632/2469/2098
f 2632/2469/2098 2692/2529/2158 2691/2528/2157
f 2692/2529/2158 2632/2469/2098 2633/2470/2099
f 2633/2470/2099 2693/2530/2159 2692/2529/2158
f 2693/2530/2159 2633/2470/2099 2634/2471/2100
f 2634/2471/2100 2694/2531/2160 2693/2530/2159
f 2694/2531/2160 2634/2471/2100 2635/2472/2101
f 2635/2472/2101 2695/2532/2161 2694/2531/2160
f 2695/2532/2161 2635/2472/2101 2636/2473/2102
f 2636/2473/2102 2696/2533/2162 2695/2532/2161
f 2696/2533/2162 2636/2473/2102 2637/2474/2103
f 2637/2474/2103 2697/2534/2163 2696/2533/2162
f 2697/2534/2163 2637/2474/2103 2638/2475/2104
f 2638/2475/2104 2698/2535/2164 2697/2534/2163
f 2698/2535/2164 2638/2475/2104 2639/2476/2105
f 2639/2476/2105 2699/2536/2165 2698/2535/2164
f 2699/2536/2165 2639/2476/2105 2640/2477/2106
f 2640/2477/2106 2700/2537/2166 2699/2536/2165
f 2700/2537/2166 2640/2477/2106 2641/2478/2107
f 2641/2478/2107 2701/2538/2167 2700/2537/2166
f 2701/2538/2167 2641/2478/2107 2642/2479/2108
f 2642/2479/2108 2702/2539/2168 2701/2538/2167
f 2702/2539/2168 2642/2479/2108 2643/2480/2109
f 2643/2480/2109 2703/2540/2169 2702/2539/2168
f 2703/2540/2169 2643/2480/2109 2644/2481/2110
f 2644/2481/2110 2704/2541/2170 2703/2540/2169
f 2704/2541/2170 2644/2481/2110 2645/2482/2111
f 2645/2482/2111 2705/2542/2171 2704/2541/2170
f 2705/2542/2171 2645/2482/2111 2646/2483/2112
f 2646/2483/2112 2706/2543/2172 2705/2542/2171
f 2706/2543/2172 2646/2483/2112 2647/2484/2113
f 2647/2484/2113 2707/2544/2173 2706/2543/2172
f 2707/2544/2173 2647/2484/2113 2648/2485/2114
f 2648/2485/2114 2708/2545/2174 2707/2544/2173
f 2708/2545/2174 2648/2485/2114 2649/2486/2115
f 2649/2486/2115 2709/2546/2175 2708/2545/2174
f 2709/2546/2175 2649/2486/2115 2650/2487/2116
f 2650/2487/2116 2710/2547/2176 2709/2546/2175
f 2710/2547/2176 2650/2487/2116 2651/2488/2117
f 2651/2488/2117 2711/2548/2177 2710/2547/2176
f 2711/2548/2177 2651/2488/2117 2652/2489/2118
f 2652/2489/2118 2712/2549/2178 2711/2548/2177
f 2712/2549/2178 2652/2489/2118 2653/2490/2119
f 2653/2490/2119 2713/2550/2179 2712/2549/2178
f 2713/2550/2179 2653/2490/2119 2654/2491/2120
f 2654/2491/2120 2714/2551/2180 2713/2550/2179
f 2714/2551/2180 2654/2491/2120 2655/2492/2121
f 2655/2492/2121 2715/2552/2181 2714/2551/2180
f 2715/2552/2181 2655/2492/2121 2656/2493/2122
f 2656/2493/2122 2716/2553/2182 2715/2552/2181
f 2716/2553/2182 2656/2493/2122 2657/2494/2123
f 2657/2494/2123 2717/2554/2183 2716/2553/2182
f 2717/2554/2183 2657/2494/2123 2658/2495/2124
f 2658/2495/2124 2718/2555/2184 2717/2554/2183
f 2718/2555/2184 2658/2495/2124 2659/2496/2125
f 2659/2496/2125 2719/2556/2185 2718/2555/2184
f 2719/2556/2185 2659/2496/2125 2660/2497/2126
f 2660/2497/2126 2720/2557/2186 2719/2556/2185
f 2720/2557/2186 2660/2497/2126 2661/2498/2127
f 2661/2498/2127 2721/2558/2187 2720/2557/2186
f 2721/2558/2187 2661/2498/2127 2662/2499/2128
f 2662/2499/2128 2722/2559/2188 2721/2558/2187
f 2722/2559/2188 2662/2499/2128 2663/2500/2129
f 2663/2500/2129 2723/2560/2189 2722/2559/2188
f 2723/2560/2189 2663/2500/2129 2664/2501/2130
f 2664/2501/2130 2724/2561/2190 2723/2560/2189
f 2724/2561/2190 2664/2501/2130 2606/2442/2071
f 2606/2442/2071 2666/2502/2131 2724/2561/2190
f 2726/2562/2191 2666/2502/2131 2665/2503/2132
f 2665/2503/2132 2725/2563/2192 2726/2562/2191
f 2725/2563/2192 2665/2503/2132 2667/2504/2133
f 2667/2504/2133 2727/2564/2193 2725/2563/2192
f 2727/2564/2193 2667/2504/2133 2668/2505/2134
f 2668/2505/2134 2728/2565/2194 2727/2564/2193
f 2728/2565/2194 2668/2505/2134 2669/2506/2135
f 2669/2506/2135 2729/2566/2195 2728/2565/2194
f 2729/2566/2195 2669/2506/2135 2670/2507/2136
f 2670/2507/2136 2730/2567/2196 2729/2566/2195
f 2730/2567/2196 2670/2507/2136 2671/2508/2137
f 2671/2508/2137 2731/2568/2197 2730/2567/2196
f 2731/2568/2197 2671/2508/2137 2672/2509/2138
f 2672/2509/2138 2732/2569/2198 2731/2568/2197
f 2732/2569/2198 2672/2509/2138 2673/2510/2139
f 2673/2510/2139 2733/2570/2199 2732/2569/2198
f 2733/2570/2199 2673/2510/2139 2674/2511/2140
f 2674/2511/2140 2734/2571/2200 2733/2570/2199
f 2734/2571/2200 2674/2511/2140 2675/2512/2141
f 2675/2512/2141 2735/2572/2201 2734/2571/2200
f 2735/2572/2201 2675/2512/2141 2676/2513/2142
f 2676/2513/2142 2736/2573/2202 2735/2572/2201
f 2736/2573/2202 2676/2513/2142 2677/2514/2143
f 2677/2514/2143 2737/2574/2203 2736/2573/2202
f 2737/2574/2203 2677/2514/2143 2678/2515/2144
f 2678/2515/2144 2738/2575/2204 2737/2574/2203
f 2738/2575/2204 2678/2515/2144 2679/2516/2145
f 2679/2516/2145 2739/2576/2205 2738/2575/2204
f 2739/2576/2205 2679/2516/2145 2680/2517/2146
f 2680/2517/2146 2740/2577/2206 2739/2576/2205
f 2740/2577/2206 2680/2517/2146 2681/2518/2147
f 2681/2518/2147 2741/2578/2207 2740/2577/2206
f 2741/2578/2207 2681/2518/2147 2682/2519/2148
f 2682/2519/2148 2742/2579/2208 2741/2578/2207
f 2742/2579/2208 2682/2519/2148 2683/2520/2149
f 2683/2520/2149 2743/2580/2209 2742/2579/2208
f 2743/2580/2209 2683/2520/2149 2684/2521/2150
f 2684/2521/2150 2744/2581/2210 2743/2580/2209
f 2744/2581/2210 2684/2521/2150 2685/2522/2151
f 2685/2522/2151 2745/2582/2211 2744/2581/2210
f 2745/2582/2211 2685/2522/2151 2686/2523/2152
f 2686/2523/2152 2746/2583/2212 2745/2582/2211
f 2746/2583/2212 2686/2523/2152 2687/2524/2153
f 2687/2524/2153 2747/2584/2213 2746/2583/2212
f 2747/2584/2213 2687/2524/2153 2688/2525/2154
f 2688/2525/2154 2748/2585/2214 2747/2584/2213
f 2748/2585/2214 2688/2525/2154 2689/2526/2155
f 2689/2526/2155 2749/2586/2215 2748/2585/2214
f 2749/2586/2215 2689/2526/2155 2690/2527/2156
f 2690/2527/2156 2750/2587/2216 2749/2586/2215
f 2750/2587/2216 2690/2527/2156 2691/2528/2157
f 2691/2528/2157 2751/2588/2217 2750/2587/2216
f 2751/2588/2217 2691/2528/2157 2692/2529/2158
f 2692/2529/2158 2752/2589/2218 2751/2588/2217
f 2752/2589/2218 2692/2529/2158 2693/2530/2159
f 2693/2530/2159 2753/2590/2219 2752/2589/2218
f 2753/2590/2219 2693/2530/2159 2694/2531/2160
f 2694/2531/2160 2754/2591/2220 2753/2590/2219
f 2754/2591/2220 2694/2531/2160 2695/2532/2161
f 2695/2532/2161 2755/2592/2221 2754/2591/2220
f 2755/2592/2221 2695/2532/2161 2696/2533/2162
f 2696/2533/2162 2756/2593/2222 2755/2592/2221
f 2756/2593/2222 2696/2533/2162 2697/2534/2163
f 2697/2534/2163 2757/2594/2223 2756/2593/2222
f 2757/2594/2223 2697/2534/2163 2698/2535/2164
f 2698/2535/2164 2758/2595/2224 2757/2594/2223
f 2758/2595/2224 2698/2535/2164 2699/2536/2165
f 2699/2536/2165 2759/2596/2225 2758/2595/2224
f 2759/2596/2225 2699/2536/2165 2700/2537/2166
f 2700/2537/2166 2760/2597/2226 2759/2596/2225
f 2760/2597/2226 2700/2537/2166 2701/2538/2167
f 2701/2538/2167 2761/2598/2227 2760/2597/2226
f 2761/2598/2227 2701/2538/2167 2702/2539/2168
f 2702/2539/2168 2762/2599/2228 2761/2598/2227
f 2762/2599/2228 2702/2539/2168 2703/2540/2169
f 2703/2540/2169 2763/2600/2229 2762/2599/2228
f 2763/2600/2229 2703/2540/2169 2704/2541/2170
f 2704/2541/2170 2764/2601/2230 2763/2600/2229
f 2764/2601/2230 2704/2541/2170 2705/2542/2171
f 2705/2542/2171 2765/2602/2231 2764/2601/2230
f 2765/2602/2231 2705/2542/2171 2706/2543/2172
f 2706/2543/2172 2766/2603/2232 2765/2602/2231
f 2766/2603/2232 2706/2543/2172 2707/2544/2173
f 2707/2544/2173 2767/2604/2233 2766/2603/2232
f 2767/2604/2233 2707/2544/2173 2708/2545/2174
f 2708/2545/2174 2768/2605/2234 2767/2604/2233
f 2768/2605/2234 2708/2545/2174 2709/2546/2175
f 2709/2546/2175 2769/2606/2235 2768/2605/2234
f 2769/2606/2235 2709/2546/2175 2710/2547/2176
f 2710/2547/2176 2770/2607/2236 2769/2606/2235
f 2770/2607/2236 2710/2547/2176 2711/2548/2177
f 2711/2548/2177 2771/2608/2237 2770/2607/2236
f 2771/2608/2237 2711/2548/2177 2712/2549/2178
f 2712/2549/2178 2772/2609/2238 2771/2608/2237
f 2772/2609/2238 2712/2549/2178 2713/2550/2179
f 2713/2550/2179 2773/2610/2239 2772/2609/2238
f 2773/2610/2239 2713/2550/2179 2714/2551/2180
f 2714/2551/2180 2774/2611/2240 2773/2610/2239
f 2774/2611/2240 2714/2551/2180 2715/2552/2181
f 2715/2552/2181 2775/2612/2241 2774/2611/2240
f 2775/2612/2241 2715/2552/2181 2716/2553/2182
f 2716/2553/2182 2776/2613/2242 2775/2612/2241
f 2776/2613/2242 2716/2553/2182 2717/2554/2183
f 2717/2554/2183 2777/2614/2243 2776/2613/2242
f 2777/2614/2243 2717/2554/2183 2718/2555/2184
f 2718/2555/2184 2778/2615/2244 2777/2614/2243
f 2778/2615/2244 2718/2555/2184 2719/2556/2185
f 2719/2556/2185 2779/2616/2245 2778/2615/2244
f 2779/2616/2245 2719/2556/2185 2720/2557/2186
f 2720/2557/2186 2780/2617/2246 2779/2616/2245
f 2780/2617/2246 2720/2557/2186 2721/2558/2187
f 2721/2558/2187 2781/2618/2247 2780/2617/2246
f 2781/2618/2247 2721/2558/2187 2722/2559/2188
f 2722/2559/2188 2782/2619/2248 2781/2618/2247
f 2782/2619/2248 2722/2559/2188 2723/2560/2189
f 2723/2560/2189 2783/2620/2249 2782/2619/2248
f 2783/2620/2249 2723/2560/2189 2724/2561/2190
f 2724/2561/2190 2784/2621/2250 2783/2620/2249
f 2784/2621/2250 2724/2561/2190 2666/2502/2131
f 2666/2502/2131 2726/2562/2191 2784/2621/2250
f 2786/2622/2251 2726/2562/2191 2725/2563/2192
f 2725/2563/2192 2785/2623/2252 2786/2622/2251
f 2785/2623/2252 2725/2563/2192 2727/2564/2193
f 2727/2564/2193 2787/2624/2253 2785/2623/2252
f 2787/2624/2253 2727/2564/2193 2728/2565/2194
f 2728/2565/2194 2788/2625/2254 2787/2624/2253
f 2788/2625/2254 2728/2565/2194 2729/2566/2195
f 2729/2566/2195 2789/2626/2255 2788/2625/2254
f 2789/2626/2255 2729/2566/2195 2730/2567/2196
f 2730/2567/2196 2790/2627/2256 2789/2626/2255
f 2790/2627/2256 2730/2567/2196 2731/2568/2197
f 2731/2568/2197 2791/2628/2257 2790/2627/2256
f 2791/2628/2257 2731/2568/2197 2732/2569/2198
f 2732/2569/2198 2792/2629/2258 2791/2628/2257
f 2792/2629/2258 2732/2569/2198 2733/2570/2199
f 2733/2570/2199 2793/2630/2259 2792/2629/2258
f 2793/2630/2259 2733/2570/2199 2734/2571/2200
f 2734/2571/2200 2794/2631/2260 2793/2630/2259
f 2794/2631/2260 2734/2571/2200 2735/2572/2201
f 2735/2572/2201 2795/2632/2261 2794/2631/2260
f 2795/2632/2261 2735/2572/2201 2736/2573/2202
f 2736/2573/2202 2796/2633/2262 2795/2632/2261
f 2796/2633/2262 2736/2573/2202 2737/2574/2203
f 2737/2574/2203 2797/2634/2263 2796/2633/2262
f 2797/2634/2263 2737/2574/2203 2738/2575/2204
f 2738/2575/2204 2798/2635/2264 2797/2634/2263
f 2798/2635/2264 2738/2575/2204 2739/2576/2205
f 2739/2576/2205 2799/2636/2265 2798/2635/2264
f 2799/2636/2265 2739/2576/2205 2740/2577/2206
f 2740/2577/2206 2800/2637/2266 2799/2636/2265
f 2800/2637/2266 2740/2577/2206 2741/2578/2207
f 2741/2578/2207 2801/2638/2267 2800/2637/2266
f 2801/2638/2267 2741/2578/2207 2742/2579/2208
f 2742/2579/2208 2802/2639/2268 2801/2638/2267
f 2802/2639/2268 2742/2579/2208 2743/2580/2209
f 2743/2580/2209 2803/2640/2269 2802/2639/2268
f 2803/2640/2269 2743/2580/2209 2744/2581/2210
f 2744/2581/2210 2804/2641/2270 2803/2640/2269
f 2804/2641/2270 2744/2581/2210 2745/2582/2211
f 2745/2582/2211 2805/2642/2271 2804/2641/2270
f 2805/2642/2271 2745/2582/2211 2746/2583/2212
f 2746/2583/2212 2806/2643/2272 2805/2642/2271
f 2806/2643/2272 2746/2583/2212 2747/2584/2213
f 2747/2584/2213 2807/2644/2273 2806/2643/2272
f 2807/2644/2273 2747/2584/2213 2748/2585/2214
f 2748/2585/2214 2808/2645/2274 2807/2644/2273
f 2808/2645/2274 2748/2585/2214 2749/2586/2215
f 2749/2586/2215 2809/2646/2275 2808/2645/2274
f 2809/2646/2275 2749/2586/2215 2750/2587/2216
f 2750/2587/2216 2810/2647/2276 2809/2646/2275
f 2810/2647/2276 2750/2587/2216 2751/2588/2217
f 2751/2588/2217 2811/2648/2277 2810/2647/2276
f 2811/2648/2277 2751/2588/2217 2752/2589/2218
f 2752/2589/2218 2812/2649/2278 2811/2648/2277
f 2812/2649/2278 2752/2589/2218 2753/2590/2219
f 2753/2590/2219 2813/2650/2279 2812/2649/2278
f 2813/2650/2279 2753/2590/2219 2754/2591/2220
f 2754/2591/2220 2814/2651/2280 2813/2650/2279
f 2814/2651/2280 2754/2591/2220 2755/2592/2221
f 2755/2592/2221 2815/2652/2281 2814/2651/2280
f 2815/2652/2281 2755/2592/2221 2756/2593/2222
f 2756/2593/2222 2816/2653/2282 2815/2652/2281
f 2816/2653/2282 2756/2593/2222 2757/2594/2223
f 2757/2594/2223 2817/2654/2283 2816/2653/2282
f 2817/2654/2283 2757/2594/2223 2758/2595/2224
f 2758/2595/2224 2818/2655/2284 2817/2654/2283
f 2818/2655/2284 2758/2595/2224 2759/2596/2225
f 2759/2596/2225 2819/2656/2285 2818/2655/2284
f 2819/2656/2285 2759/2596/2225 2760/2597/2226
f 2760/2597/2226 2820/2657/2286 2819/2656/2285
f 2820/2657/2286 2760/2597/2226 2761/2598/2227
f 2761/2598/2227 2821/2658/2287 2820/2657/2286
f 2821/2658/2287 2761/2598/2227 2762/2599/2228
f 2762/2599/2228 2822/2659/2288 2821/2658/2287
f 2822/2659/2288 2762/2599/2228 2763/2600/2229
f 2763/2600/2229 2823/2660/2289 2822/2659/2288
f 2823/2660/2289 2763/2600/2229 2764/2601/2230
f 2764/2601/2230 2824/2661/2290 2823/2660/2289
f 2824/2661/2290 2764/2601/2230 2765/2602/2231
f 2765/2602/2231 2825/2662/2291 2824/2661/2290
f 2825/2662/2291 2765/2602/2231 2766/2603/2232
f 2766/2603/2232 2826/2663/2292 2825/2662/2291
f 2826/2663/2292 2766/2603/2232 2767/2604/2233
f 2767/2604/2233 2827/2664/2293 2826/2663/2292
f 2827/2664/2293 2767/2604/2233 2768/2605/2234
f 2768/2605/2234 2828/2665/2294 2827/2664/2293
f 2828/2665/2294 2768/2605/2234 2769/2606/2235
f 2769/2606/2235 2829/2666/2295 2828/2665/2294
f 2829/2666/2295 2769/2606/2235 2770/2607/2236
f 2770/2607/2236 2830/2667/2296 2829/2666/2295
f 2830/2667/2296 2770/2607/2236 2771/2608/2237
f 2771/2608/2237 2831/2668/2297 2830/2667/2296
f 2831/2668/2297 2771/2608/2237 2772/2609/2238
f 2772/2609/2238 2832/2669/2298 2831/2668/2297
f 2832/2669/2298 2772/2609/2238 2773/2610/2239
f 2773/2610/2239 2833/2670/2299 2832/2669/2298
f 2833/2670/2299 2773/2610/2239 2774/2611/2240
f 2774/2611/2240 2834/2671/2300 2833/2670/2299
f 2834/2671/2300 2774/2611/2240 2775/2612/2241
f 2775/2612/2241 2835/2672/2301 2834/2671/2300
f 2835/2672/2301 2775/2612/2241 2776/2613/2242
f 2776/2613/2242 2836/2673/2302 2835/2672/2301
f 2836/2673/2302 2776/2613/2242 2777/2614/2243
f 2777/2614/2243 2837/2674/2303 2836/2673/2302
f 2837/2674/2303 2777/2614/2243 2778/2615/2244
f 2778/2615/2244 2838/2675/2304 2837/2674/2303
f 2838/2675/2304 2778/2615/2244 2779/2616/2245
f 2779/2616/2245 2839/2676/2305 2838/2675/2304
f 2839/2676/2305 2779/2616/2245 2780/2617/2246
f 2780/2617/2246 2840/2677/2306 2839/2676/2305
f 2840/2677/2306 2780/2617/2246 2781/2618/2247
f 2781/2618/2247 2841/2678/2307 2840/2677/2306
f 2841/2678/2307 2781/2618/2247 2782/2619/2248
f 2782/2619/2248 2842/2679/2308 2841/2678/2307
f 2842/2679/2308 2782/2619/2248 2783/2620/2249
f 2783/2620/2249 2843/2680/2309 2842/2679/2308
f 2843/2680/2309 2783/2620/2249 2784/2621/2250
f 2784/2621/2250 2844/2681/2310 2843/2680/2309
f 2844/2681/2310 2784/2621/2250 2726/2562/2191
f 2726/2562/2191 2786/2622/2251 2844/2681/2310
f 2786/2622/2251 2785/2623/2252 2845/2682/450
f 2785/2623/2252 2787/2624/2253 2845/2682/450
f 2787/2624/2253 2788/2625/2254 2845/2682/450
f 2788/2625/2254 2789/2626/2255 2845/2682/450
f 2789/2626/2255 2790/2627/2256 2845/2682/450
f 2790/2627/2256 2791/2628/2257 2845/2682/450
f 2791/2628/2257 2792/2629/2258 2845/2682/450
f 2792/2629/2258 2793/2630/2259 2845/2682/450
f 2793/2630/2259 2794/2631/2260 2845/2682/450
f 2794/2631/2260 2795/2632/2261 2845/2682/450
f 2795/2632/2261 2796/2633/2262 2845/2682/450
f 2796/2633/2262 2797/2634/2263 2845/2682/450
f 2797/2634/2263 2798/2635/2264 2845/2682/450
f 2798/2635/2264 2799/2636/2265 2845/2682/450
f 2799/2636/2265 2800/2637/2266 2845/2682/450
f 2800/2637/2266 2801/2638/2267 2845/2682/450
f 2801/2638/2267 2802/2639/2268 2845/2682/450
f 2802/2639/2268 2803/2640/2269 2845/2682/450
f 2803/2640/2269 2804/2641/2270 2845/2682/450
f 2804/2641/2270 2805/2642/2271 2845/2682/450
f 2805/2642/2271 2806/2643/2272 2845/2682/450
f 2806/2643/2272 2807/2644/2273 2845/2682/450
f 2807/2644/2273 2808/2645/2274 2845/2682/450
f 2808/2645/2274 2809/2646/2275 2845/2682/450
f 2809/2646/2275 2810/2647/2276 2845/2682/450
f 2810/2647/2276 2811/2648/2277 2845/2682/450
f 2811/2648/2277 2812/2649/2278 2845/2682/450
f 2812/2649/2278 2813/2650/2279 2845/2682/450
f 2813/2650/2279 2814/2651/2280 2845/2682/450
f 2814/2651/2280 2815/2652/2281 2845/2682/450
f 2815/2652/2281 2816/2653/2282 2845/2682/450
f 2816/2653/2282 2817/2654/2283 2845/2682/450
f 2817/2654/2283 2818/2655/2284 2845/2682/450
f 2818/2655/2284 2819/2656/2285 2845/2682/450
f 2819/2656/2285 2820/2657/2286 2845/2682/450
f 2820/2657/2286 2821/2658/2287 2845/2682/450
f 2821/2658/2287 2822/2659/2288 2845/2682/450
f 2822/2659/2288 2823/2660/2289 2845/2682/450
f 2823/2660/2289 2824/2661/2290 2845/2682/450
f 2824/2661/2290 2825/2662/2291 2845/2682/450
f 2825/2662/2291 2826/2663/2292 2845/2682/450
f 2826/2663/2292 2827/2664/2293 2845/2682/450
f 2827/2664/2293 2828/2665/2294 2845/2682/450
f 2828/2665/2294 2829/2666/2295 2845/2682/450
f 2829/2666/2295 2830/2667/2296 2845/2682/450
f 2830/2667/2296 2831/2668/2297 2845/2682/450
f 2831/2668/2297 2832/2669/2298 2845/2682/450
f 2832/2669/2298 2833/2670/2299 2845/2682/450
f 2833/2670/2299 2834/2671/2300 2845/2682/450
f 2834/2671/2300 2835/2672/2301 2845/2682/450
f 2835/2672/2301 2836/2673/2302 2845/2682/450
f 2836/2673/2302 2837/2674/2303 2845/2682/450
f 2837/2674/2303 2838/2675/2304 2845/2682/450
f 2838/2675/2304 2839/2676/2305 2845/2682/450
f 2839/2676/2305 2840/2677/2306 2845/2682/450
f 2840/2677/2306 2841/2678/2307 2845/2682/450
f 2841/2678/2307 2842/2679/2308 2845/2682/450
f 2842/2679/2308 2843/2680/2309 2845/2682/450
f 2843/2680/2309 2844/2681/2310 2845/2682/450
f 2844/2681/2310 2786/2622/2251 2845/2682/450
s 0
f 2849/2683/450 2846/2684/450 2847/2685/450
f 2847/2685/450 2848/2686/450 2849/2683/450
f 2848/2686/450 2847/2685/450 2850/2687/450
f 2850/2687/450 2851/2688/450 2848/2686/450
f 2851/2688/450 2850/2687/450 2852/2689/450
f 2852/2689/450 2853/2690/450 2851/2688/450
f 2853/2690/450 2852/2689/450 2854/2691/450
f 2854/2691/450 2855/2692/450 2853/2690/450
f 2855/2692/450 2854/2691/450 2856/2693/450
f 2856/2693/450 2857/2694/450 2855/2692/450
f 2857/2694/450 2856/2693/450 2858/2695/450
f 2858/2695/450 2859/2696/450 2857/2694/450
f 2859/2696/450 2858/2695/450 2860/2697/450
f 2860/2697/450 2861/2698/450 2859/2696/450
f 2861/2698/450 2860/2697/450 2862/2699/450
f 2862/2699/450 2863/2700/450 2861/2698/450
f 2863/2700/450 2862/2699/450 2864/2701/450
f 2864/2701/450 2865/2702/450 2863/2700/450
f 2865/2702/450 2864/2701/450 2866/2703/450
f 2866/2703/450 2867/2704/450 2865/2702/450
f 2867/2704/450 2866/2703/450 2868/2705/450
f 2868/2705/450 2869/2706/450 2867/2704/450
f 2869/2706/450 2868/2705/450 2870/2707/450
f 2870/2707/450 2871/2708/450 2869/2706/450
f 2871/2708/450 2870/2707/450 2872/2709/450
f 2872/2709/450 2873/2710/450 2871/2708/450
f 2873/2710/450 2872/2709/450 2874/2711/450
f 2874/2711/450 2875/2712/450 2873/2710/450
f 2875/2712/450 2874/2711/450 2876/2713/450
f 2876/2713/450 2877/2714/450 2875/2712/450
f 2877/2714/450 2876/2713/450 2878/2715/450
f 2878/2715/450 2879/2716/450 2877/2714/450
f 2879/2716/450 2878/2715/450 2880/2717/450
f 2880/2717/450 2881/2718/450 2879/2716/450
f 2881/2718/450 2880/2717/450 2882/2719/450
f 2882/2719/450 2883/2720/450 2881/2718/450
f 2883/2720/450 2882/2719/450 2884/2721/450
f 2884/2721/450 2885/2722/450 2883/2720/450
f 2885/2722/450 2884/2721/450 2886/2723/450
f 2886/2723/450 2887/2724/450 2885/2722/450
f 2887/2724/450 2886/2723/450 2888/2725/450
f 2888/2725/450 2889/2726/450 2887/2724/450
f 2889/2726/450 2888/2725/450 2890/2727/450
f 2890/2727/450 2891/2728/450 2889/2726/450
f 2891/2728/450 2890/2727/450 2892/2729/450
f 2892/2729/450 2893/2730/450 2891/2728/450
f 2893/2730/450 2892/2729/450 2894/2731/450
f 2894/2731/450 2895/2732/450 2893/2730/450
f 2895/2732/450 2894/2731/450 2896/2733/450
f 2896/2733/450 2897/2734/450 2895/2732/450
f 2897/2734/450 2896/2733/450 2898/2735/450
f 2898/2735/450 2899/2736/450 2897/2734/450
f 2899/2736/450 2898/2735/450 2900/2737/450
f 2900/2737/450 2901/2738/450 2899/2736/450
f 2901/2738/450 2900/2737/450 2902/2739/450
f 2902/2739/450 2903/2740/450 2901/2738/450
f 2903/2740/450 2902/2739/450 2904/2741/450
f 2904/2741/450 2905/2742/450 2903/2740/450
f 2905/2742/450 2904/2741/450 2906/2743/450
f 2906/2743/450 2907/2744/450 2905/2742/450
f 2907/2744/450 2906/2743/450 2908/2745/450
f 2908/2745/450 2909/2746/450 2907/2744/450
f 2909/2746/450 2908/2745/450 2910/2747/450
f 2910/2747/450 2911/2748/450 2909/2746/450
f 2911/2748/450 2910/2747/450 2912/2749/450
f 2912/2749/450 2913/2750/450 2911/2748/450
f 2913/2750/450 2912/2749/450 2914/2751/450
f 2914/2751/450 2915/2752/450 2913/2750/450
f 2915/2752/450 2914/2751/450 2916/2753/450
f 2916/2753/450 2917/2754/450 2915/2752/450
f 2917/2754/450 2916/2753/450 2918/2755/450
f 2918/2755/450 2919/2756/450 2917/2754/450
f 2919/2756/450 2918/2755/450 2920/2757/450
f 2920/2757/450 2921/2758/450 2919/2756/450
f 2921/2758/450 2920/2757/450 2922/2759/450
f 2922/2759/450 2923/2760/450 2921/2758/450
f 2923/2760/450 2922/2759/450 2924/2761/450
f 2924/2761/450 2925/2762/450 2923/2760/450
f 2925/2762/450 2924/2761/450 2926/2763/450
f 2926/2763/450 2927/2764/450 2925/2762/450
f 2927/2764/450 2926/2763/450 2928/2765/450
f 2928/2765/450 2929/2766/450 2927/2764/450
f 2929/2766/450 2928/2765/450 2930/2767/450
f 2930/2767/450 2931/2768/450 2929/2766/450
f 2931/2768/450 2930/2767/450 2932/2769/450
f 2932/2769/450 2933/2770/450 2931/2768/450
f 2933/2770/450 2932/2769/450 2934/2771/450
f 2934/2771/450 2935/2772/450 2933/2770/450
f 2935/2772/450 2934/2771/450 2936/2773/450
f 2936/2773/450 2937/2774/450 2935/2772/450
f 2937/2774/450 2936/2773/450 2938/2775/450
f 2938/2775/450 2939/2776/450 2937/2774/450
f 2939/2776/450 2938/2775/450 2940/2777/450
f 2940/2777/450 2941/2778/450 2939/2776/450
f 2941/2778/450 2940/2777/450 2942/2779/450
f 2942/2779/450 2943/2780/450 2941/2778/450
f 2943/2780/450 2942/2779/450 2944/2781/450
f 2944/2781/450 2945/2782/450 2943/2780/450
f 2945/2782/450 2944/2781/450 2946/2783/450
f 2946/2783/450 2947/2784/450 2945/2782/450
f 2947/2784/450 2946/2783/450 2948/2785/450
f 2948/2785/450 2949/2786/450 2947/2784/450
f 2949/2786/450 2948/2785/450 2950/2787/450
f 2950/2787/450 2951/2788/450 2949/2786/450
f 2951/2788/450 2950/2787/450 2952/2789/450
f 2952/2789/450 2953/2790/450 2951/2788/450
f 2953/2790/450 2952/2789/450 2954/2791/450
f 2954/2791/450 2955/2792/450 2953/2790/450
f 2955/2792/450 2954/2791/450 2956/2793/450
f 2956/2793/450 2957/2794/450 2955/2792/450
f 2957/2794/450 2956/2793/450 2958/2795/450
f 2958/2795/450 2959/2796/450 2957/2794/450
f 2959/2796/450 2958/2795/450 2960/2797/450
f 2960/2797/450 2961/2798/450 2959/2796/450
f 2961/2798/450 2960/2797/450 2962/2799/450
f 2962/2799/450 2963/2800/450 2961/2798/450
f 2963/2800/450 2962/2799/450 2964/2801/450
f 2964/2801/450 2965/2802/450 2963/2800/450
f 2965/2802/450 2964/2801/450 2846/2684/450
f 2846/2684/450 2849/2683/450 2965/2802/450
s 1
f 1270/1200/1029 1268/1198/1028 1857/1694/1384
f 1857/1694/1384 1855/1692/1382 1270/1200/1029
f 1272/1202/1030 1270/1200/1029 1855/1692/1382
f 1855/1692/1382 1853/1690/1380 1272/1202/1030
f 1274/1204/1031 1272/1202/1030 1853/1690/1380
f 1853/1690/1380 1851/1688/1378 1274/1204/1031
f 1276/1206/1033 1274/1204/1031 1851/1688/1378
f 1851/1688/1378 1849/1686/1376 1276/1206/1033
f 1278/1208/1035 1276/1206/1033 1849/1686/1376
f 1849/1686/1376 1847/1684/1374 1278/1208/1035
f 1280/1210/1037 1278/1208/1035 1847/1684/1374
f 1847/1684/1374 1845/1682/1372 1280/1210/1037
f 1287/1217/1040 1280/1210/1037 1845/1682/1372
f 1845/1682/1372 1843/1680/1370 1287/1217/1040
f 1288/1218/1041 1287/1217/1040 1843/1680/1370
f 1843/1680/1370 1841/1678/1368 1288/1218/1041
f 1290/1220/1042 1288/1218/1041 1841/1678/1368
f 1841/1678/1368 1839/1676/1366 1290/1220/1042
f 1292/1222/1043 1290/1220/1042 1839/1676/1366
f 1839/1676/1366 1837/1674/1364 1292/1222/1043
f 1294/1224/1044 1292/1222/1043 1837/1674/1364
f 1837/1674/1364 1835/1672/1362 1294/1224/1044
f 1296/1226/1045 1294/1224/1044 1835/1672/1362
f 1835/1672/1362 1833/1670/1360 1296/1226/1045
f 1298/1228/1046 1296/1226/1045 1833/1670/1360
f 1833/1670/1360 1829/1667/1357 1298/1228/1046
f 1300/1230/1047 1298/1228/1046 1829/1667/1357
f 1829/1667/1357 1832/1666/1356 1300/1230/1047
f 1498/1386/1158 1300/1230/1047 1832/1666/1356
f 1832/1666/1356 1887/1724/1414 1498/1386/1158
f 1500/1388/1159 1498/1386/1158 1887/1724/1414
f 1887/1724/1414 1885/1722/1412 1500/1388/1159
f 1502/1390/1160 1500/1388/1159 1885/1722/1412
f 1885/1722/1412 1883/1720/1410 1502/1390/1160
f 1504/1392/1161 1502/1390/1160 1883/1720/1410
f 1883/1720/1410 1881/1718/1408 1504/1392/1161
f 1506/1394/1162 1504/1392/1161 1881/1718/1408
f 1881/1718/1408 1879/1716/1406 1506/1394/1162
f 1508/1396/1163 1506/1394/1162 1879/1716/1406
f 1879/1716/1406 1877/1714/1404 1508/1396/1163
f 1510/1398/1165 1508/1396/1163 1877/1714/1404
f 1877/1714/1404 1875/1712/1402 1510/1398/1165
f 1517/1405/1167 1510/1398/1165 1875/1712/1402
f 1875/1712/1402 1873/1710/1400 1517/1405/1167
f 1518/1406/1168 1517/1405/1167 1873/1710/1400
f 1873/1710/1400 1871/1708/1398 1518/1406/1168
f 1520/1408/1169 1518/1406/1168 1871/1708/1398
f 1871/1708/1398 1869/1706/1396 1520/1408/1169
f 1522/1410/1170 1520/1408/1169 1869/1706/1396
f 1869/1706/1396 1867/1704/1394 1522/1410/1170
f 1524/1412/1171 1522/1410/1170 1867/1704/1394
f 1867/1704/1394 1865/1702/1392 1524/1412/1171
f 1526/1414/1172 1524/1412/1171 1865/1702/1392
f 1865/1702/1392 1863/1700/1390 1526/1414/1172
f 1528/1416/1173 1526/1414/1172 1863/1700/1390
f 1863/1700/1390 1859/1697/1387 1528/1416/1173
f 1530/1418/1174 1528/1416/1173 1859/1697/1387
f 1859/1697/1387 1862/1696/1386 1530/1418/1174
f 1721/1571/1287 1530/1418/1174 1862/1696/1386
f 1862/1696/1386 1915/1752/1442 1721/1571/1287
f 1723/1573/1289 1721/1571/1287 1915/1752/1442
f 1915/1752/1442 1913/1750/1440 1723/1573/1289
f 1725/1575/1290 1723/1573/1289 1913/1750/1440
f 1913/1750/1440 1911/1748/1438 1725/1575/1290
f 1727/1577/1291 1725/1575/1290 1911/1748/1438
f 1911/1748/1438 1909/1746/1436 1727/1577/1291
f 1729/1579/1292 1727/1577/1291 1909/1746/1436
f 1909/1746/1436 1907/1744/1434 1729/1579/1292
f 1731/1581/1293 1729/1579/1292 1907/1744/1434
f 1907/1744/1434 1905/1742/1432 1731/1581/1293
f 1733/1583/1295 1731/1581/1293 1905/1742/1432
f 1905/1742/1432 1903/1740/1430 1733/1583/1295
f 1740/1590/1298 1733/1583/1295 1903/1740/1430
f 1903/1740/1430 1901/1738/1428 1740/1590/1298
f 1741/1591/1299 1740/1590/1298 1901/1738/1428
f 1901/1738/1428 1899/1736/1426 1741/1591/1299
f 1743/1593/1300 1741/1591/1299 1899/1736/1426
f 1899/1736/1426 1897/1734/1424 1743/1593/1300
f 1745/1595/1302 1743/1593/1300 1897/1734/1424
f 1897/1734/1424 1895/1732/1422 1745/1595/1302
f 1747/1597/1304 1745/1595/1302 1895/1732/1422
f 1895/1732/1422 1893/1730/1420 1747/1597/1304
f 1749/1599/1305 1747/1597/1304 1893/1730/1420
f 1893/1730/1420 1891/1728/1418 1749/1599/1305
f 1751/1601/1306 1749/1599/1305 1891/1728/1418
f 1891/1728/1418 1889/1726/1416 1751/1601/1306
f 1037/1006/889 1751/1601/1306 1889/1726/1416
f 1889/1726/1416 1827/1664/1354 1037/1006/889
f 1038/1007/890 1037/1006/889 1827/1664/1354
f 1827/1664/1354 1825/1662/1352 1038/1007/890
f 1040/1009/892 1038/1007/890 1825/1662/1352
f 1825/1662/1352 1823/1660/1350 1040/1009/892
f 1042/1011/893 1040/1009/892 1823/1660/1350
f 1823/1660/1350 1821/1658/1348 1042/1011/893
f 1044/1013/895 1042/1011/893 1821/1658/1348
f 1821/1658/1348 1819/1656/1346 1044/1013/895
f 1046/1015/896 1044/1013/895 1819/1656/1346
f 1819/1656/1346 1817/1654/1344 1046/1015/896
f 1048/1017/897 1046/1015/896 1817/1654/1344
f 1817/1654/1344 1815/1652/1342 1048/1017/897
f 1050/1019/899 1048/1017/897 1815/1652/1342
f 1815/1652/1342 1813/1650/1340 1050/1019/899
f 1057/1026/902 1050/1019/899 1813/1650/1340
f 1813/1650/1340 1811/1648/1338 1057/1026/902
f 1058/1027/903 1057/1026/902 1811/1648/1338
f 1811/1648/1338 1809/1646/1336 1058/1027/903
f 1060/1029/904 1058/1027/903 1809/1646/1336
f 1809/1646/1336 1807/1644/1334 1060/1029/904
f 1062/1031/905 1060/1029/904 1807/1644/1334
f 1807/1644/1334 1805/1642/1332 1062/1031/905
f 1064/1033/906 1062/1031/905 1805/1642/1332
f 1805/1642/1332 1803/1640/1330 1064/1033/906
f 1066/1035/907 1064/1033/906 1803/1640/1330
f 1803/1640/1330 1799/1637/1328 1066/1035/907
f 1068/1037/909 1066/1035/907 1799/1637/1328
f 1799/1637/1328 1802/1636/1325 1068/1037/909
f 1072/1041/910 1071/1040/909 1795/1633/1325
f 1795/1633/1325 1798/1632/1324 1072/1041/910
f 1268/1198/1028 1072/1041/910 1798/1632/1324
f 1798/1632/1324 1857/1694/1384 1268/1198/1028
