# Blender 5.1.2
# www.blender.org
mtllib reaper_propeller.mtl
o defaultMaterial.008
v 0.031585 -0.001832 0.024398
v 0.034393 -0.005289 0.024398
v 0.032998 -0.006222 0.002654
v 0.030397 -0.003020 0.002655
v 0.036485 -0.009233 0.024398
v 0.034935 -0.009875 0.002654
v 0.037795 -0.013501 0.024398
v 0.036148 -0.013828 0.002654
v 0.038253 -0.017931 0.024398
v 0.036573 -0.017931 0.002654
v 0.037795 -0.022361 0.024398
v 0.036148 -0.022034 0.002654
v 0.036485 -0.026629 0.024398
v 0.034935 -0.025988 0.002654
v 0.034393 -0.030573 0.024398
v 0.032998 -0.029640 0.002655
v 0.031585 -0.034030 0.024398
v 0.030397 -0.032842 0.002654
v 0.028128 -0.036839 0.024398
v 0.027195 -0.035443 0.002655
v 0.024184 -0.038931 0.024398
v 0.023542 -0.037381 0.002654
v 0.019916 -0.040240 0.024398
v 0.019590 -0.038594 0.002654
v 0.015486 -0.040699 0.024398
v 0.015486 -0.039018 0.002654
v 0.011056 -0.040240 0.024398
v 0.011383 -0.038593 0.002654
v 0.006787 -0.038931 0.024398
v 0.007429 -0.037381 0.002654
v 0.002844 -0.036839 0.024398
v 0.003918 -0.035385 0.002654
v -0.000613 -0.034030 0.024398
v 0.000575 -0.032842 0.002654
v -0.003422 -0.030573 0.024398
v -0.002026 -0.029640 0.002654
v -0.005514 -0.026629 0.024398
v -0.003964 -0.025988 0.002654
v -0.006823 -0.022361 0.024398
v -0.005176 -0.022034 0.002654
v -0.007282 -0.017931 0.024398
v -0.005601 -0.017931 0.002654
v -0.006823 -0.013501 0.024398
v -0.005176 -0.013828 0.002655
v -0.005514 -0.009233 0.024398
v -0.003964 -0.009875 0.002654
v -0.003422 -0.005289 0.024398
v -0.002026 -0.006222 0.002654
v -0.000613 -0.001832 0.024398
v 0.000575 -0.003020 0.002654
v 0.002844 0.000976 0.024398
v 0.003777 -0.000419 0.002654
v 0.006787 0.003068 0.024398
v 0.007429 0.001519 0.002654
v 0.011056 0.004378 0.024398
v 0.011383 0.002731 0.002655
v 0.015486 0.004836 0.024398
v 0.015486 0.003156 0.002654
v 0.015486 0.004836 0.024398
v 0.019916 0.004378 0.024398
v 0.019589 0.002731 0.002654
v 0.015486 0.003156 0.002654
v 0.024184 0.003068 0.024398
v 0.023542 0.001518 0.002654
v 0.028128 0.000976 0.024398
v 0.027195 -0.000419 0.002654
v 0.030397 -0.003020 0.002655
v 0.032998 -0.006222 0.002654
v 0.021903 -0.013640 -0.020109
v 0.020950 -0.012467 -0.020109
v 0.034935 -0.009875 0.002654
v 0.022613 -0.014979 -0.020109
v 0.036148 -0.013828 0.002654
v 0.023058 -0.016428 -0.020109
v 0.036573 -0.017931 0.002654
v 0.023213 -0.017931 -0.020109
v 0.036148 -0.022034 0.002654
v 0.023058 -0.019435 -0.020109
v 0.034935 -0.025988 0.002654
v 0.022613 -0.020884 -0.020109
v 0.032998 -0.029640 0.002655
v 0.021903 -0.022222 -0.020109
v 0.030397 -0.032842 0.002654
v 0.020950 -0.023395 -0.020109
v 0.027195 -0.035443 0.002655
v 0.019777 -0.024349 -0.020109
v 0.023542 -0.037381 0.002654
v 0.018438 -0.025059 -0.020109
v 0.019590 -0.038594 0.002654
v 0.016990 -0.025503 -0.020109
v 0.015486 -0.039018 0.002654
v 0.015486 -0.025659 -0.020109
v 0.011383 -0.038593 0.002654
v 0.013982 -0.025503 -0.020109
v 0.007429 -0.037381 0.002654
v 0.012533 -0.025059 -0.020109
v 0.003918 -0.035385 0.002654
v 0.011247 -0.024327 -0.020109
v 0.000575 -0.032842 0.002654
v 0.010022 -0.023395 -0.020109
v -0.002026 -0.029640 0.002654
v 0.009068 -0.022222 -0.020109
v -0.003964 -0.025988 0.002654
v 0.008358 -0.020884 -0.020109
v -0.005176 -0.022034 0.002654
v 0.007914 -0.019435 -0.020109
v -0.005601 -0.017931 0.002654
v 0.007758 -0.017931 -0.020109
v -0.005176 -0.013828 0.002655
v 0.007914 -0.016428 -0.020109
v -0.003964 -0.009875 0.002654
v 0.008358 -0.014979 -0.020109
v -0.002026 -0.006222 0.002654
v 0.009068 -0.013640 -0.020109
v 0.000575 -0.003020 0.002654
v 0.010022 -0.012467 -0.020109
v 0.003777 -0.000419 0.002654
v 0.011195 -0.011514 -0.020109
v 0.007429 0.001519 0.002654
v 0.012533 -0.010804 -0.020109
v 0.011383 0.002731 0.002655
v 0.013982 -0.010359 -0.020109
v 0.015486 0.003156 0.002654
v 0.015486 -0.010204 -0.020109
v 0.019589 0.002731 0.002654
v 0.016989 -0.010359 -0.020109
v 0.023542 0.001518 0.002654
v 0.018438 -0.010804 -0.020109
v 0.027195 -0.000419 0.002654
v 0.019777 -0.011514 -0.020109
v 0.009068 -0.022222 -0.020109
v 0.015487 -0.017929 -0.027227
v 0.010022 -0.023395 -0.020109
v 0.020950 -0.012467 -0.020109
v 0.021903 -0.013640 -0.020109
v 0.022613 -0.014979 -0.020109
v 0.023058 -0.016428 -0.020109
v 0.023213 -0.017931 -0.020109
v 0.023058 -0.019435 -0.020109
v 0.022613 -0.020884 -0.020109
v 0.021903 -0.022222 -0.020109
v 0.020950 -0.023395 -0.020109
v 0.019777 -0.024349 -0.020109
v 0.018438 -0.025059 -0.020109
v 0.016990 -0.025503 -0.020109
v 0.015486 -0.025659 -0.020109
v 0.013982 -0.025503 -0.020109
v 0.012533 -0.025059 -0.020109
v 0.011247 -0.024327 -0.020109
v 0.008358 -0.020884 -0.020109
v 0.007914 -0.019435 -0.020109
v 0.007758 -0.017931 -0.020109
v 0.007914 -0.016428 -0.020109
v 0.008358 -0.014979 -0.020109
v 0.009068 -0.013640 -0.020109
v 0.010022 -0.012467 -0.020109
v 0.011195 -0.011514 -0.020109
v 0.012533 -0.010804 -0.020109
v 0.013982 -0.010359 -0.020109
v 0.015486 -0.010204 -0.020109
v 0.016989 -0.010359 -0.020109
v 0.018438 -0.010804 -0.020109
v 0.019777 -0.011514 -0.020109
v -0.005514 -0.026629 0.024398
v 0.015486 -0.017931 0.024398
v -0.006823 -0.022361 0.024398
v 0.037795 -0.013501 0.024398
v 0.036485 -0.009233 0.024398
v 0.034393 -0.005289 0.024398
v 0.031585 -0.001832 0.024398
v 0.028128 0.000976 0.024398
v 0.024184 0.003068 0.024398
v 0.019916 0.004378 0.024398
v 0.015486 0.004836 0.024398
v 0.011056 0.004378 0.024398
v 0.006787 0.003068 0.024398
v 0.002844 0.000976 0.024398
v -0.000613 -0.001832 0.024398
v -0.003422 -0.005289 0.024398
v -0.005514 -0.009233 0.024398
v -0.006823 -0.013501 0.024398
v -0.007282 -0.017931 0.024398
v -0.003422 -0.030573 0.024398
v -0.000613 -0.034030 0.024398
v 0.002844 -0.036839 0.024398
v 0.006787 -0.038931 0.024398
v 0.011056 -0.040240 0.024398
v 0.015486 -0.040699 0.024398
v 0.019916 -0.040240 0.024398
v 0.024184 -0.038931 0.024398
v 0.028128 -0.036839 0.024398
v 0.031585 -0.034030 0.024398
v 0.034393 -0.030573 0.024398
v 0.036485 -0.026629 0.024398
v 0.037795 -0.022361 0.024398
v 0.038253 -0.017931 0.024398
v 0.101517 0.020135 0.012221
v 0.101406 0.020287 0.012121
v 0.125165 0.039271 0.014388
v 0.125282 0.039126 0.014508
v 0.101665 0.019910 0.012463
v 0.101517 0.020135 0.012221
v 0.125282 0.039126 0.014508
v 0.125423 0.038930 0.014813
v 0.090474 0.039583 0.016259
v 0.090396 0.039701 0.016639
v 0.115976 0.055581 0.016655
v 0.116039 0.055476 0.016288
v 0.090634 0.039341 0.016066
v 0.090474 0.039583 0.016259
v 0.116039 0.055476 0.016288
v 0.116159 0.055280 0.016085
v 0.067286 0.023791 0.016063
v 0.067123 0.024033 0.016260
v 0.067123 0.024033 0.016260
v 0.067044 0.024149 0.016641
v 0.078620 0.003931 0.010779
v 0.078473 0.004176 0.010573
v 0.078473 0.004176 0.010573
v 0.078366 0.004349 0.010491
v 0.059651 -0.007118 0.010209
v 0.059530 -0.006897 0.010174
v 0.059808 -0.007397 0.010411
v 0.059651 -0.007118 0.010209
v 0.146553 0.062199 0.016163
v 0.146681 0.062159 0.016369
v 0.146792 0.060839 0.016278
v 0.146636 0.060905 0.016080
v 0.146681 0.062159 0.016369
v 0.146760 0.062149 0.016674
v 0.146901 0.060797 0.016615
v 0.146792 0.060839 0.016278
v 0.143360 0.067997 0.016675
v 0.143344 0.067919 0.016376
v 0.142415 0.068475 0.016330
v 0.142431 0.068570 0.016664
v 0.143344 0.067919 0.016376
v 0.143359 0.067784 0.016191
v 0.142411 0.068333 0.016145
v 0.142415 0.068475 0.016330
v 0.145346 0.065565 0.016395
v 0.145246 0.065549 0.016195
v 0.145404 0.065589 0.016680
v 0.145346 0.065565 0.016395
v 0.144692 0.056676 0.015920
v 0.144830 0.056514 0.016295
v 0.144490 0.056892 0.015766
v 0.144692 0.056676 0.015920
v 0.138232 0.068101 0.016245
v 0.138364 0.067853 0.016040
v 0.138165 0.068229 0.016635
v 0.138232 0.068101 0.016245
v 0.146488 0.059315 0.016141
v 0.146301 0.059417 0.015960
v 0.146792 0.060839 0.016278
v 0.146901 0.060797 0.016615
v 0.146621 0.059235 0.016505
v 0.146488 0.059315 0.016141
v 0.142431 0.068570 0.016664
v 0.142415 0.068475 0.016330
v 0.141078 0.068785 0.016288
v 0.141076 0.068900 0.016651
v 0.141105 0.068614 0.016106
v 0.141078 0.068785 0.016288
v 0.145983 0.058154 0.016050
v 0.145783 0.058346 0.015868
v 0.146106 0.058031 0.016403
v 0.145983 0.058154 0.016050
v 0.139959 0.068767 0.016273
v 0.139915 0.068886 0.016643
v 0.140054 0.068547 0.016070
v 0.139959 0.068767 0.016273
v 0.049363 0.010848 0.015969
v 0.049068 0.011244 0.016093
v 0.049068 0.011244 0.016093
v 0.048904 0.011469 0.016574
v 0.042098 -0.016506 0.010641
v 0.041933 -0.016177 0.010684
v 0.042275 -0.016835 0.010855
v 0.042098 -0.016506 0.010641
v 0.013462 -0.011373 0.015976
v 0.013242 -0.010992 0.016123
v 0.019423 -0.007708 0.016074
v 0.019667 -0.008173 0.015950
v 0.013242 -0.010992 0.016123
v 0.013120 -0.010781 0.016599
v 0.019282 -0.007442 0.016566
v 0.019423 -0.007708 0.016074
v 0.028487 -0.023328 0.011181
v 0.028707 -0.023751 0.011419
v 0.022487 -0.027005 0.011649
v 0.022258 -0.026609 0.011399
v 0.028304 -0.022929 0.011323
v 0.028487 -0.023328 0.011181
v 0.022258 -0.026609 0.011399
v 0.022051 -0.026249 0.011506
v 0.032883 -0.000536 0.015921
v 0.032562 -0.000042 0.015989
v 0.032562 -0.000042 0.015989
v 0.032329 0.000321 0.016501
v 0.125512 0.038777 0.015259
v 0.101787 0.019699 0.012840
v 0.090396 0.039701 0.017188
v 0.115976 0.055581 0.017172
v 0.067044 0.024149 0.017184
v 0.078763 0.003684 0.011129
v 0.143360 0.067997 0.017152
v 0.145404 0.065589 0.017146
v 0.146762 0.062144 0.017149
v 0.138166 0.068229 0.017191
v 0.144875 0.056437 0.016848
v 0.146916 0.060771 0.017121
v 0.143360 0.067997 0.016675
v 0.142431 0.068570 0.017163
v 0.143360 0.067997 0.017152
v 0.146916 0.060771 0.017121
v 0.146648 0.059187 0.017033
v 0.141076 0.068900 0.017174
v 0.146142 0.057968 0.016944
v 0.139915 0.068886 0.017184
v 0.059970 -0.007677 0.010793
v 0.048904 0.011469 0.017253
v 0.013120 -0.010781 0.017226
v 0.019282 -0.007442 0.017259
v 0.022668 -0.027318 0.012151
v 0.028899 -0.024085 0.011939
v 0.042452 -0.017143 0.011300
v 0.032329 0.000321 0.017325
v 0.144685 0.064705 0.015853
v 0.145176 0.065134 0.015958
v 0.143810 0.064041 0.015828
v 0.142987 0.063434 0.015819
v 0.141461 0.062331 0.015813
v 0.120794 0.047070 0.015815
v 0.096291 0.029372 0.015589
v 0.073179 0.013466 0.015186
v 0.054757 0.001433 0.014873
v 0.037655 -0.008790 0.014779
v 0.024188 -0.015902 0.014936
v 0.017952 -0.019150 0.015018
v 0.101827 0.019599 0.013186
v 0.125505 0.038740 0.015646
v 0.125450 0.038778 0.015861
v 0.101813 0.019583 0.013400
v 0.125505 0.038740 0.015646
v 0.101827 0.019599 0.013186
v 0.090474 0.039583 0.017568
v 0.116039 0.055476 0.017538
v 0.090634 0.039341 0.017760
v 0.116159 0.055280 0.017742
v 0.116039 0.055476 0.017538
v 0.090474 0.039583 0.017568
v 0.067286 0.023791 0.017763
v 0.067123 0.024033 0.017567
v 0.067123 0.024033 0.017567
v 0.078828 0.003561 0.011453
v 0.078828 0.003561 0.011453
v 0.078838 0.003531 0.011671
v 0.060040 -0.007781 0.011405
v 0.060044 -0.007800 0.011145
v 0.060044 -0.007800 0.011145
v 0.146557 0.062192 0.017663
v 0.146676 0.060835 0.017679
v 0.146825 0.060782 0.017468
v 0.146686 0.062150 0.017455
v 0.146686 0.062150 0.017455
v 0.146825 0.060782 0.017468
v 0.142431 0.068570 0.017163
v 0.142415 0.068475 0.017496
v 0.143344 0.067919 0.017450
v 0.143344 0.067919 0.017450
v 0.142415 0.068475 0.017496
v 0.142411 0.068333 0.017682
v 0.143359 0.067784 0.017635
v 0.145246 0.065549 0.017632
v 0.145346 0.065565 0.017431
v 0.145346 0.065565 0.017431
v 0.144798 0.056494 0.017271
v 0.144798 0.056494 0.017271
v 0.144617 0.056672 0.017505
v 0.138364 0.067853 0.017786
v 0.138232 0.068101 0.017580
v 0.138232 0.068101 0.017580
v 0.146380 0.059281 0.017630
v 0.146552 0.059203 0.017415
v 0.146825 0.060782 0.017468
v 0.146552 0.059203 0.017415
v 0.141078 0.068785 0.017538
v 0.142415 0.068475 0.017496
v 0.141078 0.068785 0.017538
v 0.141105 0.068614 0.017720
v 0.145887 0.058167 0.017574
v 0.146066 0.058010 0.017328
v 0.146066 0.058010 0.017328
v 0.139959 0.068767 0.017554
v 0.139959 0.068767 0.017554
v 0.140054 0.068547 0.017756
v 0.049363 0.010848 0.017857
v 0.049068 0.011244 0.017734
v 0.049068 0.011244 0.017734
v 0.042469 -0.017105 0.012073
v 0.042522 -0.017242 0.011715
v 0.042522 -0.017242 0.011715
v 0.013462 -0.011373 0.017849
v 0.019667 -0.008173 0.017875
v 0.019423 -0.007708 0.017753
v 0.013242 -0.010992 0.017703
v 0.013242 -0.010992 0.017703
v 0.019423 -0.007708 0.017753
v 0.028955 -0.024140 0.012470
v 0.022708 -0.027387 0.012671
v 0.028841 -0.023860 0.012855
v 0.022574 -0.027156 0.013038
v 0.022708 -0.027387 0.012671
v 0.028955 -0.024140 0.012470
v 0.032883 -0.000536 0.017905
v 0.032562 -0.000042 0.017838
v 0.032562 -0.000042 0.017838
v 0.145176 0.065134 0.017869
v 0.144685 0.064705 0.017974
v 0.143810 0.064041 0.017999
v 0.142987 0.063434 0.018008
v 0.141461 0.062331 0.018014
v 0.120809 0.047043 0.018005
v 0.096438 0.029117 0.017752
v 0.073421 0.013047 0.017315
v 0.055053 0.000921 0.016989
v 0.037966 -0.009329 0.016900
v 0.024474 -0.016398 0.017078
v 0.018225 -0.019623 0.017164
v 0.017952 -0.019150 0.015018
v 0.022051 -0.026249 0.011506
v 0.022574 -0.027156 0.013038
v 0.018225 -0.019623 0.017164
v 0.013462 -0.011373 0.015976
v 0.017952 -0.019150 0.015018
v 0.018225 -0.019623 0.017164
v 0.013462 -0.011373 0.017849
v 0.022051 -0.026249 0.011506
v 0.022258 -0.026609 0.011399
v 0.022708 -0.027387 0.012671
v 0.022574 -0.027156 0.013038
v 0.022258 -0.026609 0.011399
v 0.022487 -0.027005 0.011649
v 0.022668 -0.027318 0.012151
v 0.022708 -0.027387 0.012671
v 0.013242 -0.010992 0.016123
v 0.013462 -0.011373 0.015976
v 0.013462 -0.011373 0.017849
v 0.013242 -0.010992 0.017703
v 0.013120 -0.010781 0.016599
v 0.013242 -0.010992 0.016123
v 0.013242 -0.010992 0.017703
v 0.013120 -0.010781 0.017226
v 0.007841 -0.109805 0.012221
v 0.008027 -0.109785 0.012121
v 0.012588 -0.139853 0.014388
v 0.012405 -0.139881 0.014508
v 0.007572 -0.109821 0.012463
v 0.007841 -0.109805 0.012221
v 0.012405 -0.139881 0.014508
v 0.012164 -0.139905 0.014813
v 0.030204 -0.109965 0.016259
v 0.030345 -0.109956 0.016639
v 0.031308 -0.140049 0.016655
v 0.031186 -0.140052 0.016288
v 0.029914 -0.109983 0.016066
v 0.030204 -0.109965 0.016259
v 0.031186 -0.140052 0.016288
v 0.030955 -0.140058 0.016085
v 0.028122 -0.081988 0.016063
v 0.028413 -0.081968 0.016260
v 0.028413 -0.081968 0.016260
v 0.028553 -0.081957 0.016641
v 0.005255 -0.081874 0.010779
v 0.005542 -0.081869 0.010573
v 0.005542 -0.081869 0.010573
v 0.005744 -0.081862 0.010491
v 0.005172 -0.059921 0.010209
v 0.005423 -0.059926 0.010174
v 0.004852 -0.059917 0.010411
v 0.005172 -0.059921 0.010209
v 0.021751 -0.169838 0.016163
v 0.021653 -0.169930 0.016369
v 0.020454 -0.169366 0.016278
v 0.020588 -0.169263 0.016080
v 0.021653 -0.169930 0.016369
v 0.021604 -0.169992 0.016674
v 0.020362 -0.169438 0.016615
v 0.020454 -0.169366 0.016278
v 0.028369 -0.169972 0.016675
v 0.028309 -0.169921 0.016376
v 0.029255 -0.169393 0.016330
v 0.029330 -0.169455 0.016664
v 0.028309 -0.169921 0.016376
v 0.028184 -0.169866 0.016191
v 0.029134 -0.169318 0.016145
v 0.029255 -0.169393 0.016330
v 0.025270 -0.170476 0.016395
v 0.025306 -0.170382 0.016195
v 0.025261 -0.170540 0.016680
v 0.025270 -0.170476 0.016395
v 0.017899 -0.165466 0.015920
v 0.017689 -0.165505 0.016295
v 0.018186 -0.165398 0.015766
v 0.017899 -0.165466 0.015920
v 0.031023 -0.165585 0.016245
v 0.030742 -0.165575 0.016040
v 0.031166 -0.165590 0.016635
v 0.031023 -0.165585 0.016245
v 0.019285 -0.168341 0.016141
v 0.019468 -0.168230 0.015960
v 0.020454 -0.169366 0.016278
v 0.020362 -0.169438 0.016615
v 0.019150 -0.168416 0.016505
v 0.019285 -0.168341 0.016141
v 0.029330 -0.169455 0.016664
v 0.029255 -0.169393 0.016330
v 0.030192 -0.168391 0.016288
v 0.030293 -0.168447 0.016651
v 0.030030 -0.168328 0.016106
v 0.030192 -0.168391 0.016288
v 0.018533 -0.167323 0.016050
v 0.018799 -0.167246 0.015868
v 0.018365 -0.167367 0.016403
v 0.018533 -0.167323 0.016050
v 0.030735 -0.167412 0.016273
v 0.030861 -0.167435 0.016643
v 0.030498 -0.167385 0.016070
v 0.030735 -0.167412 0.016273
v 0.025874 -0.059994 0.015969
v 0.026365 -0.059937 0.016093
v 0.026365 -0.059937 0.016093
v 0.026642 -0.059907 0.016574
v 0.005818 -0.040025 0.010641
v 0.006185 -0.040047 0.010684
v 0.005444 -0.040014 0.010855
v 0.005818 -0.040025 0.010641
v 0.024581 -0.017793 0.015976
v 0.025021 -0.017793 0.016123
v 0.024775 -0.024788 0.016074
v 0.024249 -0.024767 0.015950
v 0.025021 -0.017793 0.016123
v 0.025264 -0.017793 0.016599
v 0.025076 -0.024799 0.016566
v 0.024775 -0.024788 0.016074
v 0.006715 -0.024827 0.011181
v 0.006239 -0.024806 0.011419
v 0.006531 -0.017793 0.011649
v 0.006989 -0.017793 0.011399
v 0.007152 -0.024868 0.011323
v 0.006715 -0.024827 0.011181
v 0.006989 -0.017793 0.011399
v 0.007404 -0.017793 0.011506
v 0.024256 -0.040030 0.015921
v 0.024844 -0.039999 0.015989
v 0.024844 -0.039999 0.015989
v 0.025275 -0.039979 0.016501
v 0.011987 -0.139905 0.015259
v 0.007328 -0.109821 0.012840
v 0.030345 -0.109956 0.017188
v 0.031308 -0.140049 0.017172
v 0.028553 -0.081957 0.017184
v 0.004971 -0.081874 0.011129
v 0.028369 -0.169972 0.017152
v 0.025261 -0.170540 0.017146
v 0.021599 -0.169992 0.017149
v 0.031166 -0.165590 0.017191
v 0.017599 -0.165505 0.016848
v 0.020333 -0.169438 0.017121
v 0.028369 -0.169972 0.016675
v 0.029330 -0.169455 0.017163
v 0.028369 -0.169972 0.017152
v 0.020333 -0.169438 0.017121
v 0.019095 -0.168416 0.017033
v 0.030293 -0.168447 0.017174
v 0.018292 -0.167367 0.016944
v 0.030861 -0.167435 0.017184
v 0.004528 -0.059917 0.010793
v 0.026642 -0.059907 0.017253
v 0.025264 -0.017793 0.017226
v 0.025076 -0.024798 0.017259
v 0.006169 -0.017793 0.012151
v 0.005853 -0.024806 0.011939
v 0.005089 -0.040014 0.011300
v 0.025275 -0.039979 0.017325
v 0.024855 -0.169475 0.015853
v 0.024981 -0.170113 0.015958
v 0.024718 -0.168385 0.015828
v 0.024603 -0.167368 0.015819
v 0.024411 -0.165496 0.015813
v 0.021528 -0.139966 0.015815
v 0.018453 -0.109897 0.015589
v 0.016234 -0.081929 0.015186
v 0.015024 -0.059958 0.014873
v 0.014721 -0.040036 0.014779
v 0.015296 -0.024817 0.014936
v 0.015601 -0.017793 0.015018
v 0.007222 -0.109805 0.013186
v 0.011958 -0.139881 0.015646
v 0.012019 -0.139853 0.015861
v 0.007214 -0.109785 0.013400
v 0.011958 -0.139881 0.015646
v 0.007222 -0.109805 0.013186
v 0.030204 -0.109965 0.017568
v 0.031186 -0.140052 0.017538
v 0.029914 -0.109983 0.017760
v 0.030955 -0.140058 0.017742
v 0.031186 -0.140052 0.017538
v 0.030204 -0.109965 0.017568
v 0.028122 -0.081988 0.017763
v 0.028413 -0.081968 0.017567
v 0.028413 -0.081968 0.017567
v 0.004831 -0.081869 0.011453
v 0.004831 -0.081869 0.011453
v 0.004800 -0.081862 0.011671
v 0.004403 -0.059926 0.011405
v 0.004384 -0.059921 0.011145
v 0.004384 -0.059921 0.011145
v 0.021743 -0.169838 0.017663
v 0.020508 -0.169263 0.017679
v 0.020388 -0.169366 0.017468
v 0.021643 -0.169930 0.017455
v 0.021643 -0.169930 0.017455
v 0.020388 -0.169366 0.017468
v 0.029330 -0.169455 0.017163
v 0.029255 -0.169393 0.017496
v 0.028309 -0.169921 0.017450
v 0.028309 -0.169921 0.017450
v 0.029255 -0.169393 0.017496
v 0.029134 -0.169318 0.017682
v 0.028184 -0.169866 0.017635
v 0.025306 -0.170382 0.017632
v 0.025270 -0.170476 0.017431
v 0.025270 -0.170476 0.017431
v 0.017688 -0.165466 0.017271
v 0.017688 -0.165466 0.017271
v 0.017933 -0.165398 0.017505
v 0.030742 -0.165575 0.017786
v 0.031023 -0.165585 0.017580
v 0.031023 -0.165585 0.017580
v 0.019310 -0.168230 0.017630
v 0.019157 -0.168341 0.017415
v 0.020388 -0.169366 0.017468
v 0.019157 -0.168341 0.017415
v 0.030192 -0.168391 0.017538
v 0.029255 -0.169393 0.017496
v 0.030192 -0.168391 0.017538
v 0.030030 -0.168328 0.017720
v 0.018592 -0.167246 0.017574
v 0.018367 -0.167323 0.017328
v 0.018367 -0.167323 0.017328
v 0.030735 -0.167412 0.017554
v 0.030735 -0.167412 0.017554
v 0.030498 -0.167385 0.017756
v 0.025874 -0.059994 0.017857
v 0.026365 -0.059937 0.017734
v 0.026365 -0.059937 0.017734
v 0.005114 -0.040047 0.012073
v 0.004968 -0.040025 0.011715
v 0.004968 -0.040025 0.011715
v 0.024581 -0.017793 0.017849
v 0.024249 -0.024767 0.017875
v 0.024775 -0.024788 0.017753
v 0.025021 -0.017793 0.017703
v 0.025021 -0.017793 0.017703
v 0.024775 -0.024788 0.017753
v 0.005778 -0.024827 0.012470
v 0.006089 -0.017793 0.012671
v 0.006078 -0.024868 0.012855
v 0.006356 -0.017793 0.013038
v 0.006089 -0.017793 0.012671
v 0.005778 -0.024827 0.012470
v 0.024256 -0.040030 0.017905
v 0.024844 -0.039999 0.017838
v 0.024844 -0.039999 0.017838
v 0.024981 -0.170113 0.017869
v 0.024855 -0.169475 0.017974
v 0.024718 -0.168385 0.017999
v 0.024603 -0.167368 0.018008
v 0.024411 -0.165496 0.018014
v 0.021497 -0.139966 0.018005
v 0.018159 -0.109897 0.017752
v 0.015750 -0.081929 0.017315
v 0.014432 -0.059958 0.016989
v 0.014100 -0.040036 0.016900
v 0.014723 -0.024817 0.017078
v 0.015055 -0.017793 0.017164
v 0.015601 -0.017793 0.015018
v 0.007404 -0.017793 0.011506
v 0.006356 -0.017793 0.013038
v 0.015055 -0.017793 0.017164
v 0.024581 -0.017793 0.015976
v 0.024581 -0.017793 0.017849
v 0.006989 -0.017793 0.011399
v 0.006089 -0.017793 0.012671
v 0.006531 -0.017793 0.011649
v 0.006169 -0.017793 0.012151
v 0.025021 -0.017793 0.016123
v 0.025021 -0.017793 0.017703
v 0.025264 -0.017793 0.016599
v 0.025264 -0.017793 0.017226
v -0.057853 0.036291 0.012221
v -0.057929 0.036120 0.012121
v -0.086249 0.047204 0.014388
v -0.086182 0.047377 0.014508
v -0.057732 0.036532 0.012463
v -0.057853 0.036291 0.012221
v -0.086182 0.047377 0.014508
v -0.086082 0.047598 0.014813
v -0.069173 0.017004 0.016259
v -0.069236 0.016878 0.016639
v -0.095779 0.031090 0.016655
v -0.095720 0.031198 0.016288
v -0.069044 0.017264 0.016066
v -0.069173 0.017004 0.016259
v -0.095720 0.031198 0.016288
v -0.095610 0.031400 0.016085
v -0.043903 0.004819 0.016063
v -0.044031 0.004556 0.016260
v -0.044031 0.004556 0.016260
v -0.044092 0.004430 0.016641
v -0.032371 0.024564 0.010779
v -0.032510 0.024314 0.010573
v -0.032510 0.024314 0.010573
v -0.032606 0.024136 0.010491
v -0.013317 0.013661 0.010209
v -0.013448 0.013446 0.010174
v -0.013154 0.013936 0.010411
v -0.013317 0.013661 0.010209
v -0.116798 0.054262 0.016163
v -0.116828 0.054392 0.016369
v -0.115741 0.055149 0.016278
v -0.115720 0.054981 0.016080
v -0.116828 0.054392 0.016369
v -0.116858 0.054466 0.016674
v -0.115758 0.055264 0.016615
v -0.115741 0.055149 0.016278
v -0.120224 0.048598 0.016675
v -0.120149 0.048623 0.016376
v -0.120165 0.047541 0.016330
v -0.120255 0.047506 0.016664
v -0.120149 0.048623 0.016376
v -0.120039 0.048704 0.016191
v -0.120040 0.047607 0.016145
v -0.120165 0.047541 0.016330
v -0.119110 0.051533 0.016395
v -0.119046 0.051455 0.016195
v -0.119161 0.051572 0.016680
v -0.119110 0.051533 0.016395
v -0.111086 0.055412 0.015920
v -0.111015 0.055613 0.016295
v -0.111171 0.055129 0.015766
v -0.111086 0.055412 0.015920
v -0.117750 0.044105 0.016245
v -0.117601 0.044343 0.016040
v -0.117827 0.043983 0.016635
v -0.117750 0.044105 0.016245
v -0.114268 0.055648 0.016141
v -0.114263 0.055435 0.015960
v -0.115741 0.055149 0.016278
v -0.115758 0.055264 0.016615
v -0.114266 0.055802 0.016505
v -0.114268 0.055648 0.016141
v -0.120255 0.047506 0.016664
v -0.120165 0.047541 0.016330
v -0.119765 0.046228 0.016288
v -0.119864 0.046168 0.016651
v -0.119630 0.046336 0.016106
v -0.119765 0.046228 0.016288
v -0.113011 0.055790 0.016050
v -0.113077 0.055522 0.015868
v -0.112966 0.055958 0.016403
v -0.113011 0.055790 0.016050
v -0.119190 0.045268 0.016273
v -0.119271 0.045170 0.016643
v -0.119047 0.045460 0.016070
v -0.119190 0.045268 0.016273
v -0.023732 -0.004232 0.015969
v -0.023929 -0.004685 0.016093
v -0.023929 -0.004685 0.016093
v -0.024041 -0.004940 0.016574
v 0.003590 0.003154 0.010641
v 0.003387 0.002847 0.010684
v 0.003786 0.003471 0.010855
v 0.003590 0.003154 0.010641
v 0.013462 -0.024212 0.015976
v 0.013242 -0.024593 0.016123
v 0.007307 -0.020882 0.016074
v 0.007588 -0.020438 0.015950
v 0.013242 -0.024593 0.016123
v 0.013120 -0.024804 0.016599
v 0.007147 -0.021138 0.016566
v 0.007307 -0.020882 0.016074
v 0.016303 -0.005223 0.011181
v 0.016559 -0.004821 0.011419
v 0.022487 -0.008580 0.011649
v 0.022258 -0.008977 0.011399
v 0.016048 -0.005581 0.011323
v 0.016303 -0.005223 0.011181
v 0.022258 -0.008977 0.011399
v 0.022051 -0.009336 0.011506
v -0.005634 -0.012812 0.015921
v -0.005901 -0.013337 0.015989
v -0.005901 -0.013337 0.015989
v -0.006099 -0.013720 0.016501
v -0.085994 0.047751 0.015259
v -0.057610 0.036744 0.012840
v -0.069236 0.016878 0.017188
v -0.095779 0.031090 0.017172
v -0.044092 0.004430 0.017184
v -0.032229 0.024811 0.011129
v -0.120224 0.048598 0.017152
v -0.119161 0.051572 0.017146
v -0.116856 0.054471 0.017149
v -0.117827 0.043983 0.017191
v -0.110970 0.055690 0.016848
v -0.115743 0.055290 0.017121
v -0.120224 0.048598 0.016675
v -0.120255 0.047506 0.017163
v -0.120224 0.048598 0.017152
v -0.115743 0.055290 0.017121
v -0.114238 0.055850 0.017033
v -0.119864 0.046168 0.017174
v -0.112930 0.056021 0.016944
v -0.119271 0.045170 0.017184
v -0.012992 0.014217 0.010793
v -0.024041 -0.004940 0.017253
v 0.013120 -0.024804 0.017226
v 0.007147 -0.021138 0.017259
v 0.022668 -0.008267 0.012151
v 0.016752 -0.004487 0.011939
v 0.003964 0.003779 0.011300
v -0.006099 -0.013720 0.017325
v -0.118035 0.051391 0.015853
v -0.118651 0.051602 0.015958
v -0.117022 0.050965 0.015828
v -0.116085 0.050556 0.015819
v -0.114367 0.049787 0.015813
v -0.090817 0.039518 0.015815
v -0.063239 0.027147 0.015589
v -0.037908 0.015084 0.015186
v -0.018276 0.005147 0.014873
v -0.000872 -0.004552 0.014779
v 0.012021 -0.012659 0.014936
v 0.017952 -0.016436 0.015018
v -0.057543 0.036827 0.013186
v -0.085958 0.047763 0.015646
v -0.085964 0.047697 0.015861
v -0.057522 0.036824 0.013400
v -0.085958 0.047763 0.015646
v -0.057543 0.036827 0.013186
v -0.069173 0.017004 0.017568
v -0.095720 0.031198 0.017538
v -0.069044 0.017264 0.017760
v -0.095610 0.031400 0.017742
v -0.095720 0.031198 0.017538
v -0.069173 0.017004 0.017568
v -0.043903 0.004819 0.017763
v -0.044031 0.004556 0.017567
v -0.044031 0.004556 0.017567
v -0.032155 0.024929 0.011453
v -0.032155 0.024929 0.011453
v -0.032133 0.024953 0.011671
v -0.012938 0.014329 0.011405
v -0.012924 0.014343 0.011145
v -0.012924 0.014343 0.011145
v -0.116795 0.054269 0.017663
v -0.115678 0.055051 0.017679
v -0.115707 0.055206 0.017468
v -0.116823 0.054401 0.017455
v -0.116823 0.054401 0.017455
v -0.115707 0.055206 0.017468
v -0.120255 0.047506 0.017163
v -0.120165 0.047541 0.017496
v -0.120149 0.048623 0.017450
v -0.120149 0.048623 0.017450
v -0.120165 0.047541 0.017496
v -0.120040 0.047607 0.017682
v -0.120039 0.048704 0.017635
v -0.119046 0.051455 0.017632
v -0.119110 0.051533 0.017431
v -0.119110 0.051533 0.017431
v -0.110981 0.055594 0.017271
v -0.110981 0.055594 0.017271
v -0.111045 0.055348 0.017505
v -0.117601 0.044343 0.017786
v -0.117750 0.044105 0.017580
v -0.117750 0.044105 0.017580
v -0.114185 0.055571 0.017630
v -0.114205 0.055759 0.017415
v -0.115707 0.055206 0.017468
v -0.114205 0.055759 0.017415
v -0.119765 0.046228 0.017538
v -0.120165 0.047541 0.017496
v -0.119765 0.046228 0.017538
v -0.119630 0.046336 0.017720
v -0.112973 0.055701 0.017574
v -0.112927 0.055935 0.017328
v -0.112927 0.055935 0.017328
v -0.119190 0.045268 0.017554
v -0.119190 0.045268 0.017554
v -0.119047 0.045460 0.017756
v -0.023732 -0.004232 0.017857
v -0.023929 -0.004685 0.017734
v -0.023929 -0.004685 0.017734
v 0.003922 0.003774 0.012073
v 0.004014 0.003889 0.011715
v 0.004014 0.003889 0.011715
v 0.013462 -0.024212 0.017849
v 0.007588 -0.020438 0.017875
v 0.007307 -0.020882 0.017753
v 0.013242 -0.024593 0.017703
v 0.013242 -0.024593 0.017703
v 0.007307 -0.020882 0.017753
v 0.016772 -0.004411 0.012470
v 0.022708 -0.008198 0.012671
v 0.016586 -0.004650 0.012855
v 0.022574 -0.008429 0.013038
v 0.022708 -0.008198 0.012671
v 0.016772 -0.004411 0.012470
v -0.005634 -0.012812 0.017905
v -0.005901 -0.013337 0.017838
v -0.005901 -0.013337 0.017838
v -0.118651 0.051602 0.017869
v -0.118035 0.051391 0.017974
v -0.117022 0.050965 0.017999
v -0.116085 0.050556 0.018008
v -0.114367 0.049787 0.018014
v -0.090801 0.039545 0.018005
v -0.063092 0.027402 0.017752
v -0.037666 0.015503 0.017315
v -0.017980 0.005660 0.016989
v -0.000561 -0.004013 0.016900
v 0.012308 -0.012163 0.017078
v 0.018225 -0.015963 0.017164
v 0.017952 -0.016436 0.015018
v 0.022051 -0.009336 0.011506
v 0.022574 -0.008429 0.013038
v 0.018225 -0.015963 0.017164
v 0.013462 -0.024212 0.015976
v 0.017952 -0.016436 0.015018
v 0.018225 -0.015963 0.017164
v 0.013462 -0.024212 0.017849
v 0.022051 -0.009336 0.011506
v 0.022258 -0.008977 0.011399
v 0.022708 -0.008198 0.012671
v 0.022574 -0.008429 0.013038
v 0.022258 -0.008977 0.011399
v 0.022487 -0.008580 0.011649
v 0.022668 -0.008267 0.012151
v 0.022708 -0.008198 0.012671
v 0.013242 -0.024593 0.016123
v 0.013462 -0.024212 0.015976
v 0.013462 -0.024212 0.017849
v 0.013242 -0.024593 0.017703
v 0.013120 -0.024804 0.016599
v 0.013242 -0.024593 0.016123
v 0.013242 -0.024593 0.017703
v 0.013120 -0.024804 0.017226
vn 0.705000 0.705000 -0.077000
vn 0.705000 0.705000 -0.077100
vn 0.831200 0.550600 -0.077000
vn 0.831300 0.550500 -0.077000
vn 0.921100 0.381600 -0.076900
vn 0.921100 0.381500 -0.076900
vn 0.977100 0.198500 -0.077000
vn 0.997000 -0.000000 -0.077100
vn 0.977100 -0.198500 -0.077000
vn 0.977000 -0.198800 -0.077000
vn 0.921100 -0.381600 -0.076900
vn 0.921100 -0.381500 -0.076900
vn 0.831200 -0.550600 -0.077000
vn 0.831300 -0.550500 -0.077000
vn 0.705000 -0.705000 -0.077000
vn 0.705000 -0.705000 -0.077100
vn 0.550600 -0.831200 -0.077000
vn 0.550500 -0.831300 -0.077000
vn 0.381600 -0.921100 -0.076900
vn 0.381700 -0.921100 -0.076900
vn 0.198500 -0.977100 -0.076900
vn 0.000000 -0.997000 -0.077000
vn -0.000100 -0.997000 -0.077100
vn -0.199000 -0.977000 -0.077000
vn -0.198800 -0.977000 -0.077000
vn -0.387400 -0.918600 -0.078300
vn -0.550600 -0.831000 -0.079800
vn -0.550300 -0.831200 -0.079800
vn -0.699100 -0.710700 -0.078600
vn -0.699000 -0.710800 -0.078600
vn -0.831200 -0.550600 -0.077000
vn -0.831300 -0.550500 -0.077000
vn -0.921100 -0.381500 -0.076900
vn -0.977100 -0.198400 -0.077000
vn -0.977100 -0.198500 -0.077000
vn -0.997000 -0.000000 -0.077000
vn -0.977100 0.198400 -0.077000
vn -0.977100 0.198500 -0.077000
vn -0.921100 0.381500 -0.076900
vn -0.831200 0.550600 -0.077000
vn -0.831300 0.550500 -0.077000
vn -0.705000 0.705000 -0.077000
vn -0.550600 0.831200 -0.077000
vn -0.550500 0.831200 -0.077000
vn -0.381500 0.921100 -0.076900
vn -0.198400 0.977100 -0.077000
vn -0.198500 0.977100 -0.077000
vn 0.000000 0.997000 -0.077100
vn 0.000000 0.997000 -0.077000
vn 0.198400 0.977100 -0.077000
vn 0.198500 0.977100 -0.077000
vn 0.381500 0.921100 -0.076900
vn 0.550600 0.831200 -0.077000
vn 0.550500 0.831300 -0.077000
vn 0.609800 0.609800 -0.506200
vn 0.609800 0.609800 -0.506100
vn 0.719100 0.476500 -0.505800
vn 0.719300 0.476200 -0.505800
vn 0.797100 0.330200 -0.505500
vn 0.845400 0.171600 -0.505800
vn 0.845400 0.171800 -0.505800
vn 0.862400 -0.000000 -0.506200
vn 0.845400 -0.171600 -0.505800
vn 0.845400 -0.171800 -0.505800
vn 0.797100 -0.330300 -0.505500
vn 0.797100 -0.330200 -0.505500
vn 0.719200 -0.476500 -0.505800
vn 0.719300 -0.476300 -0.505800
vn 0.609800 -0.609800 -0.506200
vn 0.476500 -0.719200 -0.505800
vn 0.476300 -0.719300 -0.505800
vn 0.330400 -0.797100 -0.505500
vn 0.330300 -0.797100 -0.505500
vn 0.171600 -0.845400 -0.505800
vn 0.171900 -0.845400 -0.505800
vn -0.000100 -0.862400 -0.506200
vn -0.171600 -0.845400 -0.505800
vn -0.171900 -0.845400 -0.505800
vn -0.340400 -0.792900 -0.505500
vn -0.341300 -0.792500 -0.505500
vn -0.477000 -0.720400 -0.503500
vn -0.599800 -0.619800 -0.506100
vn -0.599100 -0.620400 -0.506100
vn -0.719200 -0.476400 -0.505800
vn -0.719300 -0.476300 -0.505800
vn -0.797100 -0.330200 -0.505500
vn -0.845400 -0.171600 -0.505800
vn -0.845400 -0.171800 -0.505800
vn -0.862400 0.000100 -0.506200
vn -0.862400 -0.000000 -0.506200
vn -0.845400 0.171600 -0.505800
vn -0.845400 0.171800 -0.505800
vn -0.797200 0.330100 -0.505500
vn -0.797100 0.330200 -0.505500
vn -0.719200 0.476500 -0.505800
vn -0.719300 0.476300 -0.505800
vn -0.609800 0.609800 -0.506200
vn -0.476500 0.719100 -0.505800
vn -0.476300 0.719300 -0.505800
vn -0.330100 0.797200 -0.505500
vn -0.330200 0.797100 -0.505500
vn -0.171600 0.845400 -0.505800
vn -0.171800 0.845400 -0.505800
vn -0.000100 0.862400 -0.506200
vn 0.000000 0.862400 -0.506200
vn 0.171600 0.845400 -0.505800
vn 0.171900 0.845400 -0.505800
vn 0.330200 0.797100 -0.505500
vn 0.476500 0.719100 -0.505800
vn 0.476300 0.719300 -0.505800
vn -0.565000 -0.374400 -0.735300
vn 0.000000 -0.000000 -1.000000
vn -0.471200 -0.486700 -0.735600
vn 0.479100 0.479100 -0.735400
vn 0.565200 0.374500 -0.735100
vn 0.626600 0.259500 -0.734900
vn 0.664400 0.134800 -0.735100
vn 0.677600 -0.000000 -0.735500
vn 0.664400 -0.134800 -0.735100
vn 0.626500 -0.259500 -0.735000
vn 0.565100 -0.374400 -0.735200
vn 0.479000 -0.479000 -0.735600
vn 0.374400 -0.565100 -0.735200
vn 0.259600 -0.626400 -0.735000
vn 0.134800 -0.664200 -0.735300
vn -0.000100 -0.677400 -0.735600
vn -0.134800 -0.664200 -0.735300
vn -0.267300 -0.623100 -0.735000
vn -0.375400 -0.567000 -0.733200
vn -0.626400 -0.259500 -0.735100
vn -0.664200 -0.134800 -0.735300
vn -0.677400 -0.000000 -0.735600
vn -0.664300 0.134800 -0.735200
vn -0.626500 0.259500 -0.735000
vn -0.565100 0.374400 -0.735200
vn -0.479100 0.479100 -0.735500
vn -0.374500 0.565100 -0.735100
vn -0.259500 0.626500 -0.734900
vn -0.134800 0.664400 -0.735100
vn 0.000000 0.677600 -0.735400
vn 0.134800 0.664400 -0.735100
vn 0.259500 0.626600 -0.734900
vn 0.374500 0.565200 -0.735100
vn 0.000000 -0.000000 1.000000
vn 0.367100 -0.345200 -0.863800
vn 0.327800 -0.337300 -0.882500
vn -0.141000 0.262000 -0.954700
vn -0.077600 0.161500 -0.983800
vn 0.595700 -0.646700 -0.476300
vn 0.507500 -0.604600 -0.613900
vn 0.450900 -0.517200 -0.727400
vn 0.539600 -0.568600 -0.620900
vn -0.483400 0.809700 -0.332800
vn -0.508300 0.791100 -0.340300
vn -0.534800 0.832100 -0.147100
vn -0.507400 0.849700 -0.143800
vn -0.027700 0.047200 -0.998500
vn -0.030300 0.055400 -0.998000
vn -0.313800 0.488300 -0.814300
vn -0.314800 0.526800 -0.789600
vn -0.039900 0.072400 -0.996600
vn -0.264300 0.390600 -0.881800
vn -0.518400 0.760300 -0.391400
vn -0.554800 0.814000 -0.172300
vn 0.413600 -0.582200 -0.700000
vn 0.353500 -0.482400 -0.801400
vn 0.217600 -0.264900 -0.939400
vn -0.186700 0.329000 -0.925700
vn -0.211100 0.359800 -0.908800
vn 0.047900 -0.091300 -0.994700
vn 0.263800 -0.468000 -0.843400
vn 0.333600 -0.590500 -0.734900
vn 0.170000 0.012400 -0.985400
vn 0.412700 0.117800 -0.903200
vn 0.836900 0.249500 -0.487200
vn 0.765800 -0.019000 -0.642800
vn 0.948300 -0.036500 -0.315100
vn 0.927100 0.290100 -0.237300
vn 0.951600 0.292500 -0.093800
vn 0.987700 -0.045000 -0.149500
vn 0.358400 0.926800 -0.112000
vn 0.700400 0.708900 -0.083700
vn 0.692400 0.687300 -0.219700
vn 0.349700 0.895900 -0.274000
vn 0.287300 0.747900 -0.598500
vn 0.607800 0.653700 -0.450800
vn 0.254200 0.279300 -0.925900
vn 0.044300 0.132500 -0.990200
vn 0.686700 0.429700 -0.586400
vn 0.792500 0.434300 -0.428100
vn 0.842900 0.492100 -0.217800
vn 0.862400 0.499300 -0.084100
vn 0.644000 -0.663900 -0.380100
vn 0.589100 -0.593900 -0.547900
vn 0.371300 -0.332600 -0.866900
vn -0.022900 0.072500 -0.997100
vn -0.029700 0.048600 -0.998400
vn -0.303400 0.544800 -0.781800
vn -0.458100 0.824400 -0.332500
vn -0.480700 0.865100 -0.143500
vn 0.115800 0.000800 -0.993300
vn 0.653900 -0.150200 -0.741500
vn 0.898000 -0.234900 -0.372000
vn 0.948300 -0.036600 -0.315100
vn 0.987700 -0.045100 -0.149500
vn 0.945700 -0.258500 -0.197000
vn 0.120100 0.985100 -0.123100
vn 0.358300 0.926900 -0.112000
vn 0.118400 0.947400 -0.297200
vn 0.082200 0.728800 -0.679700
vn 0.013000 0.106900 -0.994200
vn 0.059600 -0.002600 -0.998200
vn 0.474200 -0.269900 -0.838000
vn 0.761500 -0.472600 -0.443500
vn 0.813900 -0.519700 -0.259800
vn -0.228000 0.963800 -0.138000
vn -0.212500 0.920400 -0.328200
vn -0.159400 0.617300 -0.770400
vn -0.014700 0.076400 -0.997000
vn -0.051800 0.089400 -0.994600
vn -0.150100 0.220800 -0.963700
vn -0.484800 0.706400 -0.515700
vn -0.549100 0.801100 -0.238200
vn -0.213500 0.361000 -0.907800
vn -0.082200 0.094900 -0.992100
vn 0.206700 -0.449700 -0.869000
vn 0.291200 -0.602700 -0.742900
vn -0.062200 0.100900 -0.993000
vn -0.061000 0.101400 -0.993000
vn -0.129200 0.235700 -0.963200
vn -0.099700 0.170200 -0.980400
vn -0.414000 0.717200 -0.560500
vn -0.414900 0.766800 -0.489800
vn -0.463500 0.855800 -0.229800
vn -0.482800 0.834200 -0.266600
vn 0.190000 -0.422700 -0.886100
vn 0.185700 -0.430400 -0.883300
vn 0.280700 -0.605000 -0.745100
vn 0.288000 -0.602500 -0.744400
vn -0.199100 0.340600 -0.918900
vn -0.205900 0.350600 -0.913600
vn -0.141100 0.201300 -0.969300
vn -0.155200 0.235100 -0.959500
vn -0.059900 0.098000 -0.993400
vn -0.091900 0.144500 -0.985200
vn -0.436500 0.683800 -0.584700
vn -0.516700 0.809600 -0.278500
vn 0.573200 -0.715000 -0.400300
vn 0.647100 -0.730500 -0.218100
vn -0.507400 0.849700 0.143800
vn -0.534800 0.832100 0.147100
vn -0.554800 0.814000 0.172100
vn 0.488800 -0.710800 -0.505800
vn 0.862500 0.499200 0.083200
vn 0.700400 0.708800 0.083700
vn 0.952600 0.291500 0.087000
vn -0.480700 0.865100 0.143500
vn 0.682300 -0.725100 -0.092600
vn 0.995100 -0.052300 0.084400
vn 0.700300 0.708900 0.083700
vn 0.700300 0.708900 -0.083700
vn 0.358400 0.926800 0.111900
vn 0.959800 -0.274300 0.060200
vn 0.995100 -0.052400 0.084400
vn 0.120100 0.985100 0.123100
vn 0.835700 -0.548600 0.024500
vn -0.228000 0.963800 0.138100
vn 0.420800 -0.741600 -0.522400
vn -0.549100 0.801100 0.238100
vn -0.482800 0.834100 0.266700
vn -0.463500 0.855800 0.229800
vn 0.399300 -0.812300 -0.425100
vn 0.412600 -0.820100 -0.396400
vn 0.395500 -0.785000 -0.476700
vn -0.516700 0.809600 0.278500
vn 0.273700 0.158300 -0.948700
vn 0.094200 0.063600 -0.993500
vn 0.044600 0.039100 -0.998200
vn 0.015200 0.029400 -0.999500
vn -0.025500 0.052900 -0.998300
vn -0.048600 0.093900 -0.994400
vn -0.083100 0.153300 -0.984700
vn -0.113900 0.202200 -0.972700
vn -0.134800 0.231100 -0.963500
vn -0.140500 0.237000 -0.961300
vn -0.134700 0.227500 -0.964400
vn -0.128300 0.218000 -0.967500
vn 0.193100 -0.330900 0.923700
vn 0.599800 -0.799400 0.034300
vn 0.586200 -0.716300 0.378700
vn 0.139800 -0.239400 0.960800
vn 0.596600 -0.762600 -0.250100
vn 0.653900 -0.755200 -0.045300
vn -0.508300 0.791100 0.340200
vn -0.483400 0.809700 0.332700
vn -0.313900 0.488500 0.814100
vn -0.012400 0.009200 0.999900
vn -0.023900 0.032900 0.999200
vn -0.314800 0.526800 0.789600
vn -0.264400 0.390700 0.881700
vn 0.004700 -0.018200 0.999800
vn -0.518500 0.760300 0.391300
vn 0.523000 -0.772500 -0.360200
vn 0.232700 -0.394100 0.889100
vn 0.548200 -0.834400 -0.056800
vn 0.252700 -0.423500 0.870000
vn 0.491900 -0.860600 0.132100
vn 0.462300 -0.812200 -0.355700
vn 0.842400 0.240300 0.482300
vn 0.389000 0.096800 0.916100
vn 0.137000 -0.040400 0.989700
vn 0.799800 -0.066500 0.596500
vn 0.929500 0.289000 0.229200
vn 0.966800 -0.051900 0.250200
vn 0.692300 0.687300 0.219700
vn 0.358300 0.926900 0.111900
vn 0.349600 0.895900 0.274000
vn 0.254100 0.279400 0.925900
vn 0.607800 0.653600 0.450900
vn 0.287200 0.747800 0.598600
vn 0.044300 0.132500 0.990200
vn 0.687000 0.429700 0.586000
vn 0.792800 0.434200 0.427800
vn 0.843100 0.492000 0.217000
vn 0.675200 -0.731100 0.097800
vn 0.528200 -0.611200 0.589500
vn 0.092100 -0.156800 0.983300
vn -0.029500 0.048100 0.998400
vn -0.303300 0.544800 0.781800
vn -0.458100 0.824400 0.332500
vn 0.099100 -0.070200 0.992600
vn 0.716200 -0.245300 0.653400
vn 0.966800 -0.052100 0.250200
vn 0.931600 -0.270900 0.242300
vn 0.349700 0.895900 0.274100
vn 0.118300 0.947500 0.297200
vn 0.082200 0.728800 0.679800
vn 0.012900 0.106800 0.994200
vn 0.071400 -0.085200 0.993800
vn 0.567100 -0.423900 0.706100
vn 0.812100 -0.538200 0.225700
vn -0.212500 0.920400 0.328100
vn -0.159400 0.617400 0.770300
vn -0.014800 0.076600 0.997000
vn -0.150200 0.220800 0.963700
vn 0.027600 -0.047600 0.998500
vn -0.484900 0.706400 0.515600
vn 0.249900 -0.421600 0.871700
vn 0.438600 -0.807600 0.394100
vn 0.440300 -0.857500 -0.266400
vn -0.129200 0.235600 0.963200
vn 0.032000 -0.050300 0.998200
vn 0.038000 -0.061600 0.997400
vn -0.099800 0.170300 0.980300
vn -0.414900 0.766800 0.489800
vn -0.414000 0.717100 0.560600
vn 0.442300 -0.878100 -0.182400
vn 0.452200 -0.880000 -0.145100
vn 0.400000 -0.735800 0.546500
vn 0.235800 -0.405400 0.883200
vn 0.224000 -0.392700 0.892000
vn 0.384200 -0.699500 0.602500
vn -0.092000 0.144600 0.985200
vn 0.040200 -0.064400 0.997100
vn -0.436500 0.683800 0.584600
vn 0.262500 0.149500 0.953300
vn 0.076300 0.041400 0.996200
vn 0.030400 0.007100 0.999500
vn 0.016100 -0.008700 0.999800
vn 0.026600 -0.051500 0.998300
vn 0.053200 -0.098900 0.993700
vn 0.089800 -0.162000 0.982700
vn 0.122200 -0.212400 0.969500
vn 0.144800 -0.242100 0.959400
vn 0.148500 -0.247300 0.957500
vn 0.137800 -0.234000 0.962400
vn 0.127500 -0.221900 0.966700
vn -0.866000 -0.500000 -0.000000
vn -0.866100 -0.499900 0.000100
vn -0.866100 -0.500000 -0.000000
vn -0.866000 -0.500100 -0.000000
vn -0.866100 -0.499900 -0.000000
vn -0.866100 -0.499800 -0.000000
vn -0.482500 -0.145200 -0.863800
vn -0.456000 -0.115100 -0.882500
vn 0.297400 -0.008900 -0.954700
vn 0.178600 -0.013500 -0.983800
vn -0.858000 -0.192600 -0.476200
vn -0.777400 -0.137200 -0.613900
vn -0.673300 -0.131900 -0.727500
vn -0.762100 -0.183100 -0.621000
vn 0.942900 0.013800 -0.332700
vn 0.939300 0.044700 -0.340300
vn 0.988000 0.047100 -0.147100
vn 0.989500 0.014500 -0.143800
vn 0.054700 0.000300 -0.998500
vn 0.063100 -0.001400 -0.998000
vn 0.579800 0.027700 -0.814300
vn 0.613700 0.009200 -0.789500
vn 0.082700 -0.001700 -0.996600
vn 0.470300 0.033600 -0.881900
vn 0.917600 0.068800 -0.391500
vn 0.982300 0.073400 -0.172300
vn -0.711000 -0.067000 -0.700000
vn -0.594500 -0.064900 -0.801500
vn -0.338300 -0.055900 -0.939400
vn 0.378300 -0.002800 -0.925700
vn 0.417100 0.003000 -0.908900
vn -0.103300 0.004200 -0.994600
vn -0.537300 0.005600 -0.843400
vn -0.678200 0.006300 -0.734800
vn -0.074300 -0.153400 -0.985400
vn -0.104300 -0.416200 -0.903300
vn -0.202400 -0.849500 -0.487200
vn -0.399400 -0.653600 -0.642900
vn -0.505700 -0.803100 -0.315200
vn -0.212400 -0.947900 -0.237600
vn -0.222500 -0.970400 -0.093800
vn -0.532800 -0.833000 -0.149500
vn 0.623400 -0.773800 -0.112000
vn 0.263700 -0.961000 -0.083700
vn 0.249100 -0.943200 -0.219800
vn 0.601000 -0.750800 -0.274100
vn 0.504100 -0.622700 -0.598400
vn 0.262300 -0.853400 -0.450500
vn 0.114800 -0.359800 -0.925900
vn 0.092600 -0.104700 -0.990200
vn 0.028900 -0.809700 -0.586100
vn -0.019900 -0.903700 -0.427700
vn 0.004700 -0.976000 -0.217900
vn 0.001100 -0.996500 -0.084000
vn -0.897000 -0.225800 -0.380100
vn -0.808800 -0.213300 -0.548000
vn -0.473800 -0.155200 -0.866900
vn 0.074200 -0.016400 -0.997100
vn 0.056800 0.001400 -0.998400
vn 0.623500 -0.009700 -0.781800
vn 0.943000 -0.015400 -0.332400
vn 0.989500 -0.016200 -0.143500
vn -0.057200 -0.100700 -0.993300
vn -0.456900 -0.491200 -0.741600
vn -0.652300 -0.660400 -0.372100
vn -0.505800 -0.803000 -0.315300
vn -0.532900 -0.832900 -0.149500
vn -0.696700 -0.689800 -0.197000
vn 0.793100 -0.596600 -0.123100
vn 0.623500 -0.773800 -0.112000
vn 0.601100 -0.750700 -0.274100
vn 0.761300 -0.576300 -0.297200
vn 0.590100 -0.435600 -0.679700
vn 0.086100 -0.064600 -0.994200
vn -0.032100 -0.050300 -0.998200
vn -0.470900 -0.275600 -0.838000
vn -0.790000 -0.423100 -0.443700
vn -0.857000 -0.445100 -0.259700
vn 0.948700 -0.284500 -0.138000
vn 0.903300 -0.276300 -0.328200
vn 0.614400 -0.170600 -0.770300
vn 0.073600 -0.025500 -0.997000
vn 0.103400 0.000200 -0.994600
vn 0.266200 0.019600 -0.963700
vn 0.854100 0.066700 -0.515800
vn 0.968300 0.075000 -0.238200
vn 0.419500 0.004400 -0.907800
vn 0.123300 0.023700 -0.992100
vn -0.492800 0.045900 -0.868900
vn -0.667600 0.049200 -0.742900
vn 0.118400 0.003400 -0.993000
vn 0.118300 0.002100 -0.993000
vn 0.268600 -0.005900 -0.963200
vn 0.197100 0.001300 -0.980400
vn 0.828000 -0.000000 -0.560700
vn 0.871500 -0.024200 -0.489900
vn 0.972900 -0.026500 -0.229800
vn 0.963800 0.001000 -0.266700
vn -0.461300 0.046900 -0.886000
vn -0.465500 0.054300 -0.883400
vn -0.664200 0.059400 -0.745200
vn -0.665800 0.051800 -0.744400
vn 0.394500 0.002100 -0.918900
vn 0.406600 0.003000 -0.913600
vn 0.244900 0.021500 -0.969300
vn 0.281200 0.016900 -0.959500
vn 0.114900 0.002900 -0.993400
vn 0.171200 0.007300 -0.985200
vn 0.810400 0.036100 -0.584700
vn 0.959500 0.042700 -0.278600
vn -0.905800 -0.139000 -0.400300
vn -0.956200 -0.195100 -0.218100
vn 0.989500 0.014500 0.143700
vn 0.988000 0.047100 0.147000
vn 0.982300 0.073400 0.172200
vn -0.860000 -0.067800 -0.505700
vn 0.001100 -0.996500 0.083400
vn 0.263700 -0.961000 0.083800
vn -0.223800 -0.970700 0.087100
vn 0.989500 -0.016200 0.143400
vn -0.969200 -0.228300 -0.092600
vn -0.542800 -0.835600 0.084400
vn 0.263800 -0.960900 0.083700
vn 0.263800 -0.960900 -0.083700
vn 0.623500 -0.773800 0.111900
vn -0.717400 -0.694000 0.060200
vn -0.542900 -0.835600 0.084400
vn 0.793100 -0.596600 0.123100
vn -0.893000 -0.449400 0.024500
vn 0.948700 -0.284500 0.138000
vn -0.852700 0.006400 -0.522400
vn 0.968300 0.075000 0.238200
vn 0.963800 0.001000 0.266700
vn 0.972900 -0.026500 0.229800
vn -0.903100 0.060300 -0.425100
vn -0.916500 0.052700 -0.396500
vn -0.877600 0.050000 -0.476800
vn 0.959500 0.042700 0.278600
vn 0.000200 -0.316100 -0.948700
vn 0.008000 -0.113300 -0.993500
vn 0.011600 -0.058200 -0.998200
vn 0.017900 -0.027800 -0.999500
vn 0.058600 -0.004300 -0.998300
vn 0.105600 -0.004800 -0.994400
vn 0.174300 -0.004700 -0.984700
vn 0.232000 -0.002400 -0.972700
vn 0.267500 0.001200 -0.963500
vn 0.275500 0.003200 -0.961300
vn 0.264300 0.002900 -0.964400
vn 0.253000 0.002100 -0.967500
vn -0.383100 -0.001700 0.923700
vn -0.992200 -0.119700 0.034000
vn -0.913400 -0.149400 0.378600
vn -0.277200 -0.001300 0.960800
vn -0.958700 -0.135400 -0.250200
vn -0.981000 -0.188600 -0.045300
vn 0.939300 0.044700 0.340200
vn 0.942900 0.013800 0.332700
vn 0.579900 0.027700 0.814200
vn 0.014100 0.006200 0.999900
vn 0.040500 0.004200 0.999200
vn 0.613600 0.009200 0.789500
vn 0.470600 0.033600 0.881700
vn -0.018100 0.005000 0.999800
vn 0.917700 0.068800 0.391300
vn -0.930500 -0.066600 -0.360200
vn -0.457700 -0.004500 0.889100
vn -0.996700 -0.057700 -0.057100
vn -0.493100 -0.007100 0.869900
vn -0.991300 0.004200 0.131900
vn -0.934600 0.005800 -0.355600
vn -0.213100 -0.849900 0.482000
vn -0.110700 -0.385400 0.916100
vn -0.103500 -0.098400 0.989700
vn -0.457500 -0.659200 0.596700
vn -0.214400 -0.949500 0.229200
vn -0.528400 -0.811300 0.250100
vn 0.249100 -0.943200 0.219800
vn 0.623500 -0.773800 0.112000
vn 0.601000 -0.750800 0.274000
vn 0.114800 -0.359800 0.925900
vn 0.262200 -0.853400 0.450600
vn 0.504100 -0.622600 0.598500
vn 0.092600 -0.104600 0.990200
vn 0.028600 -0.810000 0.585700
vn -0.020400 -0.903900 0.427300
vn 0.004500 -0.976100 0.217300
vn -0.970800 -0.219100 0.097700
vn -0.793200 -0.151900 0.589700
vn -0.181900 -0.001400 0.983300
vn 0.056400 0.001600 0.998400
vn 0.623400 -0.009700 0.781900
vn 0.943000 -0.015500 0.332500
vn -0.110300 -0.050800 0.992600
vn -0.570400 -0.497600 0.653400
vn -0.528500 -0.811300 0.250100
vn -0.700500 -0.671300 0.242200
vn 0.601100 -0.750800 0.274000
vn 0.761300 -0.576300 0.297100
vn 0.590100 -0.435700 0.679700
vn 0.086100 -0.064600 0.994200
vn -0.109500 -0.019300 0.993800
vn -0.650700 -0.279200 0.706100
vn -0.872100 -0.434100 0.225700
vn 0.903400 -0.276200 0.328200
vn 0.614400 -0.170600 0.770300
vn 0.073600 -0.025400 0.997000
vn 0.266300 0.019600 0.963700
vn -0.055000 -0.000100 0.998500
vn 0.854200 0.066700 0.515700
vn -0.490100 -0.005600 0.871700
vn -0.918800 0.023900 0.394100
vn -0.962700 0.047500 -0.266200
vn 0.268700 -0.005900 0.963200
vn -0.059500 -0.002500 0.998200
vn -0.072400 -0.002100 0.997400
vn 0.197300 0.001300 0.980300
vn 0.871500 -0.024200 0.489800
vn 0.828100 -0.000000 0.560600
vn -0.981600 0.056000 -0.182300
vn -0.988200 0.048400 -0.145100
vn -0.837200 0.021500 0.546500
vn -0.469000 -0.001500 0.883200
vn -0.452000 0.002300 0.892000
vn -0.797800 0.017000 0.602700
vn 0.171200 0.007300 0.985200
vn -0.075900 -0.002600 0.997100
vn 0.810400 0.036100 0.584700
vn -0.001800 -0.302100 0.953300
vn -0.002300 -0.086800 0.996200
vn -0.009100 -0.029800 0.999500
vn -0.015500 -0.009600 0.999800
vn -0.057900 0.002700 0.998300
vn -0.112300 0.003400 0.993700
vn -0.185100 0.003200 0.982700
vn -0.245100 0.000300 0.969500
vn -0.282100 -0.004300 0.959400
vn -0.288300 -0.005000 0.957500
vn -0.271600 -0.002400 0.962400
vn -0.255900 0.000500 0.966700
vn 0.000000 1.000000 -0.000000
vn 0.115500 0.490500 -0.863700
vn 0.128300 0.452300 -0.882600
vn -0.156400 -0.253100 -0.954700
vn -0.101000 -0.147900 -0.983800
vn 0.262200 0.839300 -0.476300
vn 0.269800 0.741900 -0.613900
vn 0.222400 0.649200 -0.727400
vn 0.222500 0.751600 -0.620900
vn -0.459400 -0.823600 -0.332700
vn -0.431000 -0.835800 -0.340300
vn -0.453300 -0.879200 -0.147100
vn -0.482100 -0.864200 -0.143700
vn -0.027100 -0.047600 -0.998500
vn -0.032800 -0.053900 -0.998000
vn -0.266000 -0.515900 -0.814300
vn -0.298900 -0.536100 -0.789500
vn -0.042800 -0.070900 -0.996600
vn -0.206100 -0.424300 -0.881800
vn -0.399200 -0.829100 -0.391400
vn -0.427600 -0.887400 -0.172300
vn 0.297500 0.649300 -0.699900
vn 0.241000 0.547500 -0.801400
vn 0.120600 0.320900 -0.939400
vn -0.191600 -0.326100 -0.925700
vn -0.206000 -0.362800 -0.908800
vn 0.055200 0.087000 -0.994700
vn 0.273500 0.462400 -0.843400
vn 0.344600 0.584200 -0.734900
vn -0.095700 0.141000 -0.985400
vn -0.308400 0.298500 -0.903200
vn -0.634500 0.600100 -0.487100
vn -0.366400 0.672600 -0.643000
vn -0.442500 0.839500 -0.315300
vn -0.714800 0.657900 -0.237200
vn -0.729200 0.677900 -0.093700
vn -0.455000 0.877900 -0.149500
vn -0.981900 -0.153000 -0.112000
vn -0.964100 0.252100 -0.083800
vn -0.941400 0.256000 -0.219800
vn -0.950700 -0.145000 -0.274100
vn -0.791300 -0.125300 -0.598500
vn -0.870100 0.199600 -0.450700
vn -0.369000 0.080500 -0.925900
vn -0.136900 -0.027800 -0.990200
vn -0.715600 0.379800 -0.586200
vn -0.772600 0.469000 -0.427900
vn -0.847600 0.483800 -0.217900
vn -0.863600 0.497200 -0.084100
vn 0.252900 0.889700 -0.380100
vn 0.219700 0.807100 -0.548000
vn 0.102400 0.487800 -0.866900
vn -0.051300 -0.056100 -0.997100
vn -0.027200 -0.050000 -0.998400
vn -0.320200 -0.535100 -0.781700
vn -0.484800 -0.809000 -0.332400
vn -0.508800 -0.848900 -0.143500
vn -0.058500 0.099800 -0.993300
vn -0.196900 0.641300 -0.741600
vn -0.245700 0.895100 -0.372100
vn -0.454900 0.877900 -0.149500
vn -0.249000 0.948200 -0.197000
vn -0.913200 -0.388500 -0.123100
vn -0.981900 -0.153100 -0.112000
vn -0.950700 -0.145100 -0.274100
vn -0.879700 -0.371200 -0.297200
vn -0.672300 -0.293200 -0.679800
vn -0.099000 -0.042300 -0.994200
vn -0.027600 0.052800 -0.998200
vn -0.003300 0.545500 -0.838100
vn 0.028500 0.895800 -0.443600
vn 0.043000 0.964700 -0.259700
vn -0.720700 -0.679300 -0.138000
vn -0.690900 -0.644200 -0.328200
vn -0.455000 -0.446700 -0.770400
vn -0.058900 -0.050900 -0.997000
vn -0.051500 -0.089600 -0.994600
vn -0.116100 -0.240500 -0.963700
vn -0.369300 -0.773000 -0.515800
vn -0.419200 -0.876100 -0.238200
vn -0.206000 -0.365400 -0.907800
vn -0.041100 -0.118500 -0.992100
vn 0.286200 0.403900 -0.868900
vn 0.376400 0.553600 -0.742900
vn -0.056300 -0.104200 -0.993000
vn -0.057300 -0.103500 -0.993000
vn -0.139400 -0.229700 -0.963200
vn -0.097500 -0.171400 -0.980400
vn -0.414000 -0.717100 -0.560600
vn -0.456700 -0.742700 -0.489800
vn -0.509400 -0.829300 -0.229800
vn -0.481000 -0.835200 -0.266700
vn 0.271200 0.376100 -0.886000
vn 0.279800 0.376000 -0.883400
vn 0.383600 0.545500 -0.745200
vn 0.377700 0.550700 -0.744400
vn -0.195400 -0.342700 -0.918900
vn -0.200700 -0.353700 -0.913600
vn -0.103800 -0.222900 -0.969300
vn -0.125900 -0.251900 -0.959500
vn -0.055000 -0.100900 -0.993400
vn -0.079300 -0.151900 -0.985200
vn -0.374000 -0.719900 -0.584700
vn -0.442800 -0.852300 -0.278600
vn 0.332600 0.853900 -0.400300
vn 0.309200 0.925700 -0.218000
vn -0.482200 -0.864200 0.143800
vn -0.453300 -0.879200 0.147000
vn -0.427600 -0.887500 0.172100
vn 0.371200 0.778700 -0.505700
vn -0.863500 0.497400 0.083400
vn -0.964100 0.252100 0.083800
vn -0.728700 0.679200 0.087100
vn -0.508800 -0.848900 0.143500
vn 0.286800 0.953500 -0.092600
vn -0.452300 0.887900 0.084400
vn -0.964100 0.252100 -0.083700
vn -0.981900 -0.153000 0.112000
vn -0.242300 0.968300 0.060200
vn -0.452200 0.887900 0.084400
vn -0.913200 -0.388500 0.123100
vn 0.057300 0.998100 0.024500
vn -0.720700 -0.679300 0.138000
vn 0.431900 0.735200 -0.522400
vn -0.419200 -0.876100 0.238100
vn -0.481000 -0.835200 0.266700
vn -0.509400 -0.829300 0.229800
vn 0.503800 0.752000 -0.425100
vn 0.503900 0.767400 -0.396500
vn 0.482100 0.735000 -0.476800
vn -0.442800 -0.852300 0.278500
vn -0.273900 0.157900 -0.948700
vn -0.102200 0.049800 -0.993500
vn -0.056200 0.019100 -0.998200
vn -0.033100 -0.001600 -0.999500
vn -0.033100 -0.048600 -0.998300
vn -0.057000 -0.089100 -0.994400
vn -0.091200 -0.148600 -0.984700
vn -0.118100 -0.199700 -0.972700
vn -0.132700 -0.232300 -0.963500
vn -0.135000 -0.240200 -0.961300
vn -0.129700 -0.230400 -0.964400
vn -0.124700 -0.220100 -0.967500
vn 0.190000 0.332600 0.923700
vn 0.392500 0.919100 0.034000
vn 0.327300 0.865800 0.378500
vn 0.137500 0.240700 0.960800
vn 0.362100 0.898000 -0.250100
vn 0.327200 0.943900 -0.045200
vn -0.430900 -0.835800 0.340300
vn -0.459500 -0.823500 0.332700
vn -0.266100 -0.515900 0.814300
vn -0.001600 -0.015200 0.999900
vn -0.016600 -0.037200 0.999200
vn -0.298900 -0.536100 0.789400
vn -0.206200 -0.424400 0.881700
vn 0.013300 0.013100 0.999800
vn -0.399200 -0.829200 0.391300
vn 0.407500 0.839200 -0.360100
vn 0.225000 0.398500 0.889100
vn 0.448200 0.892100 -0.057100
vn 0.240500 0.430600 0.869900
vn 0.499300 0.856300 0.132000
vn 0.472400 0.806500 -0.355600
vn -0.629500 0.609400 0.482100
vn -0.278400 0.288500 0.916100
vn -0.033500 0.138900 0.989700
vn -0.342200 0.726000 0.596500
vn -0.715000 0.660400 0.229300
vn -0.438500 0.863200 0.250200
vn -0.941300 0.255900 0.220000
vn -0.950700 -0.145100 0.274000
vn -0.369100 0.080500 0.925900
vn -0.870200 0.199700 0.450400
vn -0.791300 -0.125200 0.598400
vn -0.137000 -0.027800 0.990200
vn -0.715800 0.380300 0.585700
vn -0.772700 0.469600 0.427200
vn -0.847500 0.484300 0.217300
vn 0.295600 0.950300 0.097800
vn 0.265100 0.763000 0.589500
vn 0.089700 0.158300 0.983300
vn -0.026900 -0.049600 0.998400
vn -0.320100 -0.535100 0.781800
vn -0.484900 -0.808900 0.332500
vn 0.011200 0.120900 0.992600
vn -0.145600 0.742900 0.653400
vn -0.438400 0.863200 0.250200
vn -0.231100 0.942300 0.242300
vn -0.950700 -0.145100 0.274100
vn -0.879700 -0.371200 0.297200
vn -0.672300 -0.293200 0.679800
vn -0.098900 -0.042300 0.994200
vn 0.038100 0.104400 0.993800
vn 0.083600 0.703100 0.706200
vn 0.060100 0.972300 0.225700
vn -0.690900 -0.644200 0.328100
vn -0.454900 -0.446800 0.770300
vn -0.058800 -0.051100 0.997000
vn -0.116200 -0.240600 0.963700
vn 0.027500 0.047600 0.998500
vn -0.369300 -0.773100 0.515700
vn 0.240100 0.427300 0.871700
vn 0.480000 0.783800 0.394200
vn 0.522400 0.810000 -0.266300
vn -0.139400 -0.229700 0.963200
vn 0.027600 0.052800 0.998200
vn 0.034400 0.063700 0.997400
vn -0.097500 -0.171500 0.980300
vn -0.456800 -0.742600 0.489800
vn -0.414000 -0.717200 0.560600
vn 0.539300 0.822100 -0.182400
vn 0.536100 0.831600 -0.145100
vn 0.437200 0.714200 0.546600
vn 0.233100 0.406900 0.883200
vn 0.228000 0.390300 0.892000
vn 0.413600 0.682500 0.602600
vn -0.079300 -0.151900 0.985200
vn 0.035700 0.067100 0.997100
vn -0.373900 -0.720000 0.584700
vn -0.260700 0.152600 0.953300
vn -0.074000 0.045300 0.996200
vn -0.021400 0.022800 0.999500
vn -0.000600 0.018200 0.999800
vn 0.031300 0.048800 0.998300
vn 0.059100 0.095500 0.993700
vn 0.095400 0.158700 0.982700
vn 0.122800 0.212000 0.969500
vn 0.137300 0.246400 0.959400
vn 0.139900 0.252200 0.957500
vn 0.133800 0.236400 0.962400
vn 0.128400 0.221400 0.966700
vn 0.866000 -0.500000 -0.000000
vn 0.866100 -0.499900 -0.000100
vn 0.866100 -0.499900 -0.000000
vn 0.866000 -0.500100 -0.000000
vn 0.866100 -0.499800 -0.000000
vt 0.489279 0.914009
vt 0.489279 0.973531
vt 0.497058 0.973531
vt 0.497057 0.914008
vt 0.504860 0.973531
vt 0.504861 0.914008
vt 0.512664 0.973531
vt 0.512664 0.914008
vt 0.520442 0.973531
vt 0.520442 0.914008
vt 0.528220 0.973531
vt 0.528220 0.914008
vt 0.536023 0.973531
vt 0.536024 0.914008
vt 0.543827 0.973531
vt 0.543827 0.914009
vt 0.551605 0.973531
vt 0.551605 0.914008
vt 0.559383 0.973531
vt 0.559384 0.914009
vt 0.567187 0.973531
vt 0.567187 0.914009
vt 0.574990 0.973531
vt 0.574988 0.914009
vt 0.582768 0.973531
vt 0.582768 0.914009
vt 0.590547 0.973531
vt 0.590547 0.914009
vt 0.598350 0.973531
vt 0.598350 0.914009
vt 0.606153 0.973531
vt 0.605992 0.914009
vt 0.613931 0.973531
vt 0.613931 0.914009
vt 0.621710 0.973531
vt 0.621710 0.914009
vt 0.629513 0.973531
vt 0.629513 0.914009
vt 0.637316 0.973531
vt 0.637316 0.914009
vt 0.645094 0.973531
vt 0.645094 0.914009
vt 0.652873 0.973531
vt 0.652873 0.914009
vt 0.660676 0.973531
vt 0.660676 0.914009
vt 0.668479 0.973531
vt 0.668479 0.914009
vt 0.676257 0.973531
vt 0.676257 0.914009
vt 0.684036 0.973531
vt 0.684036 0.914009
vt 0.691839 0.973531
vt 0.691839 0.914009
vt 0.699642 0.973531
vt 0.699642 0.914009
vt 0.707420 0.973531
vt 0.707420 0.914009
vt 0.458116 0.914009
vt 0.458116 0.973531
vt 0.465895 0.973531
vt 0.465895 0.914009
vt 0.473698 0.973531
vt 0.473698 0.914009
vt 0.481501 0.973531
vt 0.481501 0.914009
vt 0.560030 0.093177
vt 0.576514 0.109661
vt 0.570927 0.114199
vt 0.557983 0.094840
vt 0.564553 0.117581
vt 0.555647 0.096079
vt 0.557655 0.119697
vt 0.553119 0.096854
vt 0.550495 0.120438
vt 0.550495 0.097126
vt 0.543335 0.119697
vt 0.547871 0.096854
vt 0.536437 0.117581
vt 0.545344 0.096079
vt 0.530064 0.114199
vt 0.543008 0.094840
vt 0.524476 0.109661
vt 0.540960 0.093177
vt 0.519938 0.104074
vt 0.539297 0.091129
vt 0.516556 0.097700
vt 0.538058 0.088794
vt 0.514439 0.090804
vt 0.537282 0.086267
vt 0.513699 0.083642
vt 0.537011 0.083642
vt 0.514440 0.076482
vt 0.537283 0.081018
vt 0.516556 0.069584
vt 0.538058 0.078490
vt 0.520040 0.063457
vt 0.539335 0.076245
vt 0.524476 0.057623
vt 0.540960 0.074107
vt 0.530064 0.053084
vt 0.543008 0.072444
vt 0.536437 0.049703
vt 0.545344 0.071205
vt 0.543335 0.047587
vt 0.547871 0.070429
vt 0.550495 0.046846
vt 0.550495 0.070158
vt 0.557655 0.047587
vt 0.553119 0.070429
vt 0.564553 0.049703
vt 0.555647 0.071205
vt 0.570927 0.053084
vt 0.557983 0.072444
vt 0.576514 0.057623
vt 0.560030 0.074107
vt 0.581053 0.063210
vt 0.561693 0.076155
vt 0.584434 0.069584
vt 0.562932 0.078490
vt 0.586550 0.076482
vt 0.563708 0.081018
vt 0.587291 0.083642
vt 0.563980 0.083642
vt 0.586550 0.090802
vt 0.563708 0.086266
vt 0.584434 0.097700
vt 0.562932 0.088794
vt 0.581053 0.104074
vt 0.561693 0.091129
vt 0.550499 0.083645
vt 0.403434 0.012539
vt 0.413821 0.037617
vt 0.408531 0.010976
vt 0.419112 0.064258
vt 0.424209 0.062694
vt 0.428918 0.060196
vt 0.433046 0.056842
vt 0.436400 0.052714
vt 0.438899 0.048004
vt 0.440462 0.042907
vt 0.441010 0.037617
vt 0.440462 0.032326
vt 0.438899 0.027229
vt 0.436400 0.022520
vt 0.433046 0.018391
vt 0.428918 0.015038
vt 0.424209 0.012539
vt 0.419112 0.010976
vt 0.413821 0.010428
vt 0.398724 0.015038
vt 0.394596 0.018391
vt 0.391242 0.022520
vt 0.388744 0.027229
vt 0.387180 0.032326
vt 0.386632 0.037617
vt 0.387180 0.042907
vt 0.388744 0.048004
vt 0.391242 0.052714
vt 0.394596 0.056842
vt 0.398724 0.060196
vt 0.403434 0.062694
vt 0.408531 0.064258
vt 0.413821 0.064806
vt 0.775272 0.765320
vt 0.789087 0.695659
vt 0.788454 0.695570
vt 0.774501 0.765174
vt 0.708335 0.550451
vt 0.708320 0.620705
vt 0.709335 0.620760
vt 0.709415 0.550537
vt 0.702976 0.765584
vt 0.703026 0.695332
vt 0.701942 0.695307
vt 0.701912 0.765577
vt 0.725236 0.765619
vt 0.727963 0.695968
vt 0.726909 0.695912
vt 0.724310 0.765602
vt 0.732629 0.631135
vt 0.731617 0.631070
vt 0.702995 0.629967
vt 0.701929 0.629936
vt 0.708320 0.686013
vt 0.709316 0.686032
vt 0.796599 0.630908
vt 0.795998 0.630878
vt 0.796810 0.580050
vt 0.797680 0.580030
vt 0.709423 0.737320
vt 0.708352 0.737331
vt 0.752548 0.833500
vt 0.749398 0.834991
vt 0.749706 0.835352
vt 0.752972 0.833867
vt 0.715510 0.835858
vt 0.715374 0.832921
vt 0.714516 0.833054
vt 0.714552 0.836084
vt 0.714544 0.814474
vt 0.714515 0.816836
vt 0.715361 0.817005
vt 0.715478 0.814713
vt 0.729465 0.833918
vt 0.732014 0.835336
vt 0.732398 0.835063
vt 0.729893 0.833617
vt 0.739993 0.836495
vt 0.740071 0.836926
vt 0.715384 0.824253
vt 0.714528 0.824267
vt 0.708416 0.490711
vt 0.709519 0.490829
vt 0.759942 0.824551
vt 0.758929 0.824320
vt 0.725778 0.824718
vt 0.724765 0.824754
vt 0.703051 0.825212
vt 0.701960 0.825232
vt 0.755547 0.830999
vt 0.756113 0.831370
vt 0.709381 0.483955
vt 0.709300 0.481437
vt 0.708342 0.481181
vt 0.708366 0.483715
vt 0.701908 0.832168
vt 0.701885 0.834671
vt 0.702820 0.834450
vt 0.702898 0.831979
vt 0.727017 0.831466
vt 0.727589 0.831219
vt 0.757337 0.828649
vt 0.758177 0.828927
vt 0.709407 0.486418
vt 0.708387 0.486268
vt 0.701935 0.829667
vt 0.702951 0.829581
vt 0.725557 0.829088
vt 0.726388 0.828959
vt 0.738537 0.580209
vt 0.737207 0.580073
vt 0.703248 0.578559
vt 0.702038 0.578493
vt 0.794322 0.534012
vt 0.795378 0.533949
vt 0.709487 0.783772
vt 0.708400 0.783803
vt 0.742755 0.498629
vt 0.741888 0.482055
vt 0.740623 0.482055
vt 0.741348 0.498680
vt 0.703281 0.496510
vt 0.703209 0.479752
vt 0.702011 0.479752
vt 0.702046 0.496534
vt 0.709629 0.836084
vt 0.709675 0.819242
vt 0.708473 0.819291
vt 0.708453 0.836084
vt 0.790307 0.482055
vt 0.791142 0.498864
vt 0.792404 0.498763
vt 0.791521 0.482055
vt 0.742745 0.533977
vt 0.741222 0.533905
vt 0.703429 0.532019
vt 0.702138 0.531981
vt 0.707058 0.620705
vt 0.707044 0.550451
vt 0.700570 0.765577
vt 0.700539 0.695307
vt 0.700552 0.629936
vt 0.707058 0.686013
vt 0.713270 0.824267
vt 0.713283 0.816836
vt 0.713283 0.833054
vt 0.700522 0.825232
vt 0.706962 0.490711
vt 0.713247 0.836084
vt 0.700625 0.836084
vt 0.701857 0.836084
vt 0.700597 0.834671
vt 0.707013 0.483715
vt 0.707037 0.481181
vt 0.700574 0.832168
vt 0.706992 0.486268
vt 0.700547 0.829667
vt 0.707026 0.737331
vt 0.700445 0.578493
vt 0.700436 0.496534
vt 0.700471 0.479752
vt 0.706905 0.819291
vt 0.706925 0.836084
vt 0.706979 0.783803
vt 0.700344 0.531981
vt 0.740876 0.835414
vt 0.741203 0.833755
vt 0.741556 0.831220
vt 0.741854 0.828866
vt 0.742351 0.824529
vt 0.749873 0.765409
vt 0.758224 0.695775
vt 0.764328 0.631005
vt 0.767712 0.580126
vt 0.768569 0.533991
vt 0.766955 0.498746
vt 0.766100 0.482055
vt 0.706043 0.620760
vt 0.705964 0.550537
vt 0.699455 0.695332
vt 0.699506 0.765584
vt 0.699487 0.629967
vt 0.706063 0.686032
vt 0.705955 0.737320
vt 0.712424 0.832921
vt 0.712289 0.835858
vt 0.712438 0.817005
vt 0.713255 0.814474
vt 0.712320 0.814713
vt 0.712415 0.824253
vt 0.705859 0.490829
vt 0.699431 0.825212
vt 0.706079 0.481437
vt 0.705997 0.483955
vt 0.699662 0.834450
vt 0.699584 0.831979
vt 0.705971 0.486418
vt 0.699530 0.829581
vt 0.699234 0.578559
vt 0.705892 0.783772
vt 0.699273 0.479752
vt 0.699201 0.496510
vt 0.705704 0.819242
vt 0.705749 0.836084
vt 0.699053 0.532019
vt 0.954535 0.616108
vt 0.954535 0.621981
vt 0.978424 0.621675
vt 0.978424 0.616413
vt 0.930641 0.616406
vt 0.930641 0.621682
vt 0.979623 0.621172
vt 0.979623 0.616916
vt 0.980231 0.619883
vt 0.980231 0.618205
vt 0.929392 0.616886
vt 0.929392 0.621203
vt 0.928760 0.618199
vt 0.928760 0.619889
s 1
usemtl MQ9_Black
f 4/1/1 1/2/2 2/3/3
f 2/3/3 3/4/4 4/1/1
f 3/4/4 2/3/3 5/5/5
f 5/5/5 6/6/6 3/4/4
f 6/6/6 5/5/5 7/7/7
f 7/7/7 8/8/7 6/6/6
f 8/8/7 7/7/7 9/9/8
f 9/9/8 10/10/8 8/8/7
f 10/10/8 9/9/8 11/11/9
f 11/11/9 12/12/10 10/10/8
f 12/12/10 11/11/9 13/13/11
f 13/13/11 14/14/12 12/12/10
f 14/14/12 13/13/11 15/15/13
f 15/15/13 16/16/14 14/14/12
f 16/16/14 15/15/13 17/17/15
f 17/17/15 18/18/16 16/16/14
f 18/18/16 17/17/15 19/19/17
f 19/19/17 20/20/18 18/18/16
f 20/20/18 19/19/17 21/21/19
f 21/21/19 22/22/20 20/20/18
f 22/22/20 21/21/19 23/23/21
f 23/23/21 24/24/21 22/22/20
f 24/24/21 23/23/21 25/25/22
f 25/25/22 26/26/23 24/24/21
f 26/26/23 25/25/22 27/27/24
f 27/27/24 28/28/25 26/26/23
f 28/28/25 27/27/24 29/29/26
f 29/29/26 30/30/26 28/28/25
f 30/30/26 29/29/26 31/31/27
f 31/31/27 32/32/28 30/30/26
f 32/32/28 31/31/27 33/33/29
f 33/33/29 34/34/30 32/32/28
f 34/34/30 33/33/29 35/35/31
f 35/35/31 36/36/32 34/34/30
f 36/36/32 35/35/31 37/37/33
f 37/37/33 38/38/33 36/36/32
f 38/38/33 37/37/33 39/39/34
f 39/39/34 40/40/35 38/38/33
f 40/40/35 39/39/34 41/41/36
f 41/41/36 42/42/36 40/40/35
f 42/42/36 41/41/36 43/43/37
f 43/43/37 44/44/38 42/42/36
f 44/44/38 43/43/37 45/45/39
f 45/45/39 46/46/39 44/44/38
f 46/46/39 45/45/39 47/47/40
f 47/47/40 48/48/41 46/46/39
f 48/48/41 47/47/40 49/49/42
f 49/49/42 50/50/42 48/48/41
f 50/50/42 49/49/42 51/51/43
f 51/51/43 52/52/44 50/50/42
f 52/52/44 51/51/43 53/53/45
f 53/53/45 54/54/45 52/52/44
f 54/54/45 53/53/45 55/55/46
f 55/55/46 56/56/47 54/54/45
f 56/56/47 55/55/46 57/57/48
f 57/57/48 58/58/49 56/56/47
f 62/59/48 59/60/49 60/61/50
f 60/61/50 61/62/51 62/59/48
f 61/62/51 60/61/50 63/63/52
f 63/63/52 64/64/52 61/62/51
f 64/64/52 63/63/52 65/65/53
f 65/65/53 66/66/54 64/64/52
f 66/66/54 65/65/53 1/2/2
f 1/2/2 4/1/1 66/66/54
f 70/67/55 67/68/56 68/69/57
f 68/69/57 69/70/58 70/67/55
f 69/70/58 68/69/57 71/71/59
f 71/71/59 72/72/59 69/70/58
f 72/72/59 71/71/59 73/73/60
f 73/73/60 74/74/61 72/72/59
f 74/74/61 73/73/60 75/75/62
f 75/75/62 76/76/62 74/74/61
f 76/76/62 75/75/62 77/77/63
f 77/77/63 78/78/64 76/76/62
f 78/78/64 77/77/63 79/79/65
f 79/79/65 80/80/66 78/78/64
f 80/80/66 79/79/65 81/81/67
f 81/81/67 82/82/68 80/80/66
f 82/82/68 81/81/67 83/83/69
f 83/83/69 84/84/69 82/82/68
f 84/84/69 83/83/69 85/85/70
f 85/85/70 86/86/71 84/84/69
f 86/86/71 85/85/70 87/87/72
f 87/87/72 88/88/73 86/86/71
f 88/88/73 87/87/72 89/89/74
f 89/89/74 90/90/75 88/88/73
f 90/90/75 89/89/74 91/91/76
f 91/91/76 92/92/76 90/90/75
f 92/92/76 91/91/76 93/93/77
f 93/93/77 94/94/78 92/92/76
f 94/94/78 93/93/77 95/95/79
f 95/95/79 96/96/80 94/94/78
f 96/96/80 95/95/79 97/97/81
f 97/97/81 98/98/81 96/96/80
f 98/98/81 97/97/81 99/99/82
f 99/99/82 100/100/83 98/98/81
f 100/100/83 99/99/82 101/101/84
f 101/101/84 102/102/85 100/100/83
f 102/102/85 101/101/84 103/103/86
f 103/103/86 104/104/86 102/102/85
f 104/104/86 103/103/86 105/105/87
f 105/105/87 106/106/88 104/104/86
f 106/106/88 105/105/87 107/107/89
f 107/107/89 108/108/90 106/106/88
f 108/108/90 107/107/89 109/109/91
f 109/109/91 110/110/92 108/108/90
f 110/110/92 109/109/91 111/111/93
f 111/111/93 112/112/94 110/110/92
f 112/112/94 111/111/93 113/113/95
f 113/113/95 114/114/96 112/112/94
f 114/114/96 113/113/95 115/115/97
f 115/115/97 116/116/97 114/114/96
f 116/116/97 115/115/97 117/117/98
f 117/117/98 118/118/99 116/116/97
f 118/118/99 117/117/98 119/119/100
f 119/119/100 120/120/101 118/118/99
f 120/120/101 119/119/100 121/121/102
f 121/121/102 122/122/103 120/120/101
f 122/122/103 121/121/102 123/123/104
f 123/123/104 124/124/105 122/122/103
f 124/124/105 123/123/104 125/125/106
f 125/125/106 126/126/107 124/124/105
f 126/126/107 125/125/106 127/127/108
f 127/127/108 128/128/108 126/126/107
f 128/128/108 127/127/108 129/129/109
f 129/129/109 130/130/110 128/128/108
f 130/130/110 129/129/109 67/68/56
f 67/68/56 70/67/55 130/130/110
f 131/102/111 132/131/112 133/100/113
f 134/67/114 135/70/115 132/131/112
f 132/131/112 135/70/115 136/72/116
f 132/131/112 136/72/116 137/74/117
f 132/131/112 137/74/117 138/76/118
f 132/131/112 138/76/118 139/78/119
f 132/131/112 139/78/119 140/80/120
f 132/131/112 140/80/120 141/82/121
f 132/131/112 141/82/121 142/84/122
f 132/131/112 142/84/122 143/86/123
f 132/131/112 143/86/123 144/88/124
f 132/131/112 144/88/124 145/90/125
f 132/131/112 145/90/125 146/92/126
f 132/131/112 146/92/126 147/94/127
f 132/131/112 147/94/127 148/96/128
f 132/131/112 148/96/128 149/98/129
f 132/131/112 149/98/129 133/100/113
f 150/104/130 132/131/112 131/102/111
f 151/106/131 132/131/112 150/104/130
f 152/108/132 132/131/112 151/106/131
f 153/110/133 132/131/112 152/108/132
f 154/112/134 132/131/112 153/110/133
f 155/114/135 132/131/112 154/112/134
f 156/116/136 132/131/112 155/114/135
f 157/118/137 132/131/112 156/116/136
f 158/120/138 132/131/112 157/118/137
f 159/122/139 132/131/112 158/120/138
f 160/124/140 132/131/112 159/122/139
f 161/126/141 132/131/112 160/124/140
f 162/128/142 132/131/112 161/126/141
f 163/130/143 132/131/112 162/128/142
f 134/67/114 132/131/112 163/130/143
s 0
f 164/132/144 165/133/144 166/134/144
f 167/135/144 168/136/144 165/133/144
f 165/133/144 168/136/144 169/137/144
f 165/133/144 169/137/144 170/138/144
f 165/133/144 170/138/144 171/139/144
f 165/133/144 171/139/144 172/140/144
f 165/133/144 172/140/144 173/141/144
f 165/133/144 173/141/144 174/142/144
f 165/133/144 174/142/144 175/143/144
f 165/133/144 175/143/144 176/144/144
f 165/133/144 176/144/144 177/145/144
f 165/133/144 177/145/144 178/146/144
f 165/133/144 178/146/144 179/147/144
f 165/133/144 179/147/144 180/148/144
f 165/133/144 180/148/144 181/149/144
f 165/133/144 181/149/144 182/150/144
f 165/133/144 182/150/144 166/134/144
f 183/151/144 165/133/144 164/132/144
f 184/152/144 165/133/144 183/151/144
f 185/153/144 165/133/144 184/152/144
f 186/154/144 165/133/144 185/153/144
f 187/155/144 165/133/144 186/154/144
f 188/156/144 165/133/144 187/155/144
f 189/157/144 165/133/144 188/156/144
f 190/158/144 165/133/144 189/157/144
f 191/159/144 165/133/144 190/158/144
f 192/160/144 165/133/144 191/159/144
f 193/161/144 165/133/144 192/160/144
f 194/162/144 165/133/144 193/161/144
f 195/163/144 165/133/144 194/162/144
f 196/164/144 165/133/144 195/163/144
f 167/135/144 165/133/144 196/164/144
s 1
f 200/165/145 197/166/146 198/167/147
f 198/167/147 199/168/148 200/165/145
f 204/169/149 201/170/150 202/171/151
f 202/171/151 203/172/152 204/169/149
f 208/173/153 205/174/154 206/175/155
f 206/175/155 207/176/156 208/173/153
f 212/177/157 209/178/158 210/179/159
f 210/179/159 211/180/160 212/177/157
f 209/178/158 213/181/161 214/182/162
f 214/182/162 210/179/159 209/178/158
f 205/174/154 215/183/163 216/184/164
f 216/184/164 206/175/155 205/174/154
f 201/170/150 217/185/165 218/186/166
f 218/186/166 202/171/151 201/170/150
f 197/166/146 219/187/167 220/188/168
f 220/188/168 198/167/147 197/166/146
f 222/189/169 220/188/168 219/187/167
f 219/187/167 221/190/170 222/189/169
f 224/191/171 218/186/166 217/185/165
f 217/185/165 223/192/172 224/191/171
f 228/193/173 225/194/174 226/195/175
f 226/195/175 227/196/176 228/193/173
f 232/197/177 229/198/178 230/199/179
f 230/199/179 231/200/180 232/197/177
f 236/201/181 233/202/182 234/203/183
f 234/203/183 235/204/184 236/201/181
f 240/205/185 237/206/186 238/207/187
f 238/207/187 239/208/188 240/205/185
f 242/209/189 238/207/187 237/206/186
f 237/206/186 241/210/190 242/209/189
f 244/211/191 234/203/183 233/202/182
f 233/202/182 243/212/192 244/211/191
f 225/194/174 242/209/189 241/210/190
f 241/210/190 226/195/175 225/194/174
f 229/198/178 244/211/191 243/212/192
f 243/212/192 230/199/179 229/198/178
f 246/213/193 204/169/149 203/172/152
f 203/172/152 245/214/194 246/213/193
f 248/215/195 200/165/145 199/168/148
f 199/168/148 247/216/196 248/215/195
f 250/217/197 212/177/157 211/180/160
f 211/180/160 249/218/198 250/217/197
f 252/219/199 208/173/153 207/176/156
f 207/176/156 251/220/200 252/219/199
f 254/221/201 228/193/173 227/196/176
f 227/196/176 253/222/202 254/221/201
f 258/223/203 255/224/204 256/225/205
f 256/225/205 257/226/206 258/223/203
f 262/227/207 259/228/208 260/229/184
f 260/229/184 261/230/209 262/227/207
f 264/231/210 240/205/185 239/208/188
f 239/208/188 263/232/211 264/231/210
f 266/233/212 254/221/201 253/222/202
f 253/222/202 265/234/213 266/233/212
f 268/235/214 258/223/203 257/226/206
f 257/226/206 267/236/215 268/235/214
f 270/237/216 262/227/207 261/230/209
f 261/230/209 269/238/217 270/237/216
f 272/239/218 264/231/210 263/232/211
f 263/232/211 271/240/219 272/239/218
f 247/216/196 266/233/212 265/234/213
f 265/234/213 248/215/195 247/216/196
f 245/214/194 268/235/214 267/236/215
f 267/236/215 246/213/193 245/214/194
f 251/220/200 270/237/216 269/238/217
f 269/238/217 252/219/199 251/220/200
f 249/218/198 272/239/218 271/240/219
f 271/240/219 250/217/197 249/218/198
f 213/181/161 273/241/220 274/242/221
f 274/242/221 214/182/162 213/181/161
f 215/183/163 275/243/222 276/244/223
f 276/244/223 216/184/164 215/183/163
f 278/245/224 222/189/169 221/190/170
f 221/190/170 277/246/225 278/245/224
f 280/247/226 224/191/171 223/192/172
f 223/192/172 279/248/227 280/247/226
f 284/249/228 281/250/229 282/251/230
f 282/251/230 283/252/231 284/249/228
f 288/253/232 285/254/233 286/255/234
f 286/255/234 287/256/235 288/253/232
f 292/257/236 289/258/237 290/259/238
f 290/259/238 291/260/239 292/257/236
f 296/261/240 293/262/241 294/263/242
f 294/263/242 295/264/243 296/261/240
f 273/241/220 297/265/244 298/266/245
f 298/266/245 274/242/221 273/241/220
f 275/243/222 299/267/246 300/268/247
f 300/268/247 276/244/223 275/243/222
f 293/262/241 278/245/224 277/246/225
f 277/246/225 294/263/242 293/262/241
f 289/258/237 280/247/226 279/248/227
f 279/248/227 290/259/238 289/258/237
f 297/265/244 284/249/228 283/252/231
f 283/252/231 298/266/245 297/265/244
f 299/267/246 288/253/232 287/256/235
f 287/256/235 300/268/247 299/267/246
f 302/269/248 201/170/150 204/169/149
f 204/169/149 301/270/249 302/269/248
f 304/271/250 207/176/156 206/175/155
f 206/175/155 303/272/251 304/271/250
f 303/272/251 206/175/155 216/184/164
f 216/184/164 305/273/252 303/272/251
f 306/274/253 217/185/165 201/170/150
f 201/170/150 302/269/248 306/274/253
f 308/275/254 243/212/192 233/202/182
f 233/202/182 307/276/255 308/275/254
f 309/277/256 230/199/179 243/212/192
f 243/212/192 308/275/254 309/277/256
f 310/278/257 251/220/200 207/176/156
f 207/176/156 304/271/250 310/278/257
f 301/270/249 204/169/149 246/213/193
f 246/213/193 311/279/258 301/270/249
f 312/280/259 231/200/180 230/199/179
f 230/199/179 309/277/256 312/280/259
f 315/281/260 313/282/261 259/228/208
f 259/228/208 314/283/262 315/281/260
f 317/284/263 257/226/206 256/225/205
f 256/225/205 316/285/264 317/284/263
f 314/283/262 259/228/208 262/227/207
f 262/227/207 318/286/265 314/283/262
f 319/287/266 267/236/215 257/226/206
f 257/226/206 317/284/263 319/287/266
f 318/286/265 262/227/207 270/237/216
f 270/237/216 320/288/267 318/286/265
f 311/279/258 246/213/193 267/236/215
f 267/236/215 319/287/266 311/279/258
f 320/288/267 270/237/216 251/220/200
f 251/220/200 310/278/257 320/288/267
f 321/289/268 223/192/172 217/185/165
f 217/185/165 306/274/253 321/289/268
f 305/273/252 216/184/164 276/244/223
f 276/244/223 322/290/269 305/273/252
f 324/291/270 287/256/235 286/255/234
f 286/255/234 323/292/271 324/291/270
f 326/293/272 325/294/273 291/260/239
f 291/260/239 290/259/238 326/293/272
f 327/295/274 279/248/227 223/192/172
f 223/192/172 321/289/268 327/295/274
f 322/290/269 276/244/223 300/268/247
f 300/268/247 328/296/275 322/290/269
f 326/293/272 290/259/238 279/248/227
f 279/248/227 327/295/274 326/293/272
f 328/296/275 300/268/247 287/256/235
f 287/256/235 324/291/270 328/296/275
f 330/297/276 225/194/174 228/193/173
f 228/193/173 329/298/277 330/297/276
f 329/298/277 228/193/173 254/221/201
f 254/221/201 331/299/278 329/298/277
f 331/299/278 254/221/201 266/233/212
f 266/233/212 332/300/279 331/299/278
f 332/300/279 266/233/212 247/216/196
f 247/216/196 333/301/280 332/300/279
f 333/301/280 247/216/196 199/168/148
f 199/168/148 334/302/281 333/301/280
f 334/302/281 199/168/148 198/167/147
f 198/167/147 335/303/282 334/302/281
f 335/303/282 198/167/147 220/188/168
f 220/188/168 336/304/283 335/303/282
f 336/304/283 220/188/168 222/189/169
f 222/189/169 337/305/284 336/304/283
f 337/305/284 222/189/169 278/245/224
f 278/245/224 338/306/285 337/305/284
f 338/306/285 278/245/224 293/262/241
f 293/262/241 339/307/286 338/306/285
f 339/307/286 293/262/241 296/261/240
f 296/261/240 340/308/287 339/307/286
f 284/249/228 339/307/286 340/308/287
f 340/308/287 281/250/229 284/249/228
f 297/265/244 338/306/285 339/307/286
f 339/307/286 284/249/228 297/265/244
f 273/241/220 337/305/284 338/306/285
f 338/306/285 297/265/244 273/241/220
f 213/181/161 336/304/283 337/305/284
f 337/305/284 273/241/220 213/181/161
f 209/178/158 335/303/282 336/304/283
f 336/304/283 213/181/161 209/178/158
f 212/177/157 334/302/281 335/303/282
f 335/303/282 209/178/158 212/177/157
f 250/217/197 333/301/280 334/302/281
f 334/302/281 212/177/157 250/217/197
f 271/240/219 332/300/279 333/301/280
f 333/301/280 250/217/197 271/240/219
f 263/232/211 331/299/278 332/300/279
f 332/300/279 271/240/219 263/232/211
f 239/208/188 329/298/277 331/299/278
f 331/299/278 263/232/211 239/208/188
f 238/207/187 330/297/276 329/298/277
f 329/298/277 239/208/188 238/207/187
f 225/194/174 330/297/276 242/209/189
f 330/297/276 238/207/187 242/209/189
f 344/167/288 341/166/289 342/165/290
f 342/165/290 343/168/291 344/167/288
f 346/309/292 302/269/248 301/270/249
f 301/270/249 345/310/293 346/309/292
f 303/272/251 347/311/294 348/312/295
f 348/312/295 304/271/250 303/272/251
f 352/179/296 349/178/297 350/177/298
f 350/177/298 351/180/299 352/179/296
f 354/182/300 353/181/301 349/178/297
f 349/178/297 352/179/296 354/182/300
f 305/273/252 355/313/302 347/311/294
f 347/311/294 303/272/251 305/273/252
f 356/314/303 306/274/253 302/269/248
f 302/269/248 346/309/292 356/314/303
f 358/188/304 357/187/305 341/166/289
f 341/166/289 344/167/288 358/188/304
f 357/187/305 358/188/304 359/189/306
f 359/189/306 360/190/307 357/187/305
f 306/274/253 356/314/303 361/315/308
f 361/315/308 321/289/268 306/274/253
f 365/195/309 362/194/310 363/193/311
f 363/193/311 364/196/312 365/195/309
f 309/277/256 366/316/313 367/317/314
f 367/317/314 312/280/259 309/277/256
f 370/318/315 307/276/255 368/319/316
f 368/319/316 369/320/317 370/318/315
f 374/207/318 371/206/319 372/205/320
f 372/205/320 373/208/321 374/207/318
f 371/206/319 374/207/318 375/209/322
f 375/209/322 376/210/323 371/206/319
f 307/276/255 370/318/315 377/321/324
f 377/321/324 308/275/254 307/276/255
f 376/210/323 375/209/322 362/194/310
f 362/194/310 365/195/309 376/210/323
f 308/275/254 377/321/324 366/316/313
f 366/316/313 309/277/256 308/275/254
f 345/310/293 301/270/249 311/279/258
f 311/279/258 378/322/325 345/310/293
f 343/168/291 342/165/290 379/215/326
f 379/215/326 380/216/327 343/168/291
f 351/180/299 350/177/298 381/217/328
f 381/217/328 382/218/329 351/180/299
f 304/271/250 348/312/295 383/323/330
f 383/323/330 310/278/257 304/271/250
f 364/196/312 363/193/311 384/221/331
f 384/221/331 385/222/332 364/196/312
f 316/285/264 386/324/333 387/325/334
f 387/325/334 317/284/263 316/285/264
f 389/326/335 314/283/262 318/286/265
f 318/286/265 388/327/336 389/326/335
f 373/208/321 372/205/320 390/231/337
f 390/231/337 391/232/338 373/208/321
f 385/222/332 384/221/331 392/233/339
f 392/233/339 393/234/340 385/222/332
f 317/284/263 387/325/334 394/328/341
f 394/328/341 319/287/266 317/284/263
f 388/327/336 318/286/265 320/288/267
f 320/288/267 395/329/342 388/327/336
f 391/232/338 390/231/337 396/239/343
f 396/239/343 397/240/344 391/232/338
f 393/234/340 392/233/339 380/216/327
f 380/216/327 379/215/326 393/234/340
f 319/287/266 394/328/341 378/322/325
f 378/322/325 311/279/258 319/287/266
f 395/329/342 320/288/267 310/278/257
f 310/278/257 383/323/330 395/329/342
f 397/240/344 396/239/343 382/218/329
f 382/218/329 381/217/328 397/240/344
f 399/242/345 398/241/346 353/181/301
f 353/181/301 354/182/300 399/242/345
f 322/290/269 400/330/347 355/313/302
f 355/313/302 305/273/252 322/290/269
f 360/190/307 359/189/306 401/245/348
f 401/245/348 402/246/349 360/190/307
f 321/289/268 361/315/308 403/331/350
f 403/331/350 327/295/274 321/289/268
f 407/251/351 404/250/352 405/249/353
f 405/249/353 406/252/354 407/251/351
f 323/292/271 408/332/355 409/333/356
f 409/333/356 324/291/270 323/292/271
f 326/293/272 410/334/357 411/335/358
f 411/335/358 325/294/273 326/293/272
f 415/263/359 412/262/360 413/261/361
f 413/261/361 414/264/362 415/263/359
f 417/266/363 416/265/364 398/241/346
f 398/241/346 399/242/345 417/266/363
f 328/296/275 418/336/365 400/330/347
f 400/330/347 322/290/269 328/296/275
f 402/246/349 401/245/348 412/262/360
f 412/262/360 415/263/359 402/246/349
f 327/295/274 403/331/350 410/334/357
f 410/334/357 326/293/272 327/295/274
f 406/252/354 405/249/353 416/265/364
f 416/265/364 417/266/363 406/252/354
f 324/291/270 409/333/356 418/336/365
f 418/336/365 328/296/275 324/291/270
f 363/193/311 362/194/310 419/297/366
f 419/297/366 420/298/367 363/193/311
f 384/221/331 363/193/311 420/298/367
f 420/298/367 421/299/368 384/221/331
f 392/233/339 384/221/331 421/299/368
f 421/299/368 422/300/369 392/233/339
f 380/216/327 392/233/339 422/300/369
f 422/300/369 423/301/370 380/216/327
f 343/168/291 380/216/327 423/301/370
f 423/301/370 424/302/371 343/168/291
f 344/167/288 343/168/291 424/302/371
f 424/302/371 425/303/372 344/167/288
f 358/188/304 344/167/288 425/303/372
f 425/303/372 426/304/373 358/188/304
f 359/189/306 358/188/304 426/304/373
f 426/304/373 427/305/374 359/189/306
f 401/245/348 359/189/306 427/305/374
f 427/305/374 428/306/375 401/245/348
f 412/262/360 401/245/348 428/306/375
f 428/306/375 429/307/376 412/262/360
f 413/261/361 412/262/360 429/307/376
f 429/307/376 430/308/377 413/261/361
f 430/308/377 429/307/376 405/249/353
f 405/249/353 404/250/352 430/308/377
f 429/307/376 428/306/375 416/265/364
f 416/265/364 405/249/353 429/307/376
f 428/306/375 427/305/374 398/241/346
f 398/241/346 416/265/364 428/306/375
f 427/305/374 426/304/373 353/181/301
f 353/181/301 398/241/346 427/305/374
f 426/304/373 425/303/372 349/178/297
f 349/178/297 353/181/301 426/304/373
f 425/303/372 424/302/371 350/177/298
f 350/177/298 349/178/297 425/303/372
f 424/302/371 423/301/370 381/217/328
f 381/217/328 350/177/298 424/302/371
f 423/301/370 422/300/369 397/240/344
f 397/240/344 381/217/328 423/301/370
f 422/300/369 421/299/368 391/232/338
f 391/232/338 397/240/344 422/300/369
f 421/299/368 420/298/367 373/208/321
f 373/208/321 391/232/338 421/299/368
f 420/298/367 419/297/366 374/207/318
f 374/207/318 373/208/321 420/298/367
f 362/194/310 375/209/322 419/297/366
f 419/297/366 375/209/322 374/207/318
s 0
f 434/337/378 431/338/378 432/339/378
f 432/339/378 433/340/378 434/337/378
f 438/341/378 435/342/378 436/338/378
f 436/338/378 437/337/378 438/341/378
f 442/340/379 439/339/379 440/343/379
f 440/343/380 441/344/380 442/340/380
f 446/344/381 443/343/381 444/345/381
f 444/345/382 445/346/382 446/344/382
f 450/347/381 447/348/381 448/342/381
f 448/342/378 449/341/378 450/347/378
f 454/349/383 451/350/383 452/348/383
f 452/348/383 453/347/383 454/349/383
s 1
f 458/165/384 455/166/385 456/167/386
f 456/167/386 457/168/387 458/165/384
f 462/169/388 459/170/389 460/171/390
f 460/171/390 461/172/391 462/169/388
f 466/173/392 463/174/393 464/175/394
f 464/175/394 465/176/395 466/173/392
f 470/177/396 467/178/397 468/179/398
f 468/179/398 469/180/399 470/177/396
f 467/178/397 471/181/400 472/182/401
f 472/182/401 468/179/398 467/178/397
f 463/174/393 473/183/402 474/184/403
f 474/184/403 464/175/394 463/174/393
f 459/170/389 475/185/404 476/186/405
f 476/186/405 460/171/390 459/170/389
f 455/166/385 477/187/406 478/188/407
f 478/188/407 456/167/386 455/166/385
f 480/189/408 478/188/407 477/187/406
f 477/187/406 479/190/409 480/189/408
f 482/191/410 476/186/405 475/185/404
f 475/185/404 481/192/411 482/191/410
f 486/193/412 483/194/413 484/195/414
f 484/195/414 485/196/415 486/193/412
f 490/197/416 487/198/417 488/199/418
f 488/199/418 489/200/419 490/197/416
f 494/201/420 491/202/421 492/203/422
f 492/203/422 493/204/423 494/201/420
f 498/205/424 495/206/425 496/207/426
f 496/207/426 497/208/427 498/205/424
f 500/209/428 496/207/426 495/206/425
f 495/206/425 499/210/429 500/209/428
f 502/211/430 492/203/422 491/202/421
f 491/202/421 501/212/431 502/211/430
f 483/194/413 500/209/428 499/210/429
f 499/210/429 484/195/414 483/194/413
f 487/198/417 502/211/430 501/212/431
f 501/212/431 488/199/418 487/198/417
f 504/213/432 462/169/388 461/172/391
f 461/172/391 503/214/433 504/213/432
f 506/215/434 458/165/384 457/168/387
f 457/168/387 505/216/435 506/215/434
f 508/217/436 470/177/396 469/180/399
f 469/180/399 507/218/437 508/217/436
f 510/219/438 466/173/392 465/176/395
f 465/176/395 509/220/439 510/219/438
f 512/221/440 486/193/412 485/196/415
f 485/196/415 511/222/441 512/221/440
f 516/223/442 513/224/443 514/225/444
f 514/225/444 515/226/445 516/223/442
f 520/227/446 517/228/447 518/229/448
f 518/229/448 519/230/449 520/227/446
f 522/231/450 498/205/424 497/208/427
f 497/208/427 521/232/451 522/231/450
f 524/233/452 512/221/440 511/222/441
f 511/222/441 523/234/453 524/233/452
f 526/235/454 516/223/442 515/226/445
f 515/226/445 525/236/455 526/235/454
f 528/237/456 520/227/446 519/230/449
f 519/230/449 527/238/457 528/237/456
f 530/239/458 522/231/450 521/232/451
f 521/232/451 529/240/459 530/239/458
f 505/216/435 524/233/452 523/234/453
f 523/234/453 506/215/434 505/216/435
f 503/214/433 526/235/454 525/236/455
f 525/236/455 504/213/432 503/214/433
f 509/220/439 528/237/456 527/238/457
f 527/238/457 510/219/438 509/220/439
f 507/218/437 530/239/458 529/240/459
f 529/240/459 508/217/436 507/218/437
f 471/181/400 531/241/460 532/242/461
f 532/242/461 472/182/401 471/181/400
f 473/183/402 533/243/462 534/244/463
f 534/244/463 474/184/403 473/183/402
f 536/245/464 480/189/408 479/190/409
f 479/190/409 535/246/465 536/245/464
f 538/247/466 482/191/410 481/192/411
f 481/192/411 537/248/467 538/247/466
f 542/249/468 539/250/469 540/251/470
f 540/251/470 541/252/471 542/249/468
f 546/253/472 543/254/473 544/255/474
f 544/255/474 545/256/475 546/253/472
f 550/257/476 547/258/477 548/259/478
f 548/259/478 549/260/479 550/257/476
f 554/261/480 551/262/481 552/263/482
f 552/263/482 553/264/483 554/261/480
f 531/241/460 555/265/484 556/266/485
f 556/266/485 532/242/461 531/241/460
f 533/243/462 557/267/486 558/268/487
f 558/268/487 534/244/463 533/243/462
f 551/262/481 536/245/464 535/246/465
f 535/246/465 552/263/482 551/262/481
f 547/258/477 538/247/466 537/248/467
f 537/248/467 548/259/478 547/258/477
f 555/265/484 542/249/468 541/252/471
f 541/252/471 556/266/485 555/265/484
f 557/267/486 546/253/472 545/256/475
f 545/256/475 558/268/487 557/267/486
f 560/269/488 459/170/389 462/169/388
f 462/169/388 559/270/489 560/269/488
f 562/271/490 465/176/395 464/175/394
f 464/175/394 561/272/491 562/271/490
f 561/272/491 464/175/394 474/184/403
f 474/184/403 563/273/492 561/272/491
f 564/274/493 475/185/404 459/170/389
f 459/170/389 560/269/488 564/274/493
f 566/275/494 501/212/431 491/202/421
f 491/202/421 565/276/495 566/275/494
f 567/277/496 488/199/418 501/212/431
f 501/212/431 566/275/494 567/277/496
f 568/278/497 509/220/439 465/176/395
f 465/176/395 562/271/490 568/278/497
f 559/270/489 462/169/388 504/213/432
f 504/213/432 569/279/498 559/270/489
f 570/280/499 489/200/419 488/199/418
f 488/199/418 567/277/496 570/280/499
f 573/281/500 571/282/501 517/228/447
f 517/228/447 572/283/502 573/281/500
f 575/284/503 515/226/445 514/225/444
f 514/225/444 574/285/504 575/284/503
f 572/283/502 517/228/447 520/227/446
f 520/227/446 576/286/505 572/283/502
f 577/287/506 525/236/455 515/226/445
f 515/226/445 575/284/503 577/287/506
f 576/286/505 520/227/446 528/237/456
f 528/237/456 578/288/507 576/286/505
f 569/279/498 504/213/432 525/236/455
f 525/236/455 577/287/506 569/279/498
f 578/288/507 528/237/456 509/220/439
f 509/220/439 568/278/497 578/288/507
f 579/289/508 481/192/411 475/185/404
f 475/185/404 564/274/493 579/289/508
f 563/273/492 474/184/403 534/244/463
f 534/244/463 580/290/509 563/273/492
f 582/291/510 545/256/475 544/255/474
f 544/255/474 581/292/511 582/291/510
f 584/293/512 583/294/513 549/260/479
f 549/260/479 548/259/478 584/293/512
f 585/295/514 537/248/467 481/192/411
f 481/192/411 579/289/508 585/295/514
f 580/290/509 534/244/463 558/268/487
f 558/268/487 586/296/515 580/290/509
f 584/293/512 548/259/478 537/248/467
f 537/248/467 585/295/514 584/293/512
f 586/296/515 558/268/487 545/256/475
f 545/256/475 582/291/510 586/296/515
f 588/297/516 483/194/413 486/193/412
f 486/193/412 587/298/517 588/297/516
f 587/298/517 486/193/412 512/221/440
f 512/221/440 589/299/518 587/298/517
f 589/299/518 512/221/440 524/233/452
f 524/233/452 590/300/519 589/299/518
f 590/300/519 524/233/452 505/216/435
f 505/216/435 591/301/520 590/300/519
f 591/301/520 505/216/435 457/168/387
f 457/168/387 592/302/521 591/301/520
f 592/302/521 457/168/387 456/167/386
f 456/167/386 593/303/522 592/302/521
f 593/303/522 456/167/386 478/188/407
f 478/188/407 594/304/523 593/303/522
f 594/304/523 478/188/407 480/189/408
f 480/189/408 595/305/524 594/304/523
f 595/305/524 480/189/408 536/245/464
f 536/245/464 596/306/525 595/305/524
f 596/306/525 536/245/464 551/262/481
f 551/262/481 597/307/526 596/306/525
f 597/307/526 551/262/481 554/261/480
f 554/261/480 598/308/527 597/307/526
f 542/249/468 597/307/526 598/308/527
f 598/308/527 539/250/469 542/249/468
f 555/265/484 596/306/525 597/307/526
f 597/307/526 542/249/468 555/265/484
f 531/241/460 595/305/524 596/306/525
f 596/306/525 555/265/484 531/241/460
f 471/181/400 594/304/523 595/305/524
f 595/305/524 531/241/460 471/181/400
f 467/178/397 593/303/522 594/304/523
f 594/304/523 471/181/400 467/178/397
f 470/177/396 592/302/521 593/303/522
f 593/303/522 467/178/397 470/177/396
f 508/217/436 591/301/520 592/302/521
f 592/302/521 470/177/396 508/217/436
f 529/240/459 590/300/519 591/301/520
f 591/301/520 508/217/436 529/240/459
f 521/232/451 589/299/518 590/300/519
f 590/300/519 529/240/459 521/232/451
f 497/208/427 587/298/517 589/299/518
f 589/299/518 521/232/451 497/208/427
f 496/207/426 588/297/516 587/298/517
f 587/298/517 497/208/427 496/207/426
f 483/194/413 588/297/516 500/209/428
f 588/297/516 496/207/426 500/209/428
f 602/167/528 599/166/529 600/165/530
f 600/165/530 601/168/531 602/167/528
f 604/309/532 560/269/488 559/270/489
f 559/270/489 603/310/533 604/309/532
f 561/272/491 605/311/534 606/312/535
f 606/312/535 562/271/490 561/272/491
f 610/179/536 607/178/537 608/177/538
f 608/177/538 609/180/539 610/179/536
f 612/182/540 611/181/541 607/178/537
f 607/178/537 610/179/536 612/182/540
f 563/273/492 613/313/542 605/311/534
f 605/311/534 561/272/491 563/273/492
f 614/314/543 564/274/493 560/269/488
f 560/269/488 604/309/532 614/314/543
f 616/188/544 615/187/545 599/166/529
f 599/166/529 602/167/528 616/188/544
f 615/187/545 616/188/544 617/189/546
f 617/189/546 618/190/547 615/187/545
f 564/274/493 614/314/543 619/315/548
f 619/315/548 579/289/508 564/274/493
f 623/195/549 620/194/550 621/193/551
f 621/193/551 622/196/552 623/195/549
f 567/277/496 624/316/553 625/317/554
f 625/317/554 570/280/499 567/277/496
f 628/318/555 565/276/495 626/319/556
f 626/319/556 627/320/557 628/318/555
f 632/207/558 629/206/559 630/205/560
f 630/205/560 631/208/561 632/207/558
f 629/206/559 632/207/558 633/209/562
f 633/209/562 634/210/563 629/206/559
f 565/276/495 628/318/555 635/321/564
f 635/321/564 566/275/494 565/276/495
f 634/210/563 633/209/562 620/194/550
f 620/194/550 623/195/549 634/210/563
f 566/275/494 635/321/564 624/316/553
f 624/316/553 567/277/496 566/275/494
f 603/310/533 559/270/489 569/279/498
f 569/279/498 636/322/565 603/310/533
f 601/168/531 600/165/530 637/215/566
f 637/215/566 638/216/567 601/168/531
f 609/180/539 608/177/538 639/217/568
f 639/217/568 640/218/569 609/180/539
f 562/271/490 606/312/535 641/323/570
f 641/323/570 568/278/497 562/271/490
f 622/196/552 621/193/551 642/221/571
f 642/221/571 643/222/572 622/196/552
f 574/285/504 644/324/573 645/325/574
f 645/325/574 575/284/503 574/285/504
f 647/326/575 572/283/502 576/286/505
f 576/286/505 646/327/576 647/326/575
f 631/208/561 630/205/560 648/231/577
f 648/231/577 649/232/578 631/208/561
f 643/222/572 642/221/571 650/233/579
f 650/233/579 651/234/580 643/222/572
f 575/284/503 645/325/574 652/328/581
f 652/328/581 577/287/506 575/284/503
f 646/327/576 576/286/505 578/288/507
f 578/288/507 653/329/582 646/327/576
f 649/232/578 648/231/577 654/239/583
f 654/239/583 655/240/584 649/232/578
f 651/234/580 650/233/579 638/216/567
f 638/216/567 637/215/566 651/234/580
f 577/287/506 652/328/581 636/322/565
f 636/322/565 569/279/498 577/287/506
f 653/329/582 578/288/507 568/278/497
f 568/278/497 641/323/570 653/329/582
f 655/240/584 654/239/583 640/218/569
f 640/218/569 639/217/568 655/240/584
f 657/242/585 656/241/586 611/181/541
f 611/181/541 612/182/540 657/242/585
f 580/290/509 658/330/587 613/313/542
f 613/313/542 563/273/492 580/290/509
f 618/190/547 617/189/546 659/245/588
f 659/245/588 660/246/589 618/190/547
f 579/289/508 619/315/548 661/331/590
f 661/331/590 585/295/514 579/289/508
f 665/251/591 662/250/592 663/249/593
f 663/249/593 664/252/594 665/251/591
f 581/292/511 666/332/595 667/333/596
f 667/333/596 582/291/510 581/292/511
f 584/293/512 668/334/597 669/335/598
f 669/335/598 583/294/513 584/293/512
f 673/263/599 670/262/600 671/261/601
f 671/261/601 672/264/602 673/263/599
f 675/266/603 674/265/604 656/241/586
f 656/241/586 657/242/585 675/266/603
f 586/296/515 676/336/605 658/330/587
f 658/330/587 580/290/509 586/296/515
f 660/246/589 659/245/588 670/262/600
f 670/262/600 673/263/599 660/246/589
f 585/295/514 661/331/590 668/334/597
f 668/334/597 584/293/512 585/295/514
f 664/252/594 663/249/593 674/265/604
f 674/265/604 675/266/603 664/252/594
f 582/291/510 667/333/596 676/336/605
f 676/336/605 586/296/515 582/291/510
f 621/193/551 620/194/550 677/297/606
f 677/297/606 678/298/607 621/193/551
f 642/221/571 621/193/551 678/298/607
f 678/298/607 679/299/608 642/221/571
f 650/233/579 642/221/571 679/299/608
f 679/299/608 680/300/609 650/233/579
f 638/216/567 650/233/579 680/300/609
f 680/300/609 681/301/610 638/216/567
f 601/168/531 638/216/567 681/301/610
f 681/301/610 682/302/611 601/168/531
f 602/167/528 601/168/531 682/302/611
f 682/302/611 683/303/612 602/167/528
f 616/188/544 602/167/528 683/303/612
f 683/303/612 684/304/613 616/188/544
f 617/189/546 616/188/544 684/304/613
f 684/304/613 685/305/614 617/189/546
f 659/245/588 617/189/546 685/305/614
f 685/305/614 686/306/615 659/245/588
f 670/262/600 659/245/588 686/306/615
f 686/306/615 687/307/616 670/262/600
f 671/261/601 670/262/600 687/307/616
f 687/307/616 688/308/617 671/261/601
f 688/308/617 687/307/616 663/249/593
f 663/249/593 662/250/592 688/308/617
f 687/307/616 686/306/615 674/265/604
f 674/265/604 663/249/593 687/307/616
f 686/306/615 685/305/614 656/241/586
f 656/241/586 674/265/604 686/306/615
f 685/305/614 684/304/613 611/181/541
f 611/181/541 656/241/586 685/305/614
f 684/304/613 683/303/612 607/178/537
f 607/178/537 611/181/541 684/304/613
f 683/303/612 682/302/611 608/177/538
f 608/177/538 607/178/537 683/303/612
f 682/302/611 681/301/610 639/217/568
f 639/217/568 608/177/538 682/302/611
f 681/301/610 680/300/609 655/240/584
f 655/240/584 639/217/568 681/301/610
f 680/300/609 679/299/608 649/232/578
f 649/232/578 655/240/584 680/300/609
f 679/299/608 678/298/607 631/208/561
f 631/208/561 649/232/578 679/299/608
f 678/298/607 677/297/606 632/207/558
f 632/207/558 631/208/561 678/298/607
f 620/194/550 633/209/562 677/297/606
f 677/297/606 633/209/562 632/207/558
s 0
f 692/337/618 689/338/618 690/339/618
f 690/339/618 691/340/618 692/337/618
f 694/341/618 693/342/618 689/338/618
f 689/338/618 692/337/618 694/341/618
f 691/340/618 690/339/618 695/343/618
f 695/343/618 696/344/618 691/340/618
f 696/344/618 695/343/618 697/345/618
f 697/345/618 698/346/618 696/344/618
f 700/347/618 699/348/618 693/342/618
f 693/342/618 694/341/618 700/347/618
f 702/349/618 701/350/618 699/348/618
f 699/348/618 700/347/618 702/349/618
s 1
f 706/165/619 703/166/620 704/167/621
f 704/167/621 705/168/622 706/165/619
f 710/169/623 707/170/624 708/171/625
f 708/171/625 709/172/626 710/169/623
f 714/173/627 711/174/628 712/175/629
f 712/175/629 713/176/630 714/173/627
f 718/177/631 715/178/632 716/179/633
f 716/179/633 717/180/634 718/177/631
f 715/178/632 719/181/635 720/182/636
f 720/182/636 716/179/633 715/178/632
f 711/174/628 721/183/637 722/184/638
f 722/184/638 712/175/629 711/174/628
f 707/170/624 723/185/639 724/186/640
f 724/186/640 708/171/625 707/170/624
f 703/166/620 725/187/641 726/188/642
f 726/188/642 704/167/621 703/166/620
f 728/189/643 726/188/642 725/187/641
f 725/187/641 727/190/644 728/189/643
f 730/191/645 724/186/640 723/185/639
f 723/185/639 729/192/646 730/191/645
f 734/193/647 731/194/648 732/195/649
f 732/195/649 733/196/650 734/193/647
f 738/197/651 735/198/652 736/199/653
f 736/199/653 737/200/654 738/197/651
f 742/201/655 739/202/656 740/203/657
f 740/203/657 741/204/658 742/201/655
f 746/205/659 743/206/660 744/207/661
f 744/207/661 745/208/662 746/205/659
f 748/209/663 744/207/661 743/206/660
f 743/206/660 747/210/664 748/209/663
f 750/211/665 740/203/657 739/202/656
f 739/202/656 749/212/666 750/211/665
f 731/194/648 748/209/663 747/210/664
f 747/210/664 732/195/649 731/194/648
f 735/198/652 750/211/665 749/212/666
f 749/212/666 736/199/653 735/198/652
f 752/213/667 710/169/623 709/172/626
f 709/172/626 751/214/668 752/213/667
f 754/215/669 706/165/619 705/168/622
f 705/168/622 753/216/670 754/215/669
f 756/217/671 718/177/631 717/180/634
f 717/180/634 755/218/672 756/217/671
f 758/219/673 714/173/627 713/176/630
f 713/176/630 757/220/674 758/219/673
f 760/221/675 734/193/647 733/196/650
f 733/196/650 759/222/676 760/221/675
f 764/223/677 761/224/651 762/225/678
f 762/225/678 763/226/679 764/223/677
f 768/227/680 765/228/681 766/229/682
f 766/229/682 767/230/683 768/227/680
f 770/231/684 746/205/659 745/208/662
f 745/208/662 769/232/685 770/231/684
f 772/233/686 760/221/675 759/222/676
f 759/222/676 771/234/687 772/233/686
f 774/235/688 764/223/677 763/226/679
f 763/226/679 773/236/689 774/235/688
f 776/237/690 768/227/680 767/230/683
f 767/230/683 775/238/691 776/237/690
f 778/239/692 770/231/684 769/232/685
f 769/232/685 777/240/693 778/239/692
f 753/216/670 772/233/686 771/234/687
f 771/234/687 754/215/669 753/216/670
f 751/214/668 774/235/688 773/236/689
f 773/236/689 752/213/667 751/214/668
f 757/220/674 776/237/690 775/238/691
f 775/238/691 758/219/673 757/220/674
f 755/218/672 778/239/692 777/240/693
f 777/240/693 756/217/671 755/218/672
f 719/181/635 779/241/694 780/242/695
f 780/242/695 720/182/636 719/181/635
f 721/183/637 781/243/696 782/244/697
f 782/244/697 722/184/638 721/183/637
f 784/245/698 728/189/643 727/190/644
f 727/190/644 783/246/699 784/245/698
f 786/247/700 730/191/645 729/192/646
f 729/192/646 785/248/701 786/247/700
f 790/249/702 787/250/703 788/251/704
f 788/251/704 789/252/705 790/249/702
f 794/253/706 791/254/707 792/255/708
f 792/255/708 793/256/709 794/253/706
f 798/257/710 795/258/711 796/259/712
f 796/259/712 797/260/713 798/257/710
f 802/261/714 799/262/715 800/263/716
f 800/263/716 801/264/717 802/261/714
f 779/241/694 803/265/718 804/266/719
f 804/266/719 780/242/695 779/241/694
f 781/243/696 805/267/720 806/268/721
f 806/268/721 782/244/697 781/243/696
f 799/262/715 784/245/698 783/246/699
f 783/246/699 800/263/716 799/262/715
f 795/258/711 786/247/700 785/248/701
f 785/248/701 796/259/712 795/258/711
f 803/265/718 790/249/702 789/252/705
f 789/252/705 804/266/719 803/265/718
f 805/267/720 794/253/706 793/256/709
f 793/256/709 806/268/721 805/267/720
f 808/269/722 707/170/624 710/169/623
f 710/169/623 807/270/723 808/269/722
f 810/271/724 713/176/630 712/175/629
f 712/175/629 809/272/725 810/271/724
f 809/272/725 712/175/629 722/184/638
f 722/184/638 811/273/726 809/272/725
f 812/274/727 723/185/639 707/170/624
f 707/170/624 808/269/722 812/274/727
f 814/275/728 749/212/666 739/202/656
f 739/202/656 813/276/729 814/275/728
f 815/277/730 736/199/653 749/212/666
f 749/212/666 814/275/728 815/277/730
f 816/278/731 757/220/674 713/176/630
f 713/176/630 810/271/724 816/278/731
f 807/270/723 710/169/623 752/213/667
f 752/213/667 817/279/732 807/270/723
f 818/280/733 737/200/654 736/199/653
f 736/199/653 815/277/730 818/280/733
f 821/281/729 819/282/734 765/228/681
f 765/228/681 820/283/735 821/281/729
f 823/284/736 763/226/679 762/225/678
f 762/225/678 822/285/737 823/284/736
f 820/283/735 765/228/681 768/227/680
f 768/227/680 824/286/738 820/283/735
f 825/287/739 773/236/689 763/226/679
f 763/226/679 823/284/736 825/287/739
f 824/286/738 768/227/680 776/237/690
f 776/237/690 826/288/740 824/286/738
f 817/279/732 752/213/667 773/236/689
f 773/236/689 825/287/739 817/279/732
f 826/288/740 776/237/690 757/220/674
f 757/220/674 816/278/731 826/288/740
f 827/289/741 729/192/646 723/185/639
f 723/185/639 812/274/727 827/289/741
f 811/273/726 722/184/638 782/244/697
f 782/244/697 828/290/742 811/273/726
f 830/291/743 793/256/709 792/255/708
f 792/255/708 829/292/744 830/291/743
f 832/293/745 831/294/746 797/260/713
f 797/260/713 796/259/712 832/293/745
f 833/295/747 785/248/701 729/192/646
f 729/192/646 827/289/741 833/295/747
f 828/290/742 782/244/697 806/268/721
f 806/268/721 834/296/748 828/290/742
f 832/293/745 796/259/712 785/248/701
f 785/248/701 833/295/747 832/293/745
f 834/296/748 806/268/721 793/256/709
f 793/256/709 830/291/743 834/296/748
f 836/297/749 731/194/648 734/193/647
f 734/193/647 835/298/750 836/297/749
f 835/298/750 734/193/647 760/221/675
f 760/221/675 837/299/751 835/298/750
f 837/299/751 760/221/675 772/233/686
f 772/233/686 838/300/752 837/299/751
f 838/300/752 772/233/686 753/216/670
f 753/216/670 839/301/753 838/300/752
f 839/301/753 753/216/670 705/168/622
f 705/168/622 840/302/754 839/301/753
f 840/302/754 705/168/622 704/167/621
f 704/167/621 841/303/755 840/302/754
f 841/303/755 704/167/621 726/188/642
f 726/188/642 842/304/756 841/303/755
f 842/304/756 726/188/642 728/189/643
f 728/189/643 843/305/757 842/304/756
f 843/305/757 728/189/643 784/245/698
f 784/245/698 844/306/758 843/305/757
f 844/306/758 784/245/698 799/262/715
f 799/262/715 845/307/759 844/306/758
f 845/307/759 799/262/715 802/261/714
f 802/261/714 846/308/760 845/307/759
f 790/249/702 845/307/759 846/308/760
f 846/308/760 787/250/703 790/249/702
f 803/265/718 844/306/758 845/307/759
f 845/307/759 790/249/702 803/265/718
f 779/241/694 843/305/757 844/306/758
f 844/306/758 803/265/718 779/241/694
f 719/181/635 842/304/756 843/305/757
f 843/305/757 779/241/694 719/181/635
f 715/178/632 841/303/755 842/304/756
f 842/304/756 719/181/635 715/178/632
f 718/177/631 840/302/754 841/303/755
f 841/303/755 715/178/632 718/177/631
f 756/217/671 839/301/753 840/302/754
f 840/302/754 718/177/631 756/217/671
f 777/240/693 838/300/752 839/301/753
f 839/301/753 756/217/671 777/240/693
f 769/232/685 837/299/751 838/300/752
f 838/300/752 777/240/693 769/232/685
f 745/208/662 835/298/750 837/299/751
f 837/299/751 769/232/685 745/208/662
f 744/207/661 836/297/749 835/298/750
f 835/298/750 745/208/662 744/207/661
f 731/194/648 836/297/749 748/209/663
f 836/297/749 744/207/661 748/209/663
f 850/167/761 847/166/762 848/165/763
f 848/165/763 849/168/764 850/167/761
f 852/309/765 808/269/722 807/270/723
f 807/270/723 851/310/766 852/309/765
f 809/272/725 853/311/767 854/312/768
f 854/312/768 810/271/724 809/272/725
f 858/179/769 855/178/770 856/177/771
f 856/177/771 857/180/772 858/179/769
f 860/182/773 859/181/774 855/178/770
f 855/178/770 858/179/769 860/182/773
f 811/273/726 861/313/775 853/311/767
f 853/311/767 809/272/725 811/273/726
f 862/314/776 812/274/727 808/269/722
f 808/269/722 852/309/765 862/314/776
f 864/188/777 863/187/778 847/166/762
f 847/166/762 850/167/761 864/188/777
f 863/187/778 864/188/777 865/189/779
f 865/189/779 866/190/780 863/187/778
f 812/274/727 862/314/776 867/315/781
f 867/315/781 827/289/741 812/274/727
f 871/195/782 868/194/783 869/193/784
f 869/193/784 870/196/785 871/195/782
f 815/277/730 872/316/786 873/317/787
f 873/317/787 818/280/733 815/277/730
f 876/318/788 813/276/729 874/319/735
f 874/319/735 875/320/789 876/318/788
f 880/207/790 877/206/791 878/205/792
f 878/205/792 879/208/793 880/207/790
f 877/206/791 880/207/790 881/209/794
f 881/209/794 882/210/795 877/206/791
f 813/276/729 876/318/788 883/321/796
f 883/321/796 814/275/728 813/276/729
f 882/210/795 881/209/794 868/194/783
f 868/194/783 871/195/782 882/210/795
f 814/275/728 883/321/796 872/316/786
f 872/316/786 815/277/730 814/275/728
f 851/310/766 807/270/723 817/279/732
f 817/279/732 884/322/797 851/310/766
f 849/168/764 848/165/763 885/215/798
f 885/215/798 886/216/799 849/168/764
f 857/180/772 856/177/771 887/217/800
f 887/217/800 888/218/801 857/180/772
f 810/271/724 854/312/768 889/323/802
f 889/323/802 816/278/731 810/271/724
f 870/196/785 869/193/784 890/221/803
f 890/221/803 891/222/804 870/196/785
f 822/285/737 892/324/805 893/325/806
f 893/325/806 823/284/736 822/285/737
f 895/326/807 820/283/735 824/286/738
f 824/286/738 894/327/808 895/326/807
f 879/208/793 878/205/792 896/231/809
f 896/231/809 897/232/810 879/208/793
f 891/222/804 890/221/803 898/233/811
f 898/233/811 899/234/812 891/222/804
f 823/284/736 893/325/806 900/328/813
f 900/328/813 825/287/739 823/284/736
f 894/327/808 824/286/738 826/288/740
f 826/288/740 901/329/814 894/327/808
f 897/232/810 896/231/809 902/239/815
f 902/239/815 903/240/816 897/232/810
f 899/234/812 898/233/811 886/216/799
f 886/216/799 885/215/798 899/234/812
f 825/287/739 900/328/813 884/322/797
f 884/322/797 817/279/732 825/287/739
f 901/329/814 826/288/740 816/278/731
f 816/278/731 889/323/802 901/329/814
f 903/240/816 902/239/815 888/218/801
f 888/218/801 887/217/800 903/240/816
f 905/242/817 904/241/818 859/181/774
f 859/181/774 860/182/773 905/242/817
f 828/290/742 906/330/819 861/313/775
f 861/313/775 811/273/726 828/290/742
f 866/190/780 865/189/779 907/245/820
f 907/245/820 908/246/821 866/190/780
f 827/289/741 867/315/781 909/331/822
f 909/331/822 833/295/747 827/289/741
f 913/251/823 910/250/824 911/249/825
f 911/249/825 912/252/826 913/251/823
f 829/292/744 914/332/827 915/333/828
f 915/333/828 830/291/743 829/292/744
f 832/293/745 916/334/829 917/335/830
f 917/335/830 831/294/746 832/293/745
f 921/263/831 918/262/832 919/261/833
f 919/261/833 920/264/834 921/263/831
f 923/266/835 922/265/836 904/241/818
f 904/241/818 905/242/817 923/266/835
f 834/296/748 924/336/837 906/330/819
f 906/330/819 828/290/742 834/296/748
f 908/246/821 907/245/820 918/262/832
f 918/262/832 921/263/831 908/246/821
f 833/295/747 909/331/822 916/334/829
f 916/334/829 832/293/745 833/295/747
f 912/252/826 911/249/825 922/265/836
f 922/265/836 923/266/835 912/252/826
f 830/291/743 915/333/828 924/336/837
f 924/336/837 834/296/748 830/291/743
f 869/193/784 868/194/783 925/297/838
f 925/297/838 926/298/839 869/193/784
f 890/221/803 869/193/784 926/298/839
f 926/298/839 927/299/840 890/221/803
f 898/233/811 890/221/803 927/299/840
f 927/299/840 928/300/841 898/233/811
f 886/216/799 898/233/811 928/300/841
f 928/300/841 929/301/842 886/216/799
f 849/168/764 886/216/799 929/301/842
f 929/301/842 930/302/843 849/168/764
f 850/167/761 849/168/764 930/302/843
f 930/302/843 931/303/844 850/167/761
f 864/188/777 850/167/761 931/303/844
f 931/303/844 932/304/845 864/188/777
f 865/189/779 864/188/777 932/304/845
f 932/304/845 933/305/846 865/189/779
f 907/245/820 865/189/779 933/305/846
f 933/305/846 934/306/847 907/245/820
f 918/262/832 907/245/820 934/306/847
f 934/306/847 935/307/848 918/262/832
f 919/261/833 918/262/832 935/307/848
f 935/307/848 936/308/849 919/261/833
f 936/308/849 935/307/848 911/249/825
f 911/249/825 910/250/824 936/308/849
f 935/307/848 934/306/847 922/265/836
f 922/265/836 911/249/825 935/307/848
f 934/306/847 933/305/846 904/241/818
f 904/241/818 922/265/836 934/306/847
f 933/305/846 932/304/845 859/181/774
f 859/181/774 904/241/818 933/305/846
f 932/304/845 931/303/844 855/178/770
f 855/178/770 859/181/774 932/304/845
f 931/303/844 930/302/843 856/177/771
f 856/177/771 855/178/770 931/303/844
f 930/302/843 929/301/842 887/217/800
f 887/217/800 856/177/771 930/302/843
f 929/301/842 928/300/841 903/240/816
f 903/240/816 887/217/800 929/301/842
f 928/300/841 927/299/840 897/232/810
f 897/232/810 903/240/816 928/300/841
f 927/299/840 926/298/839 879/208/793
f 879/208/793 897/232/810 927/299/840
f 926/298/839 925/297/838 880/207/790
f 880/207/790 879/208/793 926/298/839
f 868/194/783 881/209/794 925/297/838
f 925/297/838 881/209/794 880/207/790
s 0
f 940/337/850 937/338/850 938/339/850
f 938/339/850 939/340/850 940/337/850
f 944/341/850 941/342/850 942/338/850
f 942/338/850 943/337/850 944/341/850
f 948/340/851 945/339/851 946/343/851
s 1
f 946/343/852 947/344/852 948/340/852
s 0
f 952/344/853 949/343/853 950/345/853
f 950/345/852 951/346/852 952/344/852
f 956/347/853 953/348/853 954/342/853
f 954/342/850 955/341/850 956/347/850
f 960/349/854 957/350/854 958/348/854
f 958/348/854 959/347/854 960/349/854
